square_id,source_id,source_name,operator_a,operator_b,a_then_b_target_id,b_then_a_target_id,intermediate_a_id,intermediate_b_id,first_steps_both_defined,result
square:R1:L1:253,253,Alt ♮25♭67,R1,L1,253,253,127,505,true,PASS
square:R1:L1:381,381,Alt ♮25♭67,R1,L1,381,381,191,761,true,PASS
square:R1:L1:445,445,Alt ♮2♭♭5♭6♭♭♭7,R1,L1,445,445,223,889,true,PASS
square:R1:L1:477,477,Alt ♮2𝄫6♭𝄫7,R1,L1,477,477,239,953,true,PASS
square:R1:L1:493,493,Locrian ♮2♭♭6♭♭♭7,R1,L1,493,493,247,985,true,PASS
square:R1:L1:501,501,Major Locrian 6♭7,R1,L1,501,501,251,1001,true,PASS
square:R1:L1:505,505,7-3 rooted state 505,R1,L1,505,505,253,1009,true,PASS
square:R1:L1:637,637,Debussy's Heptatonic,R1,L1,637,637,319,1273,true,PASS
square:R1:L1:701,701,Alt ♮2♭♭567,R1,L1,701,701,351,1401,true,PASS
square:R1:L1:733,733,Superlocrian ♮2♭♭6♭♭7,R1,L1,733,733,367,1465,true,PASS
square:R1:L1:749,749,Locrian ♮2♭♭6♭♭7,R1,L1,749,749,375,1497,true,PASS
square:R1:L1:757,757,Lipsean Mode II,R1,L1,757,757,379,1513,true,PASS
square:R1:L1:761,761,Major Locrian ♯267,R1,L1,761,761,381,1521,true,PASS
square:R1:L1:829,829,7-Z18 rooted state 829,R1,L1,829,829,415,1657,true,PASS
square:R1:L1:861,861,Superlocrian ♮2𝄫7,R1,L1,861,861,431,1721,true,PASS
square:R1:L1:877,877,Hungarian Major Inverse,R1,L1,877,877,439,1753,true,PASS
square:R1:L1:885,885,Major Locrian 𝄫7,R1,L1,885,885,443,1769,true,PASS
square:R1:L1:889,889,Scale 889,R1,L1,889,889,445,1777,true,PASS
square:R1:L1:925,925,Chromatic Hypodorian,R1,L1,925,925,463,1849,true,PASS
square:R1:L1:941,941,Rāga Jhankara Bhramavi,R1,L1,941,941,471,1881,true,PASS
square:R1:L1:949,949,Mararanjani,R1,L1,949,949,475,1897,true,PASS
square:R1:L1:953,953,Rāga Kalahamsa,R1,L1,953,953,477,1905,true,PASS
square:R1:L1:973,973,7-19 rooted state 973,R1,L1,973,973,487,1945,true,PASS
square:R1:L1:981,981,Mela Kantamani,R1,L1,981,981,491,1961,true,PASS
square:R1:L1:985,985,Scale 985,R1,L1,985,985,493,1969,true,PASS
square:R1:L1:997,997,Tanarupi IV,R1,L1,997,997,499,1993,true,PASS
square:R1:L1:1001,1001,Lydian ♯2♯3♭67,R1,L1,1001,1001,501,2001,true,PASS
square:R1:L1:1009,1009,7-3 rooted state 1009,R1,L1,1009,1009,505,2017,true,PASS
square:R1:L1:1149,1149,Alt ♮25♭6,R1,L1,1149,1149,575,2297,true,PASS
square:R1:L1:1213,1213,Alt ♮2♭♭5♭6,R1,L1,1213,1213,607,2425,true,PASS
square:R1:L1:1245,1245,Alt ♮26,R1,L1,1245,1245,623,2489,true,PASS
square:R1:L1:1261,1261,Modified Blues,R1,L1,1261,1261,631,2521,true,PASS
square:R1:L1:1269,1269,Major Locrian ♭♭6,R1,L1,1269,1269,635,2537,true,PASS
square:R1:L1:1273,1273,Tanarupi V,R1,L1,1273,1273,637,2545,true,PASS
square:R1:L1:1341,1341,Alt ♮2♭♭5,R1,L1,1341,1341,671,2681,true,PASS
square:R1:L1:1373,1373,Storian,R1,L1,1373,1373,687,2745,true,PASS
square:R1:L1:1389,1389,Half-Diminished,R1,L1,1389,1389,695,2777,true,PASS
square:R1:L1:1397,1397,Major Locrian,R1,L1,1397,1397,699,2793,true,PASS
square:R1:L1:1401,1401,Major Locrian ♯2,R1,L1,1401,1401,701,2801,true,PASS
square:R1:L1:1437,1437,Sabach,R1,L1,1437,1437,719,2873,true,PASS
square:R1:L1:1453,1453,Aeolian,R1,L1,1453,1453,727,2905,true,PASS
square:R1:L1:1461,1461,Mixolydian ♭6,R1,L1,1461,1461,731,2921,true,PASS
square:R1:L1:1465,1465,Rāga Cudamani,R1,L1,1465,1465,733,2929,true,PASS
square:R1:L1:1485,1485,Mela Sanmukhapriya,R1,L1,1485,1485,743,2969,true,PASS
square:R1:L1:1493,1493,Lydian Minor,R1,L1,1493,1493,747,2985,true,PASS
square:R1:L1:1497,1497,Jyoti Swarupini,R1,L1,1497,1497,749,2993,true,PASS
square:R1:L1:1509,1509,Lydian Minor ♯3,R1,L1,1509,1509,755,3017,true,PASS
square:R1:L1:1513,1513,Lydian ♭7♭6♯2♯3,R1,L1,1513,1513,757,3025,true,PASS
square:R1:L1:1521,1521,Lydian 7♭6♯32,R1,L1,1521,1521,761,3041,true,PASS
square:R1:L1:1597,1597,Rāga Ravikosh,R1,L1,1597,1597,799,3193,true,PASS
square:R1:L1:1629,1629,Dorian Blues,R1,L1,1629,1629,815,3257,true,PASS
square:R1:L1:1645,1645,Dorian ♭5,R1,L1,1645,1645,823,3289,true,PASS
square:R1:L1:1653,1653,Mixolydian ♭5,R1,L1,1653,1653,827,3305,true,PASS
square:R1:L1:1657,1657,7-19 rooted state 1657,R1,L1,1657,1657,829,3313,true,PASS
square:R1:L1:1693,1693,Dorian ♭4,R1,L1,1693,1693,847,3385,true,PASS
square:R1:L1:1709,1709,Dorian,R1,L1,1709,1709,855,3417,true,PASS
square:R1:L1:1717,1717,Mixolydian,R1,L1,1717,1717,859,3433,true,PASS
square:R1:L1:1721,1721,Rāga Ganavaridhi,R1,L1,1721,1721,861,3441,true,PASS
square:R1:L1:1741,1741,Dorian ♯4,R1,L1,1741,1741,871,3481,true,PASS
square:R1:L1:1749,1749,Acoustic,R1,L1,1749,1749,875,3497,true,PASS
square:R1:L1:1753,1753,Hungarian Major,R1,L1,1753,1753,877,3505,true,PASS
square:R1:L1:1765,1765,Lydian ♭7♯3,R1,L1,1765,1765,883,3529,true,PASS
square:R1:L1:1769,1769,Lydian ♭7♯2♯3,R1,L1,1769,1769,885,3537,true,PASS
square:R1:L1:1777,1777,Lydian ♭7♯3𝄪2,R1,L1,1777,1777,889,3553,true,PASS
square:R1:L1:1821,1821,Dorian +♭4,R1,L1,1821,1821,911,3641,true,PASS
square:R1:L1:1837,1837,Dorian Augmented,R1,L1,1837,1837,919,3673,true,PASS
square:R1:L1:1845,1845,Mixolydian Augmented,R1,L1,1845,1845,923,3689,true,PASS
square:R1:L1:1849,1849,Rāga Dvigandharabushini,R1,L1,1849,1849,925,3697,true,PASS
square:R1:L1:1869,1869,Lydian 7+♭3,R1,L1,1869,1869,935,3737,true,PASS
square:R1:L1:1877,1877,Aeroptian,R1,L1,1877,1877,939,3753,true,PASS
square:R1:L1:1881,1881,Lydian 7+♯2,R1,L1,1881,1881,941,3761,true,PASS
square:R1:L1:1893,1893,Lydian 7+♯3,R1,L1,1893,1893,947,3785,true,PASS
square:R1:L1:1897,1897,Lydian 7+♯23,R1,L1,1897,1897,949,3793,true,PASS
square:R1:L1:1905,1905,Lydian 7+♯3𝄪2,R1,L1,1905,1905,953,3809,true,PASS
square:R1:L1:1933,1933,Dorian +𝄪4,R1,L1,1933,1933,967,3865,true,PASS
square:R1:L1:1941,1941,Dominant +𝄪4,R1,L1,1941,1941,971,3881,true,PASS
square:R1:L1:1945,1945,7-Z18 rooted state 1945,R1,L1,1945,1945,973,3889,true,PASS
square:R1:L1:1957,1957,Dominant +♯3𝄪4,R1,L1,1957,1957,979,3913,true,PASS
square:R1:L1:1961,1961,Dominant +♯2♯3𝄪4,R1,L1,1961,1961,981,3921,true,PASS
square:R1:L1:1969,1969,Dominant +♯3𝄪2♭4,R1,L1,1969,1969,985,3937,true,PASS
square:R1:L1:1989,1989,Dominant +34,R1,L1,1989,1989,995,3977,true,PASS
square:R1:L1:1993,1993,Dominant +♯234,R1,L1,1993,1993,997,3985,true,PASS
square:R1:L1:2001,2001,Dominant +234,R1,L1,2001,2001,1001,4001,true,PASS
square:R1:L1:2017,2017,Dominant +34♯2,R1,L1,2017,2017,1009,4033,true,PASS
square:R1:R2:501,501,Major Locrian 6♭7,R1,R2,253,253,251,505,true,PASS
square:R1:R2:757,757,Lipsean Mode II,R1,R2,381,381,379,761,true,PASS
square:R1:R2:885,885,Major Locrian 𝄫7,R1,R2,445,445,443,889,true,PASS
square:R1:R2:949,949,Mararanjani,R1,R2,477,477,475,953,true,PASS
square:R1:R2:981,981,Mela Kantamani,R1,R2,493,493,491,985,true,PASS
square:R1:R2:997,997,Tanarupi IV,R1,R2,501,501,499,1001,true,PASS
square:R1:R2:1001,1001,Lydian ♯2♯3♭67,R1,R2,505,505,501,1009,true,PASS
square:R1:R2:1269,1269,Major Locrian ♭♭6,R1,R2,637,637,635,1273,true,PASS
square:R1:R2:1397,1397,Major Locrian,R1,R2,701,701,699,1401,true,PASS
square:R1:R2:1461,1461,Mixolydian ♭6,R1,R2,733,733,731,1465,true,PASS
square:R1:R2:1493,1493,Lydian Minor,R1,R2,749,749,747,1497,true,PASS
square:R1:R2:1509,1509,Lydian Minor ♯3,R1,R2,757,757,755,1513,true,PASS
square:R1:R2:1513,1513,Lydian ♭7♭6♯2♯3,R1,R2,761,761,757,1521,true,PASS
square:R1:R2:1653,1653,Mixolydian ♭5,R1,R2,829,829,827,1657,true,PASS
square:R1:R2:1717,1717,Mixolydian,R1,R2,861,861,859,1721,true,PASS
square:R1:R2:1749,1749,Acoustic,R1,R2,877,877,875,1753,true,PASS
square:R1:R2:1765,1765,Lydian ♭7♯3,R1,R2,885,885,883,1769,true,PASS
square:R1:R2:1769,1769,Lydian ♭7♯2♯3,R1,R2,889,889,885,1777,true,PASS
square:R1:R2:1845,1845,Mixolydian Augmented,R1,R2,925,925,923,1849,true,PASS
square:R1:R2:1877,1877,Aeroptian,R1,R2,941,941,939,1881,true,PASS
square:R1:R2:1893,1893,Lydian 7+♯3,R1,R2,949,949,947,1897,true,PASS
square:R1:R2:1897,1897,Lydian 7+♯23,R1,R2,953,953,949,1905,true,PASS
square:R1:R2:1941,1941,Dominant +𝄪4,R1,R2,973,973,971,1945,true,PASS
square:R1:R2:1957,1957,Dominant +♯3𝄪4,R1,R2,981,981,979,1961,true,PASS
square:R1:R2:1961,1961,Dominant +♯2♯3𝄪4,R1,R2,985,985,981,1969,true,PASS
square:R1:R2:1989,1989,Dominant +34,R1,R2,997,997,995,1993,true,PASS
square:R1:R2:1993,1993,Dominant +♯234,R1,R2,1001,1001,997,2001,true,PASS
square:R1:R2:2001,2001,Dominant +234,R1,R2,1009,1009,1001,2017,true,PASS
square:R1:R2:2293,2293,Bucolic,R1,R2,1149,1149,1147,2297,true,PASS
square:R1:R2:2421,2421,Harmonic Major ♭5,R1,R2,1213,1213,1211,2425,true,PASS
square:R1:R2:2485,2485,Harmonic Major,R1,R2,1245,1245,1243,2489,true,PASS
square:R1:R2:2517,2517,Lydian Harmonic Major,R1,R2,1261,1261,1259,2521,true,PASS
square:R1:R2:2533,2533,7-19 rooted state 2533,R1,R2,1269,1269,1267,2537,true,PASS
square:R1:R2:2537,2537,Scale 2537,R1,R2,1273,1273,1269,2545,true,PASS
square:R1:R2:2677,2677,Ionian ♭5,R1,R2,1341,1341,1339,2681,true,PASS
square:R1:R2:2741,2741,Ionian,R1,R2,1373,1373,1371,2745,true,PASS
square:R1:R2:2773,2773,Lydian,R1,R2,1389,1389,1387,2777,true,PASS
square:R1:R2:2789,2789,Lydian ♯3,R1,R2,1397,1397,1395,2793,true,PASS
square:R1:R2:2793,2793,1sus4 & 7⁷,R1,R2,1401,1401,1397,2801,true,PASS
square:R1:R2:2869,2869,Major Augmented,R1,R2,1437,1437,1435,2873,true,PASS
square:R1:R2:2901,2901,Lydian Augmented,R1,R2,1453,1453,1451,2905,true,PASS
square:R1:R2:2917,2917,Lydian Augmented ♯3,R1,R2,1461,1461,1459,2921,true,PASS
square:R1:R2:2921,2921,Lydian Augmented ♯2♯3,R1,R2,1465,1465,1461,2929,true,PASS
square:R1:R2:2965,2965,Ionian +𝄪4,R1,R2,1485,1485,1483,2969,true,PASS
square:R1:R2:2981,2981,Noh,R1,R2,1493,1493,1491,2985,true,PASS
square:R1:R2:2985,2985,Ionian +♯23𝄪4,R1,R2,1497,1497,1493,2993,true,PASS
square:R1:R2:3013,3013,Ionian +𝄪34,R1,R2,1509,1509,1507,3017,true,PASS
square:R1:R2:3017,3017,Scale 3017,R1,R2,1513,1513,1509,3025,true,PASS
square:R1:R2:3025,3025,Ionian +𝄪234,R1,R2,1521,1521,1513,3041,true,PASS
square:R1:R2:3189,3189,Ionian ♭5♯6,R1,R2,1597,1597,1595,3193,true,PASS
square:R1:R2:3253,3253,Mela Naganandini,R1,R2,1629,1629,1627,3257,true,PASS
square:R1:R2:3285,3285,Mela Citrambari,R1,R2,1645,1645,1643,3289,true,PASS
square:R1:R2:3301,3301,Rāga Loom Sarang,R1,R2,1653,1653,1651,3305,true,PASS
square:R1:R2:3305,3305,Chromatic Hypophrygian,R1,R2,1657,1657,1653,3313,true,PASS
square:R1:R2:3381,3381,Ionian +♯6,R1,R2,1693,1693,1691,3385,true,PASS
square:R1:R2:3413,3413,Leading Whole-Tone,R1,R2,1709,1709,1707,3417,true,PASS
square:R1:R2:3429,3429,Lydian +♯36,R1,R2,1717,1717,1715,3433,true,PASS
square:R1:R2:3433,3433,Superlydian Augmented,R1,R2,1721,1721,1717,3441,true,PASS
square:R1:R2:3477,3477,Ionian +♯64,R1,R2,1741,1741,1739,3481,true,PASS
square:R1:R2:3493,3493,Ionian +♯3♯6𝄪4,R1,R2,1749,1749,1747,3497,true,PASS
square:R1:R2:3497,3497,Superlydian Augmented 𝄪4,R1,R2,1753,1753,1749,3505,true,PASS
square:R1:R2:3525,3525,Scale 3525,R1,R2,1765,1765,1763,3529,true,PASS
square:R1:R2:3529,3529,Superlydian Augmented 𝄪3𝄪4,R1,R2,1769,1769,1765,3537,true,PASS
square:R1:R2:3537,3537,Scale 3537,R1,R2,1777,1777,1769,3553,true,PASS
square:R1:R2:3637,3637,Rāga Rageshri,R1,R2,1821,1821,1819,3641,true,PASS
square:R1:R2:3669,3669,Ionian ♯4𝄪5♯6,R1,R2,1837,1837,1835,3673,true,PASS
square:R1:R2:3685,3685,7-Z18 rooted state 3685,R1,R2,1845,1845,1843,3689,true,PASS
square:R1:R2:3689,3689,Scale 3689,R1,R2,1849,1849,1845,3697,true,PASS
square:R1:R2:3733,3733,Ionian 𝄪4𝄪5♯6,R1,R2,1869,1869,1867,3737,true,PASS
square:R1:R2:3749,3749,Rāga Sorati,R1,R2,1877,1877,1875,3753,true,PASS
square:R1:R2:3753,3753,Superaugmented ♯3𝄪4𝄪5,R1,R2,1881,1881,1877,3761,true,PASS
square:R1:R2:3781,3781,Kaikian Mode VII,R1,R2,1893,1893,1891,3785,true,PASS
square:R1:R2:3785,3785,Scale 3785,R1,R2,1897,1897,1893,3793,true,PASS
square:R1:R2:3793,3793,Superlydian Augmented 𝄪2𝄪3𝄪4𝄪5,R1,R2,1905,1905,1897,3809,true,PASS
square:R1:R2:3861,3861,Ionian ♯45♯6,R1,R2,1933,1933,1931,3865,true,PASS
square:R1:R2:3877,3877,Ionian ♯3♯45♯6,R1,R2,1941,1941,1939,3881,true,PASS
square:R1:R2:3881,3881,Tanarupi III,R1,R2,1945,1945,1941,3889,true,PASS
square:R1:R2:3909,3909,Superlydian Augmented ♮235♯4,R1,R2,1957,1957,1955,3913,true,PASS
square:R1:R2:3913,3913,Bonian,R1,R2,1961,1961,1957,3921,true,PASS
square:R1:R2:3921,3921,Superlydian Augmented 23♯45,R1,R2,1969,1969,1961,3937,true,PASS
square:R1:R2:3973,3973,Superlydian Augmented ♮25♯34,R1,R2,1989,1989,1987,3977,true,PASS
square:R1:R2:3977,3977,Scale 3977,R1,R2,1993,1993,1989,3985,true,PASS
square:R1:R2:3985,3985,7-3 rooted state 3985,R1,R2,2001,2001,1993,4001,true,PASS
square:R1:R2:4001,4001,Superlydian Augmented ♯2♯3♯45,R1,R2,2017,2017,2001,4033,true,PASS
square:R1:L2:505,505,7-3 rooted state 505,R1,L2,251,251,253,501,true,PASS
square:R1:L2:761,761,Major Locrian ♯267,R1,L2,379,379,381,757,true,PASS
square:R1:L2:889,889,Scale 889,R1,L2,443,443,445,885,true,PASS
square:R1:L2:953,953,Rāga Kalahamsa,R1,L2,475,475,477,949,true,PASS
square:R1:L2:985,985,Scale 985,R1,L2,491,491,493,981,true,PASS
square:R1:L2:1001,1001,Lydian ♯2♯3♭67,R1,L2,499,499,501,997,true,PASS
square:R1:L2:1009,1009,7-3 rooted state 1009,R1,L2,501,501,505,1001,true,PASS
square:R1:L2:1273,1273,Tanarupi V,R1,L2,635,635,637,1269,true,PASS
square:R1:L2:1401,1401,Major Locrian ♯2,R1,L2,699,699,701,1397,true,PASS
square:R1:L2:1465,1465,Rāga Cudamani,R1,L2,731,731,733,1461,true,PASS
square:R1:L2:1497,1497,Jyoti Swarupini,R1,L2,747,747,749,1493,true,PASS
square:R1:L2:1513,1513,Lydian ♭7♭6♯2♯3,R1,L2,755,755,757,1509,true,PASS
square:R1:L2:1521,1521,Lydian 7♭6♯32,R1,L2,757,757,761,1513,true,PASS
square:R1:L2:1657,1657,7-19 rooted state 1657,R1,L2,827,827,829,1653,true,PASS
square:R1:L2:1721,1721,Rāga Ganavaridhi,R1,L2,859,859,861,1717,true,PASS
square:R1:L2:1753,1753,Hungarian Major,R1,L2,875,875,877,1749,true,PASS
square:R1:L2:1769,1769,Lydian ♭7♯2♯3,R1,L2,883,883,885,1765,true,PASS
square:R1:L2:1777,1777,Lydian ♭7♯3𝄪2,R1,L2,885,885,889,1769,true,PASS
square:R1:L2:1849,1849,Rāga Dvigandharabushini,R1,L2,923,923,925,1845,true,PASS
square:R1:L2:1881,1881,Lydian 7+♯2,R1,L2,939,939,941,1877,true,PASS
square:R1:L2:1897,1897,Lydian 7+♯23,R1,L2,947,947,949,1893,true,PASS
square:R1:L2:1905,1905,Lydian 7+♯3𝄪2,R1,L2,949,949,953,1897,true,PASS
square:R1:L2:1945,1945,7-Z18 rooted state 1945,R1,L2,971,971,973,1941,true,PASS
square:R1:L2:1961,1961,Dominant +♯2♯3𝄪4,R1,L2,979,979,981,1957,true,PASS
square:R1:L2:1969,1969,Dominant +♯3𝄪2♭4,R1,L2,981,981,985,1961,true,PASS
square:R1:L2:1993,1993,Dominant +♯234,R1,L2,995,995,997,1989,true,PASS
square:R1:L2:2001,2001,Dominant +234,R1,L2,997,997,1001,1993,true,PASS
square:R1:L2:2017,2017,Dominant +34♯2,R1,L2,1001,1001,1009,2001,true,PASS
square:R1:L2:2297,2297,Raghupriya V,R1,L2,1147,1147,1149,2293,true,PASS
square:R1:L2:2425,2425,Scale 2425,R1,L2,1211,1211,1213,2421,true,PASS
square:R1:L2:2489,2489,Scale 2489,R1,L2,1243,1243,1245,2485,true,PASS
square:R1:L2:2521,2521,Scale 2521,R1,L2,1259,1259,1261,2517,true,PASS
square:R1:L2:2537,2537,Scale 2537,R1,L2,1267,1267,1269,2533,true,PASS
square:R1:L2:2545,2545,Lydian 2♯3♭6,R1,L2,1269,1269,1273,2537,true,PASS
square:R1:L2:2681,2681,Scale 2681,R1,L2,1339,1339,1341,2677,true,PASS
square:R1:L2:2745,2745,Rāga Sailadesakshi,R1,L2,1371,1371,1373,2741,true,PASS
square:R1:L2:2777,2777,Aeolian Harmonic,R1,L2,1387,1387,1389,2773,true,PASS
square:R1:L2:2793,2793,1sus4 & 7⁷,R1,L2,1395,1395,1397,2789,true,PASS
square:R1:L2:2801,2801,Rāga Hindolita,R1,L2,1397,1397,1401,2793,true,PASS
square:R1:L2:2873,2873,Ionian Augmented ♯2,R1,L2,1435,1435,1437,2869,true,PASS
square:R1:L2:2905,2905,Aeolian Flat,R1,L2,1451,1451,1453,2901,true,PASS
square:R1:L2:2921,2921,Lydian Augmented ♯2♯3,R1,L2,1459,1459,1461,2917,true,PASS
square:R1:L2:2929,2929,Lydian +♯32,R1,L2,1461,1461,1465,2921,true,PASS
square:R1:L2:2969,2969,Scale 2969,R1,L2,1483,1483,1485,2965,true,PASS
square:R1:L2:2985,2985,Ionian +♯23𝄪4,R1,L2,1491,1491,1493,2981,true,PASS
square:R1:L2:2993,2993,Ionian +♯324,R1,L2,1493,1493,1497,2985,true,PASS
square:R1:L2:3017,3017,Scale 3017,R1,L2,1507,1507,1509,3013,true,PASS
square:R1:L2:3025,3025,Ionian +𝄪234,R1,L2,1509,1509,1513,3017,true,PASS
square:R1:L2:3041,3041,Scale 3041,R1,L2,1513,1513,1521,3025,true,PASS
square:R1:L2:3193,3193,Scale 3193,R1,L2,1595,1595,1597,3189,true,PASS
square:R1:L2:3257,3257,Rāga Madhuranjani,R1,L2,1627,1627,1629,3253,true,PASS
square:R1:L2:3289,3289,Rasikapriya,R1,L2,1643,1643,1645,3285,true,PASS
square:R1:L2:3305,3305,Chromatic Hypophrygian,R1,L2,1651,1651,1653,3301,true,PASS
square:R1:L2:3313,3313,Scale 3313,R1,L2,1653,1653,1657,3305,true,PASS
square:R1:L2:3385,3385,Chromatic Phrygian,R1,L2,1691,1691,1693,3381,true,PASS
square:R1:L2:3417,3417,Lydian +♯26,R1,L2,1707,1707,1709,3413,true,PASS
square:R1:L2:3433,3433,Superlydian Augmented,R1,L2,1715,1715,1717,3429,true,PASS
square:R1:L2:3441,3441,Superlydian Augmented ♯2,R1,L2,1717,1717,1721,3433,true,PASS
square:R1:L2:3481,3481,Scale 3481,R1,L2,1739,1739,1741,3477,true,PASS
square:R1:L2:3497,3497,Superlydian Augmented 𝄪4,R1,L2,1747,1747,1749,3493,true,PASS
square:R1:L2:3505,3505,Superlydian Augmented 24,R1,L2,1749,1749,1753,3497,true,PASS
square:R1:L2:3529,3529,Superlydian Augmented 𝄪3𝄪4,R1,L2,1763,1763,1765,3525,true,PASS
square:R1:L2:3537,3537,Scale 3537,R1,L2,1765,1765,1769,3529,true,PASS
square:R1:L2:3553,3553,Scale 3553,R1,L2,1769,1769,1777,3537,true,PASS
square:R1:L2:3641,3641,Ionian ♯2𝄪5♯6,R1,L2,1819,1819,1821,3637,true,PASS
square:R1:L2:3673,3673,Scale 3673,R1,L2,1835,1835,1837,3669,true,PASS
square:R1:L2:3689,3689,Scale 3689,R1,L2,1843,1843,1845,3685,true,PASS
square:R1:L2:3697,3697,Scale 3697,R1,L2,1845,1845,1849,3689,true,PASS
square:R1:L2:3737,3737,Scale 3737,R1,L2,1867,1867,1869,3733,true,PASS
square:R1:L2:3753,3753,Superaugmented ♯3𝄪4𝄪5,R1,L2,1875,1875,1877,3749,true,PASS
square:R1:L2:3761,3761,Rāga Madhuri,R1,L2,1877,1877,1881,3753,true,PASS
square:R1:L2:3785,3785,Scale 3785,R1,L2,1891,1891,1893,3781,true,PASS
square:R1:L2:3793,3793,Superlydian Augmented 𝄪2𝄪3𝄪4𝄪5,R1,L2,1893,1893,1897,3785,true,PASS
square:R1:L2:3809,3809,Borean Mode I,R1,L2,1897,1897,1905,3793,true,PASS
square:R1:L2:3865,3865,Ionian ♯2♯45♯6,R1,L2,1931,1931,1933,3861,true,PASS
square:R1:L2:3881,3881,Tanarupi III,R1,L2,1939,1939,1941,3877,true,PASS
square:R1:L2:3889,3889,Raghupriya III,R1,L2,1941,1941,1945,3881,true,PASS
square:R1:L2:3913,3913,Bonian,R1,L2,1955,1955,1957,3909,true,PASS
square:R1:L2:3921,3921,Superlydian Augmented 23♯45,R1,L2,1957,1957,1961,3913,true,PASS
square:R1:L2:3937,3937,Scale 3937,R1,L2,1961,1961,1969,3921,true,PASS
square:R1:L2:3977,3977,Scale 3977,R1,L2,1987,1987,1989,3973,true,PASS
square:R1:L2:3985,3985,7-3 rooted state 3985,R1,L2,1989,1989,1993,3977,true,PASS
square:R1:L2:4001,4001,Superlydian Augmented ♯2♯3♯45,R1,L2,1993,1993,2001,3985,true,PASS
square:R1:L2:4033,4033,7-1 terminal cluster state 4033,R1,L2,2001,2001,2017,4001,true,PASS
square:R1:R3:493,493,Locrian ♮2♭♭6♭♭♭7,R1,R3,251,251,247,501,true,PASS
square:R1:R3:749,749,Locrian ♮2♭♭6♭♭7,R1,R3,379,379,375,757,true,PASS
square:R1:R3:877,877,Hungarian Major Inverse,R1,R3,443,443,439,885,true,PASS
square:R1:R3:941,941,Rāga Jhankara Bhramavi,R1,R3,475,475,471,949,true,PASS
square:R1:R3:973,973,7-19 rooted state 973,R1,R3,491,491,487,981,true,PASS
square:R1:R3:981,981,Mela Kantamani,R1,R3,499,499,491,997,true,PASS
square:R1:R3:985,985,Scale 985,R1,R3,501,501,493,1001,true,PASS
square:R1:R3:1261,1261,Modified Blues,R1,R3,635,635,631,1269,true,PASS
square:R1:R3:1389,1389,Half-Diminished,R1,R3,699,699,695,1397,true,PASS
square:R1:R3:1453,1453,Aeolian,R1,R3,731,731,727,1461,true,PASS
square:R1:R3:1485,1485,Mela Sanmukhapriya,R1,R3,747,747,743,1493,true,PASS
square:R1:R3:1493,1493,Lydian Minor,R1,R3,755,755,747,1509,true,PASS
square:R1:R3:1497,1497,Jyoti Swarupini,R1,R3,757,757,749,1513,true,PASS
square:R1:R3:1645,1645,Dorian ♭5,R1,R3,827,827,823,1653,true,PASS
square:R1:R3:1709,1709,Dorian,R1,R3,859,859,855,1717,true,PASS
square:R1:R3:1741,1741,Dorian ♯4,R1,R3,875,875,871,1749,true,PASS
square:R1:R3:1749,1749,Acoustic,R1,R3,883,883,875,1765,true,PASS
square:R1:R3:1753,1753,Hungarian Major,R1,R3,885,885,877,1769,true,PASS
square:R1:R3:1837,1837,Dorian Augmented,R1,R3,923,923,919,1845,true,PASS
square:R1:R3:1869,1869,Lydian 7+♭3,R1,R3,939,939,935,1877,true,PASS
square:R1:R3:1877,1877,Aeroptian,R1,R3,947,947,939,1893,true,PASS
square:R1:R3:1881,1881,Lydian 7+♯2,R1,R3,949,949,941,1897,true,PASS
square:R1:R3:1933,1933,Dorian +𝄪4,R1,R3,971,971,967,1941,true,PASS
square:R1:R3:1941,1941,Dominant +𝄪4,R1,R3,979,979,971,1957,true,PASS
square:R1:R3:1945,1945,7-Z18 rooted state 1945,R1,R3,981,981,973,1961,true,PASS
square:R1:R3:1957,1957,Dominant +♯3𝄪4,R1,R3,995,995,979,1989,true,PASS
square:R1:R3:1961,1961,Dominant +♯2♯3𝄪4,R1,R3,997,997,981,1993,true,PASS
square:R1:R3:1969,1969,Dominant +♯3𝄪2♭4,R1,R3,1001,1001,985,2001,true,PASS
square:R1:R3:2285,2285,Supine,R1,R3,1147,1147,1143,2293,true,PASS
square:R1:R3:2413,2413,Harmonic Minor ♭5,R1,R3,1211,1211,1207,2421,true,PASS
square:R1:R3:2477,2477,Harmonic Minor,R1,R3,1243,1243,1239,2485,true,PASS
square:R1:R3:2509,2509,Double Harmonic Minor,R1,R3,1259,1259,1255,2517,true,PASS
square:R1:R3:2517,2517,Lydian Harmonic Major,R1,R3,1267,1267,1259,2533,true,PASS
square:R1:R3:2521,2521,Scale 2521,R1,R3,1269,1269,1261,2537,true,PASS
square:R1:R3:2669,2669,Jeths' Mode,R1,R3,1339,1339,1335,2677,true,PASS
square:R1:R3:2733,2733,Melodic Minor,R1,R3,1371,1371,1367,2741,true,PASS
square:R1:R3:2765,2765,Lydian Diminished,R1,R3,1387,1387,1383,2773,true,PASS
square:R1:R3:2773,2773,Lydian,R1,R3,1395,1395,1387,2789,true,PASS
square:R1:R3:2777,2777,Aeolian Harmonic,R1,R3,1397,1397,1389,2793,true,PASS
square:R1:R3:2861,2861,Melodic +,R1,R3,1435,1435,1431,2869,true,PASS
square:R1:R3:2893,2893,Lydian Augmented ♭3,R1,R3,1451,1451,1447,2901,true,PASS
square:R1:R3:2901,2901,Lydian Augmented,R1,R3,1459,1459,1451,2917,true,PASS
square:R1:R3:2905,2905,Aeolian Flat,R1,R3,1461,1461,1453,2921,true,PASS
square:R1:R3:2957,2957,Melodic +4,R1,R3,1483,1483,1479,2965,true,PASS
square:R1:R3:2965,2965,Ionian +𝄪4,R1,R3,1491,1491,1483,2981,true,PASS
square:R1:R3:2969,2969,Scale 2969,R1,R3,1493,1493,1485,2985,true,PASS
square:R1:R3:2981,2981,Noh,R1,R3,1507,1507,1491,3013,true,PASS
square:R1:R3:2985,2985,Ionian +♯23𝄪4,R1,R3,1509,1509,1493,3017,true,PASS
square:R1:R3:2993,2993,Ionian +♯324,R1,R3,1513,1513,1497,3025,true,PASS
square:R1:R3:3181,3181,Melodic ♭5♯6,R1,R3,1595,1595,1591,3189,true,PASS
square:R1:R3:3245,3245,Rāga Daulati,R1,R3,1627,1627,1623,3253,true,PASS
square:R1:R3:3277,3277,7-21 rooted state 3277,R1,R3,1643,1643,1639,3285,true,PASS
square:R1:R3:3285,3285,Mela Citrambari,R1,R3,1651,1651,1643,3301,true,PASS
square:R1:R3:3289,3289,Rasikapriya,R1,R3,1653,1653,1645,3305,true,PASS
square:R1:R3:3373,3373,Melodic +♯6,R1,R3,1691,1691,1687,3381,true,PASS
square:R1:R3:3405,3405,Phrygian +♮2,R1,R3,1707,1707,1703,3413,true,PASS
square:R1:R3:3413,3413,Leading Whole-Tone,R1,R3,1715,1715,1707,3429,true,PASS
square:R1:R3:3417,3417,Lydian +♯26,R1,R3,1717,1717,1709,3433,true,PASS
square:R1:R3:3469,3469,Melodic +♯6𝄪4,R1,R3,1739,1739,1735,3477,true,PASS
square:R1:R3:3477,3477,Ionian +♯64,R1,R3,1747,1747,1739,3493,true,PASS
square:R1:R3:3481,3481,Scale 3481,R1,R3,1749,1749,1741,3497,true,PASS
square:R1:R3:3493,3493,Ionian +♯3♯6𝄪4,R1,R3,1763,1763,1747,3525,true,PASS
square:R1:R3:3497,3497,Superlydian Augmented 𝄪4,R1,R3,1765,1765,1749,3529,true,PASS
square:R1:R3:3505,3505,Superlydian Augmented 24,R1,R3,1769,1769,1753,3537,true,PASS
square:R1:R3:3629,3629,Melodic 𝄪5♯6,R1,R3,1819,1819,1815,3637,true,PASS
square:R1:R3:3661,3661,Melodic ♯4𝄪5♯6,R1,R3,1835,1835,1831,3669,true,PASS
square:R1:R3:3669,3669,Ionian ♯4𝄪5♯6,R1,R3,1843,1843,1835,3685,true,PASS
square:R1:R3:3673,3673,Scale 3673,R1,R3,1845,1845,1837,3689,true,PASS
square:R1:R3:3725,3725,Eurean Mode VI,R1,R3,1867,1867,1863,3733,true,PASS
square:R1:R3:3733,3733,Ionian 𝄪4𝄪5♯6,R1,R3,1875,1875,1867,3749,true,PASS
square:R1:R3:3737,3737,Scale 3737,R1,R3,1877,1877,1869,3753,true,PASS
square:R1:R3:3749,3749,Rāga Sorati,R1,R3,1891,1891,1875,3781,true,PASS
square:R1:R3:3753,3753,Superaugmented ♯3𝄪4𝄪5,R1,R3,1893,1893,1877,3785,true,PASS
square:R1:R3:3761,3761,Rāga Madhuri,R1,R3,1897,1897,1881,3793,true,PASS
square:R1:R3:3853,3853,7-4 rooted state 3853,R1,R3,1931,1931,1927,3861,true,PASS
square:R1:R3:3861,3861,Ionian ♯45♯6,R1,R3,1939,1939,1931,3877,true,PASS
square:R1:R3:3865,3865,Ionian ♯2♯45♯6,R1,R3,1941,1941,1933,3881,true,PASS
square:R1:R3:3877,3877,Ionian ♯3♯45♯6,R1,R3,1955,1955,1939,3909,true,PASS
square:R1:R3:3881,3881,Tanarupi III,R1,R3,1957,1957,1941,3913,true,PASS
square:R1:R3:3889,3889,Raghupriya III,R1,R3,1961,1961,1945,3921,true,PASS
square:R1:R3:3909,3909,Superlydian Augmented ♮235♯4,R1,R3,1987,1987,1955,3973,true,PASS
square:R1:R3:3913,3913,Bonian,R1,R3,1989,1989,1957,3977,true,PASS
square:R1:R3:3921,3921,Superlydian Augmented 23♯45,R1,R3,1993,1993,1961,3985,true,PASS
square:R1:R3:3937,3937,Scale 3937,R1,R3,2001,2001,1969,4001,true,PASS
square:R1:L3:501,501,Major Locrian 6♭7,R1,L3,247,247,251,493,true,PASS
square:R1:L3:757,757,Lipsean Mode II,R1,L3,375,375,379,749,true,PASS
square:R1:L3:885,885,Major Locrian 𝄫7,R1,L3,439,439,443,877,true,PASS
square:R1:L3:949,949,Mararanjani,R1,L3,471,471,475,941,true,PASS
square:R1:L3:981,981,Mela Kantamani,R1,L3,487,487,491,973,true,PASS
square:R1:L3:997,997,Tanarupi IV,R1,L3,491,491,499,981,true,PASS
square:R1:L3:1001,1001,Lydian ♯2♯3♭67,R1,L3,493,493,501,985,true,PASS
square:R1:L3:1269,1269,Major Locrian ♭♭6,R1,L3,631,631,635,1261,true,PASS
square:R1:L3:1397,1397,Major Locrian,R1,L3,695,695,699,1389,true,PASS
square:R1:L3:1461,1461,Mixolydian ♭6,R1,L3,727,727,731,1453,true,PASS
square:R1:L3:1493,1493,Lydian Minor,R1,L3,743,743,747,1485,true,PASS
square:R1:L3:1509,1509,Lydian Minor ♯3,R1,L3,747,747,755,1493,true,PASS
square:R1:L3:1513,1513,Lydian ♭7♭6♯2♯3,R1,L3,749,749,757,1497,true,PASS
square:R1:L3:1653,1653,Mixolydian ♭5,R1,L3,823,823,827,1645,true,PASS
square:R1:L3:1717,1717,Mixolydian,R1,L3,855,855,859,1709,true,PASS
square:R1:L3:1749,1749,Acoustic,R1,L3,871,871,875,1741,true,PASS
square:R1:L3:1765,1765,Lydian ♭7♯3,R1,L3,875,875,883,1749,true,PASS
square:R1:L3:1769,1769,Lydian ♭7♯2♯3,R1,L3,877,877,885,1753,true,PASS
square:R1:L3:1845,1845,Mixolydian Augmented,R1,L3,919,919,923,1837,true,PASS
square:R1:L3:1877,1877,Aeroptian,R1,L3,935,935,939,1869,true,PASS
square:R1:L3:1893,1893,Lydian 7+♯3,R1,L3,939,939,947,1877,true,PASS
square:R1:L3:1897,1897,Lydian 7+♯23,R1,L3,941,941,949,1881,true,PASS
square:R1:L3:1941,1941,Dominant +𝄪4,R1,L3,967,967,971,1933,true,PASS
square:R1:L3:1957,1957,Dominant +♯3𝄪4,R1,L3,971,971,979,1941,true,PASS
square:R1:L3:1961,1961,Dominant +♯2♯3𝄪4,R1,L3,973,973,981,1945,true,PASS
square:R1:L3:1989,1989,Dominant +34,R1,L3,979,979,995,1957,true,PASS
square:R1:L3:1993,1993,Dominant +♯234,R1,L3,981,981,997,1961,true,PASS
square:R1:L3:2001,2001,Dominant +234,R1,L3,985,985,1001,1969,true,PASS
square:R1:L3:2293,2293,Bucolic,R1,L3,1143,1143,1147,2285,true,PASS
square:R1:L3:2421,2421,Harmonic Major ♭5,R1,L3,1207,1207,1211,2413,true,PASS
square:R1:L3:2485,2485,Harmonic Major,R1,L3,1239,1239,1243,2477,true,PASS
square:R1:L3:2517,2517,Lydian Harmonic Major,R1,L3,1255,1255,1259,2509,true,PASS
square:R1:L3:2533,2533,7-19 rooted state 2533,R1,L3,1259,1259,1267,2517,true,PASS
square:R1:L3:2537,2537,Scale 2537,R1,L3,1261,1261,1269,2521,true,PASS
square:R1:L3:2677,2677,Ionian ♭5,R1,L3,1335,1335,1339,2669,true,PASS
square:R1:L3:2741,2741,Ionian,R1,L3,1367,1367,1371,2733,true,PASS
square:R1:L3:2773,2773,Lydian,R1,L3,1383,1383,1387,2765,true,PASS
square:R1:L3:2789,2789,Lydian ♯3,R1,L3,1387,1387,1395,2773,true,PASS
square:R1:L3:2793,2793,1sus4 & 7⁷,R1,L3,1389,1389,1397,2777,true,PASS
square:R1:L3:2869,2869,Major Augmented,R1,L3,1431,1431,1435,2861,true,PASS
square:R1:L3:2901,2901,Lydian Augmented,R1,L3,1447,1447,1451,2893,true,PASS
square:R1:L3:2917,2917,Lydian Augmented ♯3,R1,L3,1451,1451,1459,2901,true,PASS
square:R1:L3:2921,2921,Lydian Augmented ♯2♯3,R1,L3,1453,1453,1461,2905,true,PASS
square:R1:L3:2965,2965,Ionian +𝄪4,R1,L3,1479,1479,1483,2957,true,PASS
square:R1:L3:2981,2981,Noh,R1,L3,1483,1483,1491,2965,true,PASS
square:R1:L3:2985,2985,Ionian +♯23𝄪4,R1,L3,1485,1485,1493,2969,true,PASS
square:R1:L3:3013,3013,Ionian +𝄪34,R1,L3,1491,1491,1507,2981,true,PASS
square:R1:L3:3017,3017,Scale 3017,R1,L3,1493,1493,1509,2985,true,PASS
square:R1:L3:3025,3025,Ionian +𝄪234,R1,L3,1497,1497,1513,2993,true,PASS
square:R1:L3:3189,3189,Ionian ♭5♯6,R1,L3,1591,1591,1595,3181,true,PASS
square:R1:L3:3253,3253,Mela Naganandini,R1,L3,1623,1623,1627,3245,true,PASS
square:R1:L3:3285,3285,Mela Citrambari,R1,L3,1639,1639,1643,3277,true,PASS
square:R1:L3:3301,3301,Rāga Loom Sarang,R1,L3,1643,1643,1651,3285,true,PASS
square:R1:L3:3305,3305,Chromatic Hypophrygian,R1,L3,1645,1645,1653,3289,true,PASS
square:R1:L3:3381,3381,Ionian +♯6,R1,L3,1687,1687,1691,3373,true,PASS
square:R1:L3:3413,3413,Leading Whole-Tone,R1,L3,1703,1703,1707,3405,true,PASS
square:R1:L3:3429,3429,Lydian +♯36,R1,L3,1707,1707,1715,3413,true,PASS
square:R1:L3:3433,3433,Superlydian Augmented,R1,L3,1709,1709,1717,3417,true,PASS
square:R1:L3:3477,3477,Ionian +♯64,R1,L3,1735,1735,1739,3469,true,PASS
square:R1:L3:3493,3493,Ionian +♯3♯6𝄪4,R1,L3,1739,1739,1747,3477,true,PASS
square:R1:L3:3497,3497,Superlydian Augmented 𝄪4,R1,L3,1741,1741,1749,3481,true,PASS
square:R1:L3:3525,3525,Scale 3525,R1,L3,1747,1747,1763,3493,true,PASS
square:R1:L3:3529,3529,Superlydian Augmented 𝄪3𝄪4,R1,L3,1749,1749,1765,3497,true,PASS
square:R1:L3:3537,3537,Scale 3537,R1,L3,1753,1753,1769,3505,true,PASS
square:R1:L3:3637,3637,Rāga Rageshri,R1,L3,1815,1815,1819,3629,true,PASS
square:R1:L3:3669,3669,Ionian ♯4𝄪5♯6,R1,L3,1831,1831,1835,3661,true,PASS
square:R1:L3:3685,3685,7-Z18 rooted state 3685,R1,L3,1835,1835,1843,3669,true,PASS
square:R1:L3:3689,3689,Scale 3689,R1,L3,1837,1837,1845,3673,true,PASS
square:R1:L3:3733,3733,Ionian 𝄪4𝄪5♯6,R1,L3,1863,1863,1867,3725,true,PASS
square:R1:L3:3749,3749,Rāga Sorati,R1,L3,1867,1867,1875,3733,true,PASS
square:R1:L3:3753,3753,Superaugmented ♯3𝄪4𝄪5,R1,L3,1869,1869,1877,3737,true,PASS
square:R1:L3:3781,3781,Kaikian Mode VII,R1,L3,1875,1875,1891,3749,true,PASS
square:R1:L3:3785,3785,Scale 3785,R1,L3,1877,1877,1893,3753,true,PASS
square:R1:L3:3793,3793,Superlydian Augmented 𝄪2𝄪3𝄪4𝄪5,R1,L3,1881,1881,1897,3761,true,PASS
square:R1:L3:3861,3861,Ionian ♯45♯6,R1,L3,1927,1927,1931,3853,true,PASS
square:R1:L3:3877,3877,Ionian ♯3♯45♯6,R1,L3,1931,1931,1939,3861,true,PASS
square:R1:L3:3881,3881,Tanarupi III,R1,L3,1933,1933,1941,3865,true,PASS
square:R1:L3:3909,3909,Superlydian Augmented ♮235♯4,R1,L3,1939,1939,1955,3877,true,PASS
square:R1:L3:3913,3913,Bonian,R1,L3,1941,1941,1957,3881,true,PASS
square:R1:L3:3921,3921,Superlydian Augmented 23♯45,R1,L3,1945,1945,1961,3889,true,PASS
square:R1:L3:3973,3973,Superlydian Augmented ♮25♯34,R1,L3,1955,1955,1987,3909,true,PASS
square:R1:L3:3977,3977,Scale 3977,R1,L3,1957,1957,1989,3913,true,PASS
square:R1:L3:3985,3985,7-3 rooted state 3985,R1,L3,1961,1961,1993,3921,true,PASS
square:R1:L3:4001,4001,Superlydian Augmented ♯2♯3♯45,R1,L3,1969,1969,2001,3937,true,PASS
square:R1:R4:477,477,Alt ♮2𝄫6♭𝄫7,R1,R4,247,247,239,493,true,PASS
square:R1:R4:733,733,Superlocrian ♮2♭♭6♭♭7,R1,R4,375,375,367,749,true,PASS
square:R1:R4:861,861,Superlocrian ♮2𝄫7,R1,R4,439,439,431,877,true,PASS
square:R1:R4:925,925,Chromatic Hypodorian,R1,R4,471,471,463,941,true,PASS
square:R1:R4:941,941,Rāga Jhankara Bhramavi,R1,R4,487,487,471,973,true,PASS
square:R1:R4:949,949,Mararanjani,R1,R4,491,491,475,981,true,PASS
square:R1:R4:953,953,Rāga Kalahamsa,R1,R4,493,493,477,985,true,PASS
square:R1:R4:1245,1245,Alt ♮26,R1,R4,631,631,623,1261,true,PASS
square:R1:R4:1373,1373,Storian,R1,R4,695,695,687,1389,true,PASS
square:R1:R4:1437,1437,Sabach,R1,R4,727,727,719,1453,true,PASS
square:R1:R4:1453,1453,Aeolian,R1,R4,743,743,727,1485,true,PASS
square:R1:R4:1461,1461,Mixolydian ♭6,R1,R4,747,747,731,1493,true,PASS
square:R1:R4:1465,1465,Rāga Cudamani,R1,R4,749,749,733,1497,true,PASS
square:R1:R4:1629,1629,Dorian Blues,R1,R4,823,823,815,1645,true,PASS
square:R1:R4:1693,1693,Dorian ♭4,R1,R4,855,855,847,1709,true,PASS
square:R1:R4:1709,1709,Dorian,R1,R4,871,871,855,1741,true,PASS
square:R1:R4:1717,1717,Mixolydian,R1,R4,875,875,859,1749,true,PASS
square:R1:R4:1721,1721,Rāga Ganavaridhi,R1,R4,877,877,861,1753,true,PASS
square:R1:R4:1821,1821,Dorian +♭4,R1,R4,919,919,911,1837,true,PASS
square:R1:R4:1837,1837,Dorian Augmented,R1,R4,935,935,919,1869,true,PASS
square:R1:R4:1845,1845,Mixolydian Augmented,R1,R4,939,939,923,1877,true,PASS
square:R1:R4:1849,1849,Rāga Dvigandharabushini,R1,R4,941,941,925,1881,true,PASS
square:R1:R4:1869,1869,Lydian 7+♭3,R1,R4,967,967,935,1933,true,PASS
square:R1:R4:1877,1877,Aeroptian,R1,R4,971,971,939,1941,true,PASS
square:R1:R4:1881,1881,Lydian 7+♯2,R1,R4,973,973,941,1945,true,PASS
square:R1:R4:1893,1893,Lydian 7+♯3,R1,R4,979,979,947,1957,true,PASS
square:R1:R4:1897,1897,Lydian 7+♯23,R1,R4,981,981,949,1961,true,PASS
square:R1:R4:1905,1905,Lydian 7+♯3𝄪2,R1,R4,985,985,953,1969,true,PASS
square:R1:R4:2269,2269,Nomadic Minor,R1,R4,1143,1143,1135,2285,true,PASS
square:R1:R4:2397,2397,Eccentric,R1,R4,1207,1207,1199,2413,true,PASS
square:R1:R4:2461,2461,7-21 rooted state 2461,R1,R4,1239,1239,1231,2477,true,PASS
square:R1:R4:2477,2477,Harmonic Minor,R1,R4,1255,1255,1239,2509,true,PASS
square:R1:R4:2485,2485,Harmonic Major,R1,R4,1259,1259,1243,2517,true,PASS
square:R1:R4:2489,2489,Scale 2489,R1,R4,1261,1261,1245,2521,true,PASS
square:R1:R4:2653,2653,Nomadic,R1,R4,1335,1335,1327,2669,true,PASS
square:R1:R4:2717,2717,Melodic ♭4,R1,R4,1367,1367,1359,2733,true,PASS
square:R1:R4:2733,2733,Melodic Minor,R1,R4,1383,1383,1367,2765,true,PASS
square:R1:R4:2741,2741,Ionian,R1,R4,1387,1387,1371,2773,true,PASS
square:R1:R4:2745,2745,Rāga Sailadesakshi,R1,R4,1389,1389,1373,2777,true,PASS
square:R1:R4:2845,2845,Melodic +♭4,R1,R4,1431,1431,1423,2861,true,PASS
square:R1:R4:2861,2861,Melodic +,R1,R4,1447,1447,1431,2893,true,PASS
square:R1:R4:2869,2869,Major Augmented,R1,R4,1451,1451,1435,2901,true,PASS
square:R1:R4:2873,2873,Ionian Augmented ♯2,R1,R4,1453,1453,1437,2905,true,PASS
square:R1:R4:2893,2893,Lydian Augmented ♭3,R1,R4,1479,1479,1447,2957,true,PASS
square:R1:R4:2901,2901,Lydian Augmented,R1,R4,1483,1483,1451,2965,true,PASS
square:R1:R4:2905,2905,Aeolian Flat,R1,R4,1485,1485,1453,2969,true,PASS
square:R1:R4:2917,2917,Lydian Augmented ♯3,R1,R4,1491,1491,1459,2981,true,PASS
square:R1:R4:2921,2921,Lydian Augmented ♯2♯3,R1,R4,1493,1493,1461,2985,true,PASS
square:R1:R4:2929,2929,Lydian +♯32,R1,R4,1497,1497,1465,2993,true,PASS
square:R1:R4:3165,3165,Scale 3165,R1,R4,1591,1591,1583,3181,true,PASS
square:R1:R4:3229,3229,Varunapriya ♭4,R1,R4,1623,1623,1615,3245,true,PASS
square:R1:R4:3245,3245,Rāga Daulati,R1,R4,1639,1639,1623,3277,true,PASS
square:R1:R4:3253,3253,Mela Naganandini,R1,R4,1643,1643,1627,3285,true,PASS
square:R1:R4:3257,3257,Rāga Madhuranjani,R1,R4,1645,1645,1629,3289,true,PASS
square:R1:R4:3357,3357,Scale 3357,R1,R4,1687,1687,1679,3373,true,PASS
square:R1:R4:3373,3373,Melodic +♯6,R1,R4,1703,1703,1687,3405,true,PASS
square:R1:R4:3381,3381,Ionian +♯6,R1,R4,1707,1707,1691,3413,true,PASS
square:R1:R4:3385,3385,Chromatic Phrygian,R1,R4,1709,1709,1693,3417,true,PASS
square:R1:R4:3405,3405,Phrygian +♮2,R1,R4,1735,1735,1703,3469,true,PASS
square:R1:R4:3413,3413,Leading Whole-Tone,R1,R4,1739,1739,1707,3477,true,PASS
square:R1:R4:3417,3417,Lydian +♯26,R1,R4,1741,1741,1709,3481,true,PASS
square:R1:R4:3429,3429,Lydian +♯36,R1,R4,1747,1747,1715,3493,true,PASS
square:R1:R4:3433,3433,Superlydian Augmented,R1,R4,1749,1749,1717,3497,true,PASS
square:R1:R4:3441,3441,Superlydian Augmented ♯2,R1,R4,1753,1753,1721,3505,true,PASS
square:R1:R4:3613,3613,7-5 rooted state 3613,R1,R4,1815,1815,1807,3629,true,PASS
square:R1:R4:3629,3629,Melodic 𝄪5♯6,R1,R4,1831,1831,1815,3661,true,PASS
square:R1:R4:3637,3637,Rāga Rageshri,R1,R4,1835,1835,1819,3669,true,PASS
square:R1:R4:3641,3641,Ionian ♯2𝄪5♯6,R1,R4,1837,1837,1821,3673,true,PASS
square:R1:R4:3661,3661,Melodic ♯4𝄪5♯6,R1,R4,1863,1863,1831,3725,true,PASS
square:R1:R4:3669,3669,Ionian ♯4𝄪5♯6,R1,R4,1867,1867,1835,3733,true,PASS
square:R1:R4:3673,3673,Scale 3673,R1,R4,1869,1869,1837,3737,true,PASS
square:R1:R4:3685,3685,7-Z18 rooted state 3685,R1,R4,1875,1875,1843,3749,true,PASS
square:R1:R4:3689,3689,Scale 3689,R1,R4,1877,1877,1845,3753,true,PASS
square:R1:R4:3697,3697,Scale 3697,R1,R4,1881,1881,1849,3761,true,PASS
square:R1:R4:3725,3725,Eurean Mode VI,R1,R4,1927,1927,1863,3853,true,PASS
square:R1:R4:3733,3733,Ionian 𝄪4𝄪5♯6,R1,R4,1931,1931,1867,3861,true,PASS
square:R1:R4:3737,3737,Scale 3737,R1,R4,1933,1933,1869,3865,true,PASS
square:R1:R4:3749,3749,Rāga Sorati,R1,R4,1939,1939,1875,3877,true,PASS
square:R1:R4:3753,3753,Superaugmented ♯3𝄪4𝄪5,R1,R4,1941,1941,1877,3881,true,PASS
square:R1:R4:3761,3761,Rāga Madhuri,R1,R4,1945,1945,1881,3889,true,PASS
square:R1:R4:3781,3781,Kaikian Mode VII,R1,R4,1955,1955,1891,3909,true,PASS
square:R1:R4:3785,3785,Scale 3785,R1,R4,1957,1957,1893,3913,true,PASS
square:R1:R4:3793,3793,Superlydian Augmented 𝄪2𝄪3𝄪4𝄪5,R1,R4,1961,1961,1897,3921,true,PASS
square:R1:R4:3809,3809,Borean Mode I,R1,R4,1969,1969,1905,3937,true,PASS
square:R1:L4:493,493,Locrian ♮2♭♭6♭♭♭7,R1,L4,239,239,247,477,true,PASS
square:R1:L4:749,749,Locrian ♮2♭♭6♭♭7,R1,L4,367,367,375,733,true,PASS
square:R1:L4:877,877,Hungarian Major Inverse,R1,L4,431,431,439,861,true,PASS
square:R1:L4:941,941,Rāga Jhankara Bhramavi,R1,L4,463,463,471,925,true,PASS
square:R1:L4:973,973,7-19 rooted state 973,R1,L4,471,471,487,941,true,PASS
square:R1:L4:981,981,Mela Kantamani,R1,L4,475,475,491,949,true,PASS
square:R1:L4:985,985,Scale 985,R1,L4,477,477,493,953,true,PASS
square:R1:L4:1261,1261,Modified Blues,R1,L4,623,623,631,1245,true,PASS
square:R1:L4:1389,1389,Half-Diminished,R1,L4,687,687,695,1373,true,PASS
square:R1:L4:1453,1453,Aeolian,R1,L4,719,719,727,1437,true,PASS
square:R1:L4:1485,1485,Mela Sanmukhapriya,R1,L4,727,727,743,1453,true,PASS
square:R1:L4:1493,1493,Lydian Minor,R1,L4,731,731,747,1461,true,PASS
square:R1:L4:1497,1497,Jyoti Swarupini,R1,L4,733,733,749,1465,true,PASS
square:R1:L4:1645,1645,Dorian ♭5,R1,L4,815,815,823,1629,true,PASS
square:R1:L4:1709,1709,Dorian,R1,L4,847,847,855,1693,true,PASS
square:R1:L4:1741,1741,Dorian ♯4,R1,L4,855,855,871,1709,true,PASS
square:R1:L4:1749,1749,Acoustic,R1,L4,859,859,875,1717,true,PASS
square:R1:L4:1753,1753,Hungarian Major,R1,L4,861,861,877,1721,true,PASS
square:R1:L4:1837,1837,Dorian Augmented,R1,L4,911,911,919,1821,true,PASS
square:R1:L4:1869,1869,Lydian 7+♭3,R1,L4,919,919,935,1837,true,PASS
square:R1:L4:1877,1877,Aeroptian,R1,L4,923,923,939,1845,true,PASS
square:R1:L4:1881,1881,Lydian 7+♯2,R1,L4,925,925,941,1849,true,PASS
square:R1:L4:1933,1933,Dorian +𝄪4,R1,L4,935,935,967,1869,true,PASS
square:R1:L4:1941,1941,Dominant +𝄪4,R1,L4,939,939,971,1877,true,PASS
square:R1:L4:1945,1945,7-Z18 rooted state 1945,R1,L4,941,941,973,1881,true,PASS
square:R1:L4:1957,1957,Dominant +♯3𝄪4,R1,L4,947,947,979,1893,true,PASS
square:R1:L4:1961,1961,Dominant +♯2♯3𝄪4,R1,L4,949,949,981,1897,true,PASS
square:R1:L4:1969,1969,Dominant +♯3𝄪2♭4,R1,L4,953,953,985,1905,true,PASS
square:R1:L4:2285,2285,Supine,R1,L4,1135,1135,1143,2269,true,PASS
square:R1:L4:2413,2413,Harmonic Minor ♭5,R1,L4,1199,1199,1207,2397,true,PASS
square:R1:L4:2477,2477,Harmonic Minor,R1,L4,1231,1231,1239,2461,true,PASS
square:R1:L4:2509,2509,Double Harmonic Minor,R1,L4,1239,1239,1255,2477,true,PASS
square:R1:L4:2517,2517,Lydian Harmonic Major,R1,L4,1243,1243,1259,2485,true,PASS
square:R1:L4:2521,2521,Scale 2521,R1,L4,1245,1245,1261,2489,true,PASS
square:R1:L4:2669,2669,Jeths' Mode,R1,L4,1327,1327,1335,2653,true,PASS
square:R1:L4:2733,2733,Melodic Minor,R1,L4,1359,1359,1367,2717,true,PASS
square:R1:L4:2765,2765,Lydian Diminished,R1,L4,1367,1367,1383,2733,true,PASS
square:R1:L4:2773,2773,Lydian,R1,L4,1371,1371,1387,2741,true,PASS
square:R1:L4:2777,2777,Aeolian Harmonic,R1,L4,1373,1373,1389,2745,true,PASS
square:R1:L4:2861,2861,Melodic +,R1,L4,1423,1423,1431,2845,true,PASS
square:R1:L4:2893,2893,Lydian Augmented ♭3,R1,L4,1431,1431,1447,2861,true,PASS
square:R1:L4:2901,2901,Lydian Augmented,R1,L4,1435,1435,1451,2869,true,PASS
square:R1:L4:2905,2905,Aeolian Flat,R1,L4,1437,1437,1453,2873,true,PASS
square:R1:L4:2957,2957,Melodic +4,R1,L4,1447,1447,1479,2893,true,PASS
square:R1:L4:2965,2965,Ionian +𝄪4,R1,L4,1451,1451,1483,2901,true,PASS
square:R1:L4:2969,2969,Scale 2969,R1,L4,1453,1453,1485,2905,true,PASS
square:R1:L4:2981,2981,Noh,R1,L4,1459,1459,1491,2917,true,PASS
square:R1:L4:2985,2985,Ionian +♯23𝄪4,R1,L4,1461,1461,1493,2921,true,PASS
square:R1:L4:2993,2993,Ionian +♯324,R1,L4,1465,1465,1497,2929,true,PASS
square:R1:L4:3181,3181,Melodic ♭5♯6,R1,L4,1583,1583,1591,3165,true,PASS
square:R1:L4:3245,3245,Rāga Daulati,R1,L4,1615,1615,1623,3229,true,PASS
square:R1:L4:3277,3277,7-21 rooted state 3277,R1,L4,1623,1623,1639,3245,true,PASS
square:R1:L4:3285,3285,Mela Citrambari,R1,L4,1627,1627,1643,3253,true,PASS
square:R1:L4:3289,3289,Rasikapriya,R1,L4,1629,1629,1645,3257,true,PASS
square:R1:L4:3373,3373,Melodic +♯6,R1,L4,1679,1679,1687,3357,true,PASS
square:R1:L4:3405,3405,Phrygian +♮2,R1,L4,1687,1687,1703,3373,true,PASS
square:R1:L4:3413,3413,Leading Whole-Tone,R1,L4,1691,1691,1707,3381,true,PASS
square:R1:L4:3417,3417,Lydian +♯26,R1,L4,1693,1693,1709,3385,true,PASS
square:R1:L4:3469,3469,Melodic +♯6𝄪4,R1,L4,1703,1703,1735,3405,true,PASS
square:R1:L4:3477,3477,Ionian +♯64,R1,L4,1707,1707,1739,3413,true,PASS
square:R1:L4:3481,3481,Scale 3481,R1,L4,1709,1709,1741,3417,true,PASS
square:R1:L4:3493,3493,Ionian +♯3♯6𝄪4,R1,L4,1715,1715,1747,3429,true,PASS
square:R1:L4:3497,3497,Superlydian Augmented 𝄪4,R1,L4,1717,1717,1749,3433,true,PASS
square:R1:L4:3505,3505,Superlydian Augmented 24,R1,L4,1721,1721,1753,3441,true,PASS
square:R1:L4:3629,3629,Melodic 𝄪5♯6,R1,L4,1807,1807,1815,3613,true,PASS
square:R1:L4:3661,3661,Melodic ♯4𝄪5♯6,R1,L4,1815,1815,1831,3629,true,PASS
square:R1:L4:3669,3669,Ionian ♯4𝄪5♯6,R1,L4,1819,1819,1835,3637,true,PASS
square:R1:L4:3673,3673,Scale 3673,R1,L4,1821,1821,1837,3641,true,PASS
square:R1:L4:3725,3725,Eurean Mode VI,R1,L4,1831,1831,1863,3661,true,PASS
square:R1:L4:3733,3733,Ionian 𝄪4𝄪5♯6,R1,L4,1835,1835,1867,3669,true,PASS
square:R1:L4:3737,3737,Scale 3737,R1,L4,1837,1837,1869,3673,true,PASS
square:R1:L4:3749,3749,Rāga Sorati,R1,L4,1843,1843,1875,3685,true,PASS
square:R1:L4:3753,3753,Superaugmented ♯3𝄪4𝄪5,R1,L4,1845,1845,1877,3689,true,PASS
square:R1:L4:3761,3761,Rāga Madhuri,R1,L4,1849,1849,1881,3697,true,PASS
square:R1:L4:3853,3853,7-4 rooted state 3853,R1,L4,1863,1863,1927,3725,true,PASS
square:R1:L4:3861,3861,Ionian ♯45♯6,R1,L4,1867,1867,1931,3733,true,PASS
square:R1:L4:3865,3865,Ionian ♯2♯45♯6,R1,L4,1869,1869,1933,3737,true,PASS
square:R1:L4:3877,3877,Ionian ♯3♯45♯6,R1,L4,1875,1875,1939,3749,true,PASS
square:R1:L4:3881,3881,Tanarupi III,R1,L4,1877,1877,1941,3753,true,PASS
square:R1:L4:3889,3889,Raghupriya III,R1,L4,1881,1881,1945,3761,true,PASS
square:R1:L4:3909,3909,Superlydian Augmented ♮235♯4,R1,L4,1891,1891,1955,3781,true,PASS
square:R1:L4:3913,3913,Bonian,R1,L4,1893,1893,1957,3785,true,PASS
square:R1:L4:3921,3921,Superlydian Augmented 23♯45,R1,L4,1897,1897,1961,3793,true,PASS
square:R1:L4:3937,3937,Scale 3937,R1,L4,1905,1905,1969,3809,true,PASS
square:R1:R5:445,445,Alt ♮2♭♭5♭6♭♭♭7,R1,R5,239,239,223,477,true,PASS
square:R1:R5:701,701,Alt ♮2♭♭567,R1,R5,367,367,351,733,true,PASS
square:R1:R5:829,829,7-Z18 rooted state 829,R1,R5,431,431,415,861,true,PASS
square:R1:R5:861,861,Superlocrian ♮2𝄫7,R1,R5,463,463,431,925,true,PASS
square:R1:R5:877,877,Hungarian Major Inverse,R1,R5,471,471,439,941,true,PASS
square:R1:R5:885,885,Major Locrian 𝄫7,R1,R5,475,475,443,949,true,PASS
square:R1:R5:889,889,Scale 889,R1,R5,477,477,445,953,true,PASS
square:R1:R5:1213,1213,Alt ♮2♭♭5♭6,R1,R5,623,623,607,1245,true,PASS
square:R1:R5:1341,1341,Alt ♮2♭♭5,R1,R5,687,687,671,1373,true,PASS
square:R1:R5:1373,1373,Storian,R1,R5,719,719,687,1437,true,PASS
square:R1:R5:1389,1389,Half-Diminished,R1,R5,727,727,695,1453,true,PASS
square:R1:R5:1397,1397,Major Locrian,R1,R5,731,731,699,1461,true,PASS
square:R1:R5:1401,1401,Major Locrian ♯2,R1,R5,733,733,701,1465,true,PASS
square:R1:R5:1597,1597,Rāga Ravikosh,R1,R5,815,815,799,1629,true,PASS
square:R1:R5:1629,1629,Dorian Blues,R1,R5,847,847,815,1693,true,PASS
square:R1:R5:1645,1645,Dorian ♭5,R1,R5,855,855,823,1709,true,PASS
square:R1:R5:1653,1653,Mixolydian ♭5,R1,R5,859,859,827,1717,true,PASS
square:R1:R5:1657,1657,7-19 rooted state 1657,R1,R5,861,861,829,1721,true,PASS
square:R1:R5:1693,1693,Dorian ♭4,R1,R5,911,911,847,1821,true,PASS
square:R1:R5:1709,1709,Dorian,R1,R5,919,919,855,1837,true,PASS
square:R1:R5:1717,1717,Mixolydian,R1,R5,923,923,859,1845,true,PASS
square:R1:R5:1721,1721,Rāga Ganavaridhi,R1,R5,925,925,861,1849,true,PASS
square:R1:R5:1741,1741,Dorian ♯4,R1,R5,935,935,871,1869,true,PASS
square:R1:R5:1749,1749,Acoustic,R1,R5,939,939,875,1877,true,PASS
square:R1:R5:1753,1753,Hungarian Major,R1,R5,941,941,877,1881,true,PASS
square:R1:R5:1765,1765,Lydian ♭7♯3,R1,R5,947,947,883,1893,true,PASS
square:R1:R5:1769,1769,Lydian ♭7♯2♯3,R1,R5,949,949,885,1897,true,PASS
square:R1:R5:1777,1777,Lydian ♭7♯3𝄪2,R1,R5,953,953,889,1905,true,PASS
square:R1:R5:2237,2237,Alt ♮27♭♭56,R1,R5,1135,1135,1119,2269,true,PASS
square:R1:R5:2365,2365,Alt ♮27𝄫5,R1,R5,1199,1199,1183,2397,true,PASS
square:R1:R5:2397,2397,Eccentric,R1,R5,1231,1231,1199,2461,true,PASS
square:R1:R5:2413,2413,Harmonic Minor ♭5,R1,R5,1239,1239,1207,2477,true,PASS
square:R1:R5:2421,2421,Harmonic Major ♭5,R1,R5,1243,1243,1211,2485,true,PASS
square:R1:R5:2425,2425,Scale 2425,R1,R5,1245,1245,1213,2489,true,PASS
square:R1:R5:2621,2621,Euphoric,R1,R5,1327,1327,1311,2653,true,PASS
square:R1:R5:2653,2653,Nomadic,R1,R5,1359,1359,1327,2717,true,PASS
square:R1:R5:2669,2669,Jeths' Mode,R1,R5,1367,1367,1335,2733,true,PASS
square:R1:R5:2677,2677,Ionian ♭5,R1,R5,1371,1371,1339,2741,true,PASS
square:R1:R5:2681,2681,Scale 2681,R1,R5,1373,1373,1341,2745,true,PASS
square:R1:R5:2717,2717,Melodic ♭4,R1,R5,1423,1423,1359,2845,true,PASS
square:R1:R5:2733,2733,Melodic Minor,R1,R5,1431,1431,1367,2861,true,PASS
square:R1:R5:2741,2741,Ionian,R1,R5,1435,1435,1371,2869,true,PASS
square:R1:R5:2745,2745,Rāga Sailadesakshi,R1,R5,1437,1437,1373,2873,true,PASS
square:R1:R5:2765,2765,Lydian Diminished,R1,R5,1447,1447,1383,2893,true,PASS
square:R1:R5:2773,2773,Lydian,R1,R5,1451,1451,1387,2901,true,PASS
square:R1:R5:2777,2777,Aeolian Harmonic,R1,R5,1453,1453,1389,2905,true,PASS
square:R1:R5:2789,2789,Lydian ♯3,R1,R5,1459,1459,1395,2917,true,PASS
square:R1:R5:2793,2793,1sus4 & 7⁷,R1,R5,1461,1461,1397,2921,true,PASS
square:R1:R5:2801,2801,Rāga Hindolita,R1,R5,1465,1465,1401,2929,true,PASS
square:R1:R5:3133,3133,7-5 rooted state 3133,R1,R5,1583,1583,1567,3165,true,PASS
square:R1:R5:3165,3165,Scale 3165,R1,R5,1615,1615,1583,3229,true,PASS
square:R1:R5:3181,3181,Melodic ♭5♯6,R1,R5,1623,1623,1591,3245,true,PASS
square:R1:R5:3189,3189,Ionian ♭5♯6,R1,R5,1627,1627,1595,3253,true,PASS
square:R1:R5:3193,3193,Scale 3193,R1,R5,1629,1629,1597,3257,true,PASS
square:R1:R5:3229,3229,Varunapriya ♭4,R1,R5,1679,1679,1615,3357,true,PASS
square:R1:R5:3245,3245,Rāga Daulati,R1,R5,1687,1687,1623,3373,true,PASS
square:R1:R5:3253,3253,Mela Naganandini,R1,R5,1691,1691,1627,3381,true,PASS
square:R1:R5:3257,3257,Rāga Madhuranjani,R1,R5,1693,1693,1629,3385,true,PASS
square:R1:R5:3277,3277,7-21 rooted state 3277,R1,R5,1703,1703,1639,3405,true,PASS
square:R1:R5:3285,3285,Mela Citrambari,R1,R5,1707,1707,1643,3413,true,PASS
square:R1:R5:3289,3289,Rasikapriya,R1,R5,1709,1709,1645,3417,true,PASS
square:R1:R5:3301,3301,Rāga Loom Sarang,R1,R5,1715,1715,1651,3429,true,PASS
square:R1:R5:3305,3305,Chromatic Hypophrygian,R1,R5,1717,1717,1653,3433,true,PASS
square:R1:R5:3313,3313,Scale 3313,R1,R5,1721,1721,1657,3441,true,PASS
square:R1:R5:3357,3357,Scale 3357,R1,R5,1807,1807,1679,3613,true,PASS
square:R1:R5:3373,3373,Melodic +♯6,R1,R5,1815,1815,1687,3629,true,PASS
square:R1:R5:3381,3381,Ionian +♯6,R1,R5,1819,1819,1691,3637,true,PASS
square:R1:R5:3385,3385,Chromatic Phrygian,R1,R5,1821,1821,1693,3641,true,PASS
square:R1:R5:3405,3405,Phrygian +♮2,R1,R5,1831,1831,1703,3661,true,PASS
square:R1:R5:3413,3413,Leading Whole-Tone,R1,R5,1835,1835,1707,3669,true,PASS
square:R1:R5:3417,3417,Lydian +♯26,R1,R5,1837,1837,1709,3673,true,PASS
square:R1:R5:3429,3429,Lydian +♯36,R1,R5,1843,1843,1715,3685,true,PASS
square:R1:R5:3433,3433,Superlydian Augmented,R1,R5,1845,1845,1717,3689,true,PASS
square:R1:R5:3441,3441,Superlydian Augmented ♯2,R1,R5,1849,1849,1721,3697,true,PASS
square:R1:R5:3469,3469,Melodic +♯6𝄪4,R1,R5,1863,1863,1735,3725,true,PASS
square:R1:R5:3477,3477,Ionian +♯64,R1,R5,1867,1867,1739,3733,true,PASS
square:R1:R5:3481,3481,Scale 3481,R1,R5,1869,1869,1741,3737,true,PASS
square:R1:R5:3493,3493,Ionian +♯3♯6𝄪4,R1,R5,1875,1875,1747,3749,true,PASS
square:R1:R5:3497,3497,Superlydian Augmented 𝄪4,R1,R5,1877,1877,1749,3753,true,PASS
square:R1:R5:3505,3505,Superlydian Augmented 24,R1,R5,1881,1881,1753,3761,true,PASS
square:R1:R5:3525,3525,Scale 3525,R1,R5,1891,1891,1763,3781,true,PASS
square:R1:R5:3529,3529,Superlydian Augmented 𝄪3𝄪4,R1,R5,1893,1893,1765,3785,true,PASS
square:R1:R5:3537,3537,Scale 3537,R1,R5,1897,1897,1769,3793,true,PASS
square:R1:R5:3553,3553,Scale 3553,R1,R5,1905,1905,1777,3809,true,PASS
square:R1:L5:477,477,Alt ♮2𝄫6♭𝄫7,R1,L5,223,223,239,445,true,PASS
square:R1:L5:733,733,Superlocrian ♮2♭♭6♭♭7,R1,L5,351,351,367,701,true,PASS
square:R1:L5:861,861,Superlocrian ♮2𝄫7,R1,L5,415,415,431,829,true,PASS
square:R1:L5:925,925,Chromatic Hypodorian,R1,L5,431,431,463,861,true,PASS
square:R1:L5:941,941,Rāga Jhankara Bhramavi,R1,L5,439,439,471,877,true,PASS
square:R1:L5:949,949,Mararanjani,R1,L5,443,443,475,885,true,PASS
square:R1:L5:953,953,Rāga Kalahamsa,R1,L5,445,445,477,889,true,PASS
square:R1:L5:1245,1245,Alt ♮26,R1,L5,607,607,623,1213,true,PASS
square:R1:L5:1373,1373,Storian,R1,L5,671,671,687,1341,true,PASS
square:R1:L5:1437,1437,Sabach,R1,L5,687,687,719,1373,true,PASS
square:R1:L5:1453,1453,Aeolian,R1,L5,695,695,727,1389,true,PASS
square:R1:L5:1461,1461,Mixolydian ♭6,R1,L5,699,699,731,1397,true,PASS
square:R1:L5:1465,1465,Rāga Cudamani,R1,L5,701,701,733,1401,true,PASS
square:R1:L5:1629,1629,Dorian Blues,R1,L5,799,799,815,1597,true,PASS
square:R1:L5:1693,1693,Dorian ♭4,R1,L5,815,815,847,1629,true,PASS
square:R1:L5:1709,1709,Dorian,R1,L5,823,823,855,1645,true,PASS
square:R1:L5:1717,1717,Mixolydian,R1,L5,827,827,859,1653,true,PASS
square:R1:L5:1721,1721,Rāga Ganavaridhi,R1,L5,829,829,861,1657,true,PASS
square:R1:L5:1821,1821,Dorian +♭4,R1,L5,847,847,911,1693,true,PASS
square:R1:L5:1837,1837,Dorian Augmented,R1,L5,855,855,919,1709,true,PASS
square:R1:L5:1845,1845,Mixolydian Augmented,R1,L5,859,859,923,1717,true,PASS
square:R1:L5:1849,1849,Rāga Dvigandharabushini,R1,L5,861,861,925,1721,true,PASS
square:R1:L5:1869,1869,Lydian 7+♭3,R1,L5,871,871,935,1741,true,PASS
square:R1:L5:1877,1877,Aeroptian,R1,L5,875,875,939,1749,true,PASS
square:R1:L5:1881,1881,Lydian 7+♯2,R1,L5,877,877,941,1753,true,PASS
square:R1:L5:1893,1893,Lydian 7+♯3,R1,L5,883,883,947,1765,true,PASS
square:R1:L5:1897,1897,Lydian 7+♯23,R1,L5,885,885,949,1769,true,PASS
square:R1:L5:1905,1905,Lydian 7+♯3𝄪2,R1,L5,889,889,953,1777,true,PASS
square:R1:L5:2269,2269,Nomadic Minor,R1,L5,1119,1119,1135,2237,true,PASS
square:R1:L5:2397,2397,Eccentric,R1,L5,1183,1183,1199,2365,true,PASS
square:R1:L5:2461,2461,7-21 rooted state 2461,R1,L5,1199,1199,1231,2397,true,PASS
square:R1:L5:2477,2477,Harmonic Minor,R1,L5,1207,1207,1239,2413,true,PASS
square:R1:L5:2485,2485,Harmonic Major,R1,L5,1211,1211,1243,2421,true,PASS
square:R1:L5:2489,2489,Scale 2489,R1,L5,1213,1213,1245,2425,true,PASS
square:R1:L5:2653,2653,Nomadic,R1,L5,1311,1311,1327,2621,true,PASS
square:R1:L5:2717,2717,Melodic ♭4,R1,L5,1327,1327,1359,2653,true,PASS
square:R1:L5:2733,2733,Melodic Minor,R1,L5,1335,1335,1367,2669,true,PASS
square:R1:L5:2741,2741,Ionian,R1,L5,1339,1339,1371,2677,true,PASS
square:R1:L5:2745,2745,Rāga Sailadesakshi,R1,L5,1341,1341,1373,2681,true,PASS
square:R1:L5:2845,2845,Melodic +♭4,R1,L5,1359,1359,1423,2717,true,PASS
square:R1:L5:2861,2861,Melodic +,R1,L5,1367,1367,1431,2733,true,PASS
square:R1:L5:2869,2869,Major Augmented,R1,L5,1371,1371,1435,2741,true,PASS
square:R1:L5:2873,2873,Ionian Augmented ♯2,R1,L5,1373,1373,1437,2745,true,PASS
square:R1:L5:2893,2893,Lydian Augmented ♭3,R1,L5,1383,1383,1447,2765,true,PASS
square:R1:L5:2901,2901,Lydian Augmented,R1,L5,1387,1387,1451,2773,true,PASS
square:R1:L5:2905,2905,Aeolian Flat,R1,L5,1389,1389,1453,2777,true,PASS
square:R1:L5:2917,2917,Lydian Augmented ♯3,R1,L5,1395,1395,1459,2789,true,PASS
square:R1:L5:2921,2921,Lydian Augmented ♯2♯3,R1,L5,1397,1397,1461,2793,true,PASS
square:R1:L5:2929,2929,Lydian +♯32,R1,L5,1401,1401,1465,2801,true,PASS
square:R1:L5:3165,3165,Scale 3165,R1,L5,1567,1567,1583,3133,true,PASS
square:R1:L5:3229,3229,Varunapriya ♭4,R1,L5,1583,1583,1615,3165,true,PASS
square:R1:L5:3245,3245,Rāga Daulati,R1,L5,1591,1591,1623,3181,true,PASS
square:R1:L5:3253,3253,Mela Naganandini,R1,L5,1595,1595,1627,3189,true,PASS
square:R1:L5:3257,3257,Rāga Madhuranjani,R1,L5,1597,1597,1629,3193,true,PASS
square:R1:L5:3357,3357,Scale 3357,R1,L5,1615,1615,1679,3229,true,PASS
square:R1:L5:3373,3373,Melodic +♯6,R1,L5,1623,1623,1687,3245,true,PASS
square:R1:L5:3381,3381,Ionian +♯6,R1,L5,1627,1627,1691,3253,true,PASS
square:R1:L5:3385,3385,Chromatic Phrygian,R1,L5,1629,1629,1693,3257,true,PASS
square:R1:L5:3405,3405,Phrygian +♮2,R1,L5,1639,1639,1703,3277,true,PASS
square:R1:L5:3413,3413,Leading Whole-Tone,R1,L5,1643,1643,1707,3285,true,PASS
square:R1:L5:3417,3417,Lydian +♯26,R1,L5,1645,1645,1709,3289,true,PASS
square:R1:L5:3429,3429,Lydian +♯36,R1,L5,1651,1651,1715,3301,true,PASS
square:R1:L5:3433,3433,Superlydian Augmented,R1,L5,1653,1653,1717,3305,true,PASS
square:R1:L5:3441,3441,Superlydian Augmented ♯2,R1,L5,1657,1657,1721,3313,true,PASS
square:R1:L5:3613,3613,7-5 rooted state 3613,R1,L5,1679,1679,1807,3357,true,PASS
square:R1:L5:3629,3629,Melodic 𝄪5♯6,R1,L5,1687,1687,1815,3373,true,PASS
square:R1:L5:3637,3637,Rāga Rageshri,R1,L5,1691,1691,1819,3381,true,PASS
square:R1:L5:3641,3641,Ionian ♯2𝄪5♯6,R1,L5,1693,1693,1821,3385,true,PASS
square:R1:L5:3661,3661,Melodic ♯4𝄪5♯6,R1,L5,1703,1703,1831,3405,true,PASS
square:R1:L5:3669,3669,Ionian ♯4𝄪5♯6,R1,L5,1707,1707,1835,3413,true,PASS
square:R1:L5:3673,3673,Scale 3673,R1,L5,1709,1709,1837,3417,true,PASS
square:R1:L5:3685,3685,7-Z18 rooted state 3685,R1,L5,1715,1715,1843,3429,true,PASS
square:R1:L5:3689,3689,Scale 3689,R1,L5,1717,1717,1845,3433,true,PASS
square:R1:L5:3697,3697,Scale 3697,R1,L5,1721,1721,1849,3441,true,PASS
square:R1:L5:3725,3725,Eurean Mode VI,R1,L5,1735,1735,1863,3469,true,PASS
square:R1:L5:3733,3733,Ionian 𝄪4𝄪5♯6,R1,L5,1739,1739,1867,3477,true,PASS
square:R1:L5:3737,3737,Scale 3737,R1,L5,1741,1741,1869,3481,true,PASS
square:R1:L5:3749,3749,Rāga Sorati,R1,L5,1747,1747,1875,3493,true,PASS
square:R1:L5:3753,3753,Superaugmented ♯3𝄪4𝄪5,R1,L5,1749,1749,1877,3497,true,PASS
square:R1:L5:3761,3761,Rāga Madhuri,R1,L5,1753,1753,1881,3505,true,PASS
square:R1:L5:3781,3781,Kaikian Mode VII,R1,L5,1763,1763,1891,3525,true,PASS
square:R1:L5:3785,3785,Scale 3785,R1,L5,1765,1765,1893,3529,true,PASS
square:R1:L5:3793,3793,Superlydian Augmented 𝄪2𝄪3𝄪4𝄪5,R1,L5,1769,1769,1897,3537,true,PASS
square:R1:L5:3809,3809,Borean Mode I,R1,L5,1777,1777,1905,3553,true,PASS
square:R1:R6:381,381,Alt ♮25♭67,R1,R6,223,223,191,445,true,PASS
square:R1:R6:637,637,Debussy's Heptatonic,R1,R6,351,351,319,701,true,PASS
square:R1:R6:701,701,Alt ♮2♭♭567,R1,R6,415,415,351,829,true,PASS
square:R1:R6:733,733,Superlocrian ♮2♭♭6♭♭7,R1,R6,431,431,367,861,true,PASS
square:R1:R6:749,749,Locrian ♮2♭♭6♭♭7,R1,R6,439,439,375,877,true,PASS
square:R1:R6:757,757,Lipsean Mode II,R1,R6,443,443,379,885,true,PASS
square:R1:R6:761,761,Major Locrian ♯267,R1,R6,445,445,381,889,true,PASS
square:R1:R6:1149,1149,Alt ♮25♭6,R1,R6,607,607,575,1213,true,PASS
square:R1:R6:1213,1213,Alt ♮2♭♭5♭6,R1,R6,671,671,607,1341,true,PASS
square:R1:R6:1245,1245,Alt ♮26,R1,R6,687,687,623,1373,true,PASS
square:R1:R6:1261,1261,Modified Blues,R1,R6,695,695,631,1389,true,PASS
square:R1:R6:1269,1269,Major Locrian ♭♭6,R1,R6,699,699,635,1397,true,PASS
square:R1:R6:1273,1273,Tanarupi V,R1,R6,701,701,637,1401,true,PASS
square:R1:R6:1341,1341,Alt ♮2♭♭5,R1,R6,799,799,671,1597,true,PASS
square:R1:R6:1373,1373,Storian,R1,R6,815,815,687,1629,true,PASS
square:R1:R6:1389,1389,Half-Diminished,R1,R6,823,823,695,1645,true,PASS
square:R1:R6:1397,1397,Major Locrian,R1,R6,827,827,699,1653,true,PASS
square:R1:R6:1401,1401,Major Locrian ♯2,R1,R6,829,829,701,1657,true,PASS
square:R1:R6:1437,1437,Sabach,R1,R6,847,847,719,1693,true,PASS
square:R1:R6:1453,1453,Aeolian,R1,R6,855,855,727,1709,true,PASS
square:R1:R6:1461,1461,Mixolydian ♭6,R1,R6,859,859,731,1717,true,PASS
square:R1:R6:1465,1465,Rāga Cudamani,R1,R6,861,861,733,1721,true,PASS
square:R1:R6:1485,1485,Mela Sanmukhapriya,R1,R6,871,871,743,1741,true,PASS
square:R1:R6:1493,1493,Lydian Minor,R1,R6,875,875,747,1749,true,PASS
square:R1:R6:1497,1497,Jyoti Swarupini,R1,R6,877,877,749,1753,true,PASS
square:R1:R6:1509,1509,Lydian Minor ♯3,R1,R6,883,883,755,1765,true,PASS
square:R1:R6:1513,1513,Lydian ♭7♭6♯2♯3,R1,R6,885,885,757,1769,true,PASS
square:R1:R6:1521,1521,Lydian 7♭6♯32,R1,R6,889,889,761,1777,true,PASS
square:R1:R6:2173,2173,7-4 rooted state 2173,R1,R6,1119,1119,1087,2237,true,PASS
square:R1:R6:2237,2237,Alt ♮27♭♭56,R1,R6,1183,1183,1119,2365,true,PASS
square:R1:R6:2269,2269,Nomadic Minor,R1,R6,1199,1199,1135,2397,true,PASS
square:R1:R6:2285,2285,Supine,R1,R6,1207,1207,1143,2413,true,PASS
square:R1:R6:2293,2293,Bucolic,R1,R6,1211,1211,1147,2421,true,PASS
square:R1:R6:2297,2297,Raghupriya V,R1,R6,1213,1213,1149,2425,true,PASS
square:R1:R6:2365,2365,Alt ♮27𝄫5,R1,R6,1311,1311,1183,2621,true,PASS
square:R1:R6:2397,2397,Eccentric,R1,R6,1327,1327,1199,2653,true,PASS
square:R1:R6:2413,2413,Harmonic Minor ♭5,R1,R6,1335,1335,1207,2669,true,PASS
square:R1:R6:2421,2421,Harmonic Major ♭5,R1,R6,1339,1339,1211,2677,true,PASS
square:R1:R6:2425,2425,Scale 2425,R1,R6,1341,1341,1213,2681,true,PASS
square:R1:R6:2461,2461,7-21 rooted state 2461,R1,R6,1359,1359,1231,2717,true,PASS
square:R1:R6:2477,2477,Harmonic Minor,R1,R6,1367,1367,1239,2733,true,PASS
square:R1:R6:2485,2485,Harmonic Major,R1,R6,1371,1371,1243,2741,true,PASS
square:R1:R6:2489,2489,Scale 2489,R1,R6,1373,1373,1245,2745,true,PASS
square:R1:R6:2509,2509,Double Harmonic Minor,R1,R6,1383,1383,1255,2765,true,PASS
square:R1:R6:2517,2517,Lydian Harmonic Major,R1,R6,1387,1387,1259,2773,true,PASS
square:R1:R6:2521,2521,Scale 2521,R1,R6,1389,1389,1261,2777,true,PASS
square:R1:R6:2533,2533,7-19 rooted state 2533,R1,R6,1395,1395,1267,2789,true,PASS
square:R1:R6:2537,2537,Scale 2537,R1,R6,1397,1397,1269,2793,true,PASS
square:R1:R6:2545,2545,Lydian 2♯3♭6,R1,R6,1401,1401,1273,2801,true,PASS
square:R1:R6:2621,2621,Euphoric,R1,R6,1567,1567,1311,3133,true,PASS
square:R1:R6:2653,2653,Nomadic,R1,R6,1583,1583,1327,3165,true,PASS
square:R1:R6:2669,2669,Jeths' Mode,R1,R6,1591,1591,1335,3181,true,PASS
square:R1:R6:2677,2677,Ionian ♭5,R1,R6,1595,1595,1339,3189,true,PASS
square:R1:R6:2681,2681,Scale 2681,R1,R6,1597,1597,1341,3193,true,PASS
square:R1:R6:2717,2717,Melodic ♭4,R1,R6,1615,1615,1359,3229,true,PASS
square:R1:R6:2733,2733,Melodic Minor,R1,R6,1623,1623,1367,3245,true,PASS
square:R1:R6:2741,2741,Ionian,R1,R6,1627,1627,1371,3253,true,PASS
square:R1:R6:2745,2745,Rāga Sailadesakshi,R1,R6,1629,1629,1373,3257,true,PASS
square:R1:R6:2765,2765,Lydian Diminished,R1,R6,1639,1639,1383,3277,true,PASS
square:R1:R6:2773,2773,Lydian,R1,R6,1643,1643,1387,3285,true,PASS
square:R1:R6:2777,2777,Aeolian Harmonic,R1,R6,1645,1645,1389,3289,true,PASS
square:R1:R6:2789,2789,Lydian ♯3,R1,R6,1651,1651,1395,3301,true,PASS
square:R1:R6:2793,2793,1sus4 & 7⁷,R1,R6,1653,1653,1397,3305,true,PASS
square:R1:R6:2801,2801,Rāga Hindolita,R1,R6,1657,1657,1401,3313,true,PASS
square:R1:R6:2845,2845,Melodic +♭4,R1,R6,1679,1679,1423,3357,true,PASS
square:R1:R6:2861,2861,Melodic +,R1,R6,1687,1687,1431,3373,true,PASS
square:R1:R6:2869,2869,Major Augmented,R1,R6,1691,1691,1435,3381,true,PASS
square:R1:R6:2873,2873,Ionian Augmented ♯2,R1,R6,1693,1693,1437,3385,true,PASS
square:R1:R6:2893,2893,Lydian Augmented ♭3,R1,R6,1703,1703,1447,3405,true,PASS
square:R1:R6:2901,2901,Lydian Augmented,R1,R6,1707,1707,1451,3413,true,PASS
square:R1:R6:2905,2905,Aeolian Flat,R1,R6,1709,1709,1453,3417,true,PASS
square:R1:R6:2917,2917,Lydian Augmented ♯3,R1,R6,1715,1715,1459,3429,true,PASS
square:R1:R6:2921,2921,Lydian Augmented ♯2♯3,R1,R6,1717,1717,1461,3433,true,PASS
square:R1:R6:2929,2929,Lydian +♯32,R1,R6,1721,1721,1465,3441,true,PASS
square:R1:R6:2957,2957,Melodic +4,R1,R6,1735,1735,1479,3469,true,PASS
square:R1:R6:2965,2965,Ionian +𝄪4,R1,R6,1739,1739,1483,3477,true,PASS
square:R1:R6:2969,2969,Scale 2969,R1,R6,1741,1741,1485,3481,true,PASS
square:R1:R6:2981,2981,Noh,R1,R6,1747,1747,1491,3493,true,PASS
square:R1:R6:2985,2985,Ionian +♯23𝄪4,R1,R6,1749,1749,1493,3497,true,PASS
square:R1:R6:2993,2993,Ionian +♯324,R1,R6,1753,1753,1497,3505,true,PASS
square:R1:R6:3013,3013,Ionian +𝄪34,R1,R6,1763,1763,1507,3525,true,PASS
square:R1:R6:3017,3017,Scale 3017,R1,R6,1765,1765,1509,3529,true,PASS
square:R1:R6:3025,3025,Ionian +𝄪234,R1,R6,1769,1769,1513,3537,true,PASS
square:R1:R6:3041,3041,Scale 3041,R1,R6,1777,1777,1521,3553,true,PASS
square:R1:L6:445,445,Alt ♮2♭♭5♭6♭♭♭7,R1,L6,191,191,223,381,true,PASS
square:R1:L6:701,701,Alt ♮2♭♭567,R1,L6,319,319,351,637,true,PASS
square:R1:L6:829,829,7-Z18 rooted state 829,R1,L6,351,351,415,701,true,PASS
square:R1:L6:861,861,Superlocrian ♮2𝄫7,R1,L6,367,367,431,733,true,PASS
square:R1:L6:877,877,Hungarian Major Inverse,R1,L6,375,375,439,749,true,PASS
square:R1:L6:885,885,Major Locrian 𝄫7,R1,L6,379,379,443,757,true,PASS
square:R1:L6:889,889,Scale 889,R1,L6,381,381,445,761,true,PASS
square:R1:L6:1213,1213,Alt ♮2♭♭5♭6,R1,L6,575,575,607,1149,true,PASS
square:R1:L6:1341,1341,Alt ♮2♭♭5,R1,L6,607,607,671,1213,true,PASS
square:R1:L6:1373,1373,Storian,R1,L6,623,623,687,1245,true,PASS
square:R1:L6:1389,1389,Half-Diminished,R1,L6,631,631,695,1261,true,PASS
square:R1:L6:1397,1397,Major Locrian,R1,L6,635,635,699,1269,true,PASS
square:R1:L6:1401,1401,Major Locrian ♯2,R1,L6,637,637,701,1273,true,PASS
square:R1:L6:1597,1597,Rāga Ravikosh,R1,L6,671,671,799,1341,true,PASS
square:R1:L6:1629,1629,Dorian Blues,R1,L6,687,687,815,1373,true,PASS
square:R1:L6:1645,1645,Dorian ♭5,R1,L6,695,695,823,1389,true,PASS
square:R1:L6:1653,1653,Mixolydian ♭5,R1,L6,699,699,827,1397,true,PASS
square:R1:L6:1657,1657,7-19 rooted state 1657,R1,L6,701,701,829,1401,true,PASS
square:R1:L6:1693,1693,Dorian ♭4,R1,L6,719,719,847,1437,true,PASS
square:R1:L6:1709,1709,Dorian,R1,L6,727,727,855,1453,true,PASS
square:R1:L6:1717,1717,Mixolydian,R1,L6,731,731,859,1461,true,PASS
square:R1:L6:1721,1721,Rāga Ganavaridhi,R1,L6,733,733,861,1465,true,PASS
square:R1:L6:1741,1741,Dorian ♯4,R1,L6,743,743,871,1485,true,PASS
square:R1:L6:1749,1749,Acoustic,R1,L6,747,747,875,1493,true,PASS
square:R1:L6:1753,1753,Hungarian Major,R1,L6,749,749,877,1497,true,PASS
square:R1:L6:1765,1765,Lydian ♭7♯3,R1,L6,755,755,883,1509,true,PASS
square:R1:L6:1769,1769,Lydian ♭7♯2♯3,R1,L6,757,757,885,1513,true,PASS
square:R1:L6:1777,1777,Lydian ♭7♯3𝄪2,R1,L6,761,761,889,1521,true,PASS
square:R1:L6:2237,2237,Alt ♮27♭♭56,R1,L6,1087,1087,1119,2173,true,PASS
square:R1:L6:2365,2365,Alt ♮27𝄫5,R1,L6,1119,1119,1183,2237,true,PASS
square:R1:L6:2397,2397,Eccentric,R1,L6,1135,1135,1199,2269,true,PASS
square:R1:L6:2413,2413,Harmonic Minor ♭5,R1,L6,1143,1143,1207,2285,true,PASS
square:R1:L6:2421,2421,Harmonic Major ♭5,R1,L6,1147,1147,1211,2293,true,PASS
square:R1:L6:2425,2425,Scale 2425,R1,L6,1149,1149,1213,2297,true,PASS
square:R1:L6:2621,2621,Euphoric,R1,L6,1183,1183,1311,2365,true,PASS
square:R1:L6:2653,2653,Nomadic,R1,L6,1199,1199,1327,2397,true,PASS
square:R1:L6:2669,2669,Jeths' Mode,R1,L6,1207,1207,1335,2413,true,PASS
square:R1:L6:2677,2677,Ionian ♭5,R1,L6,1211,1211,1339,2421,true,PASS
square:R1:L6:2681,2681,Scale 2681,R1,L6,1213,1213,1341,2425,true,PASS
square:R1:L6:2717,2717,Melodic ♭4,R1,L6,1231,1231,1359,2461,true,PASS
square:R1:L6:2733,2733,Melodic Minor,R1,L6,1239,1239,1367,2477,true,PASS
square:R1:L6:2741,2741,Ionian,R1,L6,1243,1243,1371,2485,true,PASS
square:R1:L6:2745,2745,Rāga Sailadesakshi,R1,L6,1245,1245,1373,2489,true,PASS
square:R1:L6:2765,2765,Lydian Diminished,R1,L6,1255,1255,1383,2509,true,PASS
square:R1:L6:2773,2773,Lydian,R1,L6,1259,1259,1387,2517,true,PASS
square:R1:L6:2777,2777,Aeolian Harmonic,R1,L6,1261,1261,1389,2521,true,PASS
square:R1:L6:2789,2789,Lydian ♯3,R1,L6,1267,1267,1395,2533,true,PASS
square:R1:L6:2793,2793,1sus4 & 7⁷,R1,L6,1269,1269,1397,2537,true,PASS
square:R1:L6:2801,2801,Rāga Hindolita,R1,L6,1273,1273,1401,2545,true,PASS
square:R1:L6:3133,3133,7-5 rooted state 3133,R1,L6,1311,1311,1567,2621,true,PASS
square:R1:L6:3165,3165,Scale 3165,R1,L6,1327,1327,1583,2653,true,PASS
square:R1:L6:3181,3181,Melodic ♭5♯6,R1,L6,1335,1335,1591,2669,true,PASS
square:R1:L6:3189,3189,Ionian ♭5♯6,R1,L6,1339,1339,1595,2677,true,PASS
square:R1:L6:3193,3193,Scale 3193,R1,L6,1341,1341,1597,2681,true,PASS
square:R1:L6:3229,3229,Varunapriya ♭4,R1,L6,1359,1359,1615,2717,true,PASS
square:R1:L6:3245,3245,Rāga Daulati,R1,L6,1367,1367,1623,2733,true,PASS
square:R1:L6:3253,3253,Mela Naganandini,R1,L6,1371,1371,1627,2741,true,PASS
square:R1:L6:3257,3257,Rāga Madhuranjani,R1,L6,1373,1373,1629,2745,true,PASS
square:R1:L6:3277,3277,7-21 rooted state 3277,R1,L6,1383,1383,1639,2765,true,PASS
square:R1:L6:3285,3285,Mela Citrambari,R1,L6,1387,1387,1643,2773,true,PASS
square:R1:L6:3289,3289,Rasikapriya,R1,L6,1389,1389,1645,2777,true,PASS
square:R1:L6:3301,3301,Rāga Loom Sarang,R1,L6,1395,1395,1651,2789,true,PASS
square:R1:L6:3305,3305,Chromatic Hypophrygian,R1,L6,1397,1397,1653,2793,true,PASS
square:R1:L6:3313,3313,Scale 3313,R1,L6,1401,1401,1657,2801,true,PASS
square:R1:L6:3357,3357,Scale 3357,R1,L6,1423,1423,1679,2845,true,PASS
square:R1:L6:3373,3373,Melodic +♯6,R1,L6,1431,1431,1687,2861,true,PASS
square:R1:L6:3381,3381,Ionian +♯6,R1,L6,1435,1435,1691,2869,true,PASS
square:R1:L6:3385,3385,Chromatic Phrygian,R1,L6,1437,1437,1693,2873,true,PASS
square:R1:L6:3405,3405,Phrygian +♮2,R1,L6,1447,1447,1703,2893,true,PASS
square:R1:L6:3413,3413,Leading Whole-Tone,R1,L6,1451,1451,1707,2901,true,PASS
square:R1:L6:3417,3417,Lydian +♯26,R1,L6,1453,1453,1709,2905,true,PASS
square:R1:L6:3429,3429,Lydian +♯36,R1,L6,1459,1459,1715,2917,true,PASS
square:R1:L6:3433,3433,Superlydian Augmented,R1,L6,1461,1461,1717,2921,true,PASS
square:R1:L6:3441,3441,Superlydian Augmented ♯2,R1,L6,1465,1465,1721,2929,true,PASS
square:R1:L6:3469,3469,Melodic +♯6𝄪4,R1,L6,1479,1479,1735,2957,true,PASS
square:R1:L6:3477,3477,Ionian +♯64,R1,L6,1483,1483,1739,2965,true,PASS
square:R1:L6:3481,3481,Scale 3481,R1,L6,1485,1485,1741,2969,true,PASS
square:R1:L6:3493,3493,Ionian +♯3♯6𝄪4,R1,L6,1491,1491,1747,2981,true,PASS
square:R1:L6:3497,3497,Superlydian Augmented 𝄪4,R1,L6,1493,1493,1749,2985,true,PASS
square:R1:L6:3505,3505,Superlydian Augmented 24,R1,L6,1497,1497,1753,2993,true,PASS
square:R1:L6:3525,3525,Scale 3525,R1,L6,1507,1507,1763,3013,true,PASS
square:R1:L6:3529,3529,Superlydian Augmented 𝄪3𝄪4,R1,L6,1509,1509,1765,3017,true,PASS
square:R1:L6:3537,3537,Scale 3537,R1,L6,1513,1513,1769,3025,true,PASS
square:R1:L6:3553,3553,Scale 3553,R1,L6,1521,1521,1777,3041,true,PASS
square:R1:R7:253,253,Alt ♮25♭67,R1,R7,191,191,127,381,true,PASS
square:R1:R7:381,381,Alt ♮25♭67,R1,R7,319,319,191,637,true,PASS
square:R1:R7:445,445,Alt ♮2♭♭5♭6♭♭♭7,R1,R7,351,351,223,701,true,PASS
square:R1:R7:477,477,Alt ♮2𝄫6♭𝄫7,R1,R7,367,367,239,733,true,PASS
square:R1:R7:493,493,Locrian ♮2♭♭6♭♭♭7,R1,R7,375,375,247,749,true,PASS
square:R1:R7:501,501,Major Locrian 6♭7,R1,R7,379,379,251,757,true,PASS
square:R1:R7:505,505,7-3 rooted state 505,R1,R7,381,381,253,761,true,PASS
square:R1:R7:637,637,Debussy's Heptatonic,R1,R7,575,575,319,1149,true,PASS
square:R1:R7:701,701,Alt ♮2♭♭567,R1,R7,607,607,351,1213,true,PASS
square:R1:R7:733,733,Superlocrian ♮2♭♭6♭♭7,R1,R7,623,623,367,1245,true,PASS
square:R1:R7:749,749,Locrian ♮2♭♭6♭♭7,R1,R7,631,631,375,1261,true,PASS
square:R1:R7:757,757,Lipsean Mode II,R1,R7,635,635,379,1269,true,PASS
square:R1:R7:761,761,Major Locrian ♯267,R1,R7,637,637,381,1273,true,PASS
square:R1:R7:829,829,7-Z18 rooted state 829,R1,R7,671,671,415,1341,true,PASS
square:R1:R7:861,861,Superlocrian ♮2𝄫7,R1,R7,687,687,431,1373,true,PASS
square:R1:R7:877,877,Hungarian Major Inverse,R1,R7,695,695,439,1389,true,PASS
square:R1:R7:885,885,Major Locrian 𝄫7,R1,R7,699,699,443,1397,true,PASS
square:R1:R7:889,889,Scale 889,R1,R7,701,701,445,1401,true,PASS
square:R1:R7:925,925,Chromatic Hypodorian,R1,R7,719,719,463,1437,true,PASS
square:R1:R7:941,941,Rāga Jhankara Bhramavi,R1,R7,727,727,471,1453,true,PASS
square:R1:R7:949,949,Mararanjani,R1,R7,731,731,475,1461,true,PASS
square:R1:R7:953,953,Rāga Kalahamsa,R1,R7,733,733,477,1465,true,PASS
square:R1:R7:973,973,7-19 rooted state 973,R1,R7,743,743,487,1485,true,PASS
square:R1:R7:981,981,Mela Kantamani,R1,R7,747,747,491,1493,true,PASS
square:R1:R7:985,985,Scale 985,R1,R7,749,749,493,1497,true,PASS
square:R1:R7:997,997,Tanarupi IV,R1,R7,755,755,499,1509,true,PASS
square:R1:R7:1001,1001,Lydian ♯2♯3♭67,R1,R7,757,757,501,1513,true,PASS
square:R1:R7:1009,1009,7-3 rooted state 1009,R1,R7,761,761,505,1521,true,PASS
square:R1:R7:1149,1149,Alt ♮25♭6,R1,R7,1087,1087,575,2173,true,PASS
square:R1:R7:1213,1213,Alt ♮2♭♭5♭6,R1,R7,1119,1119,607,2237,true,PASS
square:R1:R7:1245,1245,Alt ♮26,R1,R7,1135,1135,623,2269,true,PASS
square:R1:R7:1261,1261,Modified Blues,R1,R7,1143,1143,631,2285,true,PASS
square:R1:R7:1269,1269,Major Locrian ♭♭6,R1,R7,1147,1147,635,2293,true,PASS
square:R1:R7:1273,1273,Tanarupi V,R1,R7,1149,1149,637,2297,true,PASS
square:R1:R7:1341,1341,Alt ♮2♭♭5,R1,R7,1183,1183,671,2365,true,PASS
square:R1:R7:1373,1373,Storian,R1,R7,1199,1199,687,2397,true,PASS
square:R1:R7:1389,1389,Half-Diminished,R1,R7,1207,1207,695,2413,true,PASS
square:R1:R7:1397,1397,Major Locrian,R1,R7,1211,1211,699,2421,true,PASS
square:R1:R7:1401,1401,Major Locrian ♯2,R1,R7,1213,1213,701,2425,true,PASS
square:R1:R7:1437,1437,Sabach,R1,R7,1231,1231,719,2461,true,PASS
square:R1:R7:1453,1453,Aeolian,R1,R7,1239,1239,727,2477,true,PASS
square:R1:R7:1461,1461,Mixolydian ♭6,R1,R7,1243,1243,731,2485,true,PASS
square:R1:R7:1465,1465,Rāga Cudamani,R1,R7,1245,1245,733,2489,true,PASS
square:R1:R7:1485,1485,Mela Sanmukhapriya,R1,R7,1255,1255,743,2509,true,PASS
square:R1:R7:1493,1493,Lydian Minor,R1,R7,1259,1259,747,2517,true,PASS
square:R1:R7:1497,1497,Jyoti Swarupini,R1,R7,1261,1261,749,2521,true,PASS
square:R1:R7:1509,1509,Lydian Minor ♯3,R1,R7,1267,1267,755,2533,true,PASS
square:R1:R7:1513,1513,Lydian ♭7♭6♯2♯3,R1,R7,1269,1269,757,2537,true,PASS
square:R1:R7:1521,1521,Lydian 7♭6♯32,R1,R7,1273,1273,761,2545,true,PASS
square:R1:R7:1597,1597,Rāga Ravikosh,R1,R7,1311,1311,799,2621,true,PASS
square:R1:R7:1629,1629,Dorian Blues,R1,R7,1327,1327,815,2653,true,PASS
square:R1:R7:1645,1645,Dorian ♭5,R1,R7,1335,1335,823,2669,true,PASS
square:R1:R7:1653,1653,Mixolydian ♭5,R1,R7,1339,1339,827,2677,true,PASS
square:R1:R7:1657,1657,7-19 rooted state 1657,R1,R7,1341,1341,829,2681,true,PASS
square:R1:R7:1693,1693,Dorian ♭4,R1,R7,1359,1359,847,2717,true,PASS
square:R1:R7:1709,1709,Dorian,R1,R7,1367,1367,855,2733,true,PASS
square:R1:R7:1717,1717,Mixolydian,R1,R7,1371,1371,859,2741,true,PASS
square:R1:R7:1721,1721,Rāga Ganavaridhi,R1,R7,1373,1373,861,2745,true,PASS
square:R1:R7:1741,1741,Dorian ♯4,R1,R7,1383,1383,871,2765,true,PASS
square:R1:R7:1749,1749,Acoustic,R1,R7,1387,1387,875,2773,true,PASS
square:R1:R7:1753,1753,Hungarian Major,R1,R7,1389,1389,877,2777,true,PASS
square:R1:R7:1765,1765,Lydian ♭7♯3,R1,R7,1395,1395,883,2789,true,PASS
square:R1:R7:1769,1769,Lydian ♭7♯2♯3,R1,R7,1397,1397,885,2793,true,PASS
square:R1:R7:1777,1777,Lydian ♭7♯3𝄪2,R1,R7,1401,1401,889,2801,true,PASS
square:R1:R7:1821,1821,Dorian +♭4,R1,R7,1423,1423,911,2845,true,PASS
square:R1:R7:1837,1837,Dorian Augmented,R1,R7,1431,1431,919,2861,true,PASS
square:R1:R7:1845,1845,Mixolydian Augmented,R1,R7,1435,1435,923,2869,true,PASS
square:R1:R7:1849,1849,Rāga Dvigandharabushini,R1,R7,1437,1437,925,2873,true,PASS
square:R1:R7:1869,1869,Lydian 7+♭3,R1,R7,1447,1447,935,2893,true,PASS
square:R1:R7:1877,1877,Aeroptian,R1,R7,1451,1451,939,2901,true,PASS
square:R1:R7:1881,1881,Lydian 7+♯2,R1,R7,1453,1453,941,2905,true,PASS
square:R1:R7:1893,1893,Lydian 7+♯3,R1,R7,1459,1459,947,2917,true,PASS
square:R1:R7:1897,1897,Lydian 7+♯23,R1,R7,1461,1461,949,2921,true,PASS
square:R1:R7:1905,1905,Lydian 7+♯3𝄪2,R1,R7,1465,1465,953,2929,true,PASS
square:R1:R7:1933,1933,Dorian +𝄪4,R1,R7,1479,1479,967,2957,true,PASS
square:R1:R7:1941,1941,Dominant +𝄪4,R1,R7,1483,1483,971,2965,true,PASS
square:R1:R7:1945,1945,7-Z18 rooted state 1945,R1,R7,1485,1485,973,2969,true,PASS
square:R1:R7:1957,1957,Dominant +♯3𝄪4,R1,R7,1491,1491,979,2981,true,PASS
square:R1:R7:1961,1961,Dominant +♯2♯3𝄪4,R1,R7,1493,1493,981,2985,true,PASS
square:R1:R7:1969,1969,Dominant +♯3𝄪2♭4,R1,R7,1497,1497,985,2993,true,PASS
square:R1:R7:1989,1989,Dominant +34,R1,R7,1507,1507,995,3013,true,PASS
square:R1:R7:1993,1993,Dominant +♯234,R1,R7,1509,1509,997,3017,true,PASS
square:R1:R7:2001,2001,Dominant +234,R1,R7,1513,1513,1001,3025,true,PASS
square:R1:R7:2017,2017,Dominant +34♯2,R1,R7,1521,1521,1009,3041,true,PASS
square:R1:L7:381,381,Alt ♮25♭67,R1,L7,127,127,191,253,true,PASS
square:R1:L7:637,637,Debussy's Heptatonic,R1,L7,191,191,319,381,true,PASS
square:R1:L7:701,701,Alt ♮2♭♭567,R1,L7,223,223,351,445,true,PASS
square:R1:L7:733,733,Superlocrian ♮2♭♭6♭♭7,R1,L7,239,239,367,477,true,PASS
square:R1:L7:749,749,Locrian ♮2♭♭6♭♭7,R1,L7,247,247,375,493,true,PASS
square:R1:L7:757,757,Lipsean Mode II,R1,L7,251,251,379,501,true,PASS
square:R1:L7:761,761,Major Locrian ♯267,R1,L7,253,253,381,505,true,PASS
square:R1:L7:1149,1149,Alt ♮25♭6,R1,L7,319,319,575,637,true,PASS
square:R1:L7:1213,1213,Alt ♮2♭♭5♭6,R1,L7,351,351,607,701,true,PASS
square:R1:L7:1245,1245,Alt ♮26,R1,L7,367,367,623,733,true,PASS
square:R1:L7:1261,1261,Modified Blues,R1,L7,375,375,631,749,true,PASS
square:R1:L7:1269,1269,Major Locrian ♭♭6,R1,L7,379,379,635,757,true,PASS
square:R1:L7:1273,1273,Tanarupi V,R1,L7,381,381,637,761,true,PASS
square:R1:L7:1341,1341,Alt ♮2♭♭5,R1,L7,415,415,671,829,true,PASS
square:R1:L7:1373,1373,Storian,R1,L7,431,431,687,861,true,PASS
square:R1:L7:1389,1389,Half-Diminished,R1,L7,439,439,695,877,true,PASS
square:R1:L7:1397,1397,Major Locrian,R1,L7,443,443,699,885,true,PASS
square:R1:L7:1401,1401,Major Locrian ♯2,R1,L7,445,445,701,889,true,PASS
square:R1:L7:1437,1437,Sabach,R1,L7,463,463,719,925,true,PASS
square:R1:L7:1453,1453,Aeolian,R1,L7,471,471,727,941,true,PASS
square:R1:L7:1461,1461,Mixolydian ♭6,R1,L7,475,475,731,949,true,PASS
square:R1:L7:1465,1465,Rāga Cudamani,R1,L7,477,477,733,953,true,PASS
square:R1:L7:1485,1485,Mela Sanmukhapriya,R1,L7,487,487,743,973,true,PASS
square:R1:L7:1493,1493,Lydian Minor,R1,L7,491,491,747,981,true,PASS
square:R1:L7:1497,1497,Jyoti Swarupini,R1,L7,493,493,749,985,true,PASS
square:R1:L7:1509,1509,Lydian Minor ♯3,R1,L7,499,499,755,997,true,PASS
square:R1:L7:1513,1513,Lydian ♭7♭6♯2♯3,R1,L7,501,501,757,1001,true,PASS
square:R1:L7:1521,1521,Lydian 7♭6♯32,R1,L7,505,505,761,1009,true,PASS
square:R1:L7:2173,2173,7-4 rooted state 2173,R1,L7,575,575,1087,1149,true,PASS
square:R1:L7:2237,2237,Alt ♮27♭♭56,R1,L7,607,607,1119,1213,true,PASS
square:R1:L7:2269,2269,Nomadic Minor,R1,L7,623,623,1135,1245,true,PASS
square:R1:L7:2285,2285,Supine,R1,L7,631,631,1143,1261,true,PASS
square:R1:L7:2293,2293,Bucolic,R1,L7,635,635,1147,1269,true,PASS
square:R1:L7:2297,2297,Raghupriya V,R1,L7,637,637,1149,1273,true,PASS
square:R1:L7:2365,2365,Alt ♮27𝄫5,R1,L7,671,671,1183,1341,true,PASS
square:R1:L7:2397,2397,Eccentric,R1,L7,687,687,1199,1373,true,PASS
square:R1:L7:2413,2413,Harmonic Minor ♭5,R1,L7,695,695,1207,1389,true,PASS
square:R1:L7:2421,2421,Harmonic Major ♭5,R1,L7,699,699,1211,1397,true,PASS
square:R1:L7:2425,2425,Scale 2425,R1,L7,701,701,1213,1401,true,PASS
square:R1:L7:2461,2461,7-21 rooted state 2461,R1,L7,719,719,1231,1437,true,PASS
square:R1:L7:2477,2477,Harmonic Minor,R1,L7,727,727,1239,1453,true,PASS
square:R1:L7:2485,2485,Harmonic Major,R1,L7,731,731,1243,1461,true,PASS
square:R1:L7:2489,2489,Scale 2489,R1,L7,733,733,1245,1465,true,PASS
square:R1:L7:2509,2509,Double Harmonic Minor,R1,L7,743,743,1255,1485,true,PASS
square:R1:L7:2517,2517,Lydian Harmonic Major,R1,L7,747,747,1259,1493,true,PASS
square:R1:L7:2521,2521,Scale 2521,R1,L7,749,749,1261,1497,true,PASS
square:R1:L7:2533,2533,7-19 rooted state 2533,R1,L7,755,755,1267,1509,true,PASS
square:R1:L7:2537,2537,Scale 2537,R1,L7,757,757,1269,1513,true,PASS
square:R1:L7:2545,2545,Lydian 2♯3♭6,R1,L7,761,761,1273,1521,true,PASS
square:R1:L7:2621,2621,Euphoric,R1,L7,799,799,1311,1597,true,PASS
square:R1:L7:2653,2653,Nomadic,R1,L7,815,815,1327,1629,true,PASS
square:R1:L7:2669,2669,Jeths' Mode,R1,L7,823,823,1335,1645,true,PASS
square:R1:L7:2677,2677,Ionian ♭5,R1,L7,827,827,1339,1653,true,PASS
square:R1:L7:2681,2681,Scale 2681,R1,L7,829,829,1341,1657,true,PASS
square:R1:L7:2717,2717,Melodic ♭4,R1,L7,847,847,1359,1693,true,PASS
square:R1:L7:2733,2733,Melodic Minor,R1,L7,855,855,1367,1709,true,PASS
square:R1:L7:2741,2741,Ionian,R1,L7,859,859,1371,1717,true,PASS
square:R1:L7:2745,2745,Rāga Sailadesakshi,R1,L7,861,861,1373,1721,true,PASS
square:R1:L7:2765,2765,Lydian Diminished,R1,L7,871,871,1383,1741,true,PASS
square:R1:L7:2773,2773,Lydian,R1,L7,875,875,1387,1749,true,PASS
square:R1:L7:2777,2777,Aeolian Harmonic,R1,L7,877,877,1389,1753,true,PASS
square:R1:L7:2789,2789,Lydian ♯3,R1,L7,883,883,1395,1765,true,PASS
square:R1:L7:2793,2793,1sus4 & 7⁷,R1,L7,885,885,1397,1769,true,PASS
square:R1:L7:2801,2801,Rāga Hindolita,R1,L7,889,889,1401,1777,true,PASS
square:R1:L7:2845,2845,Melodic +♭4,R1,L7,911,911,1423,1821,true,PASS
square:R1:L7:2861,2861,Melodic +,R1,L7,919,919,1431,1837,true,PASS
square:R1:L7:2869,2869,Major Augmented,R1,L7,923,923,1435,1845,true,PASS
square:R1:L7:2873,2873,Ionian Augmented ♯2,R1,L7,925,925,1437,1849,true,PASS
square:R1:L7:2893,2893,Lydian Augmented ♭3,R1,L7,935,935,1447,1869,true,PASS
square:R1:L7:2901,2901,Lydian Augmented,R1,L7,939,939,1451,1877,true,PASS
square:R1:L7:2905,2905,Aeolian Flat,R1,L7,941,941,1453,1881,true,PASS
square:R1:L7:2917,2917,Lydian Augmented ♯3,R1,L7,947,947,1459,1893,true,PASS
square:R1:L7:2921,2921,Lydian Augmented ♯2♯3,R1,L7,949,949,1461,1897,true,PASS
square:R1:L7:2929,2929,Lydian +♯32,R1,L7,953,953,1465,1905,true,PASS
square:R1:L7:2957,2957,Melodic +4,R1,L7,967,967,1479,1933,true,PASS
square:R1:L7:2965,2965,Ionian +𝄪4,R1,L7,971,971,1483,1941,true,PASS
square:R1:L7:2969,2969,Scale 2969,R1,L7,973,973,1485,1945,true,PASS
square:R1:L7:2981,2981,Noh,R1,L7,979,979,1491,1957,true,PASS
square:R1:L7:2985,2985,Ionian +♯23𝄪4,R1,L7,981,981,1493,1961,true,PASS
square:R1:L7:2993,2993,Ionian +♯324,R1,L7,985,985,1497,1969,true,PASS
square:R1:L7:3013,3013,Ionian +𝄪34,R1,L7,995,995,1507,1989,true,PASS
square:R1:L7:3017,3017,Scale 3017,R1,L7,997,997,1509,1993,true,PASS
square:R1:L7:3025,3025,Ionian +𝄪234,R1,L7,1001,1001,1513,2001,true,PASS
square:R1:L7:3041,3041,Scale 3041,R1,L7,1009,1009,1521,2017,true,PASS
square:L1:R2:251,251,Scale 251,L1,R2,505,505,501,253,true,PASS
square:L1:R2:379,379,Kaikian Mode II,L1,R2,761,761,757,381,true,PASS
square:L1:R2:443,443,Alt ♭♭5♭♭6♭♭♭7,L1,R2,889,889,885,445,true,PASS
square:L1:R2:475,475,Alt 6♭7,L1,R2,953,953,949,477,true,PASS
square:L1:R2:491,491,Locrian ♭♭6♭♭♭7,L1,R2,985,985,981,493,true,PASS
square:L1:R2:499,499,Major Locrian ♭26♭7,L1,R2,1001,1001,997,501,true,PASS
square:L1:R2:501,501,Major Locrian 6♭7,L1,R2,1009,1009,1001,505,true,PASS
square:L1:R2:635,635,Scale 635,L1,R2,1273,1273,1269,637,true,PASS
square:L1:R2:699,699,Ultralocrian 5,L1,R2,1401,1401,1397,701,true,PASS
square:L1:R2:731,731,Alternating Heptamode,L1,R2,1465,1465,1461,733,true,PASS
square:L1:R2:747,747,1sus4 & ♭3∅7,L1,R2,1497,1497,1493,749,true,PASS
square:L1:R2:755,755,Ionian ♭2♭5𝄫6𝄫7,L1,R2,1513,1513,1509,757,true,PASS
square:L1:R2:757,757,Lipsean Mode II,L1,R2,1521,1521,1513,761,true,PASS
square:L1:R2:827,827,Scale 827,L1,R2,1657,1657,1653,829,true,PASS
square:L1:R2:859,859,Ultralocrian,L1,R2,1721,1721,1717,861,true,PASS
square:L1:R2:875,875,Locrian double-flat 7,L1,R2,1753,1753,1749,877,true,PASS
square:L1:R2:883,883,Scale 883,L1,R2,1769,1769,1765,885,true,PASS
square:L1:R2:885,885,Major Locrian 𝄫7,L1,R2,1777,1777,1769,889,true,PASS
square:L1:R2:923,923,Alt ♮5𝄫7,L1,R2,1849,1849,1845,925,true,PASS
square:L1:R2:939,939,Rāga Malini,L1,R2,1881,1881,1877,941,true,PASS
square:L1:R2:947,947,Scale 947,L1,R2,1897,1897,1893,949,true,PASS
square:L1:R2:949,949,Mararanjani,L1,R2,1905,1905,1897,953,true,PASS
square:L1:R2:971,971,Scale 971,L1,R2,1945,1945,1941,973,true,PASS
square:L1:R2:979,979,Scale 979,L1,R2,1961,1961,1957,981,true,PASS
square:L1:R2:981,981,Mela Kantamani,L1,R2,1969,1969,1961,985,true,PASS
square:L1:R2:995,995,Lydian ♭2♯3♭67,L1,R2,1993,1993,1989,997,true,PASS
square:L1:R2:997,997,Tanarupi IV,L1,R2,2001,2001,1993,1001,true,PASS
square:L1:R2:1001,1001,Lydian ♯2♯3♭67,L1,R2,2017,2017,2001,1009,true,PASS
square:L1:R2:1147,1147,Alt double-flat 5 / flat–double-flat 6,L1,R2,2297,2297,2293,1149,true,PASS
square:L1:R2:1211,1211,Ceiling Scale,L1,R2,2425,2425,2421,1213,true,PASS
square:L1:R2:1243,1243,Alt 6,L1,R2,2489,2489,2485,1245,true,PASS
square:L1:R2:1259,1259,Blues Phrygian,L1,R2,2521,2521,2517,1261,true,PASS
square:L1:R2:1267,1267,7-19 rooted state 1267,L1,R2,2537,2537,2533,1269,true,PASS
square:L1:R2:1269,1269,Major Locrian ♭♭6,L1,R2,2545,2545,2537,1273,true,PASS
square:L1:R2:1339,1339,Alt ♭♭5,L1,R2,2681,2681,2677,1341,true,PASS
square:L1:R2:1371,1371,Superlocrian,L1,R2,2745,2745,2741,1373,true,PASS
square:L1:R2:1387,1387,Locrian,L1,R2,2777,2777,2773,1389,true,PASS
square:L1:R2:1395,1395,Locrian Dominant,L1,R2,2793,2793,2789,1397,true,PASS
square:L1:R2:1397,1397,Major Locrian,L1,R2,2801,2801,2793,1401,true,PASS
square:L1:R2:1435,1435,Maqam Saba Zamzam,L1,R2,2873,2873,2869,1437,true,PASS
square:L1:R2:1451,1451,Phrygian,L1,R2,2905,2905,2901,1453,true,PASS
square:L1:R2:1459,1459,Phrygian Dominant,L1,R2,2921,2921,2917,1461,true,PASS
square:L1:R2:1461,1461,Mixolydian ♭6,L1,R2,2929,2929,2921,1465,true,PASS
square:L1:R2:1483,1483,Mela Bhavapriya,L1,R2,2969,2969,2965,1485,true,PASS
square:L1:R2:1491,1491,Namanarayani,L1,R2,2985,2985,2981,1493,true,PASS
square:L1:R2:1493,1493,Lydian Minor,L1,R2,2993,2993,2985,1497,true,PASS
square:L1:R2:1507,1507,Lydian ♭7♭2♭6♯3,L1,R2,3017,3017,3013,1509,true,PASS
square:L1:R2:1509,1509,Lydian Minor ♯3,L1,R2,3025,3025,3017,1513,true,PASS
square:L1:R2:1513,1513,Lydian ♭7♭6♯2♯3,L1,R2,3041,3041,3025,1521,true,PASS
square:L1:R2:1595,1595,Alt ♮65,L1,R2,3193,3193,3189,1597,true,PASS
square:L1:R2:1627,1627,Superlocrian ♯6,L1,R2,3257,3257,3253,1629,true,PASS
square:L1:R2:1643,1643,Locrian ♮6,L1,R2,3289,3289,3285,1645,true,PASS
square:L1:R2:1651,1651,Tsinganikos,L1,R2,3305,3305,3301,1653,true,PASS
square:L1:R2:1653,1653,Mixolydian ♭5,L1,R2,3313,3313,3305,1657,true,PASS
square:L1:R2:1691,1691,Dorian ♭2♭4,L1,R2,3385,3385,3381,1693,true,PASS
square:L1:R2:1707,1707,Dorian ♭2,L1,R2,3417,3417,3413,1709,true,PASS
square:L1:R2:1715,1715,Dominant ♭2,L1,R2,3433,3433,3429,1717,true,PASS
square:L1:R2:1717,1717,Mixolydian,L1,R2,3441,3441,3433,1721,true,PASS
square:L1:R2:1739,1739,Rāga Sthavarajam,L1,R2,3481,3481,3477,1741,true,PASS
square:L1:R2:1747,1747,Lydian 7♭2,L1,R2,3497,3497,3493,1749,true,PASS
square:L1:R2:1749,1749,Acoustic,L1,R2,3505,3505,3497,1753,true,PASS
square:L1:R2:1763,1763,Lydian 7♭2♯3,L1,R2,3529,3529,3525,1765,true,PASS
square:L1:R2:1765,1765,Lydian ♭7♯3,L1,R2,3537,3537,3529,1769,true,PASS
square:L1:R2:1769,1769,Lydian ♭7♯2♯3,L1,R2,3553,3553,3537,1777,true,PASS
square:L1:R2:1819,1819,Alt ♮6♯5,L1,R2,3641,3641,3637,1821,true,PASS
square:L1:R2:1835,1835,Dorian +♭2,L1,R2,3673,3673,3669,1837,true,PASS
square:L1:R2:1843,1843,7-21 rooted state 1843,L1,R2,3689,3689,3685,1845,true,PASS
square:L1:R2:1845,1845,Mixolydian Augmented,L1,R2,3697,3697,3689,1849,true,PASS
square:L1:R2:1867,1867,Lydian 7+♭23,L1,R2,3737,3737,3733,1869,true,PASS
square:L1:R2:1875,1875,Persichetti,L1,R2,3753,3753,3749,1877,true,PASS
square:L1:R2:1877,1877,Aeroptian,L1,R2,3761,3761,3753,1881,true,PASS
square:L1:R2:1891,1891,Hijaz Major,L1,R2,3785,3785,3781,1893,true,PASS
square:L1:R2:1893,1893,Lydian 7+♯3,L1,R2,3793,3793,3785,1897,true,PASS
square:L1:R2:1897,1897,Lydian 7+♯23,L1,R2,3809,3809,3793,1905,true,PASS
square:L1:R2:1931,1931,Dorian +♭2𝄪4,L1,R2,3865,3865,3861,1933,true,PASS
square:L1:R2:1939,1939,Dominant +♭2𝄪4,L1,R2,3881,3881,3877,1941,true,PASS
square:L1:R2:1941,1941,Dominant +𝄪4,L1,R2,3889,3889,3881,1945,true,PASS
square:L1:R2:1955,1955,Dominant +♭2♯3𝄪4,L1,R2,3913,3913,3909,1957,true,PASS
square:L1:R2:1957,1957,Dominant +♯3𝄪4,L1,R2,3921,3921,3913,1961,true,PASS
square:L1:R2:1961,1961,Dominant +♯2♯3𝄪4,L1,R2,3937,3937,3921,1969,true,PASS
square:L1:R2:1987,1987,7-4 rooted state 1987,L1,R2,3977,3977,3973,1989,true,PASS
square:L1:R2:1989,1989,Dominant +34,L1,R2,3985,3985,3977,1993,true,PASS
square:L1:R2:1993,1993,Dominant +♯234,L1,R2,4001,4001,3985,2001,true,PASS
square:L1:R2:2001,2001,Dominant +234,L1,R2,4033,4033,4001,2017,true,PASS
square:L1:L2:253,253,Alt ♮25♭67,L1,L2,501,501,505,251,true,PASS
square:L1:L2:381,381,Alt ♮25♭67,L1,L2,757,757,761,379,true,PASS
square:L1:L2:445,445,Alt ♮2♭♭5♭6♭♭♭7,L1,L2,885,885,889,443,true,PASS
square:L1:L2:477,477,Alt ♮2𝄫6♭𝄫7,L1,L2,949,949,953,475,true,PASS
square:L1:L2:493,493,Locrian ♮2♭♭6♭♭♭7,L1,L2,981,981,985,491,true,PASS
square:L1:L2:501,501,Major Locrian 6♭7,L1,L2,997,997,1001,499,true,PASS
square:L1:L2:505,505,7-3 rooted state 505,L1,L2,1001,1001,1009,501,true,PASS
square:L1:L2:637,637,Debussy's Heptatonic,L1,L2,1269,1269,1273,635,true,PASS
square:L1:L2:701,701,Alt ♮2♭♭567,L1,L2,1397,1397,1401,699,true,PASS
square:L1:L2:733,733,Superlocrian ♮2♭♭6♭♭7,L1,L2,1461,1461,1465,731,true,PASS
square:L1:L2:749,749,Locrian ♮2♭♭6♭♭7,L1,L2,1493,1493,1497,747,true,PASS
square:L1:L2:757,757,Lipsean Mode II,L1,L2,1509,1509,1513,755,true,PASS
square:L1:L2:761,761,Major Locrian ♯267,L1,L2,1513,1513,1521,757,true,PASS
square:L1:L2:829,829,7-Z18 rooted state 829,L1,L2,1653,1653,1657,827,true,PASS
square:L1:L2:861,861,Superlocrian ♮2𝄫7,L1,L2,1717,1717,1721,859,true,PASS
square:L1:L2:877,877,Hungarian Major Inverse,L1,L2,1749,1749,1753,875,true,PASS
square:L1:L2:885,885,Major Locrian 𝄫7,L1,L2,1765,1765,1769,883,true,PASS
square:L1:L2:889,889,Scale 889,L1,L2,1769,1769,1777,885,true,PASS
square:L1:L2:925,925,Chromatic Hypodorian,L1,L2,1845,1845,1849,923,true,PASS
square:L1:L2:941,941,Rāga Jhankara Bhramavi,L1,L2,1877,1877,1881,939,true,PASS
square:L1:L2:949,949,Mararanjani,L1,L2,1893,1893,1897,947,true,PASS
square:L1:L2:953,953,Rāga Kalahamsa,L1,L2,1897,1897,1905,949,true,PASS
square:L1:L2:973,973,7-19 rooted state 973,L1,L2,1941,1941,1945,971,true,PASS
square:L1:L2:981,981,Mela Kantamani,L1,L2,1957,1957,1961,979,true,PASS
square:L1:L2:985,985,Scale 985,L1,L2,1961,1961,1969,981,true,PASS
square:L1:L2:997,997,Tanarupi IV,L1,L2,1989,1989,1993,995,true,PASS
square:L1:L2:1001,1001,Lydian ♯2♯3♭67,L1,L2,1993,1993,2001,997,true,PASS
square:L1:L2:1009,1009,7-3 rooted state 1009,L1,L2,2001,2001,2017,1001,true,PASS
square:L1:L2:1149,1149,Alt ♮25♭6,L1,L2,2293,2293,2297,1147,true,PASS
square:L1:L2:1213,1213,Alt ♮2♭♭5♭6,L1,L2,2421,2421,2425,1211,true,PASS
square:L1:L2:1245,1245,Alt ♮26,L1,L2,2485,2485,2489,1243,true,PASS
square:L1:L2:1261,1261,Modified Blues,L1,L2,2517,2517,2521,1259,true,PASS
square:L1:L2:1269,1269,Major Locrian ♭♭6,L1,L2,2533,2533,2537,1267,true,PASS
square:L1:L2:1273,1273,Tanarupi V,L1,L2,2537,2537,2545,1269,true,PASS
square:L1:L2:1341,1341,Alt ♮2♭♭5,L1,L2,2677,2677,2681,1339,true,PASS
square:L1:L2:1373,1373,Storian,L1,L2,2741,2741,2745,1371,true,PASS
square:L1:L2:1389,1389,Half-Diminished,L1,L2,2773,2773,2777,1387,true,PASS
square:L1:L2:1397,1397,Major Locrian,L1,L2,2789,2789,2793,1395,true,PASS
square:L1:L2:1401,1401,Major Locrian ♯2,L1,L2,2793,2793,2801,1397,true,PASS
square:L1:L2:1437,1437,Sabach,L1,L2,2869,2869,2873,1435,true,PASS
square:L1:L2:1453,1453,Aeolian,L1,L2,2901,2901,2905,1451,true,PASS
square:L1:L2:1461,1461,Mixolydian ♭6,L1,L2,2917,2917,2921,1459,true,PASS
square:L1:L2:1465,1465,Rāga Cudamani,L1,L2,2921,2921,2929,1461,true,PASS
square:L1:L2:1485,1485,Mela Sanmukhapriya,L1,L2,2965,2965,2969,1483,true,PASS
square:L1:L2:1493,1493,Lydian Minor,L1,L2,2981,2981,2985,1491,true,PASS
square:L1:L2:1497,1497,Jyoti Swarupini,L1,L2,2985,2985,2993,1493,true,PASS
square:L1:L2:1509,1509,Lydian Minor ♯3,L1,L2,3013,3013,3017,1507,true,PASS
square:L1:L2:1513,1513,Lydian ♭7♭6♯2♯3,L1,L2,3017,3017,3025,1509,true,PASS
square:L1:L2:1521,1521,Lydian 7♭6♯32,L1,L2,3025,3025,3041,1513,true,PASS
square:L1:L2:1597,1597,Rāga Ravikosh,L1,L2,3189,3189,3193,1595,true,PASS
square:L1:L2:1629,1629,Dorian Blues,L1,L2,3253,3253,3257,1627,true,PASS
square:L1:L2:1645,1645,Dorian ♭5,L1,L2,3285,3285,3289,1643,true,PASS
square:L1:L2:1653,1653,Mixolydian ♭5,L1,L2,3301,3301,3305,1651,true,PASS
square:L1:L2:1657,1657,7-19 rooted state 1657,L1,L2,3305,3305,3313,1653,true,PASS
square:L1:L2:1693,1693,Dorian ♭4,L1,L2,3381,3381,3385,1691,true,PASS
square:L1:L2:1709,1709,Dorian,L1,L2,3413,3413,3417,1707,true,PASS
square:L1:L2:1717,1717,Mixolydian,L1,L2,3429,3429,3433,1715,true,PASS
square:L1:L2:1721,1721,Rāga Ganavaridhi,L1,L2,3433,3433,3441,1717,true,PASS
square:L1:L2:1741,1741,Dorian ♯4,L1,L2,3477,3477,3481,1739,true,PASS
square:L1:L2:1749,1749,Acoustic,L1,L2,3493,3493,3497,1747,true,PASS
square:L1:L2:1753,1753,Hungarian Major,L1,L2,3497,3497,3505,1749,true,PASS
square:L1:L2:1765,1765,Lydian ♭7♯3,L1,L2,3525,3525,3529,1763,true,PASS
square:L1:L2:1769,1769,Lydian ♭7♯2♯3,L1,L2,3529,3529,3537,1765,true,PASS
square:L1:L2:1777,1777,Lydian ♭7♯3𝄪2,L1,L2,3537,3537,3553,1769,true,PASS
square:L1:L2:1821,1821,Dorian +♭4,L1,L2,3637,3637,3641,1819,true,PASS
square:L1:L2:1837,1837,Dorian Augmented,L1,L2,3669,3669,3673,1835,true,PASS
square:L1:L2:1845,1845,Mixolydian Augmented,L1,L2,3685,3685,3689,1843,true,PASS
square:L1:L2:1849,1849,Rāga Dvigandharabushini,L1,L2,3689,3689,3697,1845,true,PASS
square:L1:L2:1869,1869,Lydian 7+♭3,L1,L2,3733,3733,3737,1867,true,PASS
square:L1:L2:1877,1877,Aeroptian,L1,L2,3749,3749,3753,1875,true,PASS
square:L1:L2:1881,1881,Lydian 7+♯2,L1,L2,3753,3753,3761,1877,true,PASS
square:L1:L2:1893,1893,Lydian 7+♯3,L1,L2,3781,3781,3785,1891,true,PASS
square:L1:L2:1897,1897,Lydian 7+♯23,L1,L2,3785,3785,3793,1893,true,PASS
square:L1:L2:1905,1905,Lydian 7+♯3𝄪2,L1,L2,3793,3793,3809,1897,true,PASS
square:L1:L2:1933,1933,Dorian +𝄪4,L1,L2,3861,3861,3865,1931,true,PASS
square:L1:L2:1941,1941,Dominant +𝄪4,L1,L2,3877,3877,3881,1939,true,PASS
square:L1:L2:1945,1945,7-Z18 rooted state 1945,L1,L2,3881,3881,3889,1941,true,PASS
square:L1:L2:1957,1957,Dominant +♯3𝄪4,L1,L2,3909,3909,3913,1955,true,PASS
square:L1:L2:1961,1961,Dominant +♯2♯3𝄪4,L1,L2,3913,3913,3921,1957,true,PASS
square:L1:L2:1969,1969,Dominant +♯3𝄪2♭4,L1,L2,3921,3921,3937,1961,true,PASS
square:L1:L2:1989,1989,Dominant +34,L1,L2,3973,3973,3977,1987,true,PASS
square:L1:L2:1993,1993,Dominant +♯234,L1,L2,3977,3977,3985,1989,true,PASS
square:L1:L2:2001,2001,Dominant +234,L1,L2,3985,3985,4001,1993,true,PASS
square:L1:L2:2017,2017,Dominant +34♯2,L1,L2,4001,4001,4033,2001,true,PASS
square:L1:R3:247,247,Scale 247,L1,R3,501,501,493,251,true,PASS
square:L1:R3:375,375,Scale 375,L1,R3,757,757,749,379,true,PASS
square:L1:R3:439,439,Infra-Alt 7♭4,L1,R3,885,885,877,443,true,PASS
square:L1:R3:471,471,Alt 3·6·♭7,L1,R3,949,949,941,475,true,PASS
square:L1:R3:487,487,Scale 487,L1,R3,981,981,973,491,true,PASS
square:L1:R3:491,491,Locrian ♭♭6♭♭♭7,L1,R3,997,997,981,499,true,PASS
square:L1:R3:493,493,Locrian ♮2♭♭6♭♭♭7,L1,R3,1001,1001,985,501,true,PASS
square:L1:R3:631,631,Infra-Alt 6♭4,L1,R3,1269,1269,1261,635,true,PASS
square:L1:R3:695,695,Phrygian Double-Flat,L1,R3,1397,1397,1389,699,true,PASS
square:L1:R3:727,727,Triadic Heptatonic 29,L1,R3,1461,1461,1453,731,true,PASS
square:L1:R3:743,743,Phrygian Hungarian Minor,L1,R3,1493,1493,1485,747,true,PASS
square:L1:R3:747,747,1sus4 & ♭3∅7,L1,R3,1509,1509,1493,755,true,PASS
square:L1:R3:749,749,Locrian ♮2♭♭6♭♭7,L1,R3,1513,1513,1497,757,true,PASS
square:L1:R3:823,823,Scale 823,L1,R3,1653,1653,1645,827,true,PASS
square:L1:R3:855,855,Ultralocrian 𝄫3,L1,R3,1717,1717,1709,859,true,PASS
square:L1:R3:871,871,Locrian 𝄫3𝄫7,L1,R3,1749,1749,1741,875,true,PASS
square:L1:R3:875,875,Locrian double-flat 7,L1,R3,1765,1765,1749,883,true,PASS
square:L1:R3:877,877,Hungarian Major Inverse,L1,R3,1769,1769,1753,885,true,PASS
square:L1:R3:919,919,Chromatic Phrygian Inverse,L1,R3,1845,1845,1837,923,true,PASS
square:L1:R3:935,935,Kanakangi,L1,R3,1877,1877,1869,939,true,PASS
square:L1:R3:939,939,Rāga Malini,L1,R3,1893,1893,1877,947,true,PASS
square:L1:R3:941,941,Rāga Jhankara Bhramavi,L1,R3,1897,1897,1881,949,true,PASS
square:L1:R3:967,967,Scale 967,L1,R3,1941,1941,1933,971,true,PASS
square:L1:R3:971,971,Scale 971,L1,R3,1957,1957,1941,979,true,PASS
square:L1:R3:973,973,7-19 rooted state 973,L1,R3,1961,1961,1945,981,true,PASS
square:L1:R3:979,979,Scale 979,L1,R3,1989,1989,1957,995,true,PASS
square:L1:R3:981,981,Mela Kantamani,L1,R3,1993,1993,1961,997,true,PASS
square:L1:R3:985,985,Scale 985,L1,R3,2001,2001,1969,1001,true,PASS
square:L1:R3:1143,1143,Scale 1143,L1,R3,2293,2293,2285,1147,true,PASS
square:L1:R3:1207,1207,Alt ♭♭3♭♭5♭♭6,L1,R3,2421,2421,2413,1211,true,PASS
square:L1:R3:1239,1239,Alt 𝄫3𝄫6,L1,R3,2485,2485,2477,1243,true,PASS
square:L1:R3:1255,1255,Chromatic Mixolydian,L1,R3,2517,2517,2509,1259,true,PASS
square:L1:R3:1259,1259,Blues Phrygian,L1,R3,2533,2533,2517,1267,true,PASS
square:L1:R3:1261,1261,Modified Blues,L1,R3,2537,2537,2521,1269,true,PASS
square:L1:R3:1335,1335,Elephant Scale,L1,R3,2677,2677,2669,1339,true,PASS
square:L1:R3:1367,1367,Leading Whole-Tone Inverse,L1,R3,2741,2741,2733,1371,true,PASS
square:L1:R3:1383,1383,Locrian double-flat 3,L1,R3,2773,2773,2765,1387,true,PASS
square:L1:R3:1387,1387,Locrian,L1,R3,2789,2789,2773,1395,true,PASS
square:L1:R3:1389,1389,Half-Diminished,L1,R3,2793,2793,2777,1397,true,PASS
square:L1:R3:1431,1431,Astrocyte,L1,R3,2869,2869,2861,1435,true,PASS
square:L1:R3:1447,1447,Rāga Phenadyuti,L1,R3,2901,2901,2893,1451,true,PASS
square:L1:R3:1451,1451,Phrygian,L1,R3,2917,2917,2901,1459,true,PASS
square:L1:R3:1453,1453,Aeolian,L1,R3,2921,2921,2905,1461,true,PASS
square:L1:R3:1479,1479,Mela Jalarnava,L1,R3,2965,2965,2957,1483,true,PASS
square:L1:R3:1483,1483,Mela Bhavapriya,L1,R3,2981,2981,2965,1491,true,PASS
square:L1:R3:1485,1485,Mela Sanmukhapriya,L1,R3,2985,2985,2969,1493,true,PASS
square:L1:R3:1491,1491,Namanarayani,L1,R3,3013,3013,2981,1507,true,PASS
square:L1:R3:1493,1493,Lydian Minor,L1,R3,3017,3017,2985,1509,true,PASS
square:L1:R3:1497,1497,Jyoti Swarupini,L1,R3,3025,3025,2993,1513,true,PASS
square:L1:R3:1591,1591,Alt ♮6♭♭3♭5,L1,R3,3189,3189,3181,1595,true,PASS
square:L1:R3:1623,1623,Alt ♮63,L1,R3,3253,3253,3245,1627,true,PASS
square:L1:R3:1639,1639,7-21 rooted state 1639,L1,R3,3285,3285,3277,1643,true,PASS
square:L1:R3:1643,1643,Locrian ♮6,L1,R3,3301,3301,3285,1651,true,PASS
square:L1:R3:1645,1645,Dorian ♭5,L1,R3,3305,3305,3289,1653,true,PASS
square:L1:R3:1687,1687,Midlocrian,L1,R3,3381,3381,3373,1691,true,PASS
square:L1:R3:1703,1703,Rāga Bhanumati,L1,R3,3413,3413,3405,1707,true,PASS
square:L1:R3:1707,1707,Dorian ♭2,L1,R3,3429,3429,3413,1715,true,PASS
square:L1:R3:1709,1709,Dorian,L1,R3,3433,3433,3417,1717,true,PASS
square:L1:R3:1735,1735,Navaneetam,L1,R3,3477,3477,3469,1739,true,PASS
square:L1:R3:1739,1739,Rāga Sthavarajam,L1,R3,3493,3493,3477,1747,true,PASS
square:L1:R3:1741,1741,Dorian ♯4,L1,R3,3497,3497,3481,1749,true,PASS
square:L1:R3:1747,1747,Lydian 7♭2,L1,R3,3525,3525,3493,1763,true,PASS
square:L1:R3:1749,1749,Acoustic,L1,R3,3529,3529,3497,1765,true,PASS
square:L1:R3:1753,1753,Hungarian Major,L1,R3,3537,3537,3505,1769,true,PASS
square:L1:R3:1815,1815,Scale 1815,L1,R3,3637,3637,3629,1819,true,PASS
square:L1:R3:1831,1831,Dominant +♭2𝄫3,L1,R3,3669,3669,3661,1835,true,PASS
square:L1:R3:1835,1835,Dorian +♭2,L1,R3,3685,3685,3669,1843,true,PASS
square:L1:R3:1837,1837,Dorian Augmented,L1,R3,3689,3689,3673,1845,true,PASS
square:L1:R3:1863,1863,Scale 1863,L1,R3,3733,3733,3725,1867,true,PASS
square:L1:R3:1867,1867,Lydian 7+♭23,L1,R3,3749,3749,3733,1875,true,PASS
square:L1:R3:1869,1869,Lydian 7+♭3,L1,R3,3753,3753,3737,1877,true,PASS
square:L1:R3:1875,1875,Persichetti,L1,R3,3781,3781,3749,1891,true,PASS
square:L1:R3:1877,1877,Aeroptian,L1,R3,3785,3785,3753,1893,true,PASS
square:L1:R3:1881,1881,Lydian 7+♯2,L1,R3,3793,3793,3761,1897,true,PASS
square:L1:R3:1927,1927,7-5 rooted state 1927,L1,R3,3861,3861,3853,1931,true,PASS
square:L1:R3:1931,1931,Dorian +♭2𝄪4,L1,R3,3877,3877,3861,1939,true,PASS
square:L1:R3:1933,1933,Dorian +𝄪4,L1,R3,3881,3881,3865,1941,true,PASS
square:L1:R3:1939,1939,Dominant +♭2𝄪4,L1,R3,3909,3909,3877,1955,true,PASS
square:L1:R3:1941,1941,Dominant +𝄪4,L1,R3,3913,3913,3881,1957,true,PASS
square:L1:R3:1945,1945,7-Z18 rooted state 1945,L1,R3,3921,3921,3889,1961,true,PASS
square:L1:R3:1955,1955,Dominant +♭2♯3𝄪4,L1,R3,3973,3973,3909,1987,true,PASS
square:L1:R3:1957,1957,Dominant +♯3𝄪4,L1,R3,3977,3977,3913,1989,true,PASS
square:L1:R3:1961,1961,Dominant +♯2♯3𝄪4,L1,R3,3985,3985,3921,1993,true,PASS
square:L1:R3:1969,1969,Dominant +♯3𝄪2♭4,L1,R3,4001,4001,3937,2001,true,PASS
square:L1:L3:251,251,Scale 251,L1,L3,493,493,501,247,true,PASS
square:L1:L3:379,379,Kaikian Mode II,L1,L3,749,749,757,375,true,PASS
square:L1:L3:443,443,Alt ♭♭5♭♭6♭♭♭7,L1,L3,877,877,885,439,true,PASS
square:L1:L3:475,475,Alt 6♭7,L1,L3,941,941,949,471,true,PASS
square:L1:L3:491,491,Locrian ♭♭6♭♭♭7,L1,L3,973,973,981,487,true,PASS
square:L1:L3:499,499,Major Locrian ♭26♭7,L1,L3,981,981,997,491,true,PASS
square:L1:L3:501,501,Major Locrian 6♭7,L1,L3,985,985,1001,493,true,PASS
square:L1:L3:635,635,Scale 635,L1,L3,1261,1261,1269,631,true,PASS
square:L1:L3:699,699,Ultralocrian 5,L1,L3,1389,1389,1397,695,true,PASS
square:L1:L3:731,731,Alternating Heptamode,L1,L3,1453,1453,1461,727,true,PASS
square:L1:L3:747,747,1sus4 & ♭3∅7,L1,L3,1485,1485,1493,743,true,PASS
square:L1:L3:755,755,Ionian ♭2♭5𝄫6𝄫7,L1,L3,1493,1493,1509,747,true,PASS
square:L1:L3:757,757,Lipsean Mode II,L1,L3,1497,1497,1513,749,true,PASS
square:L1:L3:827,827,Scale 827,L1,L3,1645,1645,1653,823,true,PASS
square:L1:L3:859,859,Ultralocrian,L1,L3,1709,1709,1717,855,true,PASS
square:L1:L3:875,875,Locrian double-flat 7,L1,L3,1741,1741,1749,871,true,PASS
square:L1:L3:883,883,Scale 883,L1,L3,1749,1749,1765,875,true,PASS
square:L1:L3:885,885,Major Locrian 𝄫7,L1,L3,1753,1753,1769,877,true,PASS
square:L1:L3:923,923,Alt ♮5𝄫7,L1,L3,1837,1837,1845,919,true,PASS
square:L1:L3:939,939,Rāga Malini,L1,L3,1869,1869,1877,935,true,PASS
square:L1:L3:947,947,Scale 947,L1,L3,1877,1877,1893,939,true,PASS
square:L1:L3:949,949,Mararanjani,L1,L3,1881,1881,1897,941,true,PASS
square:L1:L3:971,971,Scale 971,L1,L3,1933,1933,1941,967,true,PASS
square:L1:L3:979,979,Scale 979,L1,L3,1941,1941,1957,971,true,PASS
square:L1:L3:981,981,Mela Kantamani,L1,L3,1945,1945,1961,973,true,PASS
square:L1:L3:995,995,Lydian ♭2♯3♭67,L1,L3,1957,1957,1989,979,true,PASS
square:L1:L3:997,997,Tanarupi IV,L1,L3,1961,1961,1993,981,true,PASS
square:L1:L3:1001,1001,Lydian ♯2♯3♭67,L1,L3,1969,1969,2001,985,true,PASS
square:L1:L3:1147,1147,Alt double-flat 5 / flat–double-flat 6,L1,L3,2285,2285,2293,1143,true,PASS
square:L1:L3:1211,1211,Ceiling Scale,L1,L3,2413,2413,2421,1207,true,PASS
square:L1:L3:1243,1243,Alt 6,L1,L3,2477,2477,2485,1239,true,PASS
square:L1:L3:1259,1259,Blues Phrygian,L1,L3,2509,2509,2517,1255,true,PASS
square:L1:L3:1267,1267,7-19 rooted state 1267,L1,L3,2517,2517,2533,1259,true,PASS
square:L1:L3:1269,1269,Major Locrian ♭♭6,L1,L3,2521,2521,2537,1261,true,PASS
square:L1:L3:1339,1339,Alt ♭♭5,L1,L3,2669,2669,2677,1335,true,PASS
square:L1:L3:1371,1371,Superlocrian,L1,L3,2733,2733,2741,1367,true,PASS
square:L1:L3:1387,1387,Locrian,L1,L3,2765,2765,2773,1383,true,PASS
square:L1:L3:1395,1395,Locrian Dominant,L1,L3,2773,2773,2789,1387,true,PASS
square:L1:L3:1397,1397,Major Locrian,L1,L3,2777,2777,2793,1389,true,PASS
square:L1:L3:1435,1435,Maqam Saba Zamzam,L1,L3,2861,2861,2869,1431,true,PASS
square:L1:L3:1451,1451,Phrygian,L1,L3,2893,2893,2901,1447,true,PASS
square:L1:L3:1459,1459,Phrygian Dominant,L1,L3,2901,2901,2917,1451,true,PASS
square:L1:L3:1461,1461,Mixolydian ♭6,L1,L3,2905,2905,2921,1453,true,PASS
square:L1:L3:1483,1483,Mela Bhavapriya,L1,L3,2957,2957,2965,1479,true,PASS
square:L1:L3:1491,1491,Namanarayani,L1,L3,2965,2965,2981,1483,true,PASS
square:L1:L3:1493,1493,Lydian Minor,L1,L3,2969,2969,2985,1485,true,PASS
square:L1:L3:1507,1507,Lydian ♭7♭2♭6♯3,L1,L3,2981,2981,3013,1491,true,PASS
square:L1:L3:1509,1509,Lydian Minor ♯3,L1,L3,2985,2985,3017,1493,true,PASS
square:L1:L3:1513,1513,Lydian ♭7♭6♯2♯3,L1,L3,2993,2993,3025,1497,true,PASS
square:L1:L3:1595,1595,Alt ♮65,L1,L3,3181,3181,3189,1591,true,PASS
square:L1:L3:1627,1627,Superlocrian ♯6,L1,L3,3245,3245,3253,1623,true,PASS
square:L1:L3:1643,1643,Locrian ♮6,L1,L3,3277,3277,3285,1639,true,PASS
square:L1:L3:1651,1651,Tsinganikos,L1,L3,3285,3285,3301,1643,true,PASS
square:L1:L3:1653,1653,Mixolydian ♭5,L1,L3,3289,3289,3305,1645,true,PASS
square:L1:L3:1691,1691,Dorian ♭2♭4,L1,L3,3373,3373,3381,1687,true,PASS
square:L1:L3:1707,1707,Dorian ♭2,L1,L3,3405,3405,3413,1703,true,PASS
square:L1:L3:1715,1715,Dominant ♭2,L1,L3,3413,3413,3429,1707,true,PASS
square:L1:L3:1717,1717,Mixolydian,L1,L3,3417,3417,3433,1709,true,PASS
square:L1:L3:1739,1739,Rāga Sthavarajam,L1,L3,3469,3469,3477,1735,true,PASS
square:L1:L3:1747,1747,Lydian 7♭2,L1,L3,3477,3477,3493,1739,true,PASS
square:L1:L3:1749,1749,Acoustic,L1,L3,3481,3481,3497,1741,true,PASS
square:L1:L3:1763,1763,Lydian 7♭2♯3,L1,L3,3493,3493,3525,1747,true,PASS
square:L1:L3:1765,1765,Lydian ♭7♯3,L1,L3,3497,3497,3529,1749,true,PASS
square:L1:L3:1769,1769,Lydian ♭7♯2♯3,L1,L3,3505,3505,3537,1753,true,PASS
square:L1:L3:1819,1819,Alt ♮6♯5,L1,L3,3629,3629,3637,1815,true,PASS
square:L1:L3:1835,1835,Dorian +♭2,L1,L3,3661,3661,3669,1831,true,PASS
square:L1:L3:1843,1843,7-21 rooted state 1843,L1,L3,3669,3669,3685,1835,true,PASS
square:L1:L3:1845,1845,Mixolydian Augmented,L1,L3,3673,3673,3689,1837,true,PASS
square:L1:L3:1867,1867,Lydian 7+♭23,L1,L3,3725,3725,3733,1863,true,PASS
square:L1:L3:1875,1875,Persichetti,L1,L3,3733,3733,3749,1867,true,PASS
square:L1:L3:1877,1877,Aeroptian,L1,L3,3737,3737,3753,1869,true,PASS
square:L1:L3:1891,1891,Hijaz Major,L1,L3,3749,3749,3781,1875,true,PASS
square:L1:L3:1893,1893,Lydian 7+♯3,L1,L3,3753,3753,3785,1877,true,PASS
square:L1:L3:1897,1897,Lydian 7+♯23,L1,L3,3761,3761,3793,1881,true,PASS
square:L1:L3:1931,1931,Dorian +♭2𝄪4,L1,L3,3853,3853,3861,1927,true,PASS
square:L1:L3:1939,1939,Dominant +♭2𝄪4,L1,L3,3861,3861,3877,1931,true,PASS
square:L1:L3:1941,1941,Dominant +𝄪4,L1,L3,3865,3865,3881,1933,true,PASS
square:L1:L3:1955,1955,Dominant +♭2♯3𝄪4,L1,L3,3877,3877,3909,1939,true,PASS
square:L1:L3:1957,1957,Dominant +♯3𝄪4,L1,L3,3881,3881,3913,1941,true,PASS
square:L1:L3:1961,1961,Dominant +♯2♯3𝄪4,L1,L3,3889,3889,3921,1945,true,PASS
square:L1:L3:1987,1987,7-4 rooted state 1987,L1,L3,3909,3909,3973,1955,true,PASS
square:L1:L3:1989,1989,Dominant +34,L1,L3,3913,3913,3977,1957,true,PASS
square:L1:L3:1993,1993,Dominant +♯234,L1,L3,3921,3921,3985,1961,true,PASS
square:L1:L3:2001,2001,Dominant +234,L1,L3,3937,3937,4001,1969,true,PASS
square:L1:R4:239,239,Infra-Alt 6𝄫𝄫7,L1,R4,493,493,477,247,true,PASS
square:L1:R4:367,367,Infra-Alt 67,L1,R4,749,749,733,375,true,PASS
square:L1:R4:431,431,Infra-Alt 7,L1,R4,877,877,861,439,true,PASS
square:L1:R4:463,463,Scale 463,L1,R4,941,941,925,471,true,PASS
square:L1:R4:471,471,Alt 3·6·♭7,L1,R4,973,973,941,487,true,PASS
square:L1:R4:475,475,Alt 6♭7,L1,R4,981,981,949,491,true,PASS
square:L1:R4:477,477,Alt ♮2𝄫6♭𝄫7,L1,R4,985,985,953,493,true,PASS
square:L1:R4:623,623,Infra-Alt 6,L1,R4,1261,1261,1245,631,true,PASS
square:L1:R4:687,687,Alt ♭♭3♭♭4♭♭5♭♭6♭♭7,L1,R4,1389,1389,1373,695,true,PASS
square:L1:R4:719,719,1MI & 2Δ7,L1,R4,1453,1453,1437,727,true,PASS
square:L1:R4:727,727,Triadic Heptatonic 29,L1,R4,1485,1485,1453,743,true,PASS
square:L1:R4:731,731,Alternating Heptamode,L1,R4,1493,1493,1461,747,true,PASS
square:L1:R4:733,733,Superlocrian ♮2♭♭6♭♭7,L1,R4,1497,1497,1465,749,true,PASS
square:L1:R4:815,815,Scale 815,L1,R4,1645,1645,1629,823,true,PASS
square:L1:R4:847,847,Scale 847,L1,R4,1709,1709,1693,855,true,PASS
square:L1:R4:855,855,Ultralocrian 𝄫3,L1,R4,1741,1741,1709,871,true,PASS
square:L1:R4:859,859,Ultralocrian,L1,R4,1749,1749,1717,875,true,PASS
square:L1:R4:861,861,Superlocrian ♮2𝄫7,L1,R4,1753,1753,1721,877,true,PASS
square:L1:R4:911,911,Phrygian 𝄫3𝄫4𝄫7,L1,R4,1837,1837,1821,919,true,PASS
square:L1:R4:919,919,Chromatic Phrygian Inverse,L1,R4,1869,1869,1837,935,true,PASS
square:L1:R4:923,923,Alt ♮5𝄫7,L1,R4,1877,1877,1845,939,true,PASS
square:L1:R4:925,925,Chromatic Hypodorian,L1,R4,1881,1881,1849,941,true,PASS
square:L1:R4:935,935,Kanakangi,L1,R4,1933,1933,1869,967,true,PASS
square:L1:R4:939,939,Rāga Malini,L1,R4,1941,1941,1877,971,true,PASS
square:L1:R4:941,941,Rāga Jhankara Bhramavi,L1,R4,1945,1945,1881,973,true,PASS
square:L1:R4:947,947,Scale 947,L1,R4,1957,1957,1893,979,true,PASS
square:L1:R4:949,949,Mararanjani,L1,R4,1961,1961,1897,981,true,PASS
square:L1:R4:953,953,Rāga Kalahamsa,L1,R4,1969,1969,1905,985,true,PASS
square:L1:R4:1135,1135,Eurean Mode III,L1,R4,2285,2285,2269,1143,true,PASS
square:L1:R4:1199,1199,Alt ♭♭3♭♭4♭♭5♭♭6,L1,R4,2413,2413,2397,1207,true,PASS
square:L1:R4:1231,1231,7-Z18 rooted state 1231,L1,R4,2477,2477,2461,1239,true,PASS
square:L1:R4:1239,1239,Alt 𝄫3𝄫6,L1,R4,2509,2509,2477,1255,true,PASS
square:L1:R4:1243,1243,Alt 6,L1,R4,2517,2517,2485,1259,true,PASS
square:L1:R4:1245,1245,Alt ♮26,L1,R4,2521,2521,2489,1261,true,PASS
square:L1:R4:1327,1327,Lipsean Mode IV,L1,R4,2669,2669,2653,1335,true,PASS
square:L1:R4:1359,1359,"Alt double-flat 3, double-flat 4",L1,R4,2733,2733,2717,1367,true,PASS
square:L1:R4:1367,1367,Leading Whole-Tone Inverse,L1,R4,2765,2765,2733,1383,true,PASS
square:L1:R4:1371,1371,Superlocrian,L1,R4,2773,2773,2741,1387,true,PASS
square:L1:R4:1373,1373,Storian,L1,R4,2777,2777,2745,1389,true,PASS
square:L1:R4:1423,1423,Alt ♮5♭♭3♭4,L1,R4,2861,2861,2845,1431,true,PASS
square:L1:R4:1431,1431,Astrocyte,L1,R4,2893,2893,2861,1447,true,PASS
square:L1:R4:1435,1435,Maqam Saba Zamzam,L1,R4,2901,2901,2869,1451,true,PASS
square:L1:R4:1437,1437,Sabach,L1,R4,2905,2905,2873,1453,true,PASS
square:L1:R4:1447,1447,Rāga Phenadyuti,L1,R4,2957,2957,2893,1479,true,PASS
square:L1:R4:1451,1451,Phrygian,L1,R4,2965,2965,2901,1483,true,PASS
square:L1:R4:1453,1453,Aeolian,L1,R4,2969,2969,2905,1485,true,PASS
square:L1:R4:1459,1459,Phrygian Dominant,L1,R4,2981,2981,2917,1491,true,PASS
square:L1:R4:1461,1461,Mixolydian ♭6,L1,R4,2985,2985,2921,1493,true,PASS
square:L1:R4:1465,1465,Rāga Cudamani,L1,R4,2993,2993,2929,1497,true,PASS
square:L1:R4:1583,1583,Alt ♮6♭♭3♭4♭5,L1,R4,3181,3181,3165,1591,true,PASS
square:L1:R4:1615,1615,Sydian (Alt ♮6𝄫34),L1,R4,3245,3245,3229,1623,true,PASS
square:L1:R4:1623,1623,Alt ♮63,L1,R4,3277,3277,3245,1639,true,PASS
square:L1:R4:1627,1627,Superlocrian ♯6,L1,R4,3285,3285,3253,1643,true,PASS
square:L1:R4:1629,1629,Dorian Blues,L1,R4,3289,3289,3257,1645,true,PASS
square:L1:R4:1679,1679,Zephyrean Mode V,L1,R4,3373,3373,3357,1687,true,PASS
square:L1:R4:1687,1687,Midlocrian,L1,R4,3405,3405,3373,1703,true,PASS
square:L1:R4:1691,1691,Dorian ♭2♭4,L1,R4,3413,3413,3381,1707,true,PASS
square:L1:R4:1693,1693,Dorian ♭4,L1,R4,3417,3417,3385,1709,true,PASS
square:L1:R4:1703,1703,Rāga Bhanumati,L1,R4,3469,3469,3405,1735,true,PASS
square:L1:R4:1707,1707,Dorian ♭2,L1,R4,3477,3477,3413,1739,true,PASS
square:L1:R4:1709,1709,Dorian,L1,R4,3481,3481,3417,1741,true,PASS
square:L1:R4:1715,1715,Dominant ♭2,L1,R4,3493,3493,3429,1747,true,PASS
square:L1:R4:1717,1717,Mixolydian,L1,R4,3497,3497,3433,1749,true,PASS
square:L1:R4:1721,1721,Rāga Ganavaridhi,L1,R4,3505,3505,3441,1753,true,PASS
square:L1:R4:1807,1807,7-5 rooted state 1807,L1,R4,3629,3629,3613,1815,true,PASS
square:L1:R4:1815,1815,Scale 1815,L1,R4,3661,3661,3629,1831,true,PASS
square:L1:R4:1819,1819,Alt ♮6♯5,L1,R4,3669,3669,3637,1835,true,PASS
square:L1:R4:1821,1821,Dorian +♭4,L1,R4,3673,3673,3641,1837,true,PASS
square:L1:R4:1831,1831,Dominant +♭2𝄫3,L1,R4,3725,3725,3661,1863,true,PASS
square:L1:R4:1835,1835,Dorian +♭2,L1,R4,3733,3733,3669,1867,true,PASS
square:L1:R4:1837,1837,Dorian Augmented,L1,R4,3737,3737,3673,1869,true,PASS
square:L1:R4:1843,1843,7-21 rooted state 1843,L1,R4,3749,3749,3685,1875,true,PASS
square:L1:R4:1845,1845,Mixolydian Augmented,L1,R4,3753,3753,3689,1877,true,PASS
square:L1:R4:1849,1849,Rāga Dvigandharabushini,L1,R4,3761,3761,3697,1881,true,PASS
square:L1:R4:1863,1863,Scale 1863,L1,R4,3853,3853,3725,1927,true,PASS
square:L1:R4:1867,1867,Lydian 7+♭23,L1,R4,3861,3861,3733,1931,true,PASS
square:L1:R4:1869,1869,Lydian 7+♭3,L1,R4,3865,3865,3737,1933,true,PASS
square:L1:R4:1875,1875,Persichetti,L1,R4,3877,3877,3749,1939,true,PASS
square:L1:R4:1877,1877,Aeroptian,L1,R4,3881,3881,3753,1941,true,PASS
square:L1:R4:1881,1881,Lydian 7+♯2,L1,R4,3889,3889,3761,1945,true,PASS
square:L1:R4:1891,1891,Hijaz Major,L1,R4,3909,3909,3781,1955,true,PASS
square:L1:R4:1893,1893,Lydian 7+♯3,L1,R4,3913,3913,3785,1957,true,PASS
square:L1:R4:1897,1897,Lydian 7+♯23,L1,R4,3921,3921,3793,1961,true,PASS
square:L1:R4:1905,1905,Lydian 7+♯3𝄪2,L1,R4,3937,3937,3809,1969,true,PASS
square:L1:L4:247,247,Scale 247,L1,L4,477,477,493,239,true,PASS
square:L1:L4:375,375,Scale 375,L1,L4,733,733,749,367,true,PASS
square:L1:L4:439,439,Infra-Alt 7♭4,L1,L4,861,861,877,431,true,PASS
square:L1:L4:471,471,Alt 3·6·♭7,L1,L4,925,925,941,463,true,PASS
square:L1:L4:487,487,Scale 487,L1,L4,941,941,973,471,true,PASS
square:L1:L4:491,491,Locrian ♭♭6♭♭♭7,L1,L4,949,949,981,475,true,PASS
square:L1:L4:493,493,Locrian ♮2♭♭6♭♭♭7,L1,L4,953,953,985,477,true,PASS
square:L1:L4:631,631,Infra-Alt 6♭4,L1,L4,1245,1245,1261,623,true,PASS
square:L1:L4:695,695,Phrygian Double-Flat,L1,L4,1373,1373,1389,687,true,PASS
square:L1:L4:727,727,Triadic Heptatonic 29,L1,L4,1437,1437,1453,719,true,PASS
square:L1:L4:743,743,Phrygian Hungarian Minor,L1,L4,1453,1453,1485,727,true,PASS
square:L1:L4:747,747,1sus4 & ♭3∅7,L1,L4,1461,1461,1493,731,true,PASS
square:L1:L4:749,749,Locrian ♮2♭♭6♭♭7,L1,L4,1465,1465,1497,733,true,PASS
square:L1:L4:823,823,Scale 823,L1,L4,1629,1629,1645,815,true,PASS
square:L1:L4:855,855,Ultralocrian 𝄫3,L1,L4,1693,1693,1709,847,true,PASS
square:L1:L4:871,871,Locrian 𝄫3𝄫7,L1,L4,1709,1709,1741,855,true,PASS
square:L1:L4:875,875,Locrian double-flat 7,L1,L4,1717,1717,1749,859,true,PASS
square:L1:L4:877,877,Hungarian Major Inverse,L1,L4,1721,1721,1753,861,true,PASS
square:L1:L4:919,919,Chromatic Phrygian Inverse,L1,L4,1821,1821,1837,911,true,PASS
square:L1:L4:935,935,Kanakangi,L1,L4,1837,1837,1869,919,true,PASS
square:L1:L4:939,939,Rāga Malini,L1,L4,1845,1845,1877,923,true,PASS
square:L1:L4:941,941,Rāga Jhankara Bhramavi,L1,L4,1849,1849,1881,925,true,PASS
square:L1:L4:967,967,Scale 967,L1,L4,1869,1869,1933,935,true,PASS
square:L1:L4:971,971,Scale 971,L1,L4,1877,1877,1941,939,true,PASS
square:L1:L4:973,973,7-19 rooted state 973,L1,L4,1881,1881,1945,941,true,PASS
square:L1:L4:979,979,Scale 979,L1,L4,1893,1893,1957,947,true,PASS
square:L1:L4:981,981,Mela Kantamani,L1,L4,1897,1897,1961,949,true,PASS
square:L1:L4:985,985,Scale 985,L1,L4,1905,1905,1969,953,true,PASS
square:L1:L4:1143,1143,Scale 1143,L1,L4,2269,2269,2285,1135,true,PASS
square:L1:L4:1207,1207,Alt ♭♭3♭♭5♭♭6,L1,L4,2397,2397,2413,1199,true,PASS
square:L1:L4:1239,1239,Alt 𝄫3𝄫6,L1,L4,2461,2461,2477,1231,true,PASS
square:L1:L4:1255,1255,Chromatic Mixolydian,L1,L4,2477,2477,2509,1239,true,PASS
square:L1:L4:1259,1259,Blues Phrygian,L1,L4,2485,2485,2517,1243,true,PASS
square:L1:L4:1261,1261,Modified Blues,L1,L4,2489,2489,2521,1245,true,PASS
square:L1:L4:1335,1335,Elephant Scale,L1,L4,2653,2653,2669,1327,true,PASS
square:L1:L4:1367,1367,Leading Whole-Tone Inverse,L1,L4,2717,2717,2733,1359,true,PASS
square:L1:L4:1383,1383,Locrian double-flat 3,L1,L4,2733,2733,2765,1367,true,PASS
square:L1:L4:1387,1387,Locrian,L1,L4,2741,2741,2773,1371,true,PASS
square:L1:L4:1389,1389,Half-Diminished,L1,L4,2745,2745,2777,1373,true,PASS
square:L1:L4:1431,1431,Astrocyte,L1,L4,2845,2845,2861,1423,true,PASS
square:L1:L4:1447,1447,Rāga Phenadyuti,L1,L4,2861,2861,2893,1431,true,PASS
square:L1:L4:1451,1451,Phrygian,L1,L4,2869,2869,2901,1435,true,PASS
square:L1:L4:1453,1453,Aeolian,L1,L4,2873,2873,2905,1437,true,PASS
square:L1:L4:1479,1479,Mela Jalarnava,L1,L4,2893,2893,2957,1447,true,PASS
square:L1:L4:1483,1483,Mela Bhavapriya,L1,L4,2901,2901,2965,1451,true,PASS
square:L1:L4:1485,1485,Mela Sanmukhapriya,L1,L4,2905,2905,2969,1453,true,PASS
square:L1:L4:1491,1491,Namanarayani,L1,L4,2917,2917,2981,1459,true,PASS
square:L1:L4:1493,1493,Lydian Minor,L1,L4,2921,2921,2985,1461,true,PASS
square:L1:L4:1497,1497,Jyoti Swarupini,L1,L4,2929,2929,2993,1465,true,PASS
square:L1:L4:1591,1591,Alt ♮6♭♭3♭5,L1,L4,3165,3165,3181,1583,true,PASS
square:L1:L4:1623,1623,Alt ♮63,L1,L4,3229,3229,3245,1615,true,PASS
square:L1:L4:1639,1639,7-21 rooted state 1639,L1,L4,3245,3245,3277,1623,true,PASS
square:L1:L4:1643,1643,Locrian ♮6,L1,L4,3253,3253,3285,1627,true,PASS
square:L1:L4:1645,1645,Dorian ♭5,L1,L4,3257,3257,3289,1629,true,PASS
square:L1:L4:1687,1687,Midlocrian,L1,L4,3357,3357,3373,1679,true,PASS
square:L1:L4:1703,1703,Rāga Bhanumati,L1,L4,3373,3373,3405,1687,true,PASS
square:L1:L4:1707,1707,Dorian ♭2,L1,L4,3381,3381,3413,1691,true,PASS
square:L1:L4:1709,1709,Dorian,L1,L4,3385,3385,3417,1693,true,PASS
square:L1:L4:1735,1735,Navaneetam,L1,L4,3405,3405,3469,1703,true,PASS
square:L1:L4:1739,1739,Rāga Sthavarajam,L1,L4,3413,3413,3477,1707,true,PASS
square:L1:L4:1741,1741,Dorian ♯4,L1,L4,3417,3417,3481,1709,true,PASS
square:L1:L4:1747,1747,Lydian 7♭2,L1,L4,3429,3429,3493,1715,true,PASS
square:L1:L4:1749,1749,Acoustic,L1,L4,3433,3433,3497,1717,true,PASS
square:L1:L4:1753,1753,Hungarian Major,L1,L4,3441,3441,3505,1721,true,PASS
square:L1:L4:1815,1815,Scale 1815,L1,L4,3613,3613,3629,1807,true,PASS
square:L1:L4:1831,1831,Dominant +♭2𝄫3,L1,L4,3629,3629,3661,1815,true,PASS
square:L1:L4:1835,1835,Dorian +♭2,L1,L4,3637,3637,3669,1819,true,PASS
square:L1:L4:1837,1837,Dorian Augmented,L1,L4,3641,3641,3673,1821,true,PASS
square:L1:L4:1863,1863,Scale 1863,L1,L4,3661,3661,3725,1831,true,PASS
square:L1:L4:1867,1867,Lydian 7+♭23,L1,L4,3669,3669,3733,1835,true,PASS
square:L1:L4:1869,1869,Lydian 7+♭3,L1,L4,3673,3673,3737,1837,true,PASS
square:L1:L4:1875,1875,Persichetti,L1,L4,3685,3685,3749,1843,true,PASS
square:L1:L4:1877,1877,Aeroptian,L1,L4,3689,3689,3753,1845,true,PASS
square:L1:L4:1881,1881,Lydian 7+♯2,L1,L4,3697,3697,3761,1849,true,PASS
square:L1:L4:1927,1927,7-5 rooted state 1927,L1,L4,3725,3725,3853,1863,true,PASS
square:L1:L4:1931,1931,Dorian +♭2𝄪4,L1,L4,3733,3733,3861,1867,true,PASS
square:L1:L4:1933,1933,Dorian +𝄪4,L1,L4,3737,3737,3865,1869,true,PASS
square:L1:L4:1939,1939,Dominant +♭2𝄪4,L1,L4,3749,3749,3877,1875,true,PASS
square:L1:L4:1941,1941,Dominant +𝄪4,L1,L4,3753,3753,3881,1877,true,PASS
square:L1:L4:1945,1945,7-Z18 rooted state 1945,L1,L4,3761,3761,3889,1881,true,PASS
square:L1:L4:1955,1955,Dominant +♭2♯3𝄪4,L1,L4,3781,3781,3909,1891,true,PASS
square:L1:L4:1957,1957,Dominant +♯3𝄪4,L1,L4,3785,3785,3913,1893,true,PASS
square:L1:L4:1961,1961,Dominant +♯2♯3𝄪4,L1,L4,3793,3793,3921,1897,true,PASS
square:L1:L4:1969,1969,Dominant +♯3𝄪2♭4,L1,L4,3809,3809,3937,1905,true,PASS
square:L1:R5:223,223,Scale 223,L1,R5,477,477,445,239,true,PASS
square:L1:R5:351,351,Infra-Alt 567,L1,R5,733,733,701,367,true,PASS
square:L1:R5:415,415,Infra-Alt 57,L1,R5,861,861,829,431,true,PASS
square:L1:R5:431,431,Infra-Alt 7,L1,R5,925,925,861,463,true,PASS
square:L1:R5:439,439,Infra-Alt 7♭4,L1,R5,941,941,877,471,true,PASS
square:L1:R5:443,443,Alt ♭♭5♭♭6♭♭♭7,L1,R5,949,949,885,475,true,PASS
square:L1:R5:445,445,Alt ♮2♭♭5♭6♭♭♭7,L1,R5,953,953,889,477,true,PASS
square:L1:R5:607,607,Infra-Alt 56,L1,R5,1245,1245,1213,623,true,PASS
square:L1:R5:671,671,Infra-Alt 5,L1,R5,1373,1373,1341,687,true,PASS
square:L1:R5:687,687,Alt ♭♭3♭♭4♭♭5♭♭6♭♭7,L1,R5,1437,1437,1373,719,true,PASS
square:L1:R5:695,695,Phrygian Double-Flat,L1,R5,1453,1453,1389,727,true,PASS
square:L1:R5:699,699,Ultralocrian 5,L1,R5,1461,1461,1397,731,true,PASS
square:L1:R5:701,701,Alt ♮2♭♭567,L1,R5,1465,1465,1401,733,true,PASS
square:L1:R5:799,799,Infra-Alt 5♭6,L1,R5,1629,1629,1597,815,true,PASS
square:L1:R5:815,815,Scale 815,L1,R5,1693,1693,1629,847,true,PASS
square:L1:R5:823,823,Scale 823,L1,R5,1709,1709,1645,855,true,PASS
square:L1:R5:827,827,Scale 827,L1,R5,1717,1717,1653,859,true,PASS
square:L1:R5:829,829,7-Z18 rooted state 829,L1,R5,1721,1721,1657,861,true,PASS
square:L1:R5:847,847,Scale 847,L1,R5,1821,1821,1693,911,true,PASS
square:L1:R5:855,855,Ultralocrian 𝄫3,L1,R5,1837,1837,1709,919,true,PASS
square:L1:R5:859,859,Ultralocrian,L1,R5,1845,1845,1717,923,true,PASS
square:L1:R5:861,861,Superlocrian ♮2𝄫7,L1,R5,1849,1849,1721,925,true,PASS
square:L1:R5:871,871,Locrian 𝄫3𝄫7,L1,R5,1869,1869,1741,935,true,PASS
square:L1:R5:875,875,Locrian double-flat 7,L1,R5,1877,1877,1749,939,true,PASS
square:L1:R5:877,877,Hungarian Major Inverse,L1,R5,1881,1881,1753,941,true,PASS
square:L1:R5:883,883,Scale 883,L1,R5,1893,1893,1765,947,true,PASS
square:L1:R5:885,885,Major Locrian 𝄫7,L1,R5,1897,1897,1769,949,true,PASS
square:L1:R5:889,889,Scale 889,L1,R5,1905,1905,1777,953,true,PASS
square:L1:R5:1119,1119,Infra-Alt 56♭7,L1,R5,2269,2269,2237,1135,true,PASS
square:L1:R5:1183,1183,Infra-Alt 5♭7,L1,R5,2397,2397,2365,1199,true,PASS
square:L1:R5:1199,1199,Alt ♭♭3♭♭4♭♭5♭♭6,L1,R5,2461,2461,2397,1231,true,PASS
square:L1:R5:1207,1207,Alt ♭♭3♭♭5♭♭6,L1,R5,2477,2477,2413,1239,true,PASS
square:L1:R5:1211,1211,Ceiling Scale,L1,R5,2485,2485,2421,1243,true,PASS
square:L1:R5:1213,1213,Alt ♮2♭♭5♭6,L1,R5,2489,2489,2425,1245,true,PASS
square:L1:R5:1311,1311,Alt 34♭5,L1,R5,2653,2653,2621,1327,true,PASS
square:L1:R5:1327,1327,Lipsean Mode IV,L1,R5,2717,2717,2653,1359,true,PASS
square:L1:R5:1335,1335,Elephant Scale,L1,R5,2733,2733,2669,1367,true,PASS
square:L1:R5:1339,1339,Alt ♭♭5,L1,R5,2741,2741,2677,1371,true,PASS
square:L1:R5:1341,1341,Alt ♮2♭♭5,L1,R5,2745,2745,2681,1373,true,PASS
square:L1:R5:1359,1359,"Alt double-flat 3, double-flat 4",L1,R5,2845,2845,2717,1423,true,PASS
square:L1:R5:1367,1367,Leading Whole-Tone Inverse,L1,R5,2861,2861,2733,1431,true,PASS
square:L1:R5:1371,1371,Superlocrian,L1,R5,2869,2869,2741,1435,true,PASS
square:L1:R5:1373,1373,Storian,L1,R5,2873,2873,2745,1437,true,PASS
square:L1:R5:1383,1383,Locrian double-flat 3,L1,R5,2893,2893,2765,1447,true,PASS
square:L1:R5:1387,1387,Locrian,L1,R5,2901,2901,2773,1451,true,PASS
square:L1:R5:1389,1389,Half-Diminished,L1,R5,2905,2905,2777,1453,true,PASS
square:L1:R5:1395,1395,Locrian Dominant,L1,R5,2917,2917,2789,1459,true,PASS
square:L1:R5:1397,1397,Major Locrian,L1,R5,2921,2921,2793,1461,true,PASS
square:L1:R5:1401,1401,Major Locrian ♯2,L1,R5,2929,2929,2801,1465,true,PASS
square:L1:R5:1567,1567,7-4 rooted state 1567,L1,R5,3165,3165,3133,1583,true,PASS
square:L1:R5:1583,1583,Alt ♮6♭♭3♭4♭5,L1,R5,3229,3229,3165,1615,true,PASS
square:L1:R5:1591,1591,Alt ♮6♭♭3♭5,L1,R5,3245,3245,3181,1623,true,PASS
square:L1:R5:1595,1595,Alt ♮65,L1,R5,3253,3253,3189,1627,true,PASS
square:L1:R5:1597,1597,Rāga Ravikosh,L1,R5,3257,3257,3193,1629,true,PASS
square:L1:R5:1615,1615,Sydian (Alt ♮6𝄫34),L1,R5,3357,3357,3229,1679,true,PASS
square:L1:R5:1623,1623,Alt ♮63,L1,R5,3373,3373,3245,1687,true,PASS
square:L1:R5:1627,1627,Superlocrian ♯6,L1,R5,3381,3381,3253,1691,true,PASS
square:L1:R5:1629,1629,Dorian Blues,L1,R5,3385,3385,3257,1693,true,PASS
square:L1:R5:1639,1639,7-21 rooted state 1639,L1,R5,3405,3405,3277,1703,true,PASS
square:L1:R5:1643,1643,Locrian ♮6,L1,R5,3413,3413,3285,1707,true,PASS
square:L1:R5:1645,1645,Dorian ♭5,L1,R5,3417,3417,3289,1709,true,PASS
square:L1:R5:1651,1651,Tsinganikos,L1,R5,3429,3429,3301,1715,true,PASS
square:L1:R5:1653,1653,Mixolydian ♭5,L1,R5,3433,3433,3305,1717,true,PASS
square:L1:R5:1657,1657,7-19 rooted state 1657,L1,R5,3441,3441,3313,1721,true,PASS
square:L1:R5:1679,1679,Zephyrean Mode V,L1,R5,3613,3613,3357,1807,true,PASS
square:L1:R5:1687,1687,Midlocrian,L1,R5,3629,3629,3373,1815,true,PASS
square:L1:R5:1691,1691,Dorian ♭2♭4,L1,R5,3637,3637,3381,1819,true,PASS
square:L1:R5:1693,1693,Dorian ♭4,L1,R5,3641,3641,3385,1821,true,PASS
square:L1:R5:1703,1703,Rāga Bhanumati,L1,R5,3661,3661,3405,1831,true,PASS
square:L1:R5:1707,1707,Dorian ♭2,L1,R5,3669,3669,3413,1835,true,PASS
square:L1:R5:1709,1709,Dorian,L1,R5,3673,3673,3417,1837,true,PASS
square:L1:R5:1715,1715,Dominant ♭2,L1,R5,3685,3685,3429,1843,true,PASS
square:L1:R5:1717,1717,Mixolydian,L1,R5,3689,3689,3433,1845,true,PASS
square:L1:R5:1721,1721,Rāga Ganavaridhi,L1,R5,3697,3697,3441,1849,true,PASS
square:L1:R5:1735,1735,Navaneetam,L1,R5,3725,3725,3469,1863,true,PASS
square:L1:R5:1739,1739,Rāga Sthavarajam,L1,R5,3733,3733,3477,1867,true,PASS
square:L1:R5:1741,1741,Dorian ♯4,L1,R5,3737,3737,3481,1869,true,PASS
square:L1:R5:1747,1747,Lydian 7♭2,L1,R5,3749,3749,3493,1875,true,PASS
square:L1:R5:1749,1749,Acoustic,L1,R5,3753,3753,3497,1877,true,PASS
square:L1:R5:1753,1753,Hungarian Major,L1,R5,3761,3761,3505,1881,true,PASS
square:L1:R5:1763,1763,Lydian 7♭2♯3,L1,R5,3781,3781,3525,1891,true,PASS
square:L1:R5:1765,1765,Lydian ♭7♯3,L1,R5,3785,3785,3529,1893,true,PASS
square:L1:R5:1769,1769,Lydian ♭7♯2♯3,L1,R5,3793,3793,3537,1897,true,PASS
square:L1:R5:1777,1777,Lydian ♭7♯3𝄪2,L1,R5,3809,3809,3553,1905,true,PASS
square:L1:L5:239,239,Infra-Alt 6𝄫𝄫7,L1,L5,445,445,477,223,true,PASS
square:L1:L5:367,367,Infra-Alt 67,L1,L5,701,701,733,351,true,PASS
square:L1:L5:431,431,Infra-Alt 7,L1,L5,829,829,861,415,true,PASS
square:L1:L5:463,463,Scale 463,L1,L5,861,861,925,431,true,PASS
square:L1:L5:471,471,Alt 3·6·♭7,L1,L5,877,877,941,439,true,PASS
square:L1:L5:475,475,Alt 6♭7,L1,L5,885,885,949,443,true,PASS
square:L1:L5:477,477,Alt ♮2𝄫6♭𝄫7,L1,L5,889,889,953,445,true,PASS
square:L1:L5:623,623,Infra-Alt 6,L1,L5,1213,1213,1245,607,true,PASS
square:L1:L5:687,687,Alt ♭♭3♭♭4♭♭5♭♭6♭♭7,L1,L5,1341,1341,1373,671,true,PASS
square:L1:L5:719,719,1MI & 2Δ7,L1,L5,1373,1373,1437,687,true,PASS
square:L1:L5:727,727,Triadic Heptatonic 29,L1,L5,1389,1389,1453,695,true,PASS
square:L1:L5:731,731,Alternating Heptamode,L1,L5,1397,1397,1461,699,true,PASS
square:L1:L5:733,733,Superlocrian ♮2♭♭6♭♭7,L1,L5,1401,1401,1465,701,true,PASS
square:L1:L5:815,815,Scale 815,L1,L5,1597,1597,1629,799,true,PASS
square:L1:L5:847,847,Scale 847,L1,L5,1629,1629,1693,815,true,PASS
square:L1:L5:855,855,Ultralocrian 𝄫3,L1,L5,1645,1645,1709,823,true,PASS
square:L1:L5:859,859,Ultralocrian,L1,L5,1653,1653,1717,827,true,PASS
square:L1:L5:861,861,Superlocrian ♮2𝄫7,L1,L5,1657,1657,1721,829,true,PASS
square:L1:L5:911,911,Phrygian 𝄫3𝄫4𝄫7,L1,L5,1693,1693,1821,847,true,PASS
square:L1:L5:919,919,Chromatic Phrygian Inverse,L1,L5,1709,1709,1837,855,true,PASS
square:L1:L5:923,923,Alt ♮5𝄫7,L1,L5,1717,1717,1845,859,true,PASS
square:L1:L5:925,925,Chromatic Hypodorian,L1,L5,1721,1721,1849,861,true,PASS
square:L1:L5:935,935,Kanakangi,L1,L5,1741,1741,1869,871,true,PASS
square:L1:L5:939,939,Rāga Malini,L1,L5,1749,1749,1877,875,true,PASS
square:L1:L5:941,941,Rāga Jhankara Bhramavi,L1,L5,1753,1753,1881,877,true,PASS
square:L1:L5:947,947,Scale 947,L1,L5,1765,1765,1893,883,true,PASS
square:L1:L5:949,949,Mararanjani,L1,L5,1769,1769,1897,885,true,PASS
square:L1:L5:953,953,Rāga Kalahamsa,L1,L5,1777,1777,1905,889,true,PASS
square:L1:L5:1135,1135,Eurean Mode III,L1,L5,2237,2237,2269,1119,true,PASS
square:L1:L5:1199,1199,Alt ♭♭3♭♭4♭♭5♭♭6,L1,L5,2365,2365,2397,1183,true,PASS
square:L1:L5:1231,1231,7-Z18 rooted state 1231,L1,L5,2397,2397,2461,1199,true,PASS
square:L1:L5:1239,1239,Alt 𝄫3𝄫6,L1,L5,2413,2413,2477,1207,true,PASS
square:L1:L5:1243,1243,Alt 6,L1,L5,2421,2421,2485,1211,true,PASS
square:L1:L5:1245,1245,Alt ♮26,L1,L5,2425,2425,2489,1213,true,PASS
square:L1:L5:1327,1327,Lipsean Mode IV,L1,L5,2621,2621,2653,1311,true,PASS
square:L1:L5:1359,1359,"Alt double-flat 3, double-flat 4",L1,L5,2653,2653,2717,1327,true,PASS
square:L1:L5:1367,1367,Leading Whole-Tone Inverse,L1,L5,2669,2669,2733,1335,true,PASS
square:L1:L5:1371,1371,Superlocrian,L1,L5,2677,2677,2741,1339,true,PASS
square:L1:L5:1373,1373,Storian,L1,L5,2681,2681,2745,1341,true,PASS
square:L1:L5:1423,1423,Alt ♮5♭♭3♭4,L1,L5,2717,2717,2845,1359,true,PASS
square:L1:L5:1431,1431,Astrocyte,L1,L5,2733,2733,2861,1367,true,PASS
square:L1:L5:1435,1435,Maqam Saba Zamzam,L1,L5,2741,2741,2869,1371,true,PASS
square:L1:L5:1437,1437,Sabach,L1,L5,2745,2745,2873,1373,true,PASS
square:L1:L5:1447,1447,Rāga Phenadyuti,L1,L5,2765,2765,2893,1383,true,PASS
square:L1:L5:1451,1451,Phrygian,L1,L5,2773,2773,2901,1387,true,PASS
square:L1:L5:1453,1453,Aeolian,L1,L5,2777,2777,2905,1389,true,PASS
square:L1:L5:1459,1459,Phrygian Dominant,L1,L5,2789,2789,2917,1395,true,PASS
square:L1:L5:1461,1461,Mixolydian ♭6,L1,L5,2793,2793,2921,1397,true,PASS
square:L1:L5:1465,1465,Rāga Cudamani,L1,L5,2801,2801,2929,1401,true,PASS
square:L1:L5:1583,1583,Alt ♮6♭♭3♭4♭5,L1,L5,3133,3133,3165,1567,true,PASS
square:L1:L5:1615,1615,Sydian (Alt ♮6𝄫34),L1,L5,3165,3165,3229,1583,true,PASS
square:L1:L5:1623,1623,Alt ♮63,L1,L5,3181,3181,3245,1591,true,PASS
square:L1:L5:1627,1627,Superlocrian ♯6,L1,L5,3189,3189,3253,1595,true,PASS
square:L1:L5:1629,1629,Dorian Blues,L1,L5,3193,3193,3257,1597,true,PASS
square:L1:L5:1679,1679,Zephyrean Mode V,L1,L5,3229,3229,3357,1615,true,PASS
square:L1:L5:1687,1687,Midlocrian,L1,L5,3245,3245,3373,1623,true,PASS
square:L1:L5:1691,1691,Dorian ♭2♭4,L1,L5,3253,3253,3381,1627,true,PASS
square:L1:L5:1693,1693,Dorian ♭4,L1,L5,3257,3257,3385,1629,true,PASS
square:L1:L5:1703,1703,Rāga Bhanumati,L1,L5,3277,3277,3405,1639,true,PASS
square:L1:L5:1707,1707,Dorian ♭2,L1,L5,3285,3285,3413,1643,true,PASS
square:L1:L5:1709,1709,Dorian,L1,L5,3289,3289,3417,1645,true,PASS
square:L1:L5:1715,1715,Dominant ♭2,L1,L5,3301,3301,3429,1651,true,PASS
square:L1:L5:1717,1717,Mixolydian,L1,L5,3305,3305,3433,1653,true,PASS
square:L1:L5:1721,1721,Rāga Ganavaridhi,L1,L5,3313,3313,3441,1657,true,PASS
square:L1:L5:1807,1807,7-5 rooted state 1807,L1,L5,3357,3357,3613,1679,true,PASS
square:L1:L5:1815,1815,Scale 1815,L1,L5,3373,3373,3629,1687,true,PASS
square:L1:L5:1819,1819,Alt ♮6♯5,L1,L5,3381,3381,3637,1691,true,PASS
square:L1:L5:1821,1821,Dorian +♭4,L1,L5,3385,3385,3641,1693,true,PASS
square:L1:L5:1831,1831,Dominant +♭2𝄫3,L1,L5,3405,3405,3661,1703,true,PASS
square:L1:L5:1835,1835,Dorian +♭2,L1,L5,3413,3413,3669,1707,true,PASS
square:L1:L5:1837,1837,Dorian Augmented,L1,L5,3417,3417,3673,1709,true,PASS
square:L1:L5:1843,1843,7-21 rooted state 1843,L1,L5,3429,3429,3685,1715,true,PASS
square:L1:L5:1845,1845,Mixolydian Augmented,L1,L5,3433,3433,3689,1717,true,PASS
square:L1:L5:1849,1849,Rāga Dvigandharabushini,L1,L5,3441,3441,3697,1721,true,PASS
square:L1:L5:1863,1863,Scale 1863,L1,L5,3469,3469,3725,1735,true,PASS
square:L1:L5:1867,1867,Lydian 7+♭23,L1,L5,3477,3477,3733,1739,true,PASS
square:L1:L5:1869,1869,Lydian 7+♭3,L1,L5,3481,3481,3737,1741,true,PASS
square:L1:L5:1875,1875,Persichetti,L1,L5,3493,3493,3749,1747,true,PASS
square:L1:L5:1877,1877,Aeroptian,L1,L5,3497,3497,3753,1749,true,PASS
square:L1:L5:1881,1881,Lydian 7+♯2,L1,L5,3505,3505,3761,1753,true,PASS
square:L1:L5:1891,1891,Hijaz Major,L1,L5,3525,3525,3781,1763,true,PASS
square:L1:L5:1893,1893,Lydian 7+♯3,L1,L5,3529,3529,3785,1765,true,PASS
square:L1:L5:1897,1897,Lydian 7+♯23,L1,L5,3537,3537,3793,1769,true,PASS
square:L1:L5:1905,1905,Lydian 7+♯3𝄪2,L1,L5,3553,3553,3809,1777,true,PASS
square:L1:R6:191,191,Ultra-Alt 67,L1,R6,445,445,381,223,true,PASS
square:L1:R6:319,319,7-3 rooted state 319,L1,R6,701,701,637,351,true,PASS
square:L1:R6:351,351,Infra-Alt 567,L1,R6,829,829,701,415,true,PASS
square:L1:R6:367,367,Infra-Alt 67,L1,R6,861,861,733,431,true,PASS
square:L1:R6:375,375,Scale 375,L1,R6,877,877,749,439,true,PASS
square:L1:R6:379,379,Kaikian Mode II,L1,R6,885,885,757,443,true,PASS
square:L1:R6:381,381,Alt ♮25♭67,L1,R6,889,889,761,445,true,PASS
square:L1:R6:575,575,Scale 575,L1,R6,1213,1213,1149,607,true,PASS
square:L1:R6:607,607,Infra-Alt 56,L1,R6,1341,1341,1213,671,true,PASS
square:L1:R6:623,623,Infra-Alt 6,L1,R6,1373,1373,1245,687,true,PASS
square:L1:R6:631,631,Infra-Alt 6♭4,L1,R6,1389,1389,1261,695,true,PASS
square:L1:R6:635,635,Scale 635,L1,R6,1397,1397,1269,699,true,PASS
square:L1:R6:637,637,Debussy's Heptatonic,L1,R6,1401,1401,1273,701,true,PASS
square:L1:R6:671,671,Infra-Alt 5,L1,R6,1597,1597,1341,799,true,PASS
square:L1:R6:687,687,Alt ♭♭3♭♭4♭♭5♭♭6♭♭7,L1,R6,1629,1629,1373,815,true,PASS
square:L1:R6:695,695,Phrygian Double-Flat,L1,R6,1645,1645,1389,823,true,PASS
square:L1:R6:699,699,Ultralocrian 5,L1,R6,1653,1653,1397,827,true,PASS
square:L1:R6:701,701,Alt ♮2♭♭567,L1,R6,1657,1657,1401,829,true,PASS
square:L1:R6:719,719,1MI & 2Δ7,L1,R6,1693,1693,1437,847,true,PASS
square:L1:R6:727,727,Triadic Heptatonic 29,L1,R6,1709,1709,1453,855,true,PASS
square:L1:R6:731,731,Alternating Heptamode,L1,R6,1717,1717,1461,859,true,PASS
square:L1:R6:733,733,Superlocrian ♮2♭♭6♭♭7,L1,R6,1721,1721,1465,861,true,PASS
square:L1:R6:743,743,Phrygian Hungarian Minor,L1,R6,1741,1741,1485,871,true,PASS
square:L1:R6:747,747,1sus4 & ♭3∅7,L1,R6,1749,1749,1493,875,true,PASS
square:L1:R6:749,749,Locrian ♮2♭♭6♭♭7,L1,R6,1753,1753,1497,877,true,PASS
square:L1:R6:755,755,Ionian ♭2♭5𝄫6𝄫7,L1,R6,1765,1765,1509,883,true,PASS
square:L1:R6:757,757,Lipsean Mode II,L1,R6,1769,1769,1513,885,true,PASS
square:L1:R6:761,761,Major Locrian ♯267,L1,R6,1777,1777,1521,889,true,PASS
square:L1:R6:1087,1087,Infra-Alt 5♭76,L1,R6,2237,2237,2173,1119,true,PASS
square:L1:R6:1119,1119,Infra-Alt 56♭7,L1,R6,2365,2365,2237,1183,true,PASS
square:L1:R6:1135,1135,Eurean Mode III,L1,R6,2397,2397,2269,1199,true,PASS
square:L1:R6:1143,1143,Scale 1143,L1,R6,2413,2413,2285,1207,true,PASS
square:L1:R6:1147,1147,Alt double-flat 5 / flat–double-flat 6,L1,R6,2421,2421,2293,1211,true,PASS
square:L1:R6:1149,1149,Alt ♮25♭6,L1,R6,2425,2425,2297,1213,true,PASS
square:L1:R6:1183,1183,Infra-Alt 5♭7,L1,R6,2621,2621,2365,1311,true,PASS
square:L1:R6:1199,1199,Alt ♭♭3♭♭4♭♭5♭♭6,L1,R6,2653,2653,2397,1327,true,PASS
square:L1:R6:1207,1207,Alt ♭♭3♭♭5♭♭6,L1,R6,2669,2669,2413,1335,true,PASS
square:L1:R6:1211,1211,Ceiling Scale,L1,R6,2677,2677,2421,1339,true,PASS
square:L1:R6:1213,1213,Alt ♮2♭♭5♭6,L1,R6,2681,2681,2425,1341,true,PASS
square:L1:R6:1231,1231,7-Z18 rooted state 1231,L1,R6,2717,2717,2461,1359,true,PASS
square:L1:R6:1239,1239,Alt 𝄫3𝄫6,L1,R6,2733,2733,2477,1367,true,PASS
square:L1:R6:1243,1243,Alt 6,L1,R6,2741,2741,2485,1371,true,PASS
square:L1:R6:1245,1245,Alt ♮26,L1,R6,2745,2745,2489,1373,true,PASS
square:L1:R6:1255,1255,Chromatic Mixolydian,L1,R6,2765,2765,2509,1383,true,PASS
square:L1:R6:1259,1259,Blues Phrygian,L1,R6,2773,2773,2517,1387,true,PASS
square:L1:R6:1261,1261,Modified Blues,L1,R6,2777,2777,2521,1389,true,PASS
square:L1:R6:1267,1267,7-19 rooted state 1267,L1,R6,2789,2789,2533,1395,true,PASS
square:L1:R6:1269,1269,Major Locrian ♭♭6,L1,R6,2793,2793,2537,1397,true,PASS
square:L1:R6:1273,1273,Tanarupi V,L1,R6,2801,2801,2545,1401,true,PASS
square:L1:R6:1311,1311,Alt 34♭5,L1,R6,3133,3133,2621,1567,true,PASS
square:L1:R6:1327,1327,Lipsean Mode IV,L1,R6,3165,3165,2653,1583,true,PASS
square:L1:R6:1335,1335,Elephant Scale,L1,R6,3181,3181,2669,1591,true,PASS
square:L1:R6:1339,1339,Alt ♭♭5,L1,R6,3189,3189,2677,1595,true,PASS
square:L1:R6:1341,1341,Alt ♮2♭♭5,L1,R6,3193,3193,2681,1597,true,PASS
square:L1:R6:1359,1359,"Alt double-flat 3, double-flat 4",L1,R6,3229,3229,2717,1615,true,PASS
square:L1:R6:1367,1367,Leading Whole-Tone Inverse,L1,R6,3245,3245,2733,1623,true,PASS
square:L1:R6:1371,1371,Superlocrian,L1,R6,3253,3253,2741,1627,true,PASS
square:L1:R6:1373,1373,Storian,L1,R6,3257,3257,2745,1629,true,PASS
square:L1:R6:1383,1383,Locrian double-flat 3,L1,R6,3277,3277,2765,1639,true,PASS
square:L1:R6:1387,1387,Locrian,L1,R6,3285,3285,2773,1643,true,PASS
square:L1:R6:1389,1389,Half-Diminished,L1,R6,3289,3289,2777,1645,true,PASS
square:L1:R6:1395,1395,Locrian Dominant,L1,R6,3301,3301,2789,1651,true,PASS
square:L1:R6:1397,1397,Major Locrian,L1,R6,3305,3305,2793,1653,true,PASS
square:L1:R6:1401,1401,Major Locrian ♯2,L1,R6,3313,3313,2801,1657,true,PASS
square:L1:R6:1423,1423,Alt ♮5♭♭3♭4,L1,R6,3357,3357,2845,1679,true,PASS
square:L1:R6:1431,1431,Astrocyte,L1,R6,3373,3373,2861,1687,true,PASS
square:L1:R6:1435,1435,Maqam Saba Zamzam,L1,R6,3381,3381,2869,1691,true,PASS
square:L1:R6:1437,1437,Sabach,L1,R6,3385,3385,2873,1693,true,PASS
square:L1:R6:1447,1447,Rāga Phenadyuti,L1,R6,3405,3405,2893,1703,true,PASS
square:L1:R6:1451,1451,Phrygian,L1,R6,3413,3413,2901,1707,true,PASS
square:L1:R6:1453,1453,Aeolian,L1,R6,3417,3417,2905,1709,true,PASS
square:L1:R6:1459,1459,Phrygian Dominant,L1,R6,3429,3429,2917,1715,true,PASS
square:L1:R6:1461,1461,Mixolydian ♭6,L1,R6,3433,3433,2921,1717,true,PASS
square:L1:R6:1465,1465,Rāga Cudamani,L1,R6,3441,3441,2929,1721,true,PASS
square:L1:R6:1479,1479,Mela Jalarnava,L1,R6,3469,3469,2957,1735,true,PASS
square:L1:R6:1483,1483,Mela Bhavapriya,L1,R6,3477,3477,2965,1739,true,PASS
square:L1:R6:1485,1485,Mela Sanmukhapriya,L1,R6,3481,3481,2969,1741,true,PASS
square:L1:R6:1491,1491,Namanarayani,L1,R6,3493,3493,2981,1747,true,PASS
square:L1:R6:1493,1493,Lydian Minor,L1,R6,3497,3497,2985,1749,true,PASS
square:L1:R6:1497,1497,Jyoti Swarupini,L1,R6,3505,3505,2993,1753,true,PASS
square:L1:R6:1507,1507,Lydian ♭7♭2♭6♯3,L1,R6,3525,3525,3013,1763,true,PASS
square:L1:R6:1509,1509,Lydian Minor ♯3,L1,R6,3529,3529,3017,1765,true,PASS
square:L1:R6:1513,1513,Lydian ♭7♭6♯2♯3,L1,R6,3537,3537,3025,1769,true,PASS
square:L1:R6:1521,1521,Lydian 7♭6♯32,L1,R6,3553,3553,3041,1777,true,PASS
square:L1:L6:223,223,Scale 223,L1,L6,381,381,445,191,true,PASS
square:L1:L6:351,351,Infra-Alt 567,L1,L6,637,637,701,319,true,PASS
square:L1:L6:415,415,Infra-Alt 57,L1,L6,701,701,829,351,true,PASS
square:L1:L6:431,431,Infra-Alt 7,L1,L6,733,733,861,367,true,PASS
square:L1:L6:439,439,Infra-Alt 7♭4,L1,L6,749,749,877,375,true,PASS
square:L1:L6:443,443,Alt ♭♭5♭♭6♭♭♭7,L1,L6,757,757,885,379,true,PASS
square:L1:L6:445,445,Alt ♮2♭♭5♭6♭♭♭7,L1,L6,761,761,889,381,true,PASS
square:L1:L6:607,607,Infra-Alt 56,L1,L6,1149,1149,1213,575,true,PASS
square:L1:L6:671,671,Infra-Alt 5,L1,L6,1213,1213,1341,607,true,PASS
square:L1:L6:687,687,Alt ♭♭3♭♭4♭♭5♭♭6♭♭7,L1,L6,1245,1245,1373,623,true,PASS
square:L1:L6:695,695,Phrygian Double-Flat,L1,L6,1261,1261,1389,631,true,PASS
square:L1:L6:699,699,Ultralocrian 5,L1,L6,1269,1269,1397,635,true,PASS
square:L1:L6:701,701,Alt ♮2♭♭567,L1,L6,1273,1273,1401,637,true,PASS
square:L1:L6:799,799,Infra-Alt 5♭6,L1,L6,1341,1341,1597,671,true,PASS
square:L1:L6:815,815,Scale 815,L1,L6,1373,1373,1629,687,true,PASS
square:L1:L6:823,823,Scale 823,L1,L6,1389,1389,1645,695,true,PASS
square:L1:L6:827,827,Scale 827,L1,L6,1397,1397,1653,699,true,PASS
square:L1:L6:829,829,7-Z18 rooted state 829,L1,L6,1401,1401,1657,701,true,PASS
square:L1:L6:847,847,Scale 847,L1,L6,1437,1437,1693,719,true,PASS
square:L1:L6:855,855,Ultralocrian 𝄫3,L1,L6,1453,1453,1709,727,true,PASS
square:L1:L6:859,859,Ultralocrian,L1,L6,1461,1461,1717,731,true,PASS
square:L1:L6:861,861,Superlocrian ♮2𝄫7,L1,L6,1465,1465,1721,733,true,PASS
square:L1:L6:871,871,Locrian 𝄫3𝄫7,L1,L6,1485,1485,1741,743,true,PASS
square:L1:L6:875,875,Locrian double-flat 7,L1,L6,1493,1493,1749,747,true,PASS
square:L1:L6:877,877,Hungarian Major Inverse,L1,L6,1497,1497,1753,749,true,PASS
square:L1:L6:883,883,Scale 883,L1,L6,1509,1509,1765,755,true,PASS
square:L1:L6:885,885,Major Locrian 𝄫7,L1,L6,1513,1513,1769,757,true,PASS
square:L1:L6:889,889,Scale 889,L1,L6,1521,1521,1777,761,true,PASS
square:L1:L6:1119,1119,Infra-Alt 56♭7,L1,L6,2173,2173,2237,1087,true,PASS
square:L1:L6:1183,1183,Infra-Alt 5♭7,L1,L6,2237,2237,2365,1119,true,PASS
square:L1:L6:1199,1199,Alt ♭♭3♭♭4♭♭5♭♭6,L1,L6,2269,2269,2397,1135,true,PASS
square:L1:L6:1207,1207,Alt ♭♭3♭♭5♭♭6,L1,L6,2285,2285,2413,1143,true,PASS
square:L1:L6:1211,1211,Ceiling Scale,L1,L6,2293,2293,2421,1147,true,PASS
square:L1:L6:1213,1213,Alt ♮2♭♭5♭6,L1,L6,2297,2297,2425,1149,true,PASS
square:L1:L6:1311,1311,Alt 34♭5,L1,L6,2365,2365,2621,1183,true,PASS
square:L1:L6:1327,1327,Lipsean Mode IV,L1,L6,2397,2397,2653,1199,true,PASS
square:L1:L6:1335,1335,Elephant Scale,L1,L6,2413,2413,2669,1207,true,PASS
square:L1:L6:1339,1339,Alt ♭♭5,L1,L6,2421,2421,2677,1211,true,PASS
square:L1:L6:1341,1341,Alt ♮2♭♭5,L1,L6,2425,2425,2681,1213,true,PASS
square:L1:L6:1359,1359,"Alt double-flat 3, double-flat 4",L1,L6,2461,2461,2717,1231,true,PASS
square:L1:L6:1367,1367,Leading Whole-Tone Inverse,L1,L6,2477,2477,2733,1239,true,PASS
square:L1:L6:1371,1371,Superlocrian,L1,L6,2485,2485,2741,1243,true,PASS
square:L1:L6:1373,1373,Storian,L1,L6,2489,2489,2745,1245,true,PASS
square:L1:L6:1383,1383,Locrian double-flat 3,L1,L6,2509,2509,2765,1255,true,PASS
square:L1:L6:1387,1387,Locrian,L1,L6,2517,2517,2773,1259,true,PASS
square:L1:L6:1389,1389,Half-Diminished,L1,L6,2521,2521,2777,1261,true,PASS
square:L1:L6:1395,1395,Locrian Dominant,L1,L6,2533,2533,2789,1267,true,PASS
square:L1:L6:1397,1397,Major Locrian,L1,L6,2537,2537,2793,1269,true,PASS
square:L1:L6:1401,1401,Major Locrian ♯2,L1,L6,2545,2545,2801,1273,true,PASS
square:L1:L6:1567,1567,7-4 rooted state 1567,L1,L6,2621,2621,3133,1311,true,PASS
square:L1:L6:1583,1583,Alt ♮6♭♭3♭4♭5,L1,L6,2653,2653,3165,1327,true,PASS
square:L1:L6:1591,1591,Alt ♮6♭♭3♭5,L1,L6,2669,2669,3181,1335,true,PASS
square:L1:L6:1595,1595,Alt ♮65,L1,L6,2677,2677,3189,1339,true,PASS
square:L1:L6:1597,1597,Rāga Ravikosh,L1,L6,2681,2681,3193,1341,true,PASS
square:L1:L6:1615,1615,Sydian (Alt ♮6𝄫34),L1,L6,2717,2717,3229,1359,true,PASS
square:L1:L6:1623,1623,Alt ♮63,L1,L6,2733,2733,3245,1367,true,PASS
square:L1:L6:1627,1627,Superlocrian ♯6,L1,L6,2741,2741,3253,1371,true,PASS
square:L1:L6:1629,1629,Dorian Blues,L1,L6,2745,2745,3257,1373,true,PASS
square:L1:L6:1639,1639,7-21 rooted state 1639,L1,L6,2765,2765,3277,1383,true,PASS
square:L1:L6:1643,1643,Locrian ♮6,L1,L6,2773,2773,3285,1387,true,PASS
square:L1:L6:1645,1645,Dorian ♭5,L1,L6,2777,2777,3289,1389,true,PASS
square:L1:L6:1651,1651,Tsinganikos,L1,L6,2789,2789,3301,1395,true,PASS
square:L1:L6:1653,1653,Mixolydian ♭5,L1,L6,2793,2793,3305,1397,true,PASS
square:L1:L6:1657,1657,7-19 rooted state 1657,L1,L6,2801,2801,3313,1401,true,PASS
square:L1:L6:1679,1679,Zephyrean Mode V,L1,L6,2845,2845,3357,1423,true,PASS
square:L1:L6:1687,1687,Midlocrian,L1,L6,2861,2861,3373,1431,true,PASS
square:L1:L6:1691,1691,Dorian ♭2♭4,L1,L6,2869,2869,3381,1435,true,PASS
square:L1:L6:1693,1693,Dorian ♭4,L1,L6,2873,2873,3385,1437,true,PASS
square:L1:L6:1703,1703,Rāga Bhanumati,L1,L6,2893,2893,3405,1447,true,PASS
square:L1:L6:1707,1707,Dorian ♭2,L1,L6,2901,2901,3413,1451,true,PASS
square:L1:L6:1709,1709,Dorian,L1,L6,2905,2905,3417,1453,true,PASS
square:L1:L6:1715,1715,Dominant ♭2,L1,L6,2917,2917,3429,1459,true,PASS
square:L1:L6:1717,1717,Mixolydian,L1,L6,2921,2921,3433,1461,true,PASS
square:L1:L6:1721,1721,Rāga Ganavaridhi,L1,L6,2929,2929,3441,1465,true,PASS
square:L1:L6:1735,1735,Navaneetam,L1,L6,2957,2957,3469,1479,true,PASS
square:L1:L6:1739,1739,Rāga Sthavarajam,L1,L6,2965,2965,3477,1483,true,PASS
square:L1:L6:1741,1741,Dorian ♯4,L1,L6,2969,2969,3481,1485,true,PASS
square:L1:L6:1747,1747,Lydian 7♭2,L1,L6,2981,2981,3493,1491,true,PASS
square:L1:L6:1749,1749,Acoustic,L1,L6,2985,2985,3497,1493,true,PASS
square:L1:L6:1753,1753,Hungarian Major,L1,L6,2993,2993,3505,1497,true,PASS
square:L1:L6:1763,1763,Lydian 7♭2♯3,L1,L6,3013,3013,3525,1507,true,PASS
square:L1:L6:1765,1765,Lydian ♭7♯3,L1,L6,3017,3017,3529,1509,true,PASS
square:L1:L6:1769,1769,Lydian ♭7♯2♯3,L1,L6,3025,3025,3537,1513,true,PASS
square:L1:L6:1777,1777,Lydian ♭7♯3𝄪2,L1,L6,3041,3041,3553,1521,true,PASS
square:L1:R7:127,127,7-1 terminal cluster state 127,L1,R7,381,381,253,191,true,PASS
square:L1:R7:191,191,Ultra-Alt 67,L1,R7,637,637,381,319,true,PASS
square:L1:R7:223,223,Scale 223,L1,R7,701,701,445,351,true,PASS
square:L1:R7:239,239,Infra-Alt 6𝄫𝄫7,L1,R7,733,733,477,367,true,PASS
square:L1:R7:247,247,Scale 247,L1,R7,749,749,493,375,true,PASS
square:L1:R7:251,251,Scale 251,L1,R7,757,757,501,379,true,PASS
square:L1:R7:253,253,Alt ♮25♭67,L1,R7,761,761,505,381,true,PASS
square:L1:R7:319,319,7-3 rooted state 319,L1,R7,1149,1149,637,575,true,PASS
square:L1:R7:351,351,Infra-Alt 567,L1,R7,1213,1213,701,607,true,PASS
square:L1:R7:367,367,Infra-Alt 67,L1,R7,1245,1245,733,623,true,PASS
square:L1:R7:375,375,Scale 375,L1,R7,1261,1261,749,631,true,PASS
square:L1:R7:379,379,Kaikian Mode II,L1,R7,1269,1269,757,635,true,PASS
square:L1:R7:381,381,Alt ♮25♭67,L1,R7,1273,1273,761,637,true,PASS
square:L1:R7:415,415,Infra-Alt 57,L1,R7,1341,1341,829,671,true,PASS
square:L1:R7:431,431,Infra-Alt 7,L1,R7,1373,1373,861,687,true,PASS
square:L1:R7:439,439,Infra-Alt 7♭4,L1,R7,1389,1389,877,695,true,PASS
square:L1:R7:443,443,Alt ♭♭5♭♭6♭♭♭7,L1,R7,1397,1397,885,699,true,PASS
square:L1:R7:445,445,Alt ♮2♭♭5♭6♭♭♭7,L1,R7,1401,1401,889,701,true,PASS
square:L1:R7:463,463,Scale 463,L1,R7,1437,1437,925,719,true,PASS
square:L1:R7:471,471,Alt 3·6·♭7,L1,R7,1453,1453,941,727,true,PASS
square:L1:R7:475,475,Alt 6♭7,L1,R7,1461,1461,949,731,true,PASS
square:L1:R7:477,477,Alt ♮2𝄫6♭𝄫7,L1,R7,1465,1465,953,733,true,PASS
square:L1:R7:487,487,Scale 487,L1,R7,1485,1485,973,743,true,PASS
square:L1:R7:491,491,Locrian ♭♭6♭♭♭7,L1,R7,1493,1493,981,747,true,PASS
square:L1:R7:493,493,Locrian ♮2♭♭6♭♭♭7,L1,R7,1497,1497,985,749,true,PASS
square:L1:R7:499,499,Major Locrian ♭26♭7,L1,R7,1509,1509,997,755,true,PASS
square:L1:R7:501,501,Major Locrian 6♭7,L1,R7,1513,1513,1001,757,true,PASS
square:L1:R7:505,505,7-3 rooted state 505,L1,R7,1521,1521,1009,761,true,PASS
square:L1:R7:575,575,Scale 575,L1,R7,2173,2173,1149,1087,true,PASS
square:L1:R7:607,607,Infra-Alt 56,L1,R7,2237,2237,1213,1119,true,PASS
square:L1:R7:623,623,Infra-Alt 6,L1,R7,2269,2269,1245,1135,true,PASS
square:L1:R7:631,631,Infra-Alt 6♭4,L1,R7,2285,2285,1261,1143,true,PASS
square:L1:R7:635,635,Scale 635,L1,R7,2293,2293,1269,1147,true,PASS
square:L1:R7:637,637,Debussy's Heptatonic,L1,R7,2297,2297,1273,1149,true,PASS
square:L1:R7:671,671,Infra-Alt 5,L1,R7,2365,2365,1341,1183,true,PASS
square:L1:R7:687,687,Alt ♭♭3♭♭4♭♭5♭♭6♭♭7,L1,R7,2397,2397,1373,1199,true,PASS
square:L1:R7:695,695,Phrygian Double-Flat,L1,R7,2413,2413,1389,1207,true,PASS
square:L1:R7:699,699,Ultralocrian 5,L1,R7,2421,2421,1397,1211,true,PASS
square:L1:R7:701,701,Alt ♮2♭♭567,L1,R7,2425,2425,1401,1213,true,PASS
square:L1:R7:719,719,1MI & 2Δ7,L1,R7,2461,2461,1437,1231,true,PASS
square:L1:R7:727,727,Triadic Heptatonic 29,L1,R7,2477,2477,1453,1239,true,PASS
square:L1:R7:731,731,Alternating Heptamode,L1,R7,2485,2485,1461,1243,true,PASS
square:L1:R7:733,733,Superlocrian ♮2♭♭6♭♭7,L1,R7,2489,2489,1465,1245,true,PASS
square:L1:R7:743,743,Phrygian Hungarian Minor,L1,R7,2509,2509,1485,1255,true,PASS
square:L1:R7:747,747,1sus4 & ♭3∅7,L1,R7,2517,2517,1493,1259,true,PASS
square:L1:R7:749,749,Locrian ♮2♭♭6♭♭7,L1,R7,2521,2521,1497,1261,true,PASS
square:L1:R7:755,755,Ionian ♭2♭5𝄫6𝄫7,L1,R7,2533,2533,1509,1267,true,PASS
square:L1:R7:757,757,Lipsean Mode II,L1,R7,2537,2537,1513,1269,true,PASS
square:L1:R7:761,761,Major Locrian ♯267,L1,R7,2545,2545,1521,1273,true,PASS
square:L1:R7:799,799,Infra-Alt 5♭6,L1,R7,2621,2621,1597,1311,true,PASS
square:L1:R7:815,815,Scale 815,L1,R7,2653,2653,1629,1327,true,PASS
square:L1:R7:823,823,Scale 823,L1,R7,2669,2669,1645,1335,true,PASS
square:L1:R7:827,827,Scale 827,L1,R7,2677,2677,1653,1339,true,PASS
square:L1:R7:829,829,7-Z18 rooted state 829,L1,R7,2681,2681,1657,1341,true,PASS
square:L1:R7:847,847,Scale 847,L1,R7,2717,2717,1693,1359,true,PASS
square:L1:R7:855,855,Ultralocrian 𝄫3,L1,R7,2733,2733,1709,1367,true,PASS
square:L1:R7:859,859,Ultralocrian,L1,R7,2741,2741,1717,1371,true,PASS
square:L1:R7:861,861,Superlocrian ♮2𝄫7,L1,R7,2745,2745,1721,1373,true,PASS
square:L1:R7:871,871,Locrian 𝄫3𝄫7,L1,R7,2765,2765,1741,1383,true,PASS
square:L1:R7:875,875,Locrian double-flat 7,L1,R7,2773,2773,1749,1387,true,PASS
square:L1:R7:877,877,Hungarian Major Inverse,L1,R7,2777,2777,1753,1389,true,PASS
square:L1:R7:883,883,Scale 883,L1,R7,2789,2789,1765,1395,true,PASS
square:L1:R7:885,885,Major Locrian 𝄫7,L1,R7,2793,2793,1769,1397,true,PASS
square:L1:R7:889,889,Scale 889,L1,R7,2801,2801,1777,1401,true,PASS
square:L1:R7:911,911,Phrygian 𝄫3𝄫4𝄫7,L1,R7,2845,2845,1821,1423,true,PASS
square:L1:R7:919,919,Chromatic Phrygian Inverse,L1,R7,2861,2861,1837,1431,true,PASS
square:L1:R7:923,923,Alt ♮5𝄫7,L1,R7,2869,2869,1845,1435,true,PASS
square:L1:R7:925,925,Chromatic Hypodorian,L1,R7,2873,2873,1849,1437,true,PASS
square:L1:R7:935,935,Kanakangi,L1,R7,2893,2893,1869,1447,true,PASS
square:L1:R7:939,939,Rāga Malini,L1,R7,2901,2901,1877,1451,true,PASS
square:L1:R7:941,941,Rāga Jhankara Bhramavi,L1,R7,2905,2905,1881,1453,true,PASS
square:L1:R7:947,947,Scale 947,L1,R7,2917,2917,1893,1459,true,PASS
square:L1:R7:949,949,Mararanjani,L1,R7,2921,2921,1897,1461,true,PASS
square:L1:R7:953,953,Rāga Kalahamsa,L1,R7,2929,2929,1905,1465,true,PASS
square:L1:R7:967,967,Scale 967,L1,R7,2957,2957,1933,1479,true,PASS
square:L1:R7:971,971,Scale 971,L1,R7,2965,2965,1941,1483,true,PASS
square:L1:R7:973,973,7-19 rooted state 973,L1,R7,2969,2969,1945,1485,true,PASS
square:L1:R7:979,979,Scale 979,L1,R7,2981,2981,1957,1491,true,PASS
square:L1:R7:981,981,Mela Kantamani,L1,R7,2985,2985,1961,1493,true,PASS
square:L1:R7:985,985,Scale 985,L1,R7,2993,2993,1969,1497,true,PASS
square:L1:R7:995,995,Lydian ♭2♯3♭67,L1,R7,3013,3013,1989,1507,true,PASS
square:L1:R7:997,997,Tanarupi IV,L1,R7,3017,3017,1993,1509,true,PASS
square:L1:R7:1001,1001,Lydian ♯2♯3♭67,L1,R7,3025,3025,2001,1513,true,PASS
square:L1:R7:1009,1009,7-3 rooted state 1009,L1,R7,3041,3041,2017,1521,true,PASS
square:L1:L7:191,191,Ultra-Alt 67,L1,L7,253,253,381,127,true,PASS
square:L1:L7:319,319,7-3 rooted state 319,L1,L7,381,381,637,191,true,PASS
square:L1:L7:351,351,Infra-Alt 567,L1,L7,445,445,701,223,true,PASS
square:L1:L7:367,367,Infra-Alt 67,L1,L7,477,477,733,239,true,PASS
square:L1:L7:375,375,Scale 375,L1,L7,493,493,749,247,true,PASS
square:L1:L7:379,379,Kaikian Mode II,L1,L7,501,501,757,251,true,PASS
square:L1:L7:381,381,Alt ♮25♭67,L1,L7,505,505,761,253,true,PASS
square:L1:L7:575,575,Scale 575,L1,L7,637,637,1149,319,true,PASS
square:L1:L7:607,607,Infra-Alt 56,L1,L7,701,701,1213,351,true,PASS
square:L1:L7:623,623,Infra-Alt 6,L1,L7,733,733,1245,367,true,PASS
square:L1:L7:631,631,Infra-Alt 6♭4,L1,L7,749,749,1261,375,true,PASS
square:L1:L7:635,635,Scale 635,L1,L7,757,757,1269,379,true,PASS
square:L1:L7:637,637,Debussy's Heptatonic,L1,L7,761,761,1273,381,true,PASS
square:L1:L7:671,671,Infra-Alt 5,L1,L7,829,829,1341,415,true,PASS
square:L1:L7:687,687,Alt ♭♭3♭♭4♭♭5♭♭6♭♭7,L1,L7,861,861,1373,431,true,PASS
square:L1:L7:695,695,Phrygian Double-Flat,L1,L7,877,877,1389,439,true,PASS
square:L1:L7:699,699,Ultralocrian 5,L1,L7,885,885,1397,443,true,PASS
square:L1:L7:701,701,Alt ♮2♭♭567,L1,L7,889,889,1401,445,true,PASS
square:L1:L7:719,719,1MI & 2Δ7,L1,L7,925,925,1437,463,true,PASS
square:L1:L7:727,727,Triadic Heptatonic 29,L1,L7,941,941,1453,471,true,PASS
square:L1:L7:731,731,Alternating Heptamode,L1,L7,949,949,1461,475,true,PASS
square:L1:L7:733,733,Superlocrian ♮2♭♭6♭♭7,L1,L7,953,953,1465,477,true,PASS
square:L1:L7:743,743,Phrygian Hungarian Minor,L1,L7,973,973,1485,487,true,PASS
square:L1:L7:747,747,1sus4 & ♭3∅7,L1,L7,981,981,1493,491,true,PASS
square:L1:L7:749,749,Locrian ♮2♭♭6♭♭7,L1,L7,985,985,1497,493,true,PASS
square:L1:L7:755,755,Ionian ♭2♭5𝄫6𝄫7,L1,L7,997,997,1509,499,true,PASS
square:L1:L7:757,757,Lipsean Mode II,L1,L7,1001,1001,1513,501,true,PASS
square:L1:L7:761,761,Major Locrian ♯267,L1,L7,1009,1009,1521,505,true,PASS
square:L1:L7:1087,1087,Infra-Alt 5♭76,L1,L7,1149,1149,2173,575,true,PASS
square:L1:L7:1119,1119,Infra-Alt 56♭7,L1,L7,1213,1213,2237,607,true,PASS
square:L1:L7:1135,1135,Eurean Mode III,L1,L7,1245,1245,2269,623,true,PASS
square:L1:L7:1143,1143,Scale 1143,L1,L7,1261,1261,2285,631,true,PASS
square:L1:L7:1147,1147,Alt double-flat 5 / flat–double-flat 6,L1,L7,1269,1269,2293,635,true,PASS
square:L1:L7:1149,1149,Alt ♮25♭6,L1,L7,1273,1273,2297,637,true,PASS
square:L1:L7:1183,1183,Infra-Alt 5♭7,L1,L7,1341,1341,2365,671,true,PASS
square:L1:L7:1199,1199,Alt ♭♭3♭♭4♭♭5♭♭6,L1,L7,1373,1373,2397,687,true,PASS
square:L1:L7:1207,1207,Alt ♭♭3♭♭5♭♭6,L1,L7,1389,1389,2413,695,true,PASS
square:L1:L7:1211,1211,Ceiling Scale,L1,L7,1397,1397,2421,699,true,PASS
square:L1:L7:1213,1213,Alt ♮2♭♭5♭6,L1,L7,1401,1401,2425,701,true,PASS
square:L1:L7:1231,1231,7-Z18 rooted state 1231,L1,L7,1437,1437,2461,719,true,PASS
square:L1:L7:1239,1239,Alt 𝄫3𝄫6,L1,L7,1453,1453,2477,727,true,PASS
square:L1:L7:1243,1243,Alt 6,L1,L7,1461,1461,2485,731,true,PASS
square:L1:L7:1245,1245,Alt ♮26,L1,L7,1465,1465,2489,733,true,PASS
square:L1:L7:1255,1255,Chromatic Mixolydian,L1,L7,1485,1485,2509,743,true,PASS
square:L1:L7:1259,1259,Blues Phrygian,L1,L7,1493,1493,2517,747,true,PASS
square:L1:L7:1261,1261,Modified Blues,L1,L7,1497,1497,2521,749,true,PASS
square:L1:L7:1267,1267,7-19 rooted state 1267,L1,L7,1509,1509,2533,755,true,PASS
square:L1:L7:1269,1269,Major Locrian ♭♭6,L1,L7,1513,1513,2537,757,true,PASS
square:L1:L7:1273,1273,Tanarupi V,L1,L7,1521,1521,2545,761,true,PASS
square:L1:L7:1311,1311,Alt 34♭5,L1,L7,1597,1597,2621,799,true,PASS
square:L1:L7:1327,1327,Lipsean Mode IV,L1,L7,1629,1629,2653,815,true,PASS
square:L1:L7:1335,1335,Elephant Scale,L1,L7,1645,1645,2669,823,true,PASS
square:L1:L7:1339,1339,Alt ♭♭5,L1,L7,1653,1653,2677,827,true,PASS
square:L1:L7:1341,1341,Alt ♮2♭♭5,L1,L7,1657,1657,2681,829,true,PASS
square:L1:L7:1359,1359,"Alt double-flat 3, double-flat 4",L1,L7,1693,1693,2717,847,true,PASS
square:L1:L7:1367,1367,Leading Whole-Tone Inverse,L1,L7,1709,1709,2733,855,true,PASS
square:L1:L7:1371,1371,Superlocrian,L1,L7,1717,1717,2741,859,true,PASS
square:L1:L7:1373,1373,Storian,L1,L7,1721,1721,2745,861,true,PASS
square:L1:L7:1383,1383,Locrian double-flat 3,L1,L7,1741,1741,2765,871,true,PASS
square:L1:L7:1387,1387,Locrian,L1,L7,1749,1749,2773,875,true,PASS
square:L1:L7:1389,1389,Half-Diminished,L1,L7,1753,1753,2777,877,true,PASS
square:L1:L7:1395,1395,Locrian Dominant,L1,L7,1765,1765,2789,883,true,PASS
square:L1:L7:1397,1397,Major Locrian,L1,L7,1769,1769,2793,885,true,PASS
square:L1:L7:1401,1401,Major Locrian ♯2,L1,L7,1777,1777,2801,889,true,PASS
square:L1:L7:1423,1423,Alt ♮5♭♭3♭4,L1,L7,1821,1821,2845,911,true,PASS
square:L1:L7:1431,1431,Astrocyte,L1,L7,1837,1837,2861,919,true,PASS
square:L1:L7:1435,1435,Maqam Saba Zamzam,L1,L7,1845,1845,2869,923,true,PASS
square:L1:L7:1437,1437,Sabach,L1,L7,1849,1849,2873,925,true,PASS
square:L1:L7:1447,1447,Rāga Phenadyuti,L1,L7,1869,1869,2893,935,true,PASS
square:L1:L7:1451,1451,Phrygian,L1,L7,1877,1877,2901,939,true,PASS
square:L1:L7:1453,1453,Aeolian,L1,L7,1881,1881,2905,941,true,PASS
square:L1:L7:1459,1459,Phrygian Dominant,L1,L7,1893,1893,2917,947,true,PASS
square:L1:L7:1461,1461,Mixolydian ♭6,L1,L7,1897,1897,2921,949,true,PASS
square:L1:L7:1465,1465,Rāga Cudamani,L1,L7,1905,1905,2929,953,true,PASS
square:L1:L7:1479,1479,Mela Jalarnava,L1,L7,1933,1933,2957,967,true,PASS
square:L1:L7:1483,1483,Mela Bhavapriya,L1,L7,1941,1941,2965,971,true,PASS
square:L1:L7:1485,1485,Mela Sanmukhapriya,L1,L7,1945,1945,2969,973,true,PASS
square:L1:L7:1491,1491,Namanarayani,L1,L7,1957,1957,2981,979,true,PASS
square:L1:L7:1493,1493,Lydian Minor,L1,L7,1961,1961,2985,981,true,PASS
square:L1:L7:1497,1497,Jyoti Swarupini,L1,L7,1969,1969,2993,985,true,PASS
square:L1:L7:1507,1507,Lydian ♭7♭2♭6♯3,L1,L7,1989,1989,3013,995,true,PASS
square:L1:L7:1509,1509,Lydian Minor ♯3,L1,L7,1993,1993,3017,997,true,PASS
square:L1:L7:1513,1513,Lydian ♭7♭6♯2♯3,L1,L7,2001,2001,3025,1001,true,PASS
square:L1:L7:1521,1521,Lydian 7♭6♯32,L1,L7,2017,2017,3041,1009,true,PASS
square:R2:L2:501,501,Major Locrian 6♭7,R2,L2,501,501,505,499,true,PASS
square:R2:L2:757,757,Lipsean Mode II,R2,L2,757,757,761,755,true,PASS
square:R2:L2:885,885,Major Locrian 𝄫7,R2,L2,885,885,889,883,true,PASS
square:R2:L2:949,949,Mararanjani,R2,L2,949,949,953,947,true,PASS
square:R2:L2:981,981,Mela Kantamani,R2,L2,981,981,985,979,true,PASS
square:R2:L2:997,997,Tanarupi IV,R2,L2,997,997,1001,995,true,PASS
square:R2:L2:1001,1001,Lydian ♯2♯3♭67,R2,L2,1001,1001,1009,997,true,PASS
square:R2:L2:1269,1269,Major Locrian ♭♭6,R2,L2,1269,1269,1273,1267,true,PASS
square:R2:L2:1397,1397,Major Locrian,R2,L2,1397,1397,1401,1395,true,PASS
square:R2:L2:1461,1461,Mixolydian ♭6,R2,L2,1461,1461,1465,1459,true,PASS
square:R2:L2:1493,1493,Lydian Minor,R2,L2,1493,1493,1497,1491,true,PASS
square:R2:L2:1509,1509,Lydian Minor ♯3,R2,L2,1509,1509,1513,1507,true,PASS
square:R2:L2:1513,1513,Lydian ♭7♭6♯2♯3,R2,L2,1513,1513,1521,1509,true,PASS
square:R2:L2:1653,1653,Mixolydian ♭5,R2,L2,1653,1653,1657,1651,true,PASS
square:R2:L2:1717,1717,Mixolydian,R2,L2,1717,1717,1721,1715,true,PASS
square:R2:L2:1749,1749,Acoustic,R2,L2,1749,1749,1753,1747,true,PASS
square:R2:L2:1765,1765,Lydian ♭7♯3,R2,L2,1765,1765,1769,1763,true,PASS
square:R2:L2:1769,1769,Lydian ♭7♯2♯3,R2,L2,1769,1769,1777,1765,true,PASS
square:R2:L2:1845,1845,Mixolydian Augmented,R2,L2,1845,1845,1849,1843,true,PASS
square:R2:L2:1877,1877,Aeroptian,R2,L2,1877,1877,1881,1875,true,PASS
square:R2:L2:1893,1893,Lydian 7+♯3,R2,L2,1893,1893,1897,1891,true,PASS
square:R2:L2:1897,1897,Lydian 7+♯23,R2,L2,1897,1897,1905,1893,true,PASS
square:R2:L2:1941,1941,Dominant +𝄪4,R2,L2,1941,1941,1945,1939,true,PASS
square:R2:L2:1957,1957,Dominant +♯3𝄪4,R2,L2,1957,1957,1961,1955,true,PASS
square:R2:L2:1961,1961,Dominant +♯2♯3𝄪4,R2,L2,1961,1961,1969,1957,true,PASS
square:R2:L2:1989,1989,Dominant +34,R2,L2,1989,1989,1993,1987,true,PASS
square:R2:L2:1993,1993,Dominant +♯234,R2,L2,1993,1993,2001,1989,true,PASS
square:R2:L2:2001,2001,Dominant +234,R2,L2,2001,2001,2017,1993,true,PASS
square:R2:L2:2293,2293,Bucolic,R2,L2,2293,2293,2297,2291,true,PASS
square:R2:L2:2421,2421,Harmonic Major ♭5,R2,L2,2421,2421,2425,2419,true,PASS
square:R2:L2:2485,2485,Harmonic Major,R2,L2,2485,2485,2489,2483,true,PASS
square:R2:L2:2517,2517,Lydian Harmonic Major,R2,L2,2517,2517,2521,2515,true,PASS
square:R2:L2:2533,2533,7-19 rooted state 2533,R2,L2,2533,2533,2537,2531,true,PASS
square:R2:L2:2537,2537,Scale 2537,R2,L2,2537,2537,2545,2533,true,PASS
square:R2:L2:2677,2677,Ionian ♭5,R2,L2,2677,2677,2681,2675,true,PASS
square:R2:L2:2741,2741,Ionian,R2,L2,2741,2741,2745,2739,true,PASS
square:R2:L2:2773,2773,Lydian,R2,L2,2773,2773,2777,2771,true,PASS
square:R2:L2:2789,2789,Lydian ♯3,R2,L2,2789,2789,2793,2787,true,PASS
square:R2:L2:2793,2793,1sus4 & 7⁷,R2,L2,2793,2793,2801,2789,true,PASS
square:R2:L2:2869,2869,Major Augmented,R2,L2,2869,2869,2873,2867,true,PASS
square:R2:L2:2901,2901,Lydian Augmented,R2,L2,2901,2901,2905,2899,true,PASS
square:R2:L2:2917,2917,Lydian Augmented ♯3,R2,L2,2917,2917,2921,2915,true,PASS
square:R2:L2:2921,2921,Lydian Augmented ♯2♯3,R2,L2,2921,2921,2929,2917,true,PASS
square:R2:L2:2965,2965,Ionian +𝄪4,R2,L2,2965,2965,2969,2963,true,PASS
square:R2:L2:2981,2981,Noh,R2,L2,2981,2981,2985,2979,true,PASS
square:R2:L2:2985,2985,Ionian +♯23𝄪4,R2,L2,2985,2985,2993,2981,true,PASS
square:R2:L2:3013,3013,Ionian +𝄪34,R2,L2,3013,3013,3017,3011,true,PASS
square:R2:L2:3017,3017,Scale 3017,R2,L2,3017,3017,3025,3013,true,PASS
square:R2:L2:3025,3025,Ionian +𝄪234,R2,L2,3025,3025,3041,3017,true,PASS
square:R2:L2:3189,3189,Ionian ♭5♯6,R2,L2,3189,3189,3193,3187,true,PASS
square:R2:L2:3253,3253,Mela Naganandini,R2,L2,3253,3253,3257,3251,true,PASS
square:R2:L2:3285,3285,Mela Citrambari,R2,L2,3285,3285,3289,3283,true,PASS
square:R2:L2:3301,3301,Rāga Loom Sarang,R2,L2,3301,3301,3305,3299,true,PASS
square:R2:L2:3305,3305,Chromatic Hypophrygian,R2,L2,3305,3305,3313,3301,true,PASS
square:R2:L2:3381,3381,Ionian +♯6,R2,L2,3381,3381,3385,3379,true,PASS
square:R2:L2:3413,3413,Leading Whole-Tone,R2,L2,3413,3413,3417,3411,true,PASS
square:R2:L2:3429,3429,Lydian +♯36,R2,L2,3429,3429,3433,3427,true,PASS
square:R2:L2:3433,3433,Superlydian Augmented,R2,L2,3433,3433,3441,3429,true,PASS
square:R2:L2:3477,3477,Ionian +♯64,R2,L2,3477,3477,3481,3475,true,PASS
square:R2:L2:3493,3493,Ionian +♯3♯6𝄪4,R2,L2,3493,3493,3497,3491,true,PASS
square:R2:L2:3497,3497,Superlydian Augmented 𝄪4,R2,L2,3497,3497,3505,3493,true,PASS
square:R2:L2:3525,3525,Scale 3525,R2,L2,3525,3525,3529,3523,true,PASS
square:R2:L2:3529,3529,Superlydian Augmented 𝄪3𝄪4,R2,L2,3529,3529,3537,3525,true,PASS
square:R2:L2:3537,3537,Scale 3537,R2,L2,3537,3537,3553,3529,true,PASS
square:R2:L2:3637,3637,Rāga Rageshri,R2,L2,3637,3637,3641,3635,true,PASS
square:R2:L2:3669,3669,Ionian ♯4𝄪5♯6,R2,L2,3669,3669,3673,3667,true,PASS
square:R2:L2:3685,3685,7-Z18 rooted state 3685,R2,L2,3685,3685,3689,3683,true,PASS
square:R2:L2:3689,3689,Scale 3689,R2,L2,3689,3689,3697,3685,true,PASS
square:R2:L2:3733,3733,Ionian 𝄪4𝄪5♯6,R2,L2,3733,3733,3737,3731,true,PASS
square:R2:L2:3749,3749,Rāga Sorati,R2,L2,3749,3749,3753,3747,true,PASS
square:R2:L2:3753,3753,Superaugmented ♯3𝄪4𝄪5,R2,L2,3753,3753,3761,3749,true,PASS
square:R2:L2:3781,3781,Kaikian Mode VII,R2,L2,3781,3781,3785,3779,true,PASS
square:R2:L2:3785,3785,Scale 3785,R2,L2,3785,3785,3793,3781,true,PASS
square:R2:L2:3793,3793,Superlydian Augmented 𝄪2𝄪3𝄪4𝄪5,R2,L2,3793,3793,3809,3785,true,PASS
square:R2:L2:3861,3861,Ionian ♯45♯6,R2,L2,3861,3861,3865,3859,true,PASS
square:R2:L2:3877,3877,Ionian ♯3♯45♯6,R2,L2,3877,3877,3881,3875,true,PASS
square:R2:L2:3881,3881,Tanarupi III,R2,L2,3881,3881,3889,3877,true,PASS
square:R2:L2:3909,3909,Superlydian Augmented ♮235♯4,R2,L2,3909,3909,3913,3907,true,PASS
square:R2:L2:3913,3913,Bonian,R2,L2,3913,3913,3921,3909,true,PASS
square:R2:L2:3921,3921,Superlydian Augmented 23♯45,R2,L2,3921,3921,3937,3913,true,PASS
square:R2:L2:3973,3973,Superlydian Augmented ♮25♯34,R2,L2,3973,3973,3977,3971,true,PASS
square:R2:L2:3977,3977,Scale 3977,R2,L2,3977,3977,3985,3973,true,PASS
square:R2:L2:3985,3985,7-3 rooted state 3985,R2,L2,3985,3985,4001,3977,true,PASS
square:R2:L2:4001,4001,Superlydian Augmented ♯2♯3♯45,R2,L2,4001,4001,4033,3985,true,PASS
square:R2:R3:491,491,Locrian ♭♭6♭♭♭7,R2,R3,501,501,493,499,true,PASS
square:R2:R3:747,747,1sus4 & ♭3∅7,R2,R3,757,757,749,755,true,PASS
square:R2:R3:875,875,Locrian double-flat 7,R2,R3,885,885,877,883,true,PASS
square:R2:R3:939,939,Rāga Malini,R2,R3,949,949,941,947,true,PASS
square:R2:R3:971,971,Scale 971,R2,R3,981,981,973,979,true,PASS
square:R2:R3:979,979,Scale 979,R2,R3,997,997,981,995,true,PASS
square:R2:R3:981,981,Mela Kantamani,R2,R3,1001,1001,985,997,true,PASS
square:R2:R3:1259,1259,Blues Phrygian,R2,R3,1269,1269,1261,1267,true,PASS
square:R2:R3:1387,1387,Locrian,R2,R3,1397,1397,1389,1395,true,PASS
square:R2:R3:1451,1451,Phrygian,R2,R3,1461,1461,1453,1459,true,PASS
square:R2:R3:1483,1483,Mela Bhavapriya,R2,R3,1493,1493,1485,1491,true,PASS
square:R2:R3:1491,1491,Namanarayani,R2,R3,1509,1509,1493,1507,true,PASS
square:R2:R3:1493,1493,Lydian Minor,R2,R3,1513,1513,1497,1509,true,PASS
square:R2:R3:1643,1643,Locrian ♮6,R2,R3,1653,1653,1645,1651,true,PASS
square:R2:R3:1707,1707,Dorian ♭2,R2,R3,1717,1717,1709,1715,true,PASS
square:R2:R3:1739,1739,Rāga Sthavarajam,R2,R3,1749,1749,1741,1747,true,PASS
square:R2:R3:1747,1747,Lydian 7♭2,R2,R3,1765,1765,1749,1763,true,PASS
square:R2:R3:1749,1749,Acoustic,R2,R3,1769,1769,1753,1765,true,PASS
square:R2:R3:1835,1835,Dorian +♭2,R2,R3,1845,1845,1837,1843,true,PASS
square:R2:R3:1867,1867,Lydian 7+♭23,R2,R3,1877,1877,1869,1875,true,PASS
square:R2:R3:1875,1875,Persichetti,R2,R3,1893,1893,1877,1891,true,PASS
square:R2:R3:1877,1877,Aeroptian,R2,R3,1897,1897,1881,1893,true,PASS
square:R2:R3:1931,1931,Dorian +♭2𝄪4,R2,R3,1941,1941,1933,1939,true,PASS
square:R2:R3:1939,1939,Dominant +♭2𝄪4,R2,R3,1957,1957,1941,1955,true,PASS
square:R2:R3:1941,1941,Dominant +𝄪4,R2,R3,1961,1961,1945,1957,true,PASS
square:R2:R3:1955,1955,Dominant +♭2♯3𝄪4,R2,R3,1989,1989,1957,1987,true,PASS
square:R2:R3:1957,1957,Dominant +♯3𝄪4,R2,R3,1993,1993,1961,1989,true,PASS
square:R2:R3:1961,1961,Dominant +♯2♯3𝄪4,R2,R3,2001,2001,1969,1993,true,PASS
square:R2:R3:2283,2283,Pacific Minor,R2,R3,2293,2293,2285,2291,true,PASS
square:R2:R3:2411,2411,Locrian ♮7,R2,R3,2421,2421,2413,2419,true,PASS
square:R2:R3:2475,2475,Neapolitan Minor,R2,R3,2485,2485,2477,2483,true,PASS
square:R2:R3:2507,2507,Chromatic Lydian Inverse,R2,R3,2517,2517,2509,2515,true,PASS
square:R2:R3:2515,2515,Chromatic Hypolydian,R2,R3,2533,2533,2517,2531,true,PASS
square:R2:R3:2517,2517,Lydian Harmonic Major,R2,R3,2537,2537,2521,2533,true,PASS
square:R2:R3:2667,2667,Neapolitan Major ♭5,R2,R3,2677,2677,2669,2675,true,PASS
square:R2:R3:2731,2731,Neapolitan Major,R2,R3,2741,2741,2733,2739,true,PASS
square:R2:R3:2763,2763,Rāga Sauviram,R2,R3,2773,2773,2765,2771,true,PASS
square:R2:R3:2771,2771,Mela Gamanasrama,R2,R3,2789,2789,2773,2787,true,PASS
square:R2:R3:2773,2773,Lydian,R2,R3,2793,2793,2777,2789,true,PASS
square:R2:R3:2859,2859,Neapolitan Major ♯5,R2,R3,2869,2869,2861,2867,true,PASS
square:R2:R3:2891,2891,7-25 rooted state 2891,R2,R3,2901,2901,2893,2899,true,PASS
square:R2:R3:2899,2899,Lydian Augmented ♭2,R2,R3,2917,2917,2901,2915,true,PASS
square:R2:R3:2901,2901,Lydian Augmented,R2,R3,2921,2921,2905,2917,true,PASS
square:R2:R3:2955,2955,Neapolitan Maj 𝄪4♯5,R2,R3,2965,2965,2957,2963,true,PASS
square:R2:R3:2963,2963,Ionian +♭2𝄪4,R2,R3,2981,2981,2965,2979,true,PASS
square:R2:R3:2965,2965,Ionian +𝄪4,R2,R3,2985,2985,2969,2981,true,PASS
square:R2:R3:2979,2979,Ionian +♭2♯3𝄪4,R2,R3,3013,3013,2981,3011,true,PASS
square:R2:R3:2981,2981,Noh,R2,R3,3017,3017,2985,3013,true,PASS
square:R2:R3:2985,2985,Ionian +♯23𝄪4,R2,R3,3025,3025,2993,3017,true,PASS
square:R2:R3:3179,3179,Locrian ♮7♯6,R2,R3,3189,3189,3181,3187,true,PASS
square:R2:R3:3243,3243,Mela Rupavati,R2,R3,3253,3253,3245,3251,true,PASS
square:R2:R3:3275,3275,7-Z18 rooted state 3275,R2,R3,3285,3285,3277,3283,true,PASS
square:R2:R3:3283,3283,7-19 rooted state 3283,R2,R3,3301,3301,3285,3299,true,PASS
square:R2:R3:3285,3285,Mela Citrambari,R2,R3,3305,3305,3289,3301,true,PASS
square:R2:R3:3371,3371,Neapolitan Maj ♯5♯6,R2,R3,3381,3381,3373,3379,true,PASS
square:R2:R3:3403,3403,Enigmatic Minor,R2,R3,3413,3413,3405,3411,true,PASS
square:R2:R3:3411,3411,Enigmatic,R2,R3,3429,3429,3413,3427,true,PASS
square:R2:R3:3413,3413,Leading Whole-Tone,R2,R3,3433,3433,3417,3429,true,PASS
square:R2:R3:3467,3467,Phrygian +𝄪4,R2,R3,3477,3477,3469,3475,true,PASS
square:R2:R3:3475,3475,Enigmatic 𝄪4,R2,R3,3493,3493,3477,3491,true,PASS
square:R2:R3:3477,3477,Ionian +♯64,R2,R3,3497,3497,3481,3493,true,PASS
square:R2:R3:3491,3491,Superlydian Augmented ♭2𝄪4,R2,R3,3525,3525,3493,3523,true,PASS
square:R2:R3:3493,3493,Ionian +♯3♯6𝄪4,R2,R3,3529,3529,3497,3525,true,PASS
square:R2:R3:3497,3497,Superlydian Augmented 𝄪4,R2,R3,3537,3537,3505,3529,true,PASS
square:R2:R3:3627,3627,Neapolitan Maj 5♯6,R2,R3,3637,3637,3629,3635,true,PASS
square:R2:R3:3659,3659,Phrygian +5,R2,R3,3669,3669,3661,3667,true,PASS
square:R2:R3:3667,3667,Lydian ♭25♯6,R2,R3,3685,3685,3669,3683,true,PASS
square:R2:R3:3669,3669,Ionian ♯4𝄪5♯6,R2,R3,3689,3689,3673,3685,true,PASS
square:R2:R3:3723,3723,Phrygian +45,R2,R3,3733,3733,3725,3731,true,PASS
square:R2:R3:3731,3731,Aeryrian,R2,R3,3749,3749,3733,3747,true,PASS
square:R2:R3:3733,3733,Ionian 𝄪4𝄪5♯6,R2,R3,3753,3753,3737,3749,true,PASS
square:R2:R3:3747,3747,Superlydian Augmented ♭2𝄪4𝄪5,R2,R3,3781,3781,3749,3779,true,PASS
square:R2:R3:3749,3749,Rāga Sorati,R2,R3,3785,3785,3753,3781,true,PASS
square:R2:R3:3753,3753,Superaugmented ♯3𝄪4𝄪5,R2,R3,3793,3793,3761,3785,true,PASS
square:R2:R3:3851,3851,Phrygian +5♯4,R2,R3,3861,3861,3853,3859,true,PASS
square:R2:R3:3859,3859,7-3 rooted state 3859,R2,R3,3877,3877,3861,3875,true,PASS
square:R2:R3:3861,3861,Ionian ♯45♯6,R2,R3,3881,3881,3865,3877,true,PASS
square:R2:R3:3875,3875,7-3 rooted state 3875,R2,R3,3909,3909,3877,3907,true,PASS
square:R2:R3:3877,3877,Ionian ♯3♯45♯6,R2,R3,3913,3913,3881,3909,true,PASS
square:R2:R3:3881,3881,Tanarupi III,R2,R3,3921,3921,3889,3913,true,PASS
square:R2:R3:3907,3907,YUTian,R2,R3,3973,3973,3909,3971,true,PASS
square:R2:R3:3909,3909,Superlydian Augmented ♮235♯4,R2,R3,3977,3977,3913,3973,true,PASS
square:R2:R3:3913,3913,Bonian,R2,R3,3985,3985,3921,3977,true,PASS
square:R2:R3:3921,3921,Superlydian Augmented 23♯45,R2,R3,4001,4001,3937,3985,true,PASS
square:R2:L3:499,499,Major Locrian ♭26♭7,R2,L3,493,493,501,491,true,PASS
square:R2:L3:755,755,Ionian ♭2♭5𝄫6𝄫7,R2,L3,749,749,757,747,true,PASS
square:R2:L3:883,883,Scale 883,R2,L3,877,877,885,875,true,PASS
square:R2:L3:947,947,Scale 947,R2,L3,941,941,949,939,true,PASS
square:R2:L3:979,979,Scale 979,R2,L3,973,973,981,971,true,PASS
square:R2:L3:995,995,Lydian ♭2♯3♭67,R2,L3,981,981,997,979,true,PASS
square:R2:L3:997,997,Tanarupi IV,R2,L3,985,985,1001,981,true,PASS
square:R2:L3:1267,1267,7-19 rooted state 1267,R2,L3,1261,1261,1269,1259,true,PASS
square:R2:L3:1395,1395,Locrian Dominant,R2,L3,1389,1389,1397,1387,true,PASS
square:R2:L3:1459,1459,Phrygian Dominant,R2,L3,1453,1453,1461,1451,true,PASS
square:R2:L3:1491,1491,Namanarayani,R2,L3,1485,1485,1493,1483,true,PASS
square:R2:L3:1507,1507,Lydian ♭7♭2♭6♯3,R2,L3,1493,1493,1509,1491,true,PASS
square:R2:L3:1509,1509,Lydian Minor ♯3,R2,L3,1497,1497,1513,1493,true,PASS
square:R2:L3:1651,1651,Tsinganikos,R2,L3,1645,1645,1653,1643,true,PASS
square:R2:L3:1715,1715,Dominant ♭2,R2,L3,1709,1709,1717,1707,true,PASS
square:R2:L3:1747,1747,Lydian 7♭2,R2,L3,1741,1741,1749,1739,true,PASS
square:R2:L3:1763,1763,Lydian 7♭2♯3,R2,L3,1749,1749,1765,1747,true,PASS
square:R2:L3:1765,1765,Lydian ♭7♯3,R2,L3,1753,1753,1769,1749,true,PASS
square:R2:L3:1843,1843,7-21 rooted state 1843,R2,L3,1837,1837,1845,1835,true,PASS
square:R2:L3:1875,1875,Persichetti,R2,L3,1869,1869,1877,1867,true,PASS
square:R2:L3:1891,1891,Hijaz Major,R2,L3,1877,1877,1893,1875,true,PASS
square:R2:L3:1893,1893,Lydian 7+♯3,R2,L3,1881,1881,1897,1877,true,PASS
square:R2:L3:1939,1939,Dominant +♭2𝄪4,R2,L3,1933,1933,1941,1931,true,PASS
square:R2:L3:1955,1955,Dominant +♭2♯3𝄪4,R2,L3,1941,1941,1957,1939,true,PASS
square:R2:L3:1957,1957,Dominant +♯3𝄪4,R2,L3,1945,1945,1961,1941,true,PASS
square:R2:L3:1987,1987,7-4 rooted state 1987,R2,L3,1957,1957,1989,1955,true,PASS
square:R2:L3:1989,1989,Dominant +34,R2,L3,1961,1961,1993,1957,true,PASS
square:R2:L3:1993,1993,Dominant +♯234,R2,L3,1969,1969,2001,1961,true,PASS
square:R2:L3:2291,2291,Scale 2291,R2,L3,2285,2285,2293,2283,true,PASS
square:R2:L3:2419,2419,Rāga Suddha Pancama,R2,L3,2413,2413,2421,2411,true,PASS
square:R2:L3:2483,2483,Double Harmonic,R2,L3,2477,2477,2485,2475,true,PASS
square:R2:L3:2515,2515,Chromatic Hypolydian,R2,L3,2509,2509,2517,2507,true,PASS
square:R2:L3:2531,2531,Scale 2531,R2,L3,2517,2517,2533,2515,true,PASS
square:R2:L3:2533,2533,7-19 rooted state 2533,R2,L3,2521,2521,2537,2517,true,PASS
square:R2:L3:2675,2675,Chromatic Lydian,R2,L3,2669,2669,2677,2667,true,PASS
square:R2:L3:2739,2739,Rāga Supradhipam,R2,L3,2733,2733,2741,2731,true,PASS
square:R2:L3:2771,2771,Mela Gamanasrama,R2,L3,2765,2765,2773,2763,true,PASS
square:R2:L3:2787,2787,Lydian ♭2♯3,R2,L3,2773,2773,2789,2771,true,PASS
square:R2:L3:2789,2789,Lydian ♯3,R2,L3,2777,2777,2793,2773,true,PASS
square:R2:L3:2867,2867,7-21 rooted state 2867,R2,L3,2861,2861,2869,2859,true,PASS
square:R2:L3:2899,2899,Lydian Augmented ♭2,R2,L3,2893,2893,2901,2891,true,PASS
square:R2:L3:2915,2915,Scale 2915,R2,L3,2901,2901,2917,2899,true,PASS
square:R2:L3:2917,2917,Lydian Augmented ♯3,R2,L3,2905,2905,2921,2901,true,PASS
square:R2:L3:2963,2963,Ionian +♭2𝄪4,R2,L3,2957,2957,2965,2955,true,PASS
square:R2:L3:2979,2979,Ionian +♭2♯3𝄪4,R2,L3,2965,2965,2981,2963,true,PASS
square:R2:L3:2981,2981,Noh,R2,L3,2969,2969,2985,2965,true,PASS
square:R2:L3:3011,3011,7-5 rooted state 3011,R2,L3,2981,2981,3013,2979,true,PASS
square:R2:L3:3013,3013,Ionian +𝄪34,R2,L3,2985,2985,3017,2981,true,PASS
square:R2:L3:3017,3017,Scale 3017,R2,L3,2993,2993,3025,2985,true,PASS
square:R2:L3:3187,3187,Scale 3187,R2,L3,3181,3181,3189,3179,true,PASS
square:R2:L3:3251,3251,7-19 rooted state 3251,R2,L3,3245,3245,3253,3243,true,PASS
square:R2:L3:3283,3283,7-19 rooted state 3283,R2,L3,3277,3277,3285,3275,true,PASS
square:R2:L3:3299,3299,Scale 3299,R2,L3,3285,3285,3301,3283,true,PASS
square:R2:L3:3301,3301,Rāga Loom Sarang,R2,L3,3289,3289,3305,3285,true,PASS
square:R2:L3:3379,3379,7-Z18 rooted state 3379,R2,L3,3373,3373,3381,3371,true,PASS
square:R2:L3:3411,3411,Enigmatic,R2,L3,3405,3405,3413,3403,true,PASS
square:R2:L3:3427,3427,Phrygian +♯3,R2,L3,3413,3413,3429,3411,true,PASS
square:R2:L3:3429,3429,Lydian +♯36,R2,L3,3417,3417,3433,3413,true,PASS
square:R2:L3:3475,3475,Enigmatic 𝄪4,R2,L3,3469,3469,3477,3467,true,PASS
square:R2:L3:3491,3491,Superlydian Augmented ♭2𝄪4,R2,L3,3477,3477,3493,3475,true,PASS
square:R2:L3:3493,3493,Ionian +♯3♯6𝄪4,R2,L3,3481,3481,3497,3477,true,PASS
square:R2:L3:3523,3523,7-5 rooted state 3523,R2,L3,3493,3493,3525,3491,true,PASS
square:R2:L3:3525,3525,Scale 3525,R2,L3,3497,3497,3529,3493,true,PASS
square:R2:L3:3529,3529,Superlydian Augmented 𝄪3𝄪4,R2,L3,3505,3505,3537,3497,true,PASS
square:R2:L3:3635,3635,Ionian ♭25♯6,R2,L3,3629,3629,3637,3627,true,PASS
square:R2:L3:3667,3667,Lydian ♭25♯6,R2,L3,3661,3661,3669,3659,true,PASS
square:R2:L3:3683,3683,Phrygian +♯35,R2,L3,3669,3669,3685,3667,true,PASS
square:R2:L3:3685,3685,7-Z18 rooted state 3685,R2,L3,3673,3673,3689,3669,true,PASS
square:R2:L3:3731,3731,Aeryrian,R2,L3,3725,3725,3733,3723,true,PASS
square:R2:L3:3747,3747,Superlydian Augmented ♭2𝄪4𝄪5,R2,L3,3733,3733,3749,3731,true,PASS
square:R2:L3:3749,3749,Rāga Sorati,R2,L3,3737,3737,3753,3733,true,PASS
square:R2:L3:3779,3779,7-4 rooted state 3779,R2,L3,3749,3749,3781,3747,true,PASS
square:R2:L3:3781,3781,Kaikian Mode VII,R2,L3,3753,3753,3785,3749,true,PASS
square:R2:L3:3785,3785,Scale 3785,R2,L3,3761,3761,3793,3753,true,PASS
square:R2:L3:3859,3859,7-3 rooted state 3859,R2,L3,3853,3853,3861,3851,true,PASS
square:R2:L3:3875,3875,7-3 rooted state 3875,R2,L3,3861,3861,3877,3859,true,PASS
square:R2:L3:3877,3877,Ionian ♯3♯45♯6,R2,L3,3865,3865,3881,3861,true,PASS
square:R2:L3:3907,3907,YUTian,R2,L3,3877,3877,3909,3875,true,PASS
square:R2:L3:3909,3909,Superlydian Augmented ♮235♯4,R2,L3,3881,3881,3913,3877,true,PASS
square:R2:L3:3913,3913,Bonian,R2,L3,3889,3889,3921,3881,true,PASS
square:R2:L3:3971,3971,7-1 terminal cluster state 3971,R2,L3,3909,3909,3973,3907,true,PASS
square:R2:L3:3973,3973,Superlydian Augmented ♮25♯34,R2,L3,3913,3913,3977,3909,true,PASS
square:R2:L3:3977,3977,Scale 3977,R2,L3,3921,3921,3985,3913,true,PASS
square:R2:L3:3985,3985,7-3 rooted state 3985,R2,L3,3937,3937,4001,3921,true,PASS
square:R2:R4:475,475,Alt 6♭7,R2,R4,493,493,477,491,true,PASS
square:R2:R4:731,731,Alternating Heptamode,R2,R4,749,749,733,747,true,PASS
square:R2:R4:859,859,Ultralocrian,R2,R4,877,877,861,875,true,PASS
square:R2:R4:923,923,Alt ♮5𝄫7,R2,R4,941,941,925,939,true,PASS
square:R2:R4:939,939,Rāga Malini,R2,R4,973,973,941,971,true,PASS
square:R2:R4:947,947,Scale 947,R2,R4,981,981,949,979,true,PASS
square:R2:R4:949,949,Mararanjani,R2,R4,985,985,953,981,true,PASS
square:R2:R4:1243,1243,Alt 6,R2,R4,1261,1261,1245,1259,true,PASS
square:R2:R4:1371,1371,Superlocrian,R2,R4,1389,1389,1373,1387,true,PASS
square:R2:R4:1435,1435,Maqam Saba Zamzam,R2,R4,1453,1453,1437,1451,true,PASS
square:R2:R4:1451,1451,Phrygian,R2,R4,1485,1485,1453,1483,true,PASS
square:R2:R4:1459,1459,Phrygian Dominant,R2,R4,1493,1493,1461,1491,true,PASS
square:R2:R4:1461,1461,Mixolydian ♭6,R2,R4,1497,1497,1465,1493,true,PASS
square:R2:R4:1627,1627,Superlocrian ♯6,R2,R4,1645,1645,1629,1643,true,PASS
square:R2:R4:1691,1691,Dorian ♭2♭4,R2,R4,1709,1709,1693,1707,true,PASS
square:R2:R4:1707,1707,Dorian ♭2,R2,R4,1741,1741,1709,1739,true,PASS
square:R2:R4:1715,1715,Dominant ♭2,R2,R4,1749,1749,1717,1747,true,PASS
square:R2:R4:1717,1717,Mixolydian,R2,R4,1753,1753,1721,1749,true,PASS
square:R2:R4:1819,1819,Alt ♮6♯5,R2,R4,1837,1837,1821,1835,true,PASS
square:R2:R4:1835,1835,Dorian +♭2,R2,R4,1869,1869,1837,1867,true,PASS
square:R2:R4:1843,1843,7-21 rooted state 1843,R2,R4,1877,1877,1845,1875,true,PASS
square:R2:R4:1845,1845,Mixolydian Augmented,R2,R4,1881,1881,1849,1877,true,PASS
square:R2:R4:1867,1867,Lydian 7+♭23,R2,R4,1933,1933,1869,1931,true,PASS
square:R2:R4:1875,1875,Persichetti,R2,R4,1941,1941,1877,1939,true,PASS
square:R2:R4:1877,1877,Aeroptian,R2,R4,1945,1945,1881,1941,true,PASS
square:R2:R4:1891,1891,Hijaz Major,R2,R4,1957,1957,1893,1955,true,PASS
square:R2:R4:1893,1893,Lydian 7+♯3,R2,R4,1961,1961,1897,1957,true,PASS
square:R2:R4:1897,1897,Lydian 7+♯23,R2,R4,1969,1969,1905,1961,true,PASS
square:R2:R4:2267,2267,Scale 2267,R2,R4,2285,2285,2269,2283,true,PASS
square:R2:R4:2395,2395,Alt ♮7,R2,R4,2413,2413,2397,2411,true,PASS
square:R2:R4:2459,2459,7-21 rooted state 2459,R2,R4,2477,2477,2461,2475,true,PASS
square:R2:R4:2475,2475,Neapolitan Minor,R2,R4,2509,2509,2477,2507,true,PASS
square:R2:R4:2483,2483,Double Harmonic,R2,R4,2517,2517,2485,2515,true,PASS
square:R2:R4:2485,2485,Harmonic Major,R2,R4,2521,2521,2489,2517,true,PASS
square:R2:R4:2651,2651,7-25 rooted state 2651,R2,R4,2669,2669,2653,2667,true,PASS
square:R2:R4:2715,2715,Neapolitan Major ♭4,R2,R4,2733,2733,2717,2731,true,PASS
square:R2:R4:2731,2731,Neapolitan Major,R2,R4,2765,2765,2733,2763,true,PASS
square:R2:R4:2739,2739,Rāga Supradhipam,R2,R4,2773,2773,2741,2771,true,PASS
square:R2:R4:2741,2741,Ionian,R2,R4,2777,2777,2745,2773,true,PASS
square:R2:R4:2843,2843,Neapolitan Major ♭4♯5,R2,R4,2861,2861,2845,2859,true,PASS
square:R2:R4:2859,2859,Neapolitan Major ♯5,R2,R4,2893,2893,2861,2891,true,PASS
square:R2:R4:2867,2867,7-21 rooted state 2867,R2,R4,2901,2901,2869,2899,true,PASS
square:R2:R4:2869,2869,Major Augmented,R2,R4,2905,2905,2873,2901,true,PASS
square:R2:R4:2891,2891,7-25 rooted state 2891,R2,R4,2957,2957,2893,2955,true,PASS
square:R2:R4:2899,2899,Lydian Augmented ♭2,R2,R4,2965,2965,2901,2963,true,PASS
square:R2:R4:2901,2901,Lydian Augmented,R2,R4,2969,2969,2905,2965,true,PASS
square:R2:R4:2915,2915,Scale 2915,R2,R4,2981,2981,2917,2979,true,PASS
square:R2:R4:2917,2917,Lydian Augmented ♯3,R2,R4,2985,2985,2921,2981,true,PASS
square:R2:R4:2921,2921,Lydian Augmented ♯2♯3,R2,R4,2993,2993,2929,2985,true,PASS
square:R2:R4:3163,3163,Alt ♮7♯6,R2,R4,3181,3181,3165,3179,true,PASS
square:R2:R4:3227,3227,Neapolitan Major ♭4♯6,R2,R4,3245,3245,3229,3243,true,PASS
square:R2:R4:3243,3243,Mela Rupavati,R2,R4,3277,3277,3245,3275,true,PASS
square:R2:R4:3251,3251,7-19 rooted state 3251,R2,R4,3285,3285,3253,3283,true,PASS
square:R2:R4:3253,3253,Mela Naganandini,R2,R4,3289,3289,3257,3285,true,PASS
square:R2:R4:3355,3355,Phrygian +♭4,R2,R4,3373,3373,3357,3371,true,PASS
square:R2:R4:3371,3371,Neapolitan Maj ♯5♯6,R2,R4,3405,3405,3373,3403,true,PASS
square:R2:R4:3379,3379,7-Z18 rooted state 3379,R2,R4,3413,3413,3381,3411,true,PASS
square:R2:R4:3381,3381,Ionian +♯6,R2,R4,3417,3417,3385,3413,true,PASS
square:R2:R4:3403,3403,Enigmatic Minor,R2,R4,3469,3469,3405,3467,true,PASS
square:R2:R4:3411,3411,Enigmatic,R2,R4,3477,3477,3413,3475,true,PASS
square:R2:R4:3413,3413,Leading Whole-Tone,R2,R4,3481,3481,3417,3477,true,PASS
square:R2:R4:3427,3427,Phrygian +♯3,R2,R4,3493,3493,3429,3491,true,PASS
square:R2:R4:3429,3429,Lydian +♯36,R2,R4,3497,3497,3433,3493,true,PASS
square:R2:R4:3433,3433,Superlydian Augmented,R2,R4,3505,3505,3441,3497,true,PASS
square:R2:R4:3611,3611,7-4 rooted state 3611,R2,R4,3629,3629,3613,3627,true,PASS
square:R2:R4:3627,3627,Neapolitan Maj 5♯6,R2,R4,3661,3661,3629,3659,true,PASS
square:R2:R4:3635,3635,Ionian ♭25♯6,R2,R4,3669,3669,3637,3667,true,PASS
square:R2:R4:3637,3637,Rāga Rageshri,R2,R4,3673,3673,3641,3669,true,PASS
square:R2:R4:3659,3659,Phrygian +5,R2,R4,3725,3725,3661,3723,true,PASS
square:R2:R4:3667,3667,Lydian ♭25♯6,R2,R4,3733,3733,3669,3731,true,PASS
square:R2:R4:3669,3669,Ionian ♯4𝄪5♯6,R2,R4,3737,3737,3673,3733,true,PASS
square:R2:R4:3683,3683,Phrygian +♯35,R2,R4,3749,3749,3685,3747,true,PASS
square:R2:R4:3685,3685,7-Z18 rooted state 3685,R2,R4,3753,3753,3689,3749,true,PASS
square:R2:R4:3689,3689,Scale 3689,R2,R4,3761,3761,3697,3753,true,PASS
square:R2:R4:3723,3723,Phrygian +45,R2,R4,3853,3853,3725,3851,true,PASS
square:R2:R4:3731,3731,Aeryrian,R2,R4,3861,3861,3733,3859,true,PASS
square:R2:R4:3733,3733,Ionian 𝄪4𝄪5♯6,R2,R4,3865,3865,3737,3861,true,PASS
square:R2:R4:3747,3747,Superlydian Augmented ♭2𝄪4𝄪5,R2,R4,3877,3877,3749,3875,true,PASS
square:R2:R4:3749,3749,Rāga Sorati,R2,R4,3881,3881,3753,3877,true,PASS
square:R2:R4:3753,3753,Superaugmented ♯3𝄪4𝄪5,R2,R4,3889,3889,3761,3881,true,PASS
square:R2:R4:3779,3779,7-4 rooted state 3779,R2,R4,3909,3909,3781,3907,true,PASS
square:R2:R4:3781,3781,Kaikian Mode VII,R2,R4,3913,3913,3785,3909,true,PASS
square:R2:R4:3785,3785,Scale 3785,R2,R4,3921,3921,3793,3913,true,PASS
square:R2:R4:3793,3793,Superlydian Augmented 𝄪2𝄪3𝄪4𝄪5,R2,R4,3937,3937,3809,3921,true,PASS
square:R2:L4:491,491,Locrian ♭♭6♭♭♭7,R2,L4,477,477,493,475,true,PASS
square:R2:L4:747,747,1sus4 & ♭3∅7,R2,L4,733,733,749,731,true,PASS
square:R2:L4:875,875,Locrian double-flat 7,R2,L4,861,861,877,859,true,PASS
square:R2:L4:939,939,Rāga Malini,R2,L4,925,925,941,923,true,PASS
square:R2:L4:971,971,Scale 971,R2,L4,941,941,973,939,true,PASS
square:R2:L4:979,979,Scale 979,R2,L4,949,949,981,947,true,PASS
square:R2:L4:981,981,Mela Kantamani,R2,L4,953,953,985,949,true,PASS
square:R2:L4:1259,1259,Blues Phrygian,R2,L4,1245,1245,1261,1243,true,PASS
square:R2:L4:1387,1387,Locrian,R2,L4,1373,1373,1389,1371,true,PASS
square:R2:L4:1451,1451,Phrygian,R2,L4,1437,1437,1453,1435,true,PASS
square:R2:L4:1483,1483,Mela Bhavapriya,R2,L4,1453,1453,1485,1451,true,PASS
square:R2:L4:1491,1491,Namanarayani,R2,L4,1461,1461,1493,1459,true,PASS
square:R2:L4:1493,1493,Lydian Minor,R2,L4,1465,1465,1497,1461,true,PASS
square:R2:L4:1643,1643,Locrian ♮6,R2,L4,1629,1629,1645,1627,true,PASS
square:R2:L4:1707,1707,Dorian ♭2,R2,L4,1693,1693,1709,1691,true,PASS
square:R2:L4:1739,1739,Rāga Sthavarajam,R2,L4,1709,1709,1741,1707,true,PASS
square:R2:L4:1747,1747,Lydian 7♭2,R2,L4,1717,1717,1749,1715,true,PASS
square:R2:L4:1749,1749,Acoustic,R2,L4,1721,1721,1753,1717,true,PASS
square:R2:L4:1835,1835,Dorian +♭2,R2,L4,1821,1821,1837,1819,true,PASS
square:R2:L4:1867,1867,Lydian 7+♭23,R2,L4,1837,1837,1869,1835,true,PASS
square:R2:L4:1875,1875,Persichetti,R2,L4,1845,1845,1877,1843,true,PASS
square:R2:L4:1877,1877,Aeroptian,R2,L4,1849,1849,1881,1845,true,PASS
square:R2:L4:1931,1931,Dorian +♭2𝄪4,R2,L4,1869,1869,1933,1867,true,PASS
square:R2:L4:1939,1939,Dominant +♭2𝄪4,R2,L4,1877,1877,1941,1875,true,PASS
square:R2:L4:1941,1941,Dominant +𝄪4,R2,L4,1881,1881,1945,1877,true,PASS
square:R2:L4:1955,1955,Dominant +♭2♯3𝄪4,R2,L4,1893,1893,1957,1891,true,PASS
square:R2:L4:1957,1957,Dominant +♯3𝄪4,R2,L4,1897,1897,1961,1893,true,PASS
square:R2:L4:1961,1961,Dominant +♯2♯3𝄪4,R2,L4,1905,1905,1969,1897,true,PASS
square:R2:L4:2283,2283,Pacific Minor,R2,L4,2269,2269,2285,2267,true,PASS
square:R2:L4:2411,2411,Locrian ♮7,R2,L4,2397,2397,2413,2395,true,PASS
square:R2:L4:2475,2475,Neapolitan Minor,R2,L4,2461,2461,2477,2459,true,PASS
square:R2:L4:2507,2507,Chromatic Lydian Inverse,R2,L4,2477,2477,2509,2475,true,PASS
square:R2:L4:2515,2515,Chromatic Hypolydian,R2,L4,2485,2485,2517,2483,true,PASS
square:R2:L4:2517,2517,Lydian Harmonic Major,R2,L4,2489,2489,2521,2485,true,PASS
square:R2:L4:2667,2667,Neapolitan Major ♭5,R2,L4,2653,2653,2669,2651,true,PASS
square:R2:L4:2731,2731,Neapolitan Major,R2,L4,2717,2717,2733,2715,true,PASS
square:R2:L4:2763,2763,Rāga Sauviram,R2,L4,2733,2733,2765,2731,true,PASS
square:R2:L4:2771,2771,Mela Gamanasrama,R2,L4,2741,2741,2773,2739,true,PASS
square:R2:L4:2773,2773,Lydian,R2,L4,2745,2745,2777,2741,true,PASS
square:R2:L4:2859,2859,Neapolitan Major ♯5,R2,L4,2845,2845,2861,2843,true,PASS
square:R2:L4:2891,2891,7-25 rooted state 2891,R2,L4,2861,2861,2893,2859,true,PASS
square:R2:L4:2899,2899,Lydian Augmented ♭2,R2,L4,2869,2869,2901,2867,true,PASS
square:R2:L4:2901,2901,Lydian Augmented,R2,L4,2873,2873,2905,2869,true,PASS
square:R2:L4:2955,2955,Neapolitan Maj 𝄪4♯5,R2,L4,2893,2893,2957,2891,true,PASS
square:R2:L4:2963,2963,Ionian +♭2𝄪4,R2,L4,2901,2901,2965,2899,true,PASS
square:R2:L4:2965,2965,Ionian +𝄪4,R2,L4,2905,2905,2969,2901,true,PASS
square:R2:L4:2979,2979,Ionian +♭2♯3𝄪4,R2,L4,2917,2917,2981,2915,true,PASS
square:R2:L4:2981,2981,Noh,R2,L4,2921,2921,2985,2917,true,PASS
square:R2:L4:2985,2985,Ionian +♯23𝄪4,R2,L4,2929,2929,2993,2921,true,PASS
square:R2:L4:3179,3179,Locrian ♮7♯6,R2,L4,3165,3165,3181,3163,true,PASS
square:R2:L4:3243,3243,Mela Rupavati,R2,L4,3229,3229,3245,3227,true,PASS
square:R2:L4:3275,3275,7-Z18 rooted state 3275,R2,L4,3245,3245,3277,3243,true,PASS
square:R2:L4:3283,3283,7-19 rooted state 3283,R2,L4,3253,3253,3285,3251,true,PASS
square:R2:L4:3285,3285,Mela Citrambari,R2,L4,3257,3257,3289,3253,true,PASS
square:R2:L4:3371,3371,Neapolitan Maj ♯5♯6,R2,L4,3357,3357,3373,3355,true,PASS
square:R2:L4:3403,3403,Enigmatic Minor,R2,L4,3373,3373,3405,3371,true,PASS
square:R2:L4:3411,3411,Enigmatic,R2,L4,3381,3381,3413,3379,true,PASS
square:R2:L4:3413,3413,Leading Whole-Tone,R2,L4,3385,3385,3417,3381,true,PASS
square:R2:L4:3467,3467,Phrygian +𝄪4,R2,L4,3405,3405,3469,3403,true,PASS
square:R2:L4:3475,3475,Enigmatic 𝄪4,R2,L4,3413,3413,3477,3411,true,PASS
square:R2:L4:3477,3477,Ionian +♯64,R2,L4,3417,3417,3481,3413,true,PASS
square:R2:L4:3491,3491,Superlydian Augmented ♭2𝄪4,R2,L4,3429,3429,3493,3427,true,PASS
square:R2:L4:3493,3493,Ionian +♯3♯6𝄪4,R2,L4,3433,3433,3497,3429,true,PASS
square:R2:L4:3497,3497,Superlydian Augmented 𝄪4,R2,L4,3441,3441,3505,3433,true,PASS
square:R2:L4:3627,3627,Neapolitan Maj 5♯6,R2,L4,3613,3613,3629,3611,true,PASS
square:R2:L4:3659,3659,Phrygian +5,R2,L4,3629,3629,3661,3627,true,PASS
square:R2:L4:3667,3667,Lydian ♭25♯6,R2,L4,3637,3637,3669,3635,true,PASS
square:R2:L4:3669,3669,Ionian ♯4𝄪5♯6,R2,L4,3641,3641,3673,3637,true,PASS
square:R2:L4:3723,3723,Phrygian +45,R2,L4,3661,3661,3725,3659,true,PASS
square:R2:L4:3731,3731,Aeryrian,R2,L4,3669,3669,3733,3667,true,PASS
square:R2:L4:3733,3733,Ionian 𝄪4𝄪5♯6,R2,L4,3673,3673,3737,3669,true,PASS
square:R2:L4:3747,3747,Superlydian Augmented ♭2𝄪4𝄪5,R2,L4,3685,3685,3749,3683,true,PASS
square:R2:L4:3749,3749,Rāga Sorati,R2,L4,3689,3689,3753,3685,true,PASS
square:R2:L4:3753,3753,Superaugmented ♯3𝄪4𝄪5,R2,L4,3697,3697,3761,3689,true,PASS
square:R2:L4:3851,3851,Phrygian +5♯4,R2,L4,3725,3725,3853,3723,true,PASS
square:R2:L4:3859,3859,7-3 rooted state 3859,R2,L4,3733,3733,3861,3731,true,PASS
square:R2:L4:3861,3861,Ionian ♯45♯6,R2,L4,3737,3737,3865,3733,true,PASS
square:R2:L4:3875,3875,7-3 rooted state 3875,R2,L4,3749,3749,3877,3747,true,PASS
square:R2:L4:3877,3877,Ionian ♯3♯45♯6,R2,L4,3753,3753,3881,3749,true,PASS
square:R2:L4:3881,3881,Tanarupi III,R2,L4,3761,3761,3889,3753,true,PASS
square:R2:L4:3907,3907,YUTian,R2,L4,3781,3781,3909,3779,true,PASS
square:R2:L4:3909,3909,Superlydian Augmented ♮235♯4,R2,L4,3785,3785,3913,3781,true,PASS
square:R2:L4:3913,3913,Bonian,R2,L4,3793,3793,3921,3785,true,PASS
square:R2:L4:3921,3921,Superlydian Augmented 23♯45,R2,L4,3809,3809,3937,3793,true,PASS
square:R2:R5:443,443,Alt ♭♭5♭♭6♭♭♭7,R2,R5,477,477,445,475,true,PASS
square:R2:R5:699,699,Ultralocrian 5,R2,R5,733,733,701,731,true,PASS
square:R2:R5:827,827,Scale 827,R2,R5,861,861,829,859,true,PASS
square:R2:R5:859,859,Ultralocrian,R2,R5,925,925,861,923,true,PASS
square:R2:R5:875,875,Locrian double-flat 7,R2,R5,941,941,877,939,true,PASS
square:R2:R5:883,883,Scale 883,R2,R5,949,949,885,947,true,PASS
square:R2:R5:885,885,Major Locrian 𝄫7,R2,R5,953,953,889,949,true,PASS
square:R2:R5:1211,1211,Ceiling Scale,R2,R5,1245,1245,1213,1243,true,PASS
square:R2:R5:1339,1339,Alt ♭♭5,R2,R5,1373,1373,1341,1371,true,PASS
square:R2:R5:1371,1371,Superlocrian,R2,R5,1437,1437,1373,1435,true,PASS
square:R2:R5:1387,1387,Locrian,R2,R5,1453,1453,1389,1451,true,PASS
square:R2:R5:1395,1395,Locrian Dominant,R2,R5,1461,1461,1397,1459,true,PASS
square:R2:R5:1397,1397,Major Locrian,R2,R5,1465,1465,1401,1461,true,PASS
square:R2:R5:1595,1595,Alt ♮65,R2,R5,1629,1629,1597,1627,true,PASS
square:R2:R5:1627,1627,Superlocrian ♯6,R2,R5,1693,1693,1629,1691,true,PASS
square:R2:R5:1643,1643,Locrian ♮6,R2,R5,1709,1709,1645,1707,true,PASS
square:R2:R5:1651,1651,Tsinganikos,R2,R5,1717,1717,1653,1715,true,PASS
square:R2:R5:1653,1653,Mixolydian ♭5,R2,R5,1721,1721,1657,1717,true,PASS
square:R2:R5:1691,1691,Dorian ♭2♭4,R2,R5,1821,1821,1693,1819,true,PASS
square:R2:R5:1707,1707,Dorian ♭2,R2,R5,1837,1837,1709,1835,true,PASS
square:R2:R5:1715,1715,Dominant ♭2,R2,R5,1845,1845,1717,1843,true,PASS
square:R2:R5:1717,1717,Mixolydian,R2,R5,1849,1849,1721,1845,true,PASS
square:R2:R5:1739,1739,Rāga Sthavarajam,R2,R5,1869,1869,1741,1867,true,PASS
square:R2:R5:1747,1747,Lydian 7♭2,R2,R5,1877,1877,1749,1875,true,PASS
square:R2:R5:1749,1749,Acoustic,R2,R5,1881,1881,1753,1877,true,PASS
square:R2:R5:1763,1763,Lydian 7♭2♯3,R2,R5,1893,1893,1765,1891,true,PASS
square:R2:R5:1765,1765,Lydian ♭7♯3,R2,R5,1897,1897,1769,1893,true,PASS
square:R2:R5:1769,1769,Lydian ♭7♯2♯3,R2,R5,1905,1905,1777,1897,true,PASS
square:R2:R5:2235,2235,Exotic Minor,R2,R5,2269,2269,2237,2267,true,PASS
square:R2:R5:2363,2363,Unorthodox,R2,R5,2397,2397,2365,2395,true,PASS
square:R2:R5:2395,2395,Alt ♮7,R2,R5,2461,2461,2397,2459,true,PASS
square:R2:R5:2411,2411,Locrian ♮7,R2,R5,2477,2477,2413,2475,true,PASS
square:R2:R5:2419,2419,Rāga Suddha Pancama,R2,R5,2485,2485,2421,2483,true,PASS
square:R2:R5:2421,2421,Harmonic Major ♭5,R2,R5,2489,2489,2425,2485,true,PASS
square:R2:R5:2619,2619,Alt ♮675,R2,R5,2653,2653,2621,2651,true,PASS
square:R2:R5:2651,2651,7-25 rooted state 2651,R2,R5,2717,2717,2653,2715,true,PASS
square:R2:R5:2667,2667,Neapolitan Major ♭5,R2,R5,2733,2733,2669,2731,true,PASS
square:R2:R5:2675,2675,Chromatic Lydian,R2,R5,2741,2741,2677,2739,true,PASS
square:R2:R5:2677,2677,Ionian ♭5,R2,R5,2745,2745,2681,2741,true,PASS
square:R2:R5:2715,2715,Neapolitan Major ♭4,R2,R5,2845,2845,2717,2843,true,PASS
square:R2:R5:2731,2731,Neapolitan Major,R2,R5,2861,2861,2733,2859,true,PASS
square:R2:R5:2739,2739,Rāga Supradhipam,R2,R5,2869,2869,2741,2867,true,PASS
square:R2:R5:2741,2741,Ionian,R2,R5,2873,2873,2745,2869,true,PASS
square:R2:R5:2763,2763,Rāga Sauviram,R2,R5,2893,2893,2765,2891,true,PASS
square:R2:R5:2771,2771,Mela Gamanasrama,R2,R5,2901,2901,2773,2899,true,PASS
square:R2:R5:2773,2773,Lydian,R2,R5,2905,2905,2777,2901,true,PASS
square:R2:R5:2787,2787,Lydian ♭2♯3,R2,R5,2917,2917,2789,2915,true,PASS
square:R2:R5:2789,2789,Lydian ♯3,R2,R5,2921,2921,2793,2917,true,PASS
square:R2:R5:2793,2793,1sus4 & 7⁷,R2,R5,2929,2929,2801,2921,true,PASS
square:R2:R5:3131,3131,7-5 rooted state 3131,R2,R5,3165,3165,3133,3163,true,PASS
square:R2:R5:3163,3163,Alt ♮7♯6,R2,R5,3229,3229,3165,3227,true,PASS
square:R2:R5:3179,3179,Locrian ♮7♯6,R2,R5,3245,3245,3181,3243,true,PASS
square:R2:R5:3187,3187,Scale 3187,R2,R5,3253,3253,3189,3251,true,PASS
square:R2:R5:3189,3189,Ionian ♭5♯6,R2,R5,3257,3257,3193,3253,true,PASS
square:R2:R5:3227,3227,Neapolitan Major ♭4♯6,R2,R5,3357,3357,3229,3355,true,PASS
square:R2:R5:3243,3243,Mela Rupavati,R2,R5,3373,3373,3245,3371,true,PASS
square:R2:R5:3251,3251,7-19 rooted state 3251,R2,R5,3381,3381,3253,3379,true,PASS
square:R2:R5:3253,3253,Mela Naganandini,R2,R5,3385,3385,3257,3381,true,PASS
square:R2:R5:3275,3275,7-Z18 rooted state 3275,R2,R5,3405,3405,3277,3403,true,PASS
square:R2:R5:3283,3283,7-19 rooted state 3283,R2,R5,3413,3413,3285,3411,true,PASS
square:R2:R5:3285,3285,Mela Citrambari,R2,R5,3417,3417,3289,3413,true,PASS
square:R2:R5:3299,3299,Scale 3299,R2,R5,3429,3429,3301,3427,true,PASS
square:R2:R5:3301,3301,Rāga Loom Sarang,R2,R5,3433,3433,3305,3429,true,PASS
square:R2:R5:3305,3305,Chromatic Hypophrygian,R2,R5,3441,3441,3313,3433,true,PASS
square:R2:R5:3355,3355,Phrygian +♭4,R2,R5,3613,3613,3357,3611,true,PASS
square:R2:R5:3371,3371,Neapolitan Maj ♯5♯6,R2,R5,3629,3629,3373,3627,true,PASS
square:R2:R5:3379,3379,7-Z18 rooted state 3379,R2,R5,3637,3637,3381,3635,true,PASS
square:R2:R5:3381,3381,Ionian +♯6,R2,R5,3641,3641,3385,3637,true,PASS
square:R2:R5:3403,3403,Enigmatic Minor,R2,R5,3661,3661,3405,3659,true,PASS
square:R2:R5:3411,3411,Enigmatic,R2,R5,3669,3669,3413,3667,true,PASS
square:R2:R5:3413,3413,Leading Whole-Tone,R2,R5,3673,3673,3417,3669,true,PASS
square:R2:R5:3427,3427,Phrygian +♯3,R2,R5,3685,3685,3429,3683,true,PASS
square:R2:R5:3429,3429,Lydian +♯36,R2,R5,3689,3689,3433,3685,true,PASS
square:R2:R5:3433,3433,Superlydian Augmented,R2,R5,3697,3697,3441,3689,true,PASS
square:R2:R5:3467,3467,Phrygian +𝄪4,R2,R5,3725,3725,3469,3723,true,PASS
square:R2:R5:3475,3475,Enigmatic 𝄪4,R2,R5,3733,3733,3477,3731,true,PASS
square:R2:R5:3477,3477,Ionian +♯64,R2,R5,3737,3737,3481,3733,true,PASS
square:R2:R5:3491,3491,Superlydian Augmented ♭2𝄪4,R2,R5,3749,3749,3493,3747,true,PASS
square:R2:R5:3493,3493,Ionian +♯3♯6𝄪4,R2,R5,3753,3753,3497,3749,true,PASS
square:R2:R5:3497,3497,Superlydian Augmented 𝄪4,R2,R5,3761,3761,3505,3753,true,PASS
square:R2:R5:3523,3523,7-5 rooted state 3523,R2,R5,3781,3781,3525,3779,true,PASS
square:R2:R5:3525,3525,Scale 3525,R2,R5,3785,3785,3529,3781,true,PASS
square:R2:R5:3529,3529,Superlydian Augmented 𝄪3𝄪4,R2,R5,3793,3793,3537,3785,true,PASS
square:R2:R5:3537,3537,Scale 3537,R2,R5,3809,3809,3553,3793,true,PASS
square:R2:L5:475,475,Alt 6♭7,R2,L5,445,445,477,443,true,PASS
square:R2:L5:731,731,Alternating Heptamode,R2,L5,701,701,733,699,true,PASS
square:R2:L5:859,859,Ultralocrian,R2,L5,829,829,861,827,true,PASS
square:R2:L5:923,923,Alt ♮5𝄫7,R2,L5,861,861,925,859,true,PASS
square:R2:L5:939,939,Rāga Malini,R2,L5,877,877,941,875,true,PASS
square:R2:L5:947,947,Scale 947,R2,L5,885,885,949,883,true,PASS
square:R2:L5:949,949,Mararanjani,R2,L5,889,889,953,885,true,PASS
square:R2:L5:1243,1243,Alt 6,R2,L5,1213,1213,1245,1211,true,PASS
square:R2:L5:1371,1371,Superlocrian,R2,L5,1341,1341,1373,1339,true,PASS
square:R2:L5:1435,1435,Maqam Saba Zamzam,R2,L5,1373,1373,1437,1371,true,PASS
square:R2:L5:1451,1451,Phrygian,R2,L5,1389,1389,1453,1387,true,PASS
square:R2:L5:1459,1459,Phrygian Dominant,R2,L5,1397,1397,1461,1395,true,PASS
square:R2:L5:1461,1461,Mixolydian ♭6,R2,L5,1401,1401,1465,1397,true,PASS
square:R2:L5:1627,1627,Superlocrian ♯6,R2,L5,1597,1597,1629,1595,true,PASS
square:R2:L5:1691,1691,Dorian ♭2♭4,R2,L5,1629,1629,1693,1627,true,PASS
square:R2:L5:1707,1707,Dorian ♭2,R2,L5,1645,1645,1709,1643,true,PASS
square:R2:L5:1715,1715,Dominant ♭2,R2,L5,1653,1653,1717,1651,true,PASS
square:R2:L5:1717,1717,Mixolydian,R2,L5,1657,1657,1721,1653,true,PASS
square:R2:L5:1819,1819,Alt ♮6♯5,R2,L5,1693,1693,1821,1691,true,PASS
square:R2:L5:1835,1835,Dorian +♭2,R2,L5,1709,1709,1837,1707,true,PASS
square:R2:L5:1843,1843,7-21 rooted state 1843,R2,L5,1717,1717,1845,1715,true,PASS
square:R2:L5:1845,1845,Mixolydian Augmented,R2,L5,1721,1721,1849,1717,true,PASS
square:R2:L5:1867,1867,Lydian 7+♭23,R2,L5,1741,1741,1869,1739,true,PASS
square:R2:L5:1875,1875,Persichetti,R2,L5,1749,1749,1877,1747,true,PASS
square:R2:L5:1877,1877,Aeroptian,R2,L5,1753,1753,1881,1749,true,PASS
square:R2:L5:1891,1891,Hijaz Major,R2,L5,1765,1765,1893,1763,true,PASS
square:R2:L5:1893,1893,Lydian 7+♯3,R2,L5,1769,1769,1897,1765,true,PASS
square:R2:L5:1897,1897,Lydian 7+♯23,R2,L5,1777,1777,1905,1769,true,PASS
square:R2:L5:2267,2267,Scale 2267,R2,L5,2237,2237,2269,2235,true,PASS
square:R2:L5:2395,2395,Alt ♮7,R2,L5,2365,2365,2397,2363,true,PASS
square:R2:L5:2459,2459,7-21 rooted state 2459,R2,L5,2397,2397,2461,2395,true,PASS
square:R2:L5:2475,2475,Neapolitan Minor,R2,L5,2413,2413,2477,2411,true,PASS
square:R2:L5:2483,2483,Double Harmonic,R2,L5,2421,2421,2485,2419,true,PASS
square:R2:L5:2485,2485,Harmonic Major,R2,L5,2425,2425,2489,2421,true,PASS
square:R2:L5:2651,2651,7-25 rooted state 2651,R2,L5,2621,2621,2653,2619,true,PASS
square:R2:L5:2715,2715,Neapolitan Major ♭4,R2,L5,2653,2653,2717,2651,true,PASS
square:R2:L5:2731,2731,Neapolitan Major,R2,L5,2669,2669,2733,2667,true,PASS
square:R2:L5:2739,2739,Rāga Supradhipam,R2,L5,2677,2677,2741,2675,true,PASS
square:R2:L5:2741,2741,Ionian,R2,L5,2681,2681,2745,2677,true,PASS
square:R2:L5:2843,2843,Neapolitan Major ♭4♯5,R2,L5,2717,2717,2845,2715,true,PASS
square:R2:L5:2859,2859,Neapolitan Major ♯5,R2,L5,2733,2733,2861,2731,true,PASS
square:R2:L5:2867,2867,7-21 rooted state 2867,R2,L5,2741,2741,2869,2739,true,PASS
square:R2:L5:2869,2869,Major Augmented,R2,L5,2745,2745,2873,2741,true,PASS
square:R2:L5:2891,2891,7-25 rooted state 2891,R2,L5,2765,2765,2893,2763,true,PASS
square:R2:L5:2899,2899,Lydian Augmented ♭2,R2,L5,2773,2773,2901,2771,true,PASS
square:R2:L5:2901,2901,Lydian Augmented,R2,L5,2777,2777,2905,2773,true,PASS
square:R2:L5:2915,2915,Scale 2915,R2,L5,2789,2789,2917,2787,true,PASS
square:R2:L5:2917,2917,Lydian Augmented ♯3,R2,L5,2793,2793,2921,2789,true,PASS
square:R2:L5:2921,2921,Lydian Augmented ♯2♯3,R2,L5,2801,2801,2929,2793,true,PASS
square:R2:L5:3163,3163,Alt ♮7♯6,R2,L5,3133,3133,3165,3131,true,PASS
square:R2:L5:3227,3227,Neapolitan Major ♭4♯6,R2,L5,3165,3165,3229,3163,true,PASS
square:R2:L5:3243,3243,Mela Rupavati,R2,L5,3181,3181,3245,3179,true,PASS
square:R2:L5:3251,3251,7-19 rooted state 3251,R2,L5,3189,3189,3253,3187,true,PASS
square:R2:L5:3253,3253,Mela Naganandini,R2,L5,3193,3193,3257,3189,true,PASS
square:R2:L5:3355,3355,Phrygian +♭4,R2,L5,3229,3229,3357,3227,true,PASS
square:R2:L5:3371,3371,Neapolitan Maj ♯5♯6,R2,L5,3245,3245,3373,3243,true,PASS
square:R2:L5:3379,3379,7-Z18 rooted state 3379,R2,L5,3253,3253,3381,3251,true,PASS
square:R2:L5:3381,3381,Ionian +♯6,R2,L5,3257,3257,3385,3253,true,PASS
square:R2:L5:3403,3403,Enigmatic Minor,R2,L5,3277,3277,3405,3275,true,PASS
square:R2:L5:3411,3411,Enigmatic,R2,L5,3285,3285,3413,3283,true,PASS
square:R2:L5:3413,3413,Leading Whole-Tone,R2,L5,3289,3289,3417,3285,true,PASS
square:R2:L5:3427,3427,Phrygian +♯3,R2,L5,3301,3301,3429,3299,true,PASS
square:R2:L5:3429,3429,Lydian +♯36,R2,L5,3305,3305,3433,3301,true,PASS
square:R2:L5:3433,3433,Superlydian Augmented,R2,L5,3313,3313,3441,3305,true,PASS
square:R2:L5:3611,3611,7-4 rooted state 3611,R2,L5,3357,3357,3613,3355,true,PASS
square:R2:L5:3627,3627,Neapolitan Maj 5♯6,R2,L5,3373,3373,3629,3371,true,PASS
square:R2:L5:3635,3635,Ionian ♭25♯6,R2,L5,3381,3381,3637,3379,true,PASS
square:R2:L5:3637,3637,Rāga Rageshri,R2,L5,3385,3385,3641,3381,true,PASS
square:R2:L5:3659,3659,Phrygian +5,R2,L5,3405,3405,3661,3403,true,PASS
square:R2:L5:3667,3667,Lydian ♭25♯6,R2,L5,3413,3413,3669,3411,true,PASS
square:R2:L5:3669,3669,Ionian ♯4𝄪5♯6,R2,L5,3417,3417,3673,3413,true,PASS
square:R2:L5:3683,3683,Phrygian +♯35,R2,L5,3429,3429,3685,3427,true,PASS
square:R2:L5:3685,3685,7-Z18 rooted state 3685,R2,L5,3433,3433,3689,3429,true,PASS
square:R2:L5:3689,3689,Scale 3689,R2,L5,3441,3441,3697,3433,true,PASS
square:R2:L5:3723,3723,Phrygian +45,R2,L5,3469,3469,3725,3467,true,PASS
square:R2:L5:3731,3731,Aeryrian,R2,L5,3477,3477,3733,3475,true,PASS
square:R2:L5:3733,3733,Ionian 𝄪4𝄪5♯6,R2,L5,3481,3481,3737,3477,true,PASS
square:R2:L5:3747,3747,Superlydian Augmented ♭2𝄪4𝄪5,R2,L5,3493,3493,3749,3491,true,PASS
square:R2:L5:3749,3749,Rāga Sorati,R2,L5,3497,3497,3753,3493,true,PASS
square:R2:L5:3753,3753,Superaugmented ♯3𝄪4𝄪5,R2,L5,3505,3505,3761,3497,true,PASS
square:R2:L5:3779,3779,7-4 rooted state 3779,R2,L5,3525,3525,3781,3523,true,PASS
square:R2:L5:3781,3781,Kaikian Mode VII,R2,L5,3529,3529,3785,3525,true,PASS
square:R2:L5:3785,3785,Scale 3785,R2,L5,3537,3537,3793,3529,true,PASS
square:R2:L5:3793,3793,Superlydian Augmented 𝄪2𝄪3𝄪4𝄪5,R2,L5,3553,3553,3809,3537,true,PASS
square:R2:R6:379,379,Kaikian Mode II,R2,R6,445,445,381,443,true,PASS
square:R2:R6:635,635,Scale 635,R2,R6,701,701,637,699,true,PASS
square:R2:R6:699,699,Ultralocrian 5,R2,R6,829,829,701,827,true,PASS
square:R2:R6:731,731,Alternating Heptamode,R2,R6,861,861,733,859,true,PASS
square:R2:R6:747,747,1sus4 & ♭3∅7,R2,R6,877,877,749,875,true,PASS
square:R2:R6:755,755,Ionian ♭2♭5𝄫6𝄫7,R2,R6,885,885,757,883,true,PASS
square:R2:R6:757,757,Lipsean Mode II,R2,R6,889,889,761,885,true,PASS
square:R2:R6:1147,1147,Alt double-flat 5 / flat–double-flat 6,R2,R6,1213,1213,1149,1211,true,PASS
square:R2:R6:1211,1211,Ceiling Scale,R2,R6,1341,1341,1213,1339,true,PASS
square:R2:R6:1243,1243,Alt 6,R2,R6,1373,1373,1245,1371,true,PASS
square:R2:R6:1259,1259,Blues Phrygian,R2,R6,1389,1389,1261,1387,true,PASS
square:R2:R6:1267,1267,7-19 rooted state 1267,R2,R6,1397,1397,1269,1395,true,PASS
square:R2:R6:1269,1269,Major Locrian ♭♭6,R2,R6,1401,1401,1273,1397,true,PASS
square:R2:R6:1339,1339,Alt ♭♭5,R2,R6,1597,1597,1341,1595,true,PASS
square:R2:R6:1371,1371,Superlocrian,R2,R6,1629,1629,1373,1627,true,PASS
square:R2:R6:1387,1387,Locrian,R2,R6,1645,1645,1389,1643,true,PASS
square:R2:R6:1395,1395,Locrian Dominant,R2,R6,1653,1653,1397,1651,true,PASS
square:R2:R6:1397,1397,Major Locrian,R2,R6,1657,1657,1401,1653,true,PASS
square:R2:R6:1435,1435,Maqam Saba Zamzam,R2,R6,1693,1693,1437,1691,true,PASS
square:R2:R6:1451,1451,Phrygian,R2,R6,1709,1709,1453,1707,true,PASS
square:R2:R6:1459,1459,Phrygian Dominant,R2,R6,1717,1717,1461,1715,true,PASS
square:R2:R6:1461,1461,Mixolydian ♭6,R2,R6,1721,1721,1465,1717,true,PASS
square:R2:R6:1483,1483,Mela Bhavapriya,R2,R6,1741,1741,1485,1739,true,PASS
square:R2:R6:1491,1491,Namanarayani,R2,R6,1749,1749,1493,1747,true,PASS
square:R2:R6:1493,1493,Lydian Minor,R2,R6,1753,1753,1497,1749,true,PASS
square:R2:R6:1507,1507,Lydian ♭7♭2♭6♯3,R2,R6,1765,1765,1509,1763,true,PASS
square:R2:R6:1509,1509,Lydian Minor ♯3,R2,R6,1769,1769,1513,1765,true,PASS
square:R2:R6:1513,1513,Lydian ♭7♭6♯2♯3,R2,R6,1777,1777,1521,1769,true,PASS
square:R2:R6:2171,2171,7-5 rooted state 2171,R2,R6,2237,2237,2173,2235,true,PASS
square:R2:R6:2235,2235,Exotic Minor,R2,R6,2365,2365,2237,2363,true,PASS
square:R2:R6:2267,2267,Scale 2267,R2,R6,2397,2397,2269,2395,true,PASS
square:R2:R6:2283,2283,Pacific Minor,R2,R6,2413,2413,2285,2411,true,PASS
square:R2:R6:2291,2291,Scale 2291,R2,R6,2421,2421,2293,2419,true,PASS
square:R2:R6:2293,2293,Bucolic,R2,R6,2425,2425,2297,2421,true,PASS
square:R2:R6:2363,2363,Unorthodox,R2,R6,2621,2621,2365,2619,true,PASS
square:R2:R6:2395,2395,Alt ♮7,R2,R6,2653,2653,2397,2651,true,PASS
square:R2:R6:2411,2411,Locrian ♮7,R2,R6,2669,2669,2413,2667,true,PASS
square:R2:R6:2419,2419,Rāga Suddha Pancama,R2,R6,2677,2677,2421,2675,true,PASS
square:R2:R6:2421,2421,Harmonic Major ♭5,R2,R6,2681,2681,2425,2677,true,PASS
square:R2:R6:2459,2459,7-21 rooted state 2459,R2,R6,2717,2717,2461,2715,true,PASS
square:R2:R6:2475,2475,Neapolitan Minor,R2,R6,2733,2733,2477,2731,true,PASS
square:R2:R6:2483,2483,Double Harmonic,R2,R6,2741,2741,2485,2739,true,PASS
square:R2:R6:2485,2485,Harmonic Major,R2,R6,2745,2745,2489,2741,true,PASS
square:R2:R6:2507,2507,Chromatic Lydian Inverse,R2,R6,2765,2765,2509,2763,true,PASS
square:R2:R6:2515,2515,Chromatic Hypolydian,R2,R6,2773,2773,2517,2771,true,PASS
square:R2:R6:2517,2517,Lydian Harmonic Major,R2,R6,2777,2777,2521,2773,true,PASS
square:R2:R6:2531,2531,Scale 2531,R2,R6,2789,2789,2533,2787,true,PASS
square:R2:R6:2533,2533,7-19 rooted state 2533,R2,R6,2793,2793,2537,2789,true,PASS
square:R2:R6:2537,2537,Scale 2537,R2,R6,2801,2801,2545,2793,true,PASS
square:R2:R6:2619,2619,Alt ♮675,R2,R6,3133,3133,2621,3131,true,PASS
square:R2:R6:2651,2651,7-25 rooted state 2651,R2,R6,3165,3165,2653,3163,true,PASS
square:R2:R6:2667,2667,Neapolitan Major ♭5,R2,R6,3181,3181,2669,3179,true,PASS
square:R2:R6:2675,2675,Chromatic Lydian,R2,R6,3189,3189,2677,3187,true,PASS
square:R2:R6:2677,2677,Ionian ♭5,R2,R6,3193,3193,2681,3189,true,PASS
square:R2:R6:2715,2715,Neapolitan Major ♭4,R2,R6,3229,3229,2717,3227,true,PASS
square:R2:R6:2731,2731,Neapolitan Major,R2,R6,3245,3245,2733,3243,true,PASS
square:R2:R6:2739,2739,Rāga Supradhipam,R2,R6,3253,3253,2741,3251,true,PASS
square:R2:R6:2741,2741,Ionian,R2,R6,3257,3257,2745,3253,true,PASS
square:R2:R6:2763,2763,Rāga Sauviram,R2,R6,3277,3277,2765,3275,true,PASS
square:R2:R6:2771,2771,Mela Gamanasrama,R2,R6,3285,3285,2773,3283,true,PASS
square:R2:R6:2773,2773,Lydian,R2,R6,3289,3289,2777,3285,true,PASS
square:R2:R6:2787,2787,Lydian ♭2♯3,R2,R6,3301,3301,2789,3299,true,PASS
square:R2:R6:2789,2789,Lydian ♯3,R2,R6,3305,3305,2793,3301,true,PASS
square:R2:R6:2793,2793,1sus4 & 7⁷,R2,R6,3313,3313,2801,3305,true,PASS
square:R2:R6:2843,2843,Neapolitan Major ♭4♯5,R2,R6,3357,3357,2845,3355,true,PASS
square:R2:R6:2859,2859,Neapolitan Major ♯5,R2,R6,3373,3373,2861,3371,true,PASS
square:R2:R6:2867,2867,7-21 rooted state 2867,R2,R6,3381,3381,2869,3379,true,PASS
square:R2:R6:2869,2869,Major Augmented,R2,R6,3385,3385,2873,3381,true,PASS
square:R2:R6:2891,2891,7-25 rooted state 2891,R2,R6,3405,3405,2893,3403,true,PASS
square:R2:R6:2899,2899,Lydian Augmented ♭2,R2,R6,3413,3413,2901,3411,true,PASS
square:R2:R6:2901,2901,Lydian Augmented,R2,R6,3417,3417,2905,3413,true,PASS
square:R2:R6:2915,2915,Scale 2915,R2,R6,3429,3429,2917,3427,true,PASS
square:R2:R6:2917,2917,Lydian Augmented ♯3,R2,R6,3433,3433,2921,3429,true,PASS
square:R2:R6:2921,2921,Lydian Augmented ♯2♯3,R2,R6,3441,3441,2929,3433,true,PASS
square:R2:R6:2955,2955,Neapolitan Maj 𝄪4♯5,R2,R6,3469,3469,2957,3467,true,PASS
square:R2:R6:2963,2963,Ionian +♭2𝄪4,R2,R6,3477,3477,2965,3475,true,PASS
square:R2:R6:2965,2965,Ionian +𝄪4,R2,R6,3481,3481,2969,3477,true,PASS
square:R2:R6:2979,2979,Ionian +♭2♯3𝄪4,R2,R6,3493,3493,2981,3491,true,PASS
square:R2:R6:2981,2981,Noh,R2,R6,3497,3497,2985,3493,true,PASS
square:R2:R6:2985,2985,Ionian +♯23𝄪4,R2,R6,3505,3505,2993,3497,true,PASS
square:R2:R6:3011,3011,7-5 rooted state 3011,R2,R6,3525,3525,3013,3523,true,PASS
square:R2:R6:3013,3013,Ionian +𝄪34,R2,R6,3529,3529,3017,3525,true,PASS
square:R2:R6:3017,3017,Scale 3017,R2,R6,3537,3537,3025,3529,true,PASS
square:R2:R6:3025,3025,Ionian +𝄪234,R2,R6,3553,3553,3041,3537,true,PASS
square:R2:L6:443,443,Alt ♭♭5♭♭6♭♭♭7,R2,L6,381,381,445,379,true,PASS
square:R2:L6:699,699,Ultralocrian 5,R2,L6,637,637,701,635,true,PASS
square:R2:L6:827,827,Scale 827,R2,L6,701,701,829,699,true,PASS
square:R2:L6:859,859,Ultralocrian,R2,L6,733,733,861,731,true,PASS
square:R2:L6:875,875,Locrian double-flat 7,R2,L6,749,749,877,747,true,PASS
square:R2:L6:883,883,Scale 883,R2,L6,757,757,885,755,true,PASS
square:R2:L6:885,885,Major Locrian 𝄫7,R2,L6,761,761,889,757,true,PASS
square:R2:L6:1211,1211,Ceiling Scale,R2,L6,1149,1149,1213,1147,true,PASS
square:R2:L6:1339,1339,Alt ♭♭5,R2,L6,1213,1213,1341,1211,true,PASS
square:R2:L6:1371,1371,Superlocrian,R2,L6,1245,1245,1373,1243,true,PASS
square:R2:L6:1387,1387,Locrian,R2,L6,1261,1261,1389,1259,true,PASS
square:R2:L6:1395,1395,Locrian Dominant,R2,L6,1269,1269,1397,1267,true,PASS
square:R2:L6:1397,1397,Major Locrian,R2,L6,1273,1273,1401,1269,true,PASS
square:R2:L6:1595,1595,Alt ♮65,R2,L6,1341,1341,1597,1339,true,PASS
square:R2:L6:1627,1627,Superlocrian ♯6,R2,L6,1373,1373,1629,1371,true,PASS
square:R2:L6:1643,1643,Locrian ♮6,R2,L6,1389,1389,1645,1387,true,PASS
square:R2:L6:1651,1651,Tsinganikos,R2,L6,1397,1397,1653,1395,true,PASS
square:R2:L6:1653,1653,Mixolydian ♭5,R2,L6,1401,1401,1657,1397,true,PASS
square:R2:L6:1691,1691,Dorian ♭2♭4,R2,L6,1437,1437,1693,1435,true,PASS
square:R2:L6:1707,1707,Dorian ♭2,R2,L6,1453,1453,1709,1451,true,PASS
square:R2:L6:1715,1715,Dominant ♭2,R2,L6,1461,1461,1717,1459,true,PASS
square:R2:L6:1717,1717,Mixolydian,R2,L6,1465,1465,1721,1461,true,PASS
square:R2:L6:1739,1739,Rāga Sthavarajam,R2,L6,1485,1485,1741,1483,true,PASS
square:R2:L6:1747,1747,Lydian 7♭2,R2,L6,1493,1493,1749,1491,true,PASS
square:R2:L6:1749,1749,Acoustic,R2,L6,1497,1497,1753,1493,true,PASS
square:R2:L6:1763,1763,Lydian 7♭2♯3,R2,L6,1509,1509,1765,1507,true,PASS
square:R2:L6:1765,1765,Lydian ♭7♯3,R2,L6,1513,1513,1769,1509,true,PASS
square:R2:L6:1769,1769,Lydian ♭7♯2♯3,R2,L6,1521,1521,1777,1513,true,PASS
square:R2:L6:2235,2235,Exotic Minor,R2,L6,2173,2173,2237,2171,true,PASS
square:R2:L6:2363,2363,Unorthodox,R2,L6,2237,2237,2365,2235,true,PASS
square:R2:L6:2395,2395,Alt ♮7,R2,L6,2269,2269,2397,2267,true,PASS
square:R2:L6:2411,2411,Locrian ♮7,R2,L6,2285,2285,2413,2283,true,PASS
square:R2:L6:2419,2419,Rāga Suddha Pancama,R2,L6,2293,2293,2421,2291,true,PASS
square:R2:L6:2421,2421,Harmonic Major ♭5,R2,L6,2297,2297,2425,2293,true,PASS
square:R2:L6:2619,2619,Alt ♮675,R2,L6,2365,2365,2621,2363,true,PASS
square:R2:L6:2651,2651,7-25 rooted state 2651,R2,L6,2397,2397,2653,2395,true,PASS
square:R2:L6:2667,2667,Neapolitan Major ♭5,R2,L6,2413,2413,2669,2411,true,PASS
square:R2:L6:2675,2675,Chromatic Lydian,R2,L6,2421,2421,2677,2419,true,PASS
square:R2:L6:2677,2677,Ionian ♭5,R2,L6,2425,2425,2681,2421,true,PASS
square:R2:L6:2715,2715,Neapolitan Major ♭4,R2,L6,2461,2461,2717,2459,true,PASS
square:R2:L6:2731,2731,Neapolitan Major,R2,L6,2477,2477,2733,2475,true,PASS
square:R2:L6:2739,2739,Rāga Supradhipam,R2,L6,2485,2485,2741,2483,true,PASS
square:R2:L6:2741,2741,Ionian,R2,L6,2489,2489,2745,2485,true,PASS
square:R2:L6:2763,2763,Rāga Sauviram,R2,L6,2509,2509,2765,2507,true,PASS
square:R2:L6:2771,2771,Mela Gamanasrama,R2,L6,2517,2517,2773,2515,true,PASS
square:R2:L6:2773,2773,Lydian,R2,L6,2521,2521,2777,2517,true,PASS
square:R2:L6:2787,2787,Lydian ♭2♯3,R2,L6,2533,2533,2789,2531,true,PASS
square:R2:L6:2789,2789,Lydian ♯3,R2,L6,2537,2537,2793,2533,true,PASS
square:R2:L6:2793,2793,1sus4 & 7⁷,R2,L6,2545,2545,2801,2537,true,PASS
square:R2:L6:3131,3131,7-5 rooted state 3131,R2,L6,2621,2621,3133,2619,true,PASS
square:R2:L6:3163,3163,Alt ♮7♯6,R2,L6,2653,2653,3165,2651,true,PASS
square:R2:L6:3179,3179,Locrian ♮7♯6,R2,L6,2669,2669,3181,2667,true,PASS
square:R2:L6:3187,3187,Scale 3187,R2,L6,2677,2677,3189,2675,true,PASS
square:R2:L6:3189,3189,Ionian ♭5♯6,R2,L6,2681,2681,3193,2677,true,PASS
square:R2:L6:3227,3227,Neapolitan Major ♭4♯6,R2,L6,2717,2717,3229,2715,true,PASS
square:R2:L6:3243,3243,Mela Rupavati,R2,L6,2733,2733,3245,2731,true,PASS
square:R2:L6:3251,3251,7-19 rooted state 3251,R2,L6,2741,2741,3253,2739,true,PASS
square:R2:L6:3253,3253,Mela Naganandini,R2,L6,2745,2745,3257,2741,true,PASS
square:R2:L6:3275,3275,7-Z18 rooted state 3275,R2,L6,2765,2765,3277,2763,true,PASS
square:R2:L6:3283,3283,7-19 rooted state 3283,R2,L6,2773,2773,3285,2771,true,PASS
square:R2:L6:3285,3285,Mela Citrambari,R2,L6,2777,2777,3289,2773,true,PASS
square:R2:L6:3299,3299,Scale 3299,R2,L6,2789,2789,3301,2787,true,PASS
square:R2:L6:3301,3301,Rāga Loom Sarang,R2,L6,2793,2793,3305,2789,true,PASS
square:R2:L6:3305,3305,Chromatic Hypophrygian,R2,L6,2801,2801,3313,2793,true,PASS
square:R2:L6:3355,3355,Phrygian +♭4,R2,L6,2845,2845,3357,2843,true,PASS
square:R2:L6:3371,3371,Neapolitan Maj ♯5♯6,R2,L6,2861,2861,3373,2859,true,PASS
square:R2:L6:3379,3379,7-Z18 rooted state 3379,R2,L6,2869,2869,3381,2867,true,PASS
square:R2:L6:3381,3381,Ionian +♯6,R2,L6,2873,2873,3385,2869,true,PASS
square:R2:L6:3403,3403,Enigmatic Minor,R2,L6,2893,2893,3405,2891,true,PASS
square:R2:L6:3411,3411,Enigmatic,R2,L6,2901,2901,3413,2899,true,PASS
square:R2:L6:3413,3413,Leading Whole-Tone,R2,L6,2905,2905,3417,2901,true,PASS
square:R2:L6:3427,3427,Phrygian +♯3,R2,L6,2917,2917,3429,2915,true,PASS
square:R2:L6:3429,3429,Lydian +♯36,R2,L6,2921,2921,3433,2917,true,PASS
square:R2:L6:3433,3433,Superlydian Augmented,R2,L6,2929,2929,3441,2921,true,PASS
square:R2:L6:3467,3467,Phrygian +𝄪4,R2,L6,2957,2957,3469,2955,true,PASS
square:R2:L6:3475,3475,Enigmatic 𝄪4,R2,L6,2965,2965,3477,2963,true,PASS
square:R2:L6:3477,3477,Ionian +♯64,R2,L6,2969,2969,3481,2965,true,PASS
square:R2:L6:3491,3491,Superlydian Augmented ♭2𝄪4,R2,L6,2981,2981,3493,2979,true,PASS
square:R2:L6:3493,3493,Ionian +♯3♯6𝄪4,R2,L6,2985,2985,3497,2981,true,PASS
square:R2:L6:3497,3497,Superlydian Augmented 𝄪4,R2,L6,2993,2993,3505,2985,true,PASS
square:R2:L6:3523,3523,7-5 rooted state 3523,R2,L6,3013,3013,3525,3011,true,PASS
square:R2:L6:3525,3525,Scale 3525,R2,L6,3017,3017,3529,3013,true,PASS
square:R2:L6:3529,3529,Superlydian Augmented 𝄪3𝄪4,R2,L6,3025,3025,3537,3017,true,PASS
square:R2:L6:3537,3537,Scale 3537,R2,L6,3041,3041,3553,3025,true,PASS
square:R2:R7:251,251,Scale 251,R2,R7,381,381,253,379,true,PASS
square:R2:R7:379,379,Kaikian Mode II,R2,R7,637,637,381,635,true,PASS
square:R2:R7:443,443,Alt ♭♭5♭♭6♭♭♭7,R2,R7,701,701,445,699,true,PASS
square:R2:R7:475,475,Alt 6♭7,R2,R7,733,733,477,731,true,PASS
square:R2:R7:491,491,Locrian ♭♭6♭♭♭7,R2,R7,749,749,493,747,true,PASS
square:R2:R7:499,499,Major Locrian ♭26♭7,R2,R7,757,757,501,755,true,PASS
square:R2:R7:501,501,Major Locrian 6♭7,R2,R7,761,761,505,757,true,PASS
square:R2:R7:635,635,Scale 635,R2,R7,1149,1149,637,1147,true,PASS
square:R2:R7:699,699,Ultralocrian 5,R2,R7,1213,1213,701,1211,true,PASS
square:R2:R7:731,731,Alternating Heptamode,R2,R7,1245,1245,733,1243,true,PASS
square:R2:R7:747,747,1sus4 & ♭3∅7,R2,R7,1261,1261,749,1259,true,PASS
square:R2:R7:755,755,Ionian ♭2♭5𝄫6𝄫7,R2,R7,1269,1269,757,1267,true,PASS
square:R2:R7:757,757,Lipsean Mode II,R2,R7,1273,1273,761,1269,true,PASS
square:R2:R7:827,827,Scale 827,R2,R7,1341,1341,829,1339,true,PASS
square:R2:R7:859,859,Ultralocrian,R2,R7,1373,1373,861,1371,true,PASS
square:R2:R7:875,875,Locrian double-flat 7,R2,R7,1389,1389,877,1387,true,PASS
square:R2:R7:883,883,Scale 883,R2,R7,1397,1397,885,1395,true,PASS
square:R2:R7:885,885,Major Locrian 𝄫7,R2,R7,1401,1401,889,1397,true,PASS
square:R2:R7:923,923,Alt ♮5𝄫7,R2,R7,1437,1437,925,1435,true,PASS
square:R2:R7:939,939,Rāga Malini,R2,R7,1453,1453,941,1451,true,PASS
square:R2:R7:947,947,Scale 947,R2,R7,1461,1461,949,1459,true,PASS
square:R2:R7:949,949,Mararanjani,R2,R7,1465,1465,953,1461,true,PASS
square:R2:R7:971,971,Scale 971,R2,R7,1485,1485,973,1483,true,PASS
square:R2:R7:979,979,Scale 979,R2,R7,1493,1493,981,1491,true,PASS
square:R2:R7:981,981,Mela Kantamani,R2,R7,1497,1497,985,1493,true,PASS
square:R2:R7:995,995,Lydian ♭2♯3♭67,R2,R7,1509,1509,997,1507,true,PASS
square:R2:R7:997,997,Tanarupi IV,R2,R7,1513,1513,1001,1509,true,PASS
square:R2:R7:1001,1001,Lydian ♯2♯3♭67,R2,R7,1521,1521,1009,1513,true,PASS
square:R2:R7:1147,1147,Alt double-flat 5 / flat–double-flat 6,R2,R7,2173,2173,1149,2171,true,PASS
square:R2:R7:1211,1211,Ceiling Scale,R2,R7,2237,2237,1213,2235,true,PASS
square:R2:R7:1243,1243,Alt 6,R2,R7,2269,2269,1245,2267,true,PASS
square:R2:R7:1259,1259,Blues Phrygian,R2,R7,2285,2285,1261,2283,true,PASS
square:R2:R7:1267,1267,7-19 rooted state 1267,R2,R7,2293,2293,1269,2291,true,PASS
square:R2:R7:1269,1269,Major Locrian ♭♭6,R2,R7,2297,2297,1273,2293,true,PASS
square:R2:R7:1339,1339,Alt ♭♭5,R2,R7,2365,2365,1341,2363,true,PASS
square:R2:R7:1371,1371,Superlocrian,R2,R7,2397,2397,1373,2395,true,PASS
square:R2:R7:1387,1387,Locrian,R2,R7,2413,2413,1389,2411,true,PASS
square:R2:R7:1395,1395,Locrian Dominant,R2,R7,2421,2421,1397,2419,true,PASS
square:R2:R7:1397,1397,Major Locrian,R2,R7,2425,2425,1401,2421,true,PASS
square:R2:R7:1435,1435,Maqam Saba Zamzam,R2,R7,2461,2461,1437,2459,true,PASS
square:R2:R7:1451,1451,Phrygian,R2,R7,2477,2477,1453,2475,true,PASS
square:R2:R7:1459,1459,Phrygian Dominant,R2,R7,2485,2485,1461,2483,true,PASS
square:R2:R7:1461,1461,Mixolydian ♭6,R2,R7,2489,2489,1465,2485,true,PASS
square:R2:R7:1483,1483,Mela Bhavapriya,R2,R7,2509,2509,1485,2507,true,PASS
square:R2:R7:1491,1491,Namanarayani,R2,R7,2517,2517,1493,2515,true,PASS
square:R2:R7:1493,1493,Lydian Minor,R2,R7,2521,2521,1497,2517,true,PASS
square:R2:R7:1507,1507,Lydian ♭7♭2♭6♯3,R2,R7,2533,2533,1509,2531,true,PASS
square:R2:R7:1509,1509,Lydian Minor ♯3,R2,R7,2537,2537,1513,2533,true,PASS
square:R2:R7:1513,1513,Lydian ♭7♭6♯2♯3,R2,R7,2545,2545,1521,2537,true,PASS
square:R2:R7:1595,1595,Alt ♮65,R2,R7,2621,2621,1597,2619,true,PASS
square:R2:R7:1627,1627,Superlocrian ♯6,R2,R7,2653,2653,1629,2651,true,PASS
square:R2:R7:1643,1643,Locrian ♮6,R2,R7,2669,2669,1645,2667,true,PASS
square:R2:R7:1651,1651,Tsinganikos,R2,R7,2677,2677,1653,2675,true,PASS
square:R2:R7:1653,1653,Mixolydian ♭5,R2,R7,2681,2681,1657,2677,true,PASS
square:R2:R7:1691,1691,Dorian ♭2♭4,R2,R7,2717,2717,1693,2715,true,PASS
square:R2:R7:1707,1707,Dorian ♭2,R2,R7,2733,2733,1709,2731,true,PASS
square:R2:R7:1715,1715,Dominant ♭2,R2,R7,2741,2741,1717,2739,true,PASS
square:R2:R7:1717,1717,Mixolydian,R2,R7,2745,2745,1721,2741,true,PASS
square:R2:R7:1739,1739,Rāga Sthavarajam,R2,R7,2765,2765,1741,2763,true,PASS
square:R2:R7:1747,1747,Lydian 7♭2,R2,R7,2773,2773,1749,2771,true,PASS
square:R2:R7:1749,1749,Acoustic,R2,R7,2777,2777,1753,2773,true,PASS
square:R2:R7:1763,1763,Lydian 7♭2♯3,R2,R7,2789,2789,1765,2787,true,PASS
square:R2:R7:1765,1765,Lydian ♭7♯3,R2,R7,2793,2793,1769,2789,true,PASS
square:R2:R7:1769,1769,Lydian ♭7♯2♯3,R2,R7,2801,2801,1777,2793,true,PASS
square:R2:R7:1819,1819,Alt ♮6♯5,R2,R7,2845,2845,1821,2843,true,PASS
square:R2:R7:1835,1835,Dorian +♭2,R2,R7,2861,2861,1837,2859,true,PASS
square:R2:R7:1843,1843,7-21 rooted state 1843,R2,R7,2869,2869,1845,2867,true,PASS
square:R2:R7:1845,1845,Mixolydian Augmented,R2,R7,2873,2873,1849,2869,true,PASS
square:R2:R7:1867,1867,Lydian 7+♭23,R2,R7,2893,2893,1869,2891,true,PASS
square:R2:R7:1875,1875,Persichetti,R2,R7,2901,2901,1877,2899,true,PASS
square:R2:R7:1877,1877,Aeroptian,R2,R7,2905,2905,1881,2901,true,PASS
square:R2:R7:1891,1891,Hijaz Major,R2,R7,2917,2917,1893,2915,true,PASS
square:R2:R7:1893,1893,Lydian 7+♯3,R2,R7,2921,2921,1897,2917,true,PASS
square:R2:R7:1897,1897,Lydian 7+♯23,R2,R7,2929,2929,1905,2921,true,PASS
square:R2:R7:1931,1931,Dorian +♭2𝄪4,R2,R7,2957,2957,1933,2955,true,PASS
square:R2:R7:1939,1939,Dominant +♭2𝄪4,R2,R7,2965,2965,1941,2963,true,PASS
square:R2:R7:1941,1941,Dominant +𝄪4,R2,R7,2969,2969,1945,2965,true,PASS
square:R2:R7:1955,1955,Dominant +♭2♯3𝄪4,R2,R7,2981,2981,1957,2979,true,PASS
square:R2:R7:1957,1957,Dominant +♯3𝄪4,R2,R7,2985,2985,1961,2981,true,PASS
square:R2:R7:1961,1961,Dominant +♯2♯3𝄪4,R2,R7,2993,2993,1969,2985,true,PASS
square:R2:R7:1987,1987,7-4 rooted state 1987,R2,R7,3013,3013,1989,3011,true,PASS
square:R2:R7:1989,1989,Dominant +34,R2,R7,3017,3017,1993,3013,true,PASS
square:R2:R7:1993,1993,Dominant +♯234,R2,R7,3025,3025,2001,3017,true,PASS
square:R2:R7:2001,2001,Dominant +234,R2,R7,3041,3041,2017,3025,true,PASS
square:R2:L7:379,379,Kaikian Mode II,R2,L7,253,253,381,251,true,PASS
square:R2:L7:635,635,Scale 635,R2,L7,381,381,637,379,true,PASS
square:R2:L7:699,699,Ultralocrian 5,R2,L7,445,445,701,443,true,PASS
square:R2:L7:731,731,Alternating Heptamode,R2,L7,477,477,733,475,true,PASS
square:R2:L7:747,747,1sus4 & ♭3∅7,R2,L7,493,493,749,491,true,PASS
square:R2:L7:755,755,Ionian ♭2♭5𝄫6𝄫7,R2,L7,501,501,757,499,true,PASS
square:R2:L7:757,757,Lipsean Mode II,R2,L7,505,505,761,501,true,PASS
square:R2:L7:1147,1147,Alt double-flat 5 / flat–double-flat 6,R2,L7,637,637,1149,635,true,PASS
square:R2:L7:1211,1211,Ceiling Scale,R2,L7,701,701,1213,699,true,PASS
square:R2:L7:1243,1243,Alt 6,R2,L7,733,733,1245,731,true,PASS
square:R2:L7:1259,1259,Blues Phrygian,R2,L7,749,749,1261,747,true,PASS
square:R2:L7:1267,1267,7-19 rooted state 1267,R2,L7,757,757,1269,755,true,PASS
square:R2:L7:1269,1269,Major Locrian ♭♭6,R2,L7,761,761,1273,757,true,PASS
square:R2:L7:1339,1339,Alt ♭♭5,R2,L7,829,829,1341,827,true,PASS
square:R2:L7:1371,1371,Superlocrian,R2,L7,861,861,1373,859,true,PASS
square:R2:L7:1387,1387,Locrian,R2,L7,877,877,1389,875,true,PASS
square:R2:L7:1395,1395,Locrian Dominant,R2,L7,885,885,1397,883,true,PASS
square:R2:L7:1397,1397,Major Locrian,R2,L7,889,889,1401,885,true,PASS
square:R2:L7:1435,1435,Maqam Saba Zamzam,R2,L7,925,925,1437,923,true,PASS
square:R2:L7:1451,1451,Phrygian,R2,L7,941,941,1453,939,true,PASS
square:R2:L7:1459,1459,Phrygian Dominant,R2,L7,949,949,1461,947,true,PASS
square:R2:L7:1461,1461,Mixolydian ♭6,R2,L7,953,953,1465,949,true,PASS
square:R2:L7:1483,1483,Mela Bhavapriya,R2,L7,973,973,1485,971,true,PASS
square:R2:L7:1491,1491,Namanarayani,R2,L7,981,981,1493,979,true,PASS
square:R2:L7:1493,1493,Lydian Minor,R2,L7,985,985,1497,981,true,PASS
square:R2:L7:1507,1507,Lydian ♭7♭2♭6♯3,R2,L7,997,997,1509,995,true,PASS
square:R2:L7:1509,1509,Lydian Minor ♯3,R2,L7,1001,1001,1513,997,true,PASS
square:R2:L7:1513,1513,Lydian ♭7♭6♯2♯3,R2,L7,1009,1009,1521,1001,true,PASS
square:R2:L7:2171,2171,7-5 rooted state 2171,R2,L7,1149,1149,2173,1147,true,PASS
square:R2:L7:2235,2235,Exotic Minor,R2,L7,1213,1213,2237,1211,true,PASS
square:R2:L7:2267,2267,Scale 2267,R2,L7,1245,1245,2269,1243,true,PASS
square:R2:L7:2283,2283,Pacific Minor,R2,L7,1261,1261,2285,1259,true,PASS
square:R2:L7:2291,2291,Scale 2291,R2,L7,1269,1269,2293,1267,true,PASS
square:R2:L7:2293,2293,Bucolic,R2,L7,1273,1273,2297,1269,true,PASS
square:R2:L7:2363,2363,Unorthodox,R2,L7,1341,1341,2365,1339,true,PASS
square:R2:L7:2395,2395,Alt ♮7,R2,L7,1373,1373,2397,1371,true,PASS
square:R2:L7:2411,2411,Locrian ♮7,R2,L7,1389,1389,2413,1387,true,PASS
square:R2:L7:2419,2419,Rāga Suddha Pancama,R2,L7,1397,1397,2421,1395,true,PASS
square:R2:L7:2421,2421,Harmonic Major ♭5,R2,L7,1401,1401,2425,1397,true,PASS
square:R2:L7:2459,2459,7-21 rooted state 2459,R2,L7,1437,1437,2461,1435,true,PASS
square:R2:L7:2475,2475,Neapolitan Minor,R2,L7,1453,1453,2477,1451,true,PASS
square:R2:L7:2483,2483,Double Harmonic,R2,L7,1461,1461,2485,1459,true,PASS
square:R2:L7:2485,2485,Harmonic Major,R2,L7,1465,1465,2489,1461,true,PASS
square:R2:L7:2507,2507,Chromatic Lydian Inverse,R2,L7,1485,1485,2509,1483,true,PASS
square:R2:L7:2515,2515,Chromatic Hypolydian,R2,L7,1493,1493,2517,1491,true,PASS
square:R2:L7:2517,2517,Lydian Harmonic Major,R2,L7,1497,1497,2521,1493,true,PASS
square:R2:L7:2531,2531,Scale 2531,R2,L7,1509,1509,2533,1507,true,PASS
square:R2:L7:2533,2533,7-19 rooted state 2533,R2,L7,1513,1513,2537,1509,true,PASS
square:R2:L7:2537,2537,Scale 2537,R2,L7,1521,1521,2545,1513,true,PASS
square:R2:L7:2619,2619,Alt ♮675,R2,L7,1597,1597,2621,1595,true,PASS
square:R2:L7:2651,2651,7-25 rooted state 2651,R2,L7,1629,1629,2653,1627,true,PASS
square:R2:L7:2667,2667,Neapolitan Major ♭5,R2,L7,1645,1645,2669,1643,true,PASS
square:R2:L7:2675,2675,Chromatic Lydian,R2,L7,1653,1653,2677,1651,true,PASS
square:R2:L7:2677,2677,Ionian ♭5,R2,L7,1657,1657,2681,1653,true,PASS
square:R2:L7:2715,2715,Neapolitan Major ♭4,R2,L7,1693,1693,2717,1691,true,PASS
square:R2:L7:2731,2731,Neapolitan Major,R2,L7,1709,1709,2733,1707,true,PASS
square:R2:L7:2739,2739,Rāga Supradhipam,R2,L7,1717,1717,2741,1715,true,PASS
square:R2:L7:2741,2741,Ionian,R2,L7,1721,1721,2745,1717,true,PASS
square:R2:L7:2763,2763,Rāga Sauviram,R2,L7,1741,1741,2765,1739,true,PASS
square:R2:L7:2771,2771,Mela Gamanasrama,R2,L7,1749,1749,2773,1747,true,PASS
square:R2:L7:2773,2773,Lydian,R2,L7,1753,1753,2777,1749,true,PASS
square:R2:L7:2787,2787,Lydian ♭2♯3,R2,L7,1765,1765,2789,1763,true,PASS
square:R2:L7:2789,2789,Lydian ♯3,R2,L7,1769,1769,2793,1765,true,PASS
square:R2:L7:2793,2793,1sus4 & 7⁷,R2,L7,1777,1777,2801,1769,true,PASS
square:R2:L7:2843,2843,Neapolitan Major ♭4♯5,R2,L7,1821,1821,2845,1819,true,PASS
square:R2:L7:2859,2859,Neapolitan Major ♯5,R2,L7,1837,1837,2861,1835,true,PASS
square:R2:L7:2867,2867,7-21 rooted state 2867,R2,L7,1845,1845,2869,1843,true,PASS
square:R2:L7:2869,2869,Major Augmented,R2,L7,1849,1849,2873,1845,true,PASS
square:R2:L7:2891,2891,7-25 rooted state 2891,R2,L7,1869,1869,2893,1867,true,PASS
square:R2:L7:2899,2899,Lydian Augmented ♭2,R2,L7,1877,1877,2901,1875,true,PASS
square:R2:L7:2901,2901,Lydian Augmented,R2,L7,1881,1881,2905,1877,true,PASS
square:R2:L7:2915,2915,Scale 2915,R2,L7,1893,1893,2917,1891,true,PASS
square:R2:L7:2917,2917,Lydian Augmented ♯3,R2,L7,1897,1897,2921,1893,true,PASS
square:R2:L7:2921,2921,Lydian Augmented ♯2♯3,R2,L7,1905,1905,2929,1897,true,PASS
square:R2:L7:2955,2955,Neapolitan Maj 𝄪4♯5,R2,L7,1933,1933,2957,1931,true,PASS
square:R2:L7:2963,2963,Ionian +♭2𝄪4,R2,L7,1941,1941,2965,1939,true,PASS
square:R2:L7:2965,2965,Ionian +𝄪4,R2,L7,1945,1945,2969,1941,true,PASS
square:R2:L7:2979,2979,Ionian +♭2♯3𝄪4,R2,L7,1957,1957,2981,1955,true,PASS
square:R2:L7:2981,2981,Noh,R2,L7,1961,1961,2985,1957,true,PASS
square:R2:L7:2985,2985,Ionian +♯23𝄪4,R2,L7,1969,1969,2993,1961,true,PASS
square:R2:L7:3011,3011,7-5 rooted state 3011,R2,L7,1989,1989,3013,1987,true,PASS
square:R2:L7:3013,3013,Ionian +𝄪34,R2,L7,1993,1993,3017,1989,true,PASS
square:R2:L7:3017,3017,Scale 3017,R2,L7,2001,2001,3025,1993,true,PASS
square:R2:L7:3025,3025,Ionian +𝄪234,R2,L7,2017,2017,3041,2001,true,PASS
square:L2:R3:493,493,Locrian ♮2♭♭6♭♭♭7,L2,R3,499,499,491,501,true,PASS
square:L2:R3:749,749,Locrian ♮2♭♭6♭♭7,L2,R3,755,755,747,757,true,PASS
square:L2:R3:877,877,Hungarian Major Inverse,L2,R3,883,883,875,885,true,PASS
square:L2:R3:941,941,Rāga Jhankara Bhramavi,L2,R3,947,947,939,949,true,PASS
square:L2:R3:973,973,7-19 rooted state 973,L2,R3,979,979,971,981,true,PASS
square:L2:R3:981,981,Mela Kantamani,L2,R3,995,995,979,997,true,PASS
square:L2:R3:985,985,Scale 985,L2,R3,997,997,981,1001,true,PASS
square:L2:R3:1261,1261,Modified Blues,L2,R3,1267,1267,1259,1269,true,PASS
square:L2:R3:1389,1389,Half-Diminished,L2,R3,1395,1395,1387,1397,true,PASS
square:L2:R3:1453,1453,Aeolian,L2,R3,1459,1459,1451,1461,true,PASS
square:L2:R3:1485,1485,Mela Sanmukhapriya,L2,R3,1491,1491,1483,1493,true,PASS
square:L2:R3:1493,1493,Lydian Minor,L2,R3,1507,1507,1491,1509,true,PASS
square:L2:R3:1497,1497,Jyoti Swarupini,L2,R3,1509,1509,1493,1513,true,PASS
square:L2:R3:1645,1645,Dorian ♭5,L2,R3,1651,1651,1643,1653,true,PASS
square:L2:R3:1709,1709,Dorian,L2,R3,1715,1715,1707,1717,true,PASS
square:L2:R3:1741,1741,Dorian ♯4,L2,R3,1747,1747,1739,1749,true,PASS
square:L2:R3:1749,1749,Acoustic,L2,R3,1763,1763,1747,1765,true,PASS
square:L2:R3:1753,1753,Hungarian Major,L2,R3,1765,1765,1749,1769,true,PASS
square:L2:R3:1837,1837,Dorian Augmented,L2,R3,1843,1843,1835,1845,true,PASS
square:L2:R3:1869,1869,Lydian 7+♭3,L2,R3,1875,1875,1867,1877,true,PASS
square:L2:R3:1877,1877,Aeroptian,L2,R3,1891,1891,1875,1893,true,PASS
square:L2:R3:1881,1881,Lydian 7+♯2,L2,R3,1893,1893,1877,1897,true,PASS
square:L2:R3:1933,1933,Dorian +𝄪4,L2,R3,1939,1939,1931,1941,true,PASS
square:L2:R3:1941,1941,Dominant +𝄪4,L2,R3,1955,1955,1939,1957,true,PASS
square:L2:R3:1945,1945,7-Z18 rooted state 1945,L2,R3,1957,1957,1941,1961,true,PASS
square:L2:R3:1957,1957,Dominant +♯3𝄪4,L2,R3,1987,1987,1955,1989,true,PASS
square:L2:R3:1961,1961,Dominant +♯2♯3𝄪4,L2,R3,1989,1989,1957,1993,true,PASS
square:L2:R3:1969,1969,Dominant +♯3𝄪2♭4,L2,R3,1993,1993,1961,2001,true,PASS
square:L2:R3:2285,2285,Supine,L2,R3,2291,2291,2283,2293,true,PASS
square:L2:R3:2413,2413,Harmonic Minor ♭5,L2,R3,2419,2419,2411,2421,true,PASS
square:L2:R3:2477,2477,Harmonic Minor,L2,R3,2483,2483,2475,2485,true,PASS
square:L2:R3:2509,2509,Double Harmonic Minor,L2,R3,2515,2515,2507,2517,true,PASS
square:L2:R3:2517,2517,Lydian Harmonic Major,L2,R3,2531,2531,2515,2533,true,PASS
square:L2:R3:2521,2521,Scale 2521,L2,R3,2533,2533,2517,2537,true,PASS
square:L2:R3:2669,2669,Jeths' Mode,L2,R3,2675,2675,2667,2677,true,PASS
square:L2:R3:2733,2733,Melodic Minor,L2,R3,2739,2739,2731,2741,true,PASS
square:L2:R3:2765,2765,Lydian Diminished,L2,R3,2771,2771,2763,2773,true,PASS
square:L2:R3:2773,2773,Lydian,L2,R3,2787,2787,2771,2789,true,PASS
square:L2:R3:2777,2777,Aeolian Harmonic,L2,R3,2789,2789,2773,2793,true,PASS
square:L2:R3:2861,2861,Melodic +,L2,R3,2867,2867,2859,2869,true,PASS
square:L2:R3:2893,2893,Lydian Augmented ♭3,L2,R3,2899,2899,2891,2901,true,PASS
square:L2:R3:2901,2901,Lydian Augmented,L2,R3,2915,2915,2899,2917,true,PASS
square:L2:R3:2905,2905,Aeolian Flat,L2,R3,2917,2917,2901,2921,true,PASS
square:L2:R3:2957,2957,Melodic +4,L2,R3,2963,2963,2955,2965,true,PASS
square:L2:R3:2965,2965,Ionian +𝄪4,L2,R3,2979,2979,2963,2981,true,PASS
square:L2:R3:2969,2969,Scale 2969,L2,R3,2981,2981,2965,2985,true,PASS
square:L2:R3:2981,2981,Noh,L2,R3,3011,3011,2979,3013,true,PASS
square:L2:R3:2985,2985,Ionian +♯23𝄪4,L2,R3,3013,3013,2981,3017,true,PASS
square:L2:R3:2993,2993,Ionian +♯324,L2,R3,3017,3017,2985,3025,true,PASS
square:L2:R3:3181,3181,Melodic ♭5♯6,L2,R3,3187,3187,3179,3189,true,PASS
square:L2:R3:3245,3245,Rāga Daulati,L2,R3,3251,3251,3243,3253,true,PASS
square:L2:R3:3277,3277,7-21 rooted state 3277,L2,R3,3283,3283,3275,3285,true,PASS
square:L2:R3:3285,3285,Mela Citrambari,L2,R3,3299,3299,3283,3301,true,PASS
square:L2:R3:3289,3289,Rasikapriya,L2,R3,3301,3301,3285,3305,true,PASS
square:L2:R3:3373,3373,Melodic +♯6,L2,R3,3379,3379,3371,3381,true,PASS
square:L2:R3:3405,3405,Phrygian +♮2,L2,R3,3411,3411,3403,3413,true,PASS
square:L2:R3:3413,3413,Leading Whole-Tone,L2,R3,3427,3427,3411,3429,true,PASS
square:L2:R3:3417,3417,Lydian +♯26,L2,R3,3429,3429,3413,3433,true,PASS
square:L2:R3:3469,3469,Melodic +♯6𝄪4,L2,R3,3475,3475,3467,3477,true,PASS
square:L2:R3:3477,3477,Ionian +♯64,L2,R3,3491,3491,3475,3493,true,PASS
square:L2:R3:3481,3481,Scale 3481,L2,R3,3493,3493,3477,3497,true,PASS
square:L2:R3:3493,3493,Ionian +♯3♯6𝄪4,L2,R3,3523,3523,3491,3525,true,PASS
square:L2:R3:3497,3497,Superlydian Augmented 𝄪4,L2,R3,3525,3525,3493,3529,true,PASS
square:L2:R3:3505,3505,Superlydian Augmented 24,L2,R3,3529,3529,3497,3537,true,PASS
square:L2:R3:3629,3629,Melodic 𝄪5♯6,L2,R3,3635,3635,3627,3637,true,PASS
square:L2:R3:3661,3661,Melodic ♯4𝄪5♯6,L2,R3,3667,3667,3659,3669,true,PASS
square:L2:R3:3669,3669,Ionian ♯4𝄪5♯6,L2,R3,3683,3683,3667,3685,true,PASS
square:L2:R3:3673,3673,Scale 3673,L2,R3,3685,3685,3669,3689,true,PASS
square:L2:R3:3725,3725,Eurean Mode VI,L2,R3,3731,3731,3723,3733,true,PASS
square:L2:R3:3733,3733,Ionian 𝄪4𝄪5♯6,L2,R3,3747,3747,3731,3749,true,PASS
square:L2:R3:3737,3737,Scale 3737,L2,R3,3749,3749,3733,3753,true,PASS
square:L2:R3:3749,3749,Rāga Sorati,L2,R3,3779,3779,3747,3781,true,PASS
square:L2:R3:3753,3753,Superaugmented ♯3𝄪4𝄪5,L2,R3,3781,3781,3749,3785,true,PASS
square:L2:R3:3761,3761,Rāga Madhuri,L2,R3,3785,3785,3753,3793,true,PASS
square:L2:R3:3853,3853,7-4 rooted state 3853,L2,R3,3859,3859,3851,3861,true,PASS
square:L2:R3:3861,3861,Ionian ♯45♯6,L2,R3,3875,3875,3859,3877,true,PASS
square:L2:R3:3865,3865,Ionian ♯2♯45♯6,L2,R3,3877,3877,3861,3881,true,PASS
square:L2:R3:3877,3877,Ionian ♯3♯45♯6,L2,R3,3907,3907,3875,3909,true,PASS
square:L2:R3:3881,3881,Tanarupi III,L2,R3,3909,3909,3877,3913,true,PASS
square:L2:R3:3889,3889,Raghupriya III,L2,R3,3913,3913,3881,3921,true,PASS
square:L2:R3:3909,3909,Superlydian Augmented ♮235♯4,L2,R3,3971,3971,3907,3973,true,PASS
square:L2:R3:3913,3913,Bonian,L2,R3,3973,3973,3909,3977,true,PASS
square:L2:R3:3921,3921,Superlydian Augmented 23♯45,L2,R3,3977,3977,3913,3985,true,PASS
square:L2:R3:3937,3937,Scale 3937,L2,R3,3985,3985,3921,4001,true,PASS
square:L2:L3:501,501,Major Locrian 6♭7,L2,L3,491,491,499,493,true,PASS
square:L2:L3:757,757,Lipsean Mode II,L2,L3,747,747,755,749,true,PASS
square:L2:L3:885,885,Major Locrian 𝄫7,L2,L3,875,875,883,877,true,PASS
square:L2:L3:949,949,Mararanjani,L2,L3,939,939,947,941,true,PASS
square:L2:L3:981,981,Mela Kantamani,L2,L3,971,971,979,973,true,PASS
square:L2:L3:997,997,Tanarupi IV,L2,L3,979,979,995,981,true,PASS
square:L2:L3:1001,1001,Lydian ♯2♯3♭67,L2,L3,981,981,997,985,true,PASS
square:L2:L3:1269,1269,Major Locrian ♭♭6,L2,L3,1259,1259,1267,1261,true,PASS
square:L2:L3:1397,1397,Major Locrian,L2,L3,1387,1387,1395,1389,true,PASS
square:L2:L3:1461,1461,Mixolydian ♭6,L2,L3,1451,1451,1459,1453,true,PASS
square:L2:L3:1493,1493,Lydian Minor,L2,L3,1483,1483,1491,1485,true,PASS
square:L2:L3:1509,1509,Lydian Minor ♯3,L2,L3,1491,1491,1507,1493,true,PASS
square:L2:L3:1513,1513,Lydian ♭7♭6♯2♯3,L2,L3,1493,1493,1509,1497,true,PASS
square:L2:L3:1653,1653,Mixolydian ♭5,L2,L3,1643,1643,1651,1645,true,PASS
square:L2:L3:1717,1717,Mixolydian,L2,L3,1707,1707,1715,1709,true,PASS
square:L2:L3:1749,1749,Acoustic,L2,L3,1739,1739,1747,1741,true,PASS
square:L2:L3:1765,1765,Lydian ♭7♯3,L2,L3,1747,1747,1763,1749,true,PASS
square:L2:L3:1769,1769,Lydian ♭7♯2♯3,L2,L3,1749,1749,1765,1753,true,PASS
square:L2:L3:1845,1845,Mixolydian Augmented,L2,L3,1835,1835,1843,1837,true,PASS
square:L2:L3:1877,1877,Aeroptian,L2,L3,1867,1867,1875,1869,true,PASS
square:L2:L3:1893,1893,Lydian 7+♯3,L2,L3,1875,1875,1891,1877,true,PASS
square:L2:L3:1897,1897,Lydian 7+♯23,L2,L3,1877,1877,1893,1881,true,PASS
square:L2:L3:1941,1941,Dominant +𝄪4,L2,L3,1931,1931,1939,1933,true,PASS
square:L2:L3:1957,1957,Dominant +♯3𝄪4,L2,L3,1939,1939,1955,1941,true,PASS
square:L2:L3:1961,1961,Dominant +♯2♯3𝄪4,L2,L3,1941,1941,1957,1945,true,PASS
square:L2:L3:1989,1989,Dominant +34,L2,L3,1955,1955,1987,1957,true,PASS
square:L2:L3:1993,1993,Dominant +♯234,L2,L3,1957,1957,1989,1961,true,PASS
square:L2:L3:2001,2001,Dominant +234,L2,L3,1961,1961,1993,1969,true,PASS
square:L2:L3:2293,2293,Bucolic,L2,L3,2283,2283,2291,2285,true,PASS
square:L2:L3:2421,2421,Harmonic Major ♭5,L2,L3,2411,2411,2419,2413,true,PASS
square:L2:L3:2485,2485,Harmonic Major,L2,L3,2475,2475,2483,2477,true,PASS
square:L2:L3:2517,2517,Lydian Harmonic Major,L2,L3,2507,2507,2515,2509,true,PASS
square:L2:L3:2533,2533,7-19 rooted state 2533,L2,L3,2515,2515,2531,2517,true,PASS
square:L2:L3:2537,2537,Scale 2537,L2,L3,2517,2517,2533,2521,true,PASS
square:L2:L3:2677,2677,Ionian ♭5,L2,L3,2667,2667,2675,2669,true,PASS
square:L2:L3:2741,2741,Ionian,L2,L3,2731,2731,2739,2733,true,PASS
square:L2:L3:2773,2773,Lydian,L2,L3,2763,2763,2771,2765,true,PASS
square:L2:L3:2789,2789,Lydian ♯3,L2,L3,2771,2771,2787,2773,true,PASS
square:L2:L3:2793,2793,1sus4 & 7⁷,L2,L3,2773,2773,2789,2777,true,PASS
square:L2:L3:2869,2869,Major Augmented,L2,L3,2859,2859,2867,2861,true,PASS
square:L2:L3:2901,2901,Lydian Augmented,L2,L3,2891,2891,2899,2893,true,PASS
square:L2:L3:2917,2917,Lydian Augmented ♯3,L2,L3,2899,2899,2915,2901,true,PASS
square:L2:L3:2921,2921,Lydian Augmented ♯2♯3,L2,L3,2901,2901,2917,2905,true,PASS
square:L2:L3:2965,2965,Ionian +𝄪4,L2,L3,2955,2955,2963,2957,true,PASS
square:L2:L3:2981,2981,Noh,L2,L3,2963,2963,2979,2965,true,PASS
square:L2:L3:2985,2985,Ionian +♯23𝄪4,L2,L3,2965,2965,2981,2969,true,PASS
square:L2:L3:3013,3013,Ionian +𝄪34,L2,L3,2979,2979,3011,2981,true,PASS
square:L2:L3:3017,3017,Scale 3017,L2,L3,2981,2981,3013,2985,true,PASS
square:L2:L3:3025,3025,Ionian +𝄪234,L2,L3,2985,2985,3017,2993,true,PASS
square:L2:L3:3189,3189,Ionian ♭5♯6,L2,L3,3179,3179,3187,3181,true,PASS
square:L2:L3:3253,3253,Mela Naganandini,L2,L3,3243,3243,3251,3245,true,PASS
square:L2:L3:3285,3285,Mela Citrambari,L2,L3,3275,3275,3283,3277,true,PASS
square:L2:L3:3301,3301,Rāga Loom Sarang,L2,L3,3283,3283,3299,3285,true,PASS
square:L2:L3:3305,3305,Chromatic Hypophrygian,L2,L3,3285,3285,3301,3289,true,PASS
square:L2:L3:3381,3381,Ionian +♯6,L2,L3,3371,3371,3379,3373,true,PASS
square:L2:L3:3413,3413,Leading Whole-Tone,L2,L3,3403,3403,3411,3405,true,PASS
square:L2:L3:3429,3429,Lydian +♯36,L2,L3,3411,3411,3427,3413,true,PASS
square:L2:L3:3433,3433,Superlydian Augmented,L2,L3,3413,3413,3429,3417,true,PASS
square:L2:L3:3477,3477,Ionian +♯64,L2,L3,3467,3467,3475,3469,true,PASS
square:L2:L3:3493,3493,Ionian +♯3♯6𝄪4,L2,L3,3475,3475,3491,3477,true,PASS
square:L2:L3:3497,3497,Superlydian Augmented 𝄪4,L2,L3,3477,3477,3493,3481,true,PASS
square:L2:L3:3525,3525,Scale 3525,L2,L3,3491,3491,3523,3493,true,PASS
square:L2:L3:3529,3529,Superlydian Augmented 𝄪3𝄪4,L2,L3,3493,3493,3525,3497,true,PASS
square:L2:L3:3537,3537,Scale 3537,L2,L3,3497,3497,3529,3505,true,PASS
square:L2:L3:3637,3637,Rāga Rageshri,L2,L3,3627,3627,3635,3629,true,PASS
square:L2:L3:3669,3669,Ionian ♯4𝄪5♯6,L2,L3,3659,3659,3667,3661,true,PASS
square:L2:L3:3685,3685,7-Z18 rooted state 3685,L2,L3,3667,3667,3683,3669,true,PASS
square:L2:L3:3689,3689,Scale 3689,L2,L3,3669,3669,3685,3673,true,PASS
square:L2:L3:3733,3733,Ionian 𝄪4𝄪5♯6,L2,L3,3723,3723,3731,3725,true,PASS
square:L2:L3:3749,3749,Rāga Sorati,L2,L3,3731,3731,3747,3733,true,PASS
square:L2:L3:3753,3753,Superaugmented ♯3𝄪4𝄪5,L2,L3,3733,3733,3749,3737,true,PASS
square:L2:L3:3781,3781,Kaikian Mode VII,L2,L3,3747,3747,3779,3749,true,PASS
square:L2:L3:3785,3785,Scale 3785,L2,L3,3749,3749,3781,3753,true,PASS
square:L2:L3:3793,3793,Superlydian Augmented 𝄪2𝄪3𝄪4𝄪5,L2,L3,3753,3753,3785,3761,true,PASS
square:L2:L3:3861,3861,Ionian ♯45♯6,L2,L3,3851,3851,3859,3853,true,PASS
square:L2:L3:3877,3877,Ionian ♯3♯45♯6,L2,L3,3859,3859,3875,3861,true,PASS
square:L2:L3:3881,3881,Tanarupi III,L2,L3,3861,3861,3877,3865,true,PASS
square:L2:L3:3909,3909,Superlydian Augmented ♮235♯4,L2,L3,3875,3875,3907,3877,true,PASS
square:L2:L3:3913,3913,Bonian,L2,L3,3877,3877,3909,3881,true,PASS
square:L2:L3:3921,3921,Superlydian Augmented 23♯45,L2,L3,3881,3881,3913,3889,true,PASS
square:L2:L3:3973,3973,Superlydian Augmented ♮25♯34,L2,L3,3907,3907,3971,3909,true,PASS
square:L2:L3:3977,3977,Scale 3977,L2,L3,3909,3909,3973,3913,true,PASS
square:L2:L3:3985,3985,7-3 rooted state 3985,L2,L3,3913,3913,3977,3921,true,PASS
square:L2:L3:4001,4001,Superlydian Augmented ♯2♯3♯45,L2,L3,3921,3921,3985,3937,true,PASS
square:L2:R4:477,477,Alt ♮2𝄫6♭𝄫7,L2,R4,491,491,475,493,true,PASS
square:L2:R4:733,733,Superlocrian ♮2♭♭6♭♭7,L2,R4,747,747,731,749,true,PASS
square:L2:R4:861,861,Superlocrian ♮2𝄫7,L2,R4,875,875,859,877,true,PASS
square:L2:R4:925,925,Chromatic Hypodorian,L2,R4,939,939,923,941,true,PASS
square:L2:R4:941,941,Rāga Jhankara Bhramavi,L2,R4,971,971,939,973,true,PASS
square:L2:R4:949,949,Mararanjani,L2,R4,979,979,947,981,true,PASS
square:L2:R4:953,953,Rāga Kalahamsa,L2,R4,981,981,949,985,true,PASS
square:L2:R4:1245,1245,Alt ♮26,L2,R4,1259,1259,1243,1261,true,PASS
square:L2:R4:1373,1373,Storian,L2,R4,1387,1387,1371,1389,true,PASS
square:L2:R4:1437,1437,Sabach,L2,R4,1451,1451,1435,1453,true,PASS
square:L2:R4:1453,1453,Aeolian,L2,R4,1483,1483,1451,1485,true,PASS
square:L2:R4:1461,1461,Mixolydian ♭6,L2,R4,1491,1491,1459,1493,true,PASS
square:L2:R4:1465,1465,Rāga Cudamani,L2,R4,1493,1493,1461,1497,true,PASS
square:L2:R4:1629,1629,Dorian Blues,L2,R4,1643,1643,1627,1645,true,PASS
square:L2:R4:1693,1693,Dorian ♭4,L2,R4,1707,1707,1691,1709,true,PASS
square:L2:R4:1709,1709,Dorian,L2,R4,1739,1739,1707,1741,true,PASS
square:L2:R4:1717,1717,Mixolydian,L2,R4,1747,1747,1715,1749,true,PASS
square:L2:R4:1721,1721,Rāga Ganavaridhi,L2,R4,1749,1749,1717,1753,true,PASS
square:L2:R4:1821,1821,Dorian +♭4,L2,R4,1835,1835,1819,1837,true,PASS
square:L2:R4:1837,1837,Dorian Augmented,L2,R4,1867,1867,1835,1869,true,PASS
square:L2:R4:1845,1845,Mixolydian Augmented,L2,R4,1875,1875,1843,1877,true,PASS
square:L2:R4:1849,1849,Rāga Dvigandharabushini,L2,R4,1877,1877,1845,1881,true,PASS
square:L2:R4:1869,1869,Lydian 7+♭3,L2,R4,1931,1931,1867,1933,true,PASS
square:L2:R4:1877,1877,Aeroptian,L2,R4,1939,1939,1875,1941,true,PASS
square:L2:R4:1881,1881,Lydian 7+♯2,L2,R4,1941,1941,1877,1945,true,PASS
square:L2:R4:1893,1893,Lydian 7+♯3,L2,R4,1955,1955,1891,1957,true,PASS
square:L2:R4:1897,1897,Lydian 7+♯23,L2,R4,1957,1957,1893,1961,true,PASS
square:L2:R4:1905,1905,Lydian 7+♯3𝄪2,L2,R4,1961,1961,1897,1969,true,PASS
square:L2:R4:2269,2269,Nomadic Minor,L2,R4,2283,2283,2267,2285,true,PASS
square:L2:R4:2397,2397,Eccentric,L2,R4,2411,2411,2395,2413,true,PASS
square:L2:R4:2461,2461,7-21 rooted state 2461,L2,R4,2475,2475,2459,2477,true,PASS
square:L2:R4:2477,2477,Harmonic Minor,L2,R4,2507,2507,2475,2509,true,PASS
square:L2:R4:2485,2485,Harmonic Major,L2,R4,2515,2515,2483,2517,true,PASS
square:L2:R4:2489,2489,Scale 2489,L2,R4,2517,2517,2485,2521,true,PASS
square:L2:R4:2653,2653,Nomadic,L2,R4,2667,2667,2651,2669,true,PASS
square:L2:R4:2717,2717,Melodic ♭4,L2,R4,2731,2731,2715,2733,true,PASS
square:L2:R4:2733,2733,Melodic Minor,L2,R4,2763,2763,2731,2765,true,PASS
square:L2:R4:2741,2741,Ionian,L2,R4,2771,2771,2739,2773,true,PASS
square:L2:R4:2745,2745,Rāga Sailadesakshi,L2,R4,2773,2773,2741,2777,true,PASS
square:L2:R4:2845,2845,Melodic +♭4,L2,R4,2859,2859,2843,2861,true,PASS
square:L2:R4:2861,2861,Melodic +,L2,R4,2891,2891,2859,2893,true,PASS
square:L2:R4:2869,2869,Major Augmented,L2,R4,2899,2899,2867,2901,true,PASS
square:L2:R4:2873,2873,Ionian Augmented ♯2,L2,R4,2901,2901,2869,2905,true,PASS
square:L2:R4:2893,2893,Lydian Augmented ♭3,L2,R4,2955,2955,2891,2957,true,PASS
square:L2:R4:2901,2901,Lydian Augmented,L2,R4,2963,2963,2899,2965,true,PASS
square:L2:R4:2905,2905,Aeolian Flat,L2,R4,2965,2965,2901,2969,true,PASS
square:L2:R4:2917,2917,Lydian Augmented ♯3,L2,R4,2979,2979,2915,2981,true,PASS
square:L2:R4:2921,2921,Lydian Augmented ♯2♯3,L2,R4,2981,2981,2917,2985,true,PASS
square:L2:R4:2929,2929,Lydian +♯32,L2,R4,2985,2985,2921,2993,true,PASS
square:L2:R4:3165,3165,Scale 3165,L2,R4,3179,3179,3163,3181,true,PASS
square:L2:R4:3229,3229,Varunapriya ♭4,L2,R4,3243,3243,3227,3245,true,PASS
square:L2:R4:3245,3245,Rāga Daulati,L2,R4,3275,3275,3243,3277,true,PASS
square:L2:R4:3253,3253,Mela Naganandini,L2,R4,3283,3283,3251,3285,true,PASS
square:L2:R4:3257,3257,Rāga Madhuranjani,L2,R4,3285,3285,3253,3289,true,PASS
square:L2:R4:3357,3357,Scale 3357,L2,R4,3371,3371,3355,3373,true,PASS
square:L2:R4:3373,3373,Melodic +♯6,L2,R4,3403,3403,3371,3405,true,PASS
square:L2:R4:3381,3381,Ionian +♯6,L2,R4,3411,3411,3379,3413,true,PASS
square:L2:R4:3385,3385,Chromatic Phrygian,L2,R4,3413,3413,3381,3417,true,PASS
square:L2:R4:3405,3405,Phrygian +♮2,L2,R4,3467,3467,3403,3469,true,PASS
square:L2:R4:3413,3413,Leading Whole-Tone,L2,R4,3475,3475,3411,3477,true,PASS
square:L2:R4:3417,3417,Lydian +♯26,L2,R4,3477,3477,3413,3481,true,PASS
square:L2:R4:3429,3429,Lydian +♯36,L2,R4,3491,3491,3427,3493,true,PASS
square:L2:R4:3433,3433,Superlydian Augmented,L2,R4,3493,3493,3429,3497,true,PASS
square:L2:R4:3441,3441,Superlydian Augmented ♯2,L2,R4,3497,3497,3433,3505,true,PASS
square:L2:R4:3613,3613,7-5 rooted state 3613,L2,R4,3627,3627,3611,3629,true,PASS
square:L2:R4:3629,3629,Melodic 𝄪5♯6,L2,R4,3659,3659,3627,3661,true,PASS
square:L2:R4:3637,3637,Rāga Rageshri,L2,R4,3667,3667,3635,3669,true,PASS
square:L2:R4:3641,3641,Ionian ♯2𝄪5♯6,L2,R4,3669,3669,3637,3673,true,PASS
square:L2:R4:3661,3661,Melodic ♯4𝄪5♯6,L2,R4,3723,3723,3659,3725,true,PASS
square:L2:R4:3669,3669,Ionian ♯4𝄪5♯6,L2,R4,3731,3731,3667,3733,true,PASS
square:L2:R4:3673,3673,Scale 3673,L2,R4,3733,3733,3669,3737,true,PASS
square:L2:R4:3685,3685,7-Z18 rooted state 3685,L2,R4,3747,3747,3683,3749,true,PASS
square:L2:R4:3689,3689,Scale 3689,L2,R4,3749,3749,3685,3753,true,PASS
square:L2:R4:3697,3697,Scale 3697,L2,R4,3753,3753,3689,3761,true,PASS
square:L2:R4:3725,3725,Eurean Mode VI,L2,R4,3851,3851,3723,3853,true,PASS
square:L2:R4:3733,3733,Ionian 𝄪4𝄪5♯6,L2,R4,3859,3859,3731,3861,true,PASS
square:L2:R4:3737,3737,Scale 3737,L2,R4,3861,3861,3733,3865,true,PASS
square:L2:R4:3749,3749,Rāga Sorati,L2,R4,3875,3875,3747,3877,true,PASS
square:L2:R4:3753,3753,Superaugmented ♯3𝄪4𝄪5,L2,R4,3877,3877,3749,3881,true,PASS
square:L2:R4:3761,3761,Rāga Madhuri,L2,R4,3881,3881,3753,3889,true,PASS
square:L2:R4:3781,3781,Kaikian Mode VII,L2,R4,3907,3907,3779,3909,true,PASS
square:L2:R4:3785,3785,Scale 3785,L2,R4,3909,3909,3781,3913,true,PASS
square:L2:R4:3793,3793,Superlydian Augmented 𝄪2𝄪3𝄪4𝄪5,L2,R4,3913,3913,3785,3921,true,PASS
square:L2:R4:3809,3809,Borean Mode I,L2,R4,3921,3921,3793,3937,true,PASS
square:L2:L4:493,493,Locrian ♮2♭♭6♭♭♭7,L2,L4,475,475,491,477,true,PASS
square:L2:L4:749,749,Locrian ♮2♭♭6♭♭7,L2,L4,731,731,747,733,true,PASS
square:L2:L4:877,877,Hungarian Major Inverse,L2,L4,859,859,875,861,true,PASS
square:L2:L4:941,941,Rāga Jhankara Bhramavi,L2,L4,923,923,939,925,true,PASS
square:L2:L4:973,973,7-19 rooted state 973,L2,L4,939,939,971,941,true,PASS
square:L2:L4:981,981,Mela Kantamani,L2,L4,947,947,979,949,true,PASS
square:L2:L4:985,985,Scale 985,L2,L4,949,949,981,953,true,PASS
square:L2:L4:1261,1261,Modified Blues,L2,L4,1243,1243,1259,1245,true,PASS
square:L2:L4:1389,1389,Half-Diminished,L2,L4,1371,1371,1387,1373,true,PASS
square:L2:L4:1453,1453,Aeolian,L2,L4,1435,1435,1451,1437,true,PASS
square:L2:L4:1485,1485,Mela Sanmukhapriya,L2,L4,1451,1451,1483,1453,true,PASS
square:L2:L4:1493,1493,Lydian Minor,L2,L4,1459,1459,1491,1461,true,PASS
square:L2:L4:1497,1497,Jyoti Swarupini,L2,L4,1461,1461,1493,1465,true,PASS
square:L2:L4:1645,1645,Dorian ♭5,L2,L4,1627,1627,1643,1629,true,PASS
square:L2:L4:1709,1709,Dorian,L2,L4,1691,1691,1707,1693,true,PASS
square:L2:L4:1741,1741,Dorian ♯4,L2,L4,1707,1707,1739,1709,true,PASS
square:L2:L4:1749,1749,Acoustic,L2,L4,1715,1715,1747,1717,true,PASS
square:L2:L4:1753,1753,Hungarian Major,L2,L4,1717,1717,1749,1721,true,PASS
square:L2:L4:1837,1837,Dorian Augmented,L2,L4,1819,1819,1835,1821,true,PASS
square:L2:L4:1869,1869,Lydian 7+♭3,L2,L4,1835,1835,1867,1837,true,PASS
square:L2:L4:1877,1877,Aeroptian,L2,L4,1843,1843,1875,1845,true,PASS
square:L2:L4:1881,1881,Lydian 7+♯2,L2,L4,1845,1845,1877,1849,true,PASS
square:L2:L4:1933,1933,Dorian +𝄪4,L2,L4,1867,1867,1931,1869,true,PASS
square:L2:L4:1941,1941,Dominant +𝄪4,L2,L4,1875,1875,1939,1877,true,PASS
square:L2:L4:1945,1945,7-Z18 rooted state 1945,L2,L4,1877,1877,1941,1881,true,PASS
square:L2:L4:1957,1957,Dominant +♯3𝄪4,L2,L4,1891,1891,1955,1893,true,PASS
square:L2:L4:1961,1961,Dominant +♯2♯3𝄪4,L2,L4,1893,1893,1957,1897,true,PASS
square:L2:L4:1969,1969,Dominant +♯3𝄪2♭4,L2,L4,1897,1897,1961,1905,true,PASS
square:L2:L4:2285,2285,Supine,L2,L4,2267,2267,2283,2269,true,PASS
square:L2:L4:2413,2413,Harmonic Minor ♭5,L2,L4,2395,2395,2411,2397,true,PASS
square:L2:L4:2477,2477,Harmonic Minor,L2,L4,2459,2459,2475,2461,true,PASS
square:L2:L4:2509,2509,Double Harmonic Minor,L2,L4,2475,2475,2507,2477,true,PASS
square:L2:L4:2517,2517,Lydian Harmonic Major,L2,L4,2483,2483,2515,2485,true,PASS
square:L2:L4:2521,2521,Scale 2521,L2,L4,2485,2485,2517,2489,true,PASS
square:L2:L4:2669,2669,Jeths' Mode,L2,L4,2651,2651,2667,2653,true,PASS
square:L2:L4:2733,2733,Melodic Minor,L2,L4,2715,2715,2731,2717,true,PASS
square:L2:L4:2765,2765,Lydian Diminished,L2,L4,2731,2731,2763,2733,true,PASS
square:L2:L4:2773,2773,Lydian,L2,L4,2739,2739,2771,2741,true,PASS
square:L2:L4:2777,2777,Aeolian Harmonic,L2,L4,2741,2741,2773,2745,true,PASS
square:L2:L4:2861,2861,Melodic +,L2,L4,2843,2843,2859,2845,true,PASS
square:L2:L4:2893,2893,Lydian Augmented ♭3,L2,L4,2859,2859,2891,2861,true,PASS
square:L2:L4:2901,2901,Lydian Augmented,L2,L4,2867,2867,2899,2869,true,PASS
square:L2:L4:2905,2905,Aeolian Flat,L2,L4,2869,2869,2901,2873,true,PASS
square:L2:L4:2957,2957,Melodic +4,L2,L4,2891,2891,2955,2893,true,PASS
square:L2:L4:2965,2965,Ionian +𝄪4,L2,L4,2899,2899,2963,2901,true,PASS
square:L2:L4:2969,2969,Scale 2969,L2,L4,2901,2901,2965,2905,true,PASS
square:L2:L4:2981,2981,Noh,L2,L4,2915,2915,2979,2917,true,PASS
square:L2:L4:2985,2985,Ionian +♯23𝄪4,L2,L4,2917,2917,2981,2921,true,PASS
square:L2:L4:2993,2993,Ionian +♯324,L2,L4,2921,2921,2985,2929,true,PASS
square:L2:L4:3181,3181,Melodic ♭5♯6,L2,L4,3163,3163,3179,3165,true,PASS
square:L2:L4:3245,3245,Rāga Daulati,L2,L4,3227,3227,3243,3229,true,PASS
square:L2:L4:3277,3277,7-21 rooted state 3277,L2,L4,3243,3243,3275,3245,true,PASS
square:L2:L4:3285,3285,Mela Citrambari,L2,L4,3251,3251,3283,3253,true,PASS
square:L2:L4:3289,3289,Rasikapriya,L2,L4,3253,3253,3285,3257,true,PASS
square:L2:L4:3373,3373,Melodic +♯6,L2,L4,3355,3355,3371,3357,true,PASS
square:L2:L4:3405,3405,Phrygian +♮2,L2,L4,3371,3371,3403,3373,true,PASS
square:L2:L4:3413,3413,Leading Whole-Tone,L2,L4,3379,3379,3411,3381,true,PASS
square:L2:L4:3417,3417,Lydian +♯26,L2,L4,3381,3381,3413,3385,true,PASS
square:L2:L4:3469,3469,Melodic +♯6𝄪4,L2,L4,3403,3403,3467,3405,true,PASS
square:L2:L4:3477,3477,Ionian +♯64,L2,L4,3411,3411,3475,3413,true,PASS
square:L2:L4:3481,3481,Scale 3481,L2,L4,3413,3413,3477,3417,true,PASS
square:L2:L4:3493,3493,Ionian +♯3♯6𝄪4,L2,L4,3427,3427,3491,3429,true,PASS
square:L2:L4:3497,3497,Superlydian Augmented 𝄪4,L2,L4,3429,3429,3493,3433,true,PASS
square:L2:L4:3505,3505,Superlydian Augmented 24,L2,L4,3433,3433,3497,3441,true,PASS
square:L2:L4:3629,3629,Melodic 𝄪5♯6,L2,L4,3611,3611,3627,3613,true,PASS
square:L2:L4:3661,3661,Melodic ♯4𝄪5♯6,L2,L4,3627,3627,3659,3629,true,PASS
square:L2:L4:3669,3669,Ionian ♯4𝄪5♯6,L2,L4,3635,3635,3667,3637,true,PASS
square:L2:L4:3673,3673,Scale 3673,L2,L4,3637,3637,3669,3641,true,PASS
square:L2:L4:3725,3725,Eurean Mode VI,L2,L4,3659,3659,3723,3661,true,PASS
square:L2:L4:3733,3733,Ionian 𝄪4𝄪5♯6,L2,L4,3667,3667,3731,3669,true,PASS
square:L2:L4:3737,3737,Scale 3737,L2,L4,3669,3669,3733,3673,true,PASS
square:L2:L4:3749,3749,Rāga Sorati,L2,L4,3683,3683,3747,3685,true,PASS
square:L2:L4:3753,3753,Superaugmented ♯3𝄪4𝄪5,L2,L4,3685,3685,3749,3689,true,PASS
square:L2:L4:3761,3761,Rāga Madhuri,L2,L4,3689,3689,3753,3697,true,PASS
square:L2:L4:3853,3853,7-4 rooted state 3853,L2,L4,3723,3723,3851,3725,true,PASS
square:L2:L4:3861,3861,Ionian ♯45♯6,L2,L4,3731,3731,3859,3733,true,PASS
square:L2:L4:3865,3865,Ionian ♯2♯45♯6,L2,L4,3733,3733,3861,3737,true,PASS
square:L2:L4:3877,3877,Ionian ♯3♯45♯6,L2,L4,3747,3747,3875,3749,true,PASS
square:L2:L4:3881,3881,Tanarupi III,L2,L4,3749,3749,3877,3753,true,PASS
square:L2:L4:3889,3889,Raghupriya III,L2,L4,3753,3753,3881,3761,true,PASS
square:L2:L4:3909,3909,Superlydian Augmented ♮235♯4,L2,L4,3779,3779,3907,3781,true,PASS
square:L2:L4:3913,3913,Bonian,L2,L4,3781,3781,3909,3785,true,PASS
square:L2:L4:3921,3921,Superlydian Augmented 23♯45,L2,L4,3785,3785,3913,3793,true,PASS
square:L2:L4:3937,3937,Scale 3937,L2,L4,3793,3793,3921,3809,true,PASS
square:L2:R5:445,445,Alt ♮2♭♭5♭6♭♭♭7,L2,R5,475,475,443,477,true,PASS
square:L2:R5:701,701,Alt ♮2♭♭567,L2,R5,731,731,699,733,true,PASS
square:L2:R5:829,829,7-Z18 rooted state 829,L2,R5,859,859,827,861,true,PASS
square:L2:R5:861,861,Superlocrian ♮2𝄫7,L2,R5,923,923,859,925,true,PASS
square:L2:R5:877,877,Hungarian Major Inverse,L2,R5,939,939,875,941,true,PASS
square:L2:R5:885,885,Major Locrian 𝄫7,L2,R5,947,947,883,949,true,PASS
square:L2:R5:889,889,Scale 889,L2,R5,949,949,885,953,true,PASS
square:L2:R5:1213,1213,Alt ♮2♭♭5♭6,L2,R5,1243,1243,1211,1245,true,PASS
square:L2:R5:1341,1341,Alt ♮2♭♭5,L2,R5,1371,1371,1339,1373,true,PASS
square:L2:R5:1373,1373,Storian,L2,R5,1435,1435,1371,1437,true,PASS
square:L2:R5:1389,1389,Half-Diminished,L2,R5,1451,1451,1387,1453,true,PASS
square:L2:R5:1397,1397,Major Locrian,L2,R5,1459,1459,1395,1461,true,PASS
square:L2:R5:1401,1401,Major Locrian ♯2,L2,R5,1461,1461,1397,1465,true,PASS
square:L2:R5:1597,1597,Rāga Ravikosh,L2,R5,1627,1627,1595,1629,true,PASS
square:L2:R5:1629,1629,Dorian Blues,L2,R5,1691,1691,1627,1693,true,PASS
square:L2:R5:1645,1645,Dorian ♭5,L2,R5,1707,1707,1643,1709,true,PASS
square:L2:R5:1653,1653,Mixolydian ♭5,L2,R5,1715,1715,1651,1717,true,PASS
square:L2:R5:1657,1657,7-19 rooted state 1657,L2,R5,1717,1717,1653,1721,true,PASS
square:L2:R5:1693,1693,Dorian ♭4,L2,R5,1819,1819,1691,1821,true,PASS
square:L2:R5:1709,1709,Dorian,L2,R5,1835,1835,1707,1837,true,PASS
square:L2:R5:1717,1717,Mixolydian,L2,R5,1843,1843,1715,1845,true,PASS
square:L2:R5:1721,1721,Rāga Ganavaridhi,L2,R5,1845,1845,1717,1849,true,PASS
square:L2:R5:1741,1741,Dorian ♯4,L2,R5,1867,1867,1739,1869,true,PASS
square:L2:R5:1749,1749,Acoustic,L2,R5,1875,1875,1747,1877,true,PASS
square:L2:R5:1753,1753,Hungarian Major,L2,R5,1877,1877,1749,1881,true,PASS
square:L2:R5:1765,1765,Lydian ♭7♯3,L2,R5,1891,1891,1763,1893,true,PASS
square:L2:R5:1769,1769,Lydian ♭7♯2♯3,L2,R5,1893,1893,1765,1897,true,PASS
square:L2:R5:1777,1777,Lydian ♭7♯3𝄪2,L2,R5,1897,1897,1769,1905,true,PASS
square:L2:R5:2237,2237,Alt ♮27♭♭56,L2,R5,2267,2267,2235,2269,true,PASS
square:L2:R5:2365,2365,Alt ♮27𝄫5,L2,R5,2395,2395,2363,2397,true,PASS
square:L2:R5:2397,2397,Eccentric,L2,R5,2459,2459,2395,2461,true,PASS
square:L2:R5:2413,2413,Harmonic Minor ♭5,L2,R5,2475,2475,2411,2477,true,PASS
square:L2:R5:2421,2421,Harmonic Major ♭5,L2,R5,2483,2483,2419,2485,true,PASS
square:L2:R5:2425,2425,Scale 2425,L2,R5,2485,2485,2421,2489,true,PASS
square:L2:R5:2621,2621,Euphoric,L2,R5,2651,2651,2619,2653,true,PASS
square:L2:R5:2653,2653,Nomadic,L2,R5,2715,2715,2651,2717,true,PASS
square:L2:R5:2669,2669,Jeths' Mode,L2,R5,2731,2731,2667,2733,true,PASS
square:L2:R5:2677,2677,Ionian ♭5,L2,R5,2739,2739,2675,2741,true,PASS
square:L2:R5:2681,2681,Scale 2681,L2,R5,2741,2741,2677,2745,true,PASS
square:L2:R5:2717,2717,Melodic ♭4,L2,R5,2843,2843,2715,2845,true,PASS
square:L2:R5:2733,2733,Melodic Minor,L2,R5,2859,2859,2731,2861,true,PASS
square:L2:R5:2741,2741,Ionian,L2,R5,2867,2867,2739,2869,true,PASS
square:L2:R5:2745,2745,Rāga Sailadesakshi,L2,R5,2869,2869,2741,2873,true,PASS
square:L2:R5:2765,2765,Lydian Diminished,L2,R5,2891,2891,2763,2893,true,PASS
square:L2:R5:2773,2773,Lydian,L2,R5,2899,2899,2771,2901,true,PASS
square:L2:R5:2777,2777,Aeolian Harmonic,L2,R5,2901,2901,2773,2905,true,PASS
square:L2:R5:2789,2789,Lydian ♯3,L2,R5,2915,2915,2787,2917,true,PASS
square:L2:R5:2793,2793,1sus4 & 7⁷,L2,R5,2917,2917,2789,2921,true,PASS
square:L2:R5:2801,2801,Rāga Hindolita,L2,R5,2921,2921,2793,2929,true,PASS
square:L2:R5:3133,3133,7-5 rooted state 3133,L2,R5,3163,3163,3131,3165,true,PASS
square:L2:R5:3165,3165,Scale 3165,L2,R5,3227,3227,3163,3229,true,PASS
square:L2:R5:3181,3181,Melodic ♭5♯6,L2,R5,3243,3243,3179,3245,true,PASS
square:L2:R5:3189,3189,Ionian ♭5♯6,L2,R5,3251,3251,3187,3253,true,PASS
square:L2:R5:3193,3193,Scale 3193,L2,R5,3253,3253,3189,3257,true,PASS
square:L2:R5:3229,3229,Varunapriya ♭4,L2,R5,3355,3355,3227,3357,true,PASS
square:L2:R5:3245,3245,Rāga Daulati,L2,R5,3371,3371,3243,3373,true,PASS
square:L2:R5:3253,3253,Mela Naganandini,L2,R5,3379,3379,3251,3381,true,PASS
square:L2:R5:3257,3257,Rāga Madhuranjani,L2,R5,3381,3381,3253,3385,true,PASS
square:L2:R5:3277,3277,7-21 rooted state 3277,L2,R5,3403,3403,3275,3405,true,PASS
square:L2:R5:3285,3285,Mela Citrambari,L2,R5,3411,3411,3283,3413,true,PASS
square:L2:R5:3289,3289,Rasikapriya,L2,R5,3413,3413,3285,3417,true,PASS
square:L2:R5:3301,3301,Rāga Loom Sarang,L2,R5,3427,3427,3299,3429,true,PASS
square:L2:R5:3305,3305,Chromatic Hypophrygian,L2,R5,3429,3429,3301,3433,true,PASS
square:L2:R5:3313,3313,Scale 3313,L2,R5,3433,3433,3305,3441,true,PASS
square:L2:R5:3357,3357,Scale 3357,L2,R5,3611,3611,3355,3613,true,PASS
square:L2:R5:3373,3373,Melodic +♯6,L2,R5,3627,3627,3371,3629,true,PASS
square:L2:R5:3381,3381,Ionian +♯6,L2,R5,3635,3635,3379,3637,true,PASS
square:L2:R5:3385,3385,Chromatic Phrygian,L2,R5,3637,3637,3381,3641,true,PASS
square:L2:R5:3405,3405,Phrygian +♮2,L2,R5,3659,3659,3403,3661,true,PASS
square:L2:R5:3413,3413,Leading Whole-Tone,L2,R5,3667,3667,3411,3669,true,PASS
square:L2:R5:3417,3417,Lydian +♯26,L2,R5,3669,3669,3413,3673,true,PASS
square:L2:R5:3429,3429,Lydian +♯36,L2,R5,3683,3683,3427,3685,true,PASS
square:L2:R5:3433,3433,Superlydian Augmented,L2,R5,3685,3685,3429,3689,true,PASS
square:L2:R5:3441,3441,Superlydian Augmented ♯2,L2,R5,3689,3689,3433,3697,true,PASS
square:L2:R5:3469,3469,Melodic +♯6𝄪4,L2,R5,3723,3723,3467,3725,true,PASS
square:L2:R5:3477,3477,Ionian +♯64,L2,R5,3731,3731,3475,3733,true,PASS
square:L2:R5:3481,3481,Scale 3481,L2,R5,3733,3733,3477,3737,true,PASS
square:L2:R5:3493,3493,Ionian +♯3♯6𝄪4,L2,R5,3747,3747,3491,3749,true,PASS
square:L2:R5:3497,3497,Superlydian Augmented 𝄪4,L2,R5,3749,3749,3493,3753,true,PASS
square:L2:R5:3505,3505,Superlydian Augmented 24,L2,R5,3753,3753,3497,3761,true,PASS
square:L2:R5:3525,3525,Scale 3525,L2,R5,3779,3779,3523,3781,true,PASS
square:L2:R5:3529,3529,Superlydian Augmented 𝄪3𝄪4,L2,R5,3781,3781,3525,3785,true,PASS
square:L2:R5:3537,3537,Scale 3537,L2,R5,3785,3785,3529,3793,true,PASS
square:L2:R5:3553,3553,Scale 3553,L2,R5,3793,3793,3537,3809,true,PASS
square:L2:L5:477,477,Alt ♮2𝄫6♭𝄫7,L2,L5,443,443,475,445,true,PASS
square:L2:L5:733,733,Superlocrian ♮2♭♭6♭♭7,L2,L5,699,699,731,701,true,PASS
square:L2:L5:861,861,Superlocrian ♮2𝄫7,L2,L5,827,827,859,829,true,PASS
square:L2:L5:925,925,Chromatic Hypodorian,L2,L5,859,859,923,861,true,PASS
square:L2:L5:941,941,Rāga Jhankara Bhramavi,L2,L5,875,875,939,877,true,PASS
square:L2:L5:949,949,Mararanjani,L2,L5,883,883,947,885,true,PASS
square:L2:L5:953,953,Rāga Kalahamsa,L2,L5,885,885,949,889,true,PASS
square:L2:L5:1245,1245,Alt ♮26,L2,L5,1211,1211,1243,1213,true,PASS
square:L2:L5:1373,1373,Storian,L2,L5,1339,1339,1371,1341,true,PASS
square:L2:L5:1437,1437,Sabach,L2,L5,1371,1371,1435,1373,true,PASS
square:L2:L5:1453,1453,Aeolian,L2,L5,1387,1387,1451,1389,true,PASS
square:L2:L5:1461,1461,Mixolydian ♭6,L2,L5,1395,1395,1459,1397,true,PASS
square:L2:L5:1465,1465,Rāga Cudamani,L2,L5,1397,1397,1461,1401,true,PASS
square:L2:L5:1629,1629,Dorian Blues,L2,L5,1595,1595,1627,1597,true,PASS
square:L2:L5:1693,1693,Dorian ♭4,L2,L5,1627,1627,1691,1629,true,PASS
square:L2:L5:1709,1709,Dorian,L2,L5,1643,1643,1707,1645,true,PASS
square:L2:L5:1717,1717,Mixolydian,L2,L5,1651,1651,1715,1653,true,PASS
square:L2:L5:1721,1721,Rāga Ganavaridhi,L2,L5,1653,1653,1717,1657,true,PASS
square:L2:L5:1821,1821,Dorian +♭4,L2,L5,1691,1691,1819,1693,true,PASS
square:L2:L5:1837,1837,Dorian Augmented,L2,L5,1707,1707,1835,1709,true,PASS
square:L2:L5:1845,1845,Mixolydian Augmented,L2,L5,1715,1715,1843,1717,true,PASS
square:L2:L5:1849,1849,Rāga Dvigandharabushini,L2,L5,1717,1717,1845,1721,true,PASS
square:L2:L5:1869,1869,Lydian 7+♭3,L2,L5,1739,1739,1867,1741,true,PASS
square:L2:L5:1877,1877,Aeroptian,L2,L5,1747,1747,1875,1749,true,PASS
square:L2:L5:1881,1881,Lydian 7+♯2,L2,L5,1749,1749,1877,1753,true,PASS
square:L2:L5:1893,1893,Lydian 7+♯3,L2,L5,1763,1763,1891,1765,true,PASS
square:L2:L5:1897,1897,Lydian 7+♯23,L2,L5,1765,1765,1893,1769,true,PASS
square:L2:L5:1905,1905,Lydian 7+♯3𝄪2,L2,L5,1769,1769,1897,1777,true,PASS
square:L2:L5:2269,2269,Nomadic Minor,L2,L5,2235,2235,2267,2237,true,PASS
square:L2:L5:2397,2397,Eccentric,L2,L5,2363,2363,2395,2365,true,PASS
square:L2:L5:2461,2461,7-21 rooted state 2461,L2,L5,2395,2395,2459,2397,true,PASS
square:L2:L5:2477,2477,Harmonic Minor,L2,L5,2411,2411,2475,2413,true,PASS
square:L2:L5:2485,2485,Harmonic Major,L2,L5,2419,2419,2483,2421,true,PASS
square:L2:L5:2489,2489,Scale 2489,L2,L5,2421,2421,2485,2425,true,PASS
square:L2:L5:2653,2653,Nomadic,L2,L5,2619,2619,2651,2621,true,PASS
square:L2:L5:2717,2717,Melodic ♭4,L2,L5,2651,2651,2715,2653,true,PASS
square:L2:L5:2733,2733,Melodic Minor,L2,L5,2667,2667,2731,2669,true,PASS
square:L2:L5:2741,2741,Ionian,L2,L5,2675,2675,2739,2677,true,PASS
square:L2:L5:2745,2745,Rāga Sailadesakshi,L2,L5,2677,2677,2741,2681,true,PASS
square:L2:L5:2845,2845,Melodic +♭4,L2,L5,2715,2715,2843,2717,true,PASS
square:L2:L5:2861,2861,Melodic +,L2,L5,2731,2731,2859,2733,true,PASS
square:L2:L5:2869,2869,Major Augmented,L2,L5,2739,2739,2867,2741,true,PASS
square:L2:L5:2873,2873,Ionian Augmented ♯2,L2,L5,2741,2741,2869,2745,true,PASS
square:L2:L5:2893,2893,Lydian Augmented ♭3,L2,L5,2763,2763,2891,2765,true,PASS
square:L2:L5:2901,2901,Lydian Augmented,L2,L5,2771,2771,2899,2773,true,PASS
square:L2:L5:2905,2905,Aeolian Flat,L2,L5,2773,2773,2901,2777,true,PASS
square:L2:L5:2917,2917,Lydian Augmented ♯3,L2,L5,2787,2787,2915,2789,true,PASS
square:L2:L5:2921,2921,Lydian Augmented ♯2♯3,L2,L5,2789,2789,2917,2793,true,PASS
square:L2:L5:2929,2929,Lydian +♯32,L2,L5,2793,2793,2921,2801,true,PASS
square:L2:L5:3165,3165,Scale 3165,L2,L5,3131,3131,3163,3133,true,PASS
square:L2:L5:3229,3229,Varunapriya ♭4,L2,L5,3163,3163,3227,3165,true,PASS
square:L2:L5:3245,3245,Rāga Daulati,L2,L5,3179,3179,3243,3181,true,PASS
square:L2:L5:3253,3253,Mela Naganandini,L2,L5,3187,3187,3251,3189,true,PASS
square:L2:L5:3257,3257,Rāga Madhuranjani,L2,L5,3189,3189,3253,3193,true,PASS
square:L2:L5:3357,3357,Scale 3357,L2,L5,3227,3227,3355,3229,true,PASS
square:L2:L5:3373,3373,Melodic +♯6,L2,L5,3243,3243,3371,3245,true,PASS
square:L2:L5:3381,3381,Ionian +♯6,L2,L5,3251,3251,3379,3253,true,PASS
square:L2:L5:3385,3385,Chromatic Phrygian,L2,L5,3253,3253,3381,3257,true,PASS
square:L2:L5:3405,3405,Phrygian +♮2,L2,L5,3275,3275,3403,3277,true,PASS
square:L2:L5:3413,3413,Leading Whole-Tone,L2,L5,3283,3283,3411,3285,true,PASS
square:L2:L5:3417,3417,Lydian +♯26,L2,L5,3285,3285,3413,3289,true,PASS
square:L2:L5:3429,3429,Lydian +♯36,L2,L5,3299,3299,3427,3301,true,PASS
square:L2:L5:3433,3433,Superlydian Augmented,L2,L5,3301,3301,3429,3305,true,PASS
square:L2:L5:3441,3441,Superlydian Augmented ♯2,L2,L5,3305,3305,3433,3313,true,PASS
square:L2:L5:3613,3613,7-5 rooted state 3613,L2,L5,3355,3355,3611,3357,true,PASS
square:L2:L5:3629,3629,Melodic 𝄪5♯6,L2,L5,3371,3371,3627,3373,true,PASS
square:L2:L5:3637,3637,Rāga Rageshri,L2,L5,3379,3379,3635,3381,true,PASS
square:L2:L5:3641,3641,Ionian ♯2𝄪5♯6,L2,L5,3381,3381,3637,3385,true,PASS
square:L2:L5:3661,3661,Melodic ♯4𝄪5♯6,L2,L5,3403,3403,3659,3405,true,PASS
square:L2:L5:3669,3669,Ionian ♯4𝄪5♯6,L2,L5,3411,3411,3667,3413,true,PASS
square:L2:L5:3673,3673,Scale 3673,L2,L5,3413,3413,3669,3417,true,PASS
square:L2:L5:3685,3685,7-Z18 rooted state 3685,L2,L5,3427,3427,3683,3429,true,PASS
square:L2:L5:3689,3689,Scale 3689,L2,L5,3429,3429,3685,3433,true,PASS
square:L2:L5:3697,3697,Scale 3697,L2,L5,3433,3433,3689,3441,true,PASS
square:L2:L5:3725,3725,Eurean Mode VI,L2,L5,3467,3467,3723,3469,true,PASS
square:L2:L5:3733,3733,Ionian 𝄪4𝄪5♯6,L2,L5,3475,3475,3731,3477,true,PASS
square:L2:L5:3737,3737,Scale 3737,L2,L5,3477,3477,3733,3481,true,PASS
square:L2:L5:3749,3749,Rāga Sorati,L2,L5,3491,3491,3747,3493,true,PASS
square:L2:L5:3753,3753,Superaugmented ♯3𝄪4𝄪5,L2,L5,3493,3493,3749,3497,true,PASS
square:L2:L5:3761,3761,Rāga Madhuri,L2,L5,3497,3497,3753,3505,true,PASS
square:L2:L5:3781,3781,Kaikian Mode VII,L2,L5,3523,3523,3779,3525,true,PASS
square:L2:L5:3785,3785,Scale 3785,L2,L5,3525,3525,3781,3529,true,PASS
square:L2:L5:3793,3793,Superlydian Augmented 𝄪2𝄪3𝄪4𝄪5,L2,L5,3529,3529,3785,3537,true,PASS
square:L2:L5:3809,3809,Borean Mode I,L2,L5,3537,3537,3793,3553,true,PASS
square:L2:R6:381,381,Alt ♮25♭67,L2,R6,443,443,379,445,true,PASS
square:L2:R6:637,637,Debussy's Heptatonic,L2,R6,699,699,635,701,true,PASS
square:L2:R6:701,701,Alt ♮2♭♭567,L2,R6,827,827,699,829,true,PASS
square:L2:R6:733,733,Superlocrian ♮2♭♭6♭♭7,L2,R6,859,859,731,861,true,PASS
square:L2:R6:749,749,Locrian ♮2♭♭6♭♭7,L2,R6,875,875,747,877,true,PASS
square:L2:R6:757,757,Lipsean Mode II,L2,R6,883,883,755,885,true,PASS
square:L2:R6:761,761,Major Locrian ♯267,L2,R6,885,885,757,889,true,PASS
square:L2:R6:1149,1149,Alt ♮25♭6,L2,R6,1211,1211,1147,1213,true,PASS
square:L2:R6:1213,1213,Alt ♮2♭♭5♭6,L2,R6,1339,1339,1211,1341,true,PASS
square:L2:R6:1245,1245,Alt ♮26,L2,R6,1371,1371,1243,1373,true,PASS
square:L2:R6:1261,1261,Modified Blues,L2,R6,1387,1387,1259,1389,true,PASS
square:L2:R6:1269,1269,Major Locrian ♭♭6,L2,R6,1395,1395,1267,1397,true,PASS
square:L2:R6:1273,1273,Tanarupi V,L2,R6,1397,1397,1269,1401,true,PASS
square:L2:R6:1341,1341,Alt ♮2♭♭5,L2,R6,1595,1595,1339,1597,true,PASS
square:L2:R6:1373,1373,Storian,L2,R6,1627,1627,1371,1629,true,PASS
square:L2:R6:1389,1389,Half-Diminished,L2,R6,1643,1643,1387,1645,true,PASS
square:L2:R6:1397,1397,Major Locrian,L2,R6,1651,1651,1395,1653,true,PASS
square:L2:R6:1401,1401,Major Locrian ♯2,L2,R6,1653,1653,1397,1657,true,PASS
square:L2:R6:1437,1437,Sabach,L2,R6,1691,1691,1435,1693,true,PASS
square:L2:R6:1453,1453,Aeolian,L2,R6,1707,1707,1451,1709,true,PASS
square:L2:R6:1461,1461,Mixolydian ♭6,L2,R6,1715,1715,1459,1717,true,PASS
square:L2:R6:1465,1465,Rāga Cudamani,L2,R6,1717,1717,1461,1721,true,PASS
square:L2:R6:1485,1485,Mela Sanmukhapriya,L2,R6,1739,1739,1483,1741,true,PASS
square:L2:R6:1493,1493,Lydian Minor,L2,R6,1747,1747,1491,1749,true,PASS
square:L2:R6:1497,1497,Jyoti Swarupini,L2,R6,1749,1749,1493,1753,true,PASS
square:L2:R6:1509,1509,Lydian Minor ♯3,L2,R6,1763,1763,1507,1765,true,PASS
square:L2:R6:1513,1513,Lydian ♭7♭6♯2♯3,L2,R6,1765,1765,1509,1769,true,PASS
square:L2:R6:1521,1521,Lydian 7♭6♯32,L2,R6,1769,1769,1513,1777,true,PASS
square:L2:R6:2173,2173,7-4 rooted state 2173,L2,R6,2235,2235,2171,2237,true,PASS
square:L2:R6:2237,2237,Alt ♮27♭♭56,L2,R6,2363,2363,2235,2365,true,PASS
square:L2:R6:2269,2269,Nomadic Minor,L2,R6,2395,2395,2267,2397,true,PASS
square:L2:R6:2285,2285,Supine,L2,R6,2411,2411,2283,2413,true,PASS
square:L2:R6:2293,2293,Bucolic,L2,R6,2419,2419,2291,2421,true,PASS
square:L2:R6:2297,2297,Raghupriya V,L2,R6,2421,2421,2293,2425,true,PASS
square:L2:R6:2365,2365,Alt ♮27𝄫5,L2,R6,2619,2619,2363,2621,true,PASS
square:L2:R6:2397,2397,Eccentric,L2,R6,2651,2651,2395,2653,true,PASS
square:L2:R6:2413,2413,Harmonic Minor ♭5,L2,R6,2667,2667,2411,2669,true,PASS
square:L2:R6:2421,2421,Harmonic Major ♭5,L2,R6,2675,2675,2419,2677,true,PASS
square:L2:R6:2425,2425,Scale 2425,L2,R6,2677,2677,2421,2681,true,PASS
square:L2:R6:2461,2461,7-21 rooted state 2461,L2,R6,2715,2715,2459,2717,true,PASS
square:L2:R6:2477,2477,Harmonic Minor,L2,R6,2731,2731,2475,2733,true,PASS
square:L2:R6:2485,2485,Harmonic Major,L2,R6,2739,2739,2483,2741,true,PASS
square:L2:R6:2489,2489,Scale 2489,L2,R6,2741,2741,2485,2745,true,PASS
square:L2:R6:2509,2509,Double Harmonic Minor,L2,R6,2763,2763,2507,2765,true,PASS
square:L2:R6:2517,2517,Lydian Harmonic Major,L2,R6,2771,2771,2515,2773,true,PASS
square:L2:R6:2521,2521,Scale 2521,L2,R6,2773,2773,2517,2777,true,PASS
square:L2:R6:2533,2533,7-19 rooted state 2533,L2,R6,2787,2787,2531,2789,true,PASS
square:L2:R6:2537,2537,Scale 2537,L2,R6,2789,2789,2533,2793,true,PASS
square:L2:R6:2545,2545,Lydian 2♯3♭6,L2,R6,2793,2793,2537,2801,true,PASS
square:L2:R6:2621,2621,Euphoric,L2,R6,3131,3131,2619,3133,true,PASS
square:L2:R6:2653,2653,Nomadic,L2,R6,3163,3163,2651,3165,true,PASS
square:L2:R6:2669,2669,Jeths' Mode,L2,R6,3179,3179,2667,3181,true,PASS
square:L2:R6:2677,2677,Ionian ♭5,L2,R6,3187,3187,2675,3189,true,PASS
square:L2:R6:2681,2681,Scale 2681,L2,R6,3189,3189,2677,3193,true,PASS
square:L2:R6:2717,2717,Melodic ♭4,L2,R6,3227,3227,2715,3229,true,PASS
square:L2:R6:2733,2733,Melodic Minor,L2,R6,3243,3243,2731,3245,true,PASS
square:L2:R6:2741,2741,Ionian,L2,R6,3251,3251,2739,3253,true,PASS
square:L2:R6:2745,2745,Rāga Sailadesakshi,L2,R6,3253,3253,2741,3257,true,PASS
square:L2:R6:2765,2765,Lydian Diminished,L2,R6,3275,3275,2763,3277,true,PASS
square:L2:R6:2773,2773,Lydian,L2,R6,3283,3283,2771,3285,true,PASS
square:L2:R6:2777,2777,Aeolian Harmonic,L2,R6,3285,3285,2773,3289,true,PASS
square:L2:R6:2789,2789,Lydian ♯3,L2,R6,3299,3299,2787,3301,true,PASS
square:L2:R6:2793,2793,1sus4 & 7⁷,L2,R6,3301,3301,2789,3305,true,PASS
square:L2:R6:2801,2801,Rāga Hindolita,L2,R6,3305,3305,2793,3313,true,PASS
square:L2:R6:2845,2845,Melodic +♭4,L2,R6,3355,3355,2843,3357,true,PASS
square:L2:R6:2861,2861,Melodic +,L2,R6,3371,3371,2859,3373,true,PASS
square:L2:R6:2869,2869,Major Augmented,L2,R6,3379,3379,2867,3381,true,PASS
square:L2:R6:2873,2873,Ionian Augmented ♯2,L2,R6,3381,3381,2869,3385,true,PASS
square:L2:R6:2893,2893,Lydian Augmented ♭3,L2,R6,3403,3403,2891,3405,true,PASS
square:L2:R6:2901,2901,Lydian Augmented,L2,R6,3411,3411,2899,3413,true,PASS
square:L2:R6:2905,2905,Aeolian Flat,L2,R6,3413,3413,2901,3417,true,PASS
square:L2:R6:2917,2917,Lydian Augmented ♯3,L2,R6,3427,3427,2915,3429,true,PASS
square:L2:R6:2921,2921,Lydian Augmented ♯2♯3,L2,R6,3429,3429,2917,3433,true,PASS
square:L2:R6:2929,2929,Lydian +♯32,L2,R6,3433,3433,2921,3441,true,PASS
square:L2:R6:2957,2957,Melodic +4,L2,R6,3467,3467,2955,3469,true,PASS
square:L2:R6:2965,2965,Ionian +𝄪4,L2,R6,3475,3475,2963,3477,true,PASS
square:L2:R6:2969,2969,Scale 2969,L2,R6,3477,3477,2965,3481,true,PASS
square:L2:R6:2981,2981,Noh,L2,R6,3491,3491,2979,3493,true,PASS
square:L2:R6:2985,2985,Ionian +♯23𝄪4,L2,R6,3493,3493,2981,3497,true,PASS
square:L2:R6:2993,2993,Ionian +♯324,L2,R6,3497,3497,2985,3505,true,PASS
square:L2:R6:3013,3013,Ionian +𝄪34,L2,R6,3523,3523,3011,3525,true,PASS
square:L2:R6:3017,3017,Scale 3017,L2,R6,3525,3525,3013,3529,true,PASS
square:L2:R6:3025,3025,Ionian +𝄪234,L2,R6,3529,3529,3017,3537,true,PASS
square:L2:R6:3041,3041,Scale 3041,L2,R6,3537,3537,3025,3553,true,PASS
square:L2:L6:445,445,Alt ♮2♭♭5♭6♭♭♭7,L2,L6,379,379,443,381,true,PASS
square:L2:L6:701,701,Alt ♮2♭♭567,L2,L6,635,635,699,637,true,PASS
square:L2:L6:829,829,7-Z18 rooted state 829,L2,L6,699,699,827,701,true,PASS
square:L2:L6:861,861,Superlocrian ♮2𝄫7,L2,L6,731,731,859,733,true,PASS
square:L2:L6:877,877,Hungarian Major Inverse,L2,L6,747,747,875,749,true,PASS
square:L2:L6:885,885,Major Locrian 𝄫7,L2,L6,755,755,883,757,true,PASS
square:L2:L6:889,889,Scale 889,L2,L6,757,757,885,761,true,PASS
square:L2:L6:1213,1213,Alt ♮2♭♭5♭6,L2,L6,1147,1147,1211,1149,true,PASS
square:L2:L6:1341,1341,Alt ♮2♭♭5,L2,L6,1211,1211,1339,1213,true,PASS
square:L2:L6:1373,1373,Storian,L2,L6,1243,1243,1371,1245,true,PASS
square:L2:L6:1389,1389,Half-Diminished,L2,L6,1259,1259,1387,1261,true,PASS
square:L2:L6:1397,1397,Major Locrian,L2,L6,1267,1267,1395,1269,true,PASS
square:L2:L6:1401,1401,Major Locrian ♯2,L2,L6,1269,1269,1397,1273,true,PASS
square:L2:L6:1597,1597,Rāga Ravikosh,L2,L6,1339,1339,1595,1341,true,PASS
square:L2:L6:1629,1629,Dorian Blues,L2,L6,1371,1371,1627,1373,true,PASS
square:L2:L6:1645,1645,Dorian ♭5,L2,L6,1387,1387,1643,1389,true,PASS
square:L2:L6:1653,1653,Mixolydian ♭5,L2,L6,1395,1395,1651,1397,true,PASS
square:L2:L6:1657,1657,7-19 rooted state 1657,L2,L6,1397,1397,1653,1401,true,PASS
square:L2:L6:1693,1693,Dorian ♭4,L2,L6,1435,1435,1691,1437,true,PASS
square:L2:L6:1709,1709,Dorian,L2,L6,1451,1451,1707,1453,true,PASS
square:L2:L6:1717,1717,Mixolydian,L2,L6,1459,1459,1715,1461,true,PASS
square:L2:L6:1721,1721,Rāga Ganavaridhi,L2,L6,1461,1461,1717,1465,true,PASS
square:L2:L6:1741,1741,Dorian ♯4,L2,L6,1483,1483,1739,1485,true,PASS
square:L2:L6:1749,1749,Acoustic,L2,L6,1491,1491,1747,1493,true,PASS
square:L2:L6:1753,1753,Hungarian Major,L2,L6,1493,1493,1749,1497,true,PASS
square:L2:L6:1765,1765,Lydian ♭7♯3,L2,L6,1507,1507,1763,1509,true,PASS
square:L2:L6:1769,1769,Lydian ♭7♯2♯3,L2,L6,1509,1509,1765,1513,true,PASS
square:L2:L6:1777,1777,Lydian ♭7♯3𝄪2,L2,L6,1513,1513,1769,1521,true,PASS
square:L2:L6:2237,2237,Alt ♮27♭♭56,L2,L6,2171,2171,2235,2173,true,PASS
square:L2:L6:2365,2365,Alt ♮27𝄫5,L2,L6,2235,2235,2363,2237,true,PASS
square:L2:L6:2397,2397,Eccentric,L2,L6,2267,2267,2395,2269,true,PASS
square:L2:L6:2413,2413,Harmonic Minor ♭5,L2,L6,2283,2283,2411,2285,true,PASS
square:L2:L6:2421,2421,Harmonic Major ♭5,L2,L6,2291,2291,2419,2293,true,PASS
square:L2:L6:2425,2425,Scale 2425,L2,L6,2293,2293,2421,2297,true,PASS
square:L2:L6:2621,2621,Euphoric,L2,L6,2363,2363,2619,2365,true,PASS
square:L2:L6:2653,2653,Nomadic,L2,L6,2395,2395,2651,2397,true,PASS
square:L2:L6:2669,2669,Jeths' Mode,L2,L6,2411,2411,2667,2413,true,PASS
square:L2:L6:2677,2677,Ionian ♭5,L2,L6,2419,2419,2675,2421,true,PASS
square:L2:L6:2681,2681,Scale 2681,L2,L6,2421,2421,2677,2425,true,PASS
square:L2:L6:2717,2717,Melodic ♭4,L2,L6,2459,2459,2715,2461,true,PASS
square:L2:L6:2733,2733,Melodic Minor,L2,L6,2475,2475,2731,2477,true,PASS
square:L2:L6:2741,2741,Ionian,L2,L6,2483,2483,2739,2485,true,PASS
square:L2:L6:2745,2745,Rāga Sailadesakshi,L2,L6,2485,2485,2741,2489,true,PASS
square:L2:L6:2765,2765,Lydian Diminished,L2,L6,2507,2507,2763,2509,true,PASS
square:L2:L6:2773,2773,Lydian,L2,L6,2515,2515,2771,2517,true,PASS
square:L2:L6:2777,2777,Aeolian Harmonic,L2,L6,2517,2517,2773,2521,true,PASS
square:L2:L6:2789,2789,Lydian ♯3,L2,L6,2531,2531,2787,2533,true,PASS
square:L2:L6:2793,2793,1sus4 & 7⁷,L2,L6,2533,2533,2789,2537,true,PASS
square:L2:L6:2801,2801,Rāga Hindolita,L2,L6,2537,2537,2793,2545,true,PASS
square:L2:L6:3133,3133,7-5 rooted state 3133,L2,L6,2619,2619,3131,2621,true,PASS
square:L2:L6:3165,3165,Scale 3165,L2,L6,2651,2651,3163,2653,true,PASS
square:L2:L6:3181,3181,Melodic ♭5♯6,L2,L6,2667,2667,3179,2669,true,PASS
square:L2:L6:3189,3189,Ionian ♭5♯6,L2,L6,2675,2675,3187,2677,true,PASS
square:L2:L6:3193,3193,Scale 3193,L2,L6,2677,2677,3189,2681,true,PASS
square:L2:L6:3229,3229,Varunapriya ♭4,L2,L6,2715,2715,3227,2717,true,PASS
square:L2:L6:3245,3245,Rāga Daulati,L2,L6,2731,2731,3243,2733,true,PASS
square:L2:L6:3253,3253,Mela Naganandini,L2,L6,2739,2739,3251,2741,true,PASS
square:L2:L6:3257,3257,Rāga Madhuranjani,L2,L6,2741,2741,3253,2745,true,PASS
square:L2:L6:3277,3277,7-21 rooted state 3277,L2,L6,2763,2763,3275,2765,true,PASS
square:L2:L6:3285,3285,Mela Citrambari,L2,L6,2771,2771,3283,2773,true,PASS
square:L2:L6:3289,3289,Rasikapriya,L2,L6,2773,2773,3285,2777,true,PASS
square:L2:L6:3301,3301,Rāga Loom Sarang,L2,L6,2787,2787,3299,2789,true,PASS
square:L2:L6:3305,3305,Chromatic Hypophrygian,L2,L6,2789,2789,3301,2793,true,PASS
square:L2:L6:3313,3313,Scale 3313,L2,L6,2793,2793,3305,2801,true,PASS
square:L2:L6:3357,3357,Scale 3357,L2,L6,2843,2843,3355,2845,true,PASS
square:L2:L6:3373,3373,Melodic +♯6,L2,L6,2859,2859,3371,2861,true,PASS
square:L2:L6:3381,3381,Ionian +♯6,L2,L6,2867,2867,3379,2869,true,PASS
square:L2:L6:3385,3385,Chromatic Phrygian,L2,L6,2869,2869,3381,2873,true,PASS
square:L2:L6:3405,3405,Phrygian +♮2,L2,L6,2891,2891,3403,2893,true,PASS
square:L2:L6:3413,3413,Leading Whole-Tone,L2,L6,2899,2899,3411,2901,true,PASS
square:L2:L6:3417,3417,Lydian +♯26,L2,L6,2901,2901,3413,2905,true,PASS
square:L2:L6:3429,3429,Lydian +♯36,L2,L6,2915,2915,3427,2917,true,PASS
square:L2:L6:3433,3433,Superlydian Augmented,L2,L6,2917,2917,3429,2921,true,PASS
square:L2:L6:3441,3441,Superlydian Augmented ♯2,L2,L6,2921,2921,3433,2929,true,PASS
square:L2:L6:3469,3469,Melodic +♯6𝄪4,L2,L6,2955,2955,3467,2957,true,PASS
square:L2:L6:3477,3477,Ionian +♯64,L2,L6,2963,2963,3475,2965,true,PASS
square:L2:L6:3481,3481,Scale 3481,L2,L6,2965,2965,3477,2969,true,PASS
square:L2:L6:3493,3493,Ionian +♯3♯6𝄪4,L2,L6,2979,2979,3491,2981,true,PASS
square:L2:L6:3497,3497,Superlydian Augmented 𝄪4,L2,L6,2981,2981,3493,2985,true,PASS
square:L2:L6:3505,3505,Superlydian Augmented 24,L2,L6,2985,2985,3497,2993,true,PASS
square:L2:L6:3525,3525,Scale 3525,L2,L6,3011,3011,3523,3013,true,PASS
square:L2:L6:3529,3529,Superlydian Augmented 𝄪3𝄪4,L2,L6,3013,3013,3525,3017,true,PASS
square:L2:L6:3537,3537,Scale 3537,L2,L6,3017,3017,3529,3025,true,PASS
square:L2:L6:3553,3553,Scale 3553,L2,L6,3025,3025,3537,3041,true,PASS
square:L2:R7:253,253,Alt ♮25♭67,L2,R7,379,379,251,381,true,PASS
square:L2:R7:381,381,Alt ♮25♭67,L2,R7,635,635,379,637,true,PASS
square:L2:R7:445,445,Alt ♮2♭♭5♭6♭♭♭7,L2,R7,699,699,443,701,true,PASS
square:L2:R7:477,477,Alt ♮2𝄫6♭𝄫7,L2,R7,731,731,475,733,true,PASS
square:L2:R7:493,493,Locrian ♮2♭♭6♭♭♭7,L2,R7,747,747,491,749,true,PASS
square:L2:R7:501,501,Major Locrian 6♭7,L2,R7,755,755,499,757,true,PASS
square:L2:R7:505,505,7-3 rooted state 505,L2,R7,757,757,501,761,true,PASS
square:L2:R7:637,637,Debussy's Heptatonic,L2,R7,1147,1147,635,1149,true,PASS
square:L2:R7:701,701,Alt ♮2♭♭567,L2,R7,1211,1211,699,1213,true,PASS
square:L2:R7:733,733,Superlocrian ♮2♭♭6♭♭7,L2,R7,1243,1243,731,1245,true,PASS
square:L2:R7:749,749,Locrian ♮2♭♭6♭♭7,L2,R7,1259,1259,747,1261,true,PASS
square:L2:R7:757,757,Lipsean Mode II,L2,R7,1267,1267,755,1269,true,PASS
square:L2:R7:761,761,Major Locrian ♯267,L2,R7,1269,1269,757,1273,true,PASS
square:L2:R7:829,829,7-Z18 rooted state 829,L2,R7,1339,1339,827,1341,true,PASS
square:L2:R7:861,861,Superlocrian ♮2𝄫7,L2,R7,1371,1371,859,1373,true,PASS
square:L2:R7:877,877,Hungarian Major Inverse,L2,R7,1387,1387,875,1389,true,PASS
square:L2:R7:885,885,Major Locrian 𝄫7,L2,R7,1395,1395,883,1397,true,PASS
square:L2:R7:889,889,Scale 889,L2,R7,1397,1397,885,1401,true,PASS
square:L2:R7:925,925,Chromatic Hypodorian,L2,R7,1435,1435,923,1437,true,PASS
square:L2:R7:941,941,Rāga Jhankara Bhramavi,L2,R7,1451,1451,939,1453,true,PASS
square:L2:R7:949,949,Mararanjani,L2,R7,1459,1459,947,1461,true,PASS
square:L2:R7:953,953,Rāga Kalahamsa,L2,R7,1461,1461,949,1465,true,PASS
square:L2:R7:973,973,7-19 rooted state 973,L2,R7,1483,1483,971,1485,true,PASS
square:L2:R7:981,981,Mela Kantamani,L2,R7,1491,1491,979,1493,true,PASS
square:L2:R7:985,985,Scale 985,L2,R7,1493,1493,981,1497,true,PASS
square:L2:R7:997,997,Tanarupi IV,L2,R7,1507,1507,995,1509,true,PASS
square:L2:R7:1001,1001,Lydian ♯2♯3♭67,L2,R7,1509,1509,997,1513,true,PASS
square:L2:R7:1009,1009,7-3 rooted state 1009,L2,R7,1513,1513,1001,1521,true,PASS
square:L2:R7:1149,1149,Alt ♮25♭6,L2,R7,2171,2171,1147,2173,true,PASS
square:L2:R7:1213,1213,Alt ♮2♭♭5♭6,L2,R7,2235,2235,1211,2237,true,PASS
square:L2:R7:1245,1245,Alt ♮26,L2,R7,2267,2267,1243,2269,true,PASS
square:L2:R7:1261,1261,Modified Blues,L2,R7,2283,2283,1259,2285,true,PASS
square:L2:R7:1269,1269,Major Locrian ♭♭6,L2,R7,2291,2291,1267,2293,true,PASS
square:L2:R7:1273,1273,Tanarupi V,L2,R7,2293,2293,1269,2297,true,PASS
square:L2:R7:1341,1341,Alt ♮2♭♭5,L2,R7,2363,2363,1339,2365,true,PASS
square:L2:R7:1373,1373,Storian,L2,R7,2395,2395,1371,2397,true,PASS
square:L2:R7:1389,1389,Half-Diminished,L2,R7,2411,2411,1387,2413,true,PASS
square:L2:R7:1397,1397,Major Locrian,L2,R7,2419,2419,1395,2421,true,PASS
square:L2:R7:1401,1401,Major Locrian ♯2,L2,R7,2421,2421,1397,2425,true,PASS
square:L2:R7:1437,1437,Sabach,L2,R7,2459,2459,1435,2461,true,PASS
square:L2:R7:1453,1453,Aeolian,L2,R7,2475,2475,1451,2477,true,PASS
square:L2:R7:1461,1461,Mixolydian ♭6,L2,R7,2483,2483,1459,2485,true,PASS
square:L2:R7:1465,1465,Rāga Cudamani,L2,R7,2485,2485,1461,2489,true,PASS
square:L2:R7:1485,1485,Mela Sanmukhapriya,L2,R7,2507,2507,1483,2509,true,PASS
square:L2:R7:1493,1493,Lydian Minor,L2,R7,2515,2515,1491,2517,true,PASS
square:L2:R7:1497,1497,Jyoti Swarupini,L2,R7,2517,2517,1493,2521,true,PASS
square:L2:R7:1509,1509,Lydian Minor ♯3,L2,R7,2531,2531,1507,2533,true,PASS
square:L2:R7:1513,1513,Lydian ♭7♭6♯2♯3,L2,R7,2533,2533,1509,2537,true,PASS
square:L2:R7:1521,1521,Lydian 7♭6♯32,L2,R7,2537,2537,1513,2545,true,PASS
square:L2:R7:1597,1597,Rāga Ravikosh,L2,R7,2619,2619,1595,2621,true,PASS
square:L2:R7:1629,1629,Dorian Blues,L2,R7,2651,2651,1627,2653,true,PASS
square:L2:R7:1645,1645,Dorian ♭5,L2,R7,2667,2667,1643,2669,true,PASS
square:L2:R7:1653,1653,Mixolydian ♭5,L2,R7,2675,2675,1651,2677,true,PASS
square:L2:R7:1657,1657,7-19 rooted state 1657,L2,R7,2677,2677,1653,2681,true,PASS
square:L2:R7:1693,1693,Dorian ♭4,L2,R7,2715,2715,1691,2717,true,PASS
square:L2:R7:1709,1709,Dorian,L2,R7,2731,2731,1707,2733,true,PASS
square:L2:R7:1717,1717,Mixolydian,L2,R7,2739,2739,1715,2741,true,PASS
square:L2:R7:1721,1721,Rāga Ganavaridhi,L2,R7,2741,2741,1717,2745,true,PASS
square:L2:R7:1741,1741,Dorian ♯4,L2,R7,2763,2763,1739,2765,true,PASS
square:L2:R7:1749,1749,Acoustic,L2,R7,2771,2771,1747,2773,true,PASS
square:L2:R7:1753,1753,Hungarian Major,L2,R7,2773,2773,1749,2777,true,PASS
square:L2:R7:1765,1765,Lydian ♭7♯3,L2,R7,2787,2787,1763,2789,true,PASS
square:L2:R7:1769,1769,Lydian ♭7♯2♯3,L2,R7,2789,2789,1765,2793,true,PASS
square:L2:R7:1777,1777,Lydian ♭7♯3𝄪2,L2,R7,2793,2793,1769,2801,true,PASS
square:L2:R7:1821,1821,Dorian +♭4,L2,R7,2843,2843,1819,2845,true,PASS
square:L2:R7:1837,1837,Dorian Augmented,L2,R7,2859,2859,1835,2861,true,PASS
square:L2:R7:1845,1845,Mixolydian Augmented,L2,R7,2867,2867,1843,2869,true,PASS
square:L2:R7:1849,1849,Rāga Dvigandharabushini,L2,R7,2869,2869,1845,2873,true,PASS
square:L2:R7:1869,1869,Lydian 7+♭3,L2,R7,2891,2891,1867,2893,true,PASS
square:L2:R7:1877,1877,Aeroptian,L2,R7,2899,2899,1875,2901,true,PASS
square:L2:R7:1881,1881,Lydian 7+♯2,L2,R7,2901,2901,1877,2905,true,PASS
square:L2:R7:1893,1893,Lydian 7+♯3,L2,R7,2915,2915,1891,2917,true,PASS
square:L2:R7:1897,1897,Lydian 7+♯23,L2,R7,2917,2917,1893,2921,true,PASS
square:L2:R7:1905,1905,Lydian 7+♯3𝄪2,L2,R7,2921,2921,1897,2929,true,PASS
square:L2:R7:1933,1933,Dorian +𝄪4,L2,R7,2955,2955,1931,2957,true,PASS
square:L2:R7:1941,1941,Dominant +𝄪4,L2,R7,2963,2963,1939,2965,true,PASS
square:L2:R7:1945,1945,7-Z18 rooted state 1945,L2,R7,2965,2965,1941,2969,true,PASS
square:L2:R7:1957,1957,Dominant +♯3𝄪4,L2,R7,2979,2979,1955,2981,true,PASS
square:L2:R7:1961,1961,Dominant +♯2♯3𝄪4,L2,R7,2981,2981,1957,2985,true,PASS
square:L2:R7:1969,1969,Dominant +♯3𝄪2♭4,L2,R7,2985,2985,1961,2993,true,PASS
square:L2:R7:1989,1989,Dominant +34,L2,R7,3011,3011,1987,3013,true,PASS
square:L2:R7:1993,1993,Dominant +♯234,L2,R7,3013,3013,1989,3017,true,PASS
square:L2:R7:2001,2001,Dominant +234,L2,R7,3017,3017,1993,3025,true,PASS
square:L2:R7:2017,2017,Dominant +34♯2,L2,R7,3025,3025,2001,3041,true,PASS
square:L2:L7:381,381,Alt ♮25♭67,L2,L7,251,251,379,253,true,PASS
square:L2:L7:637,637,Debussy's Heptatonic,L2,L7,379,379,635,381,true,PASS
square:L2:L7:701,701,Alt ♮2♭♭567,L2,L7,443,443,699,445,true,PASS
square:L2:L7:733,733,Superlocrian ♮2♭♭6♭♭7,L2,L7,475,475,731,477,true,PASS
square:L2:L7:749,749,Locrian ♮2♭♭6♭♭7,L2,L7,491,491,747,493,true,PASS
square:L2:L7:757,757,Lipsean Mode II,L2,L7,499,499,755,501,true,PASS
square:L2:L7:761,761,Major Locrian ♯267,L2,L7,501,501,757,505,true,PASS
square:L2:L7:1149,1149,Alt ♮25♭6,L2,L7,635,635,1147,637,true,PASS
square:L2:L7:1213,1213,Alt ♮2♭♭5♭6,L2,L7,699,699,1211,701,true,PASS
square:L2:L7:1245,1245,Alt ♮26,L2,L7,731,731,1243,733,true,PASS
square:L2:L7:1261,1261,Modified Blues,L2,L7,747,747,1259,749,true,PASS
square:L2:L7:1269,1269,Major Locrian ♭♭6,L2,L7,755,755,1267,757,true,PASS
square:L2:L7:1273,1273,Tanarupi V,L2,L7,757,757,1269,761,true,PASS
square:L2:L7:1341,1341,Alt ♮2♭♭5,L2,L7,827,827,1339,829,true,PASS
square:L2:L7:1373,1373,Storian,L2,L7,859,859,1371,861,true,PASS
square:L2:L7:1389,1389,Half-Diminished,L2,L7,875,875,1387,877,true,PASS
square:L2:L7:1397,1397,Major Locrian,L2,L7,883,883,1395,885,true,PASS
square:L2:L7:1401,1401,Major Locrian ♯2,L2,L7,885,885,1397,889,true,PASS
square:L2:L7:1437,1437,Sabach,L2,L7,923,923,1435,925,true,PASS
square:L2:L7:1453,1453,Aeolian,L2,L7,939,939,1451,941,true,PASS
square:L2:L7:1461,1461,Mixolydian ♭6,L2,L7,947,947,1459,949,true,PASS
square:L2:L7:1465,1465,Rāga Cudamani,L2,L7,949,949,1461,953,true,PASS
square:L2:L7:1485,1485,Mela Sanmukhapriya,L2,L7,971,971,1483,973,true,PASS
square:L2:L7:1493,1493,Lydian Minor,L2,L7,979,979,1491,981,true,PASS
square:L2:L7:1497,1497,Jyoti Swarupini,L2,L7,981,981,1493,985,true,PASS
square:L2:L7:1509,1509,Lydian Minor ♯3,L2,L7,995,995,1507,997,true,PASS
square:L2:L7:1513,1513,Lydian ♭7♭6♯2♯3,L2,L7,997,997,1509,1001,true,PASS
square:L2:L7:1521,1521,Lydian 7♭6♯32,L2,L7,1001,1001,1513,1009,true,PASS
square:L2:L7:2173,2173,7-4 rooted state 2173,L2,L7,1147,1147,2171,1149,true,PASS
square:L2:L7:2237,2237,Alt ♮27♭♭56,L2,L7,1211,1211,2235,1213,true,PASS
square:L2:L7:2269,2269,Nomadic Minor,L2,L7,1243,1243,2267,1245,true,PASS
square:L2:L7:2285,2285,Supine,L2,L7,1259,1259,2283,1261,true,PASS
square:L2:L7:2293,2293,Bucolic,L2,L7,1267,1267,2291,1269,true,PASS
square:L2:L7:2297,2297,Raghupriya V,L2,L7,1269,1269,2293,1273,true,PASS
square:L2:L7:2365,2365,Alt ♮27𝄫5,L2,L7,1339,1339,2363,1341,true,PASS
square:L2:L7:2397,2397,Eccentric,L2,L7,1371,1371,2395,1373,true,PASS
square:L2:L7:2413,2413,Harmonic Minor ♭5,L2,L7,1387,1387,2411,1389,true,PASS
square:L2:L7:2421,2421,Harmonic Major ♭5,L2,L7,1395,1395,2419,1397,true,PASS
square:L2:L7:2425,2425,Scale 2425,L2,L7,1397,1397,2421,1401,true,PASS
square:L2:L7:2461,2461,7-21 rooted state 2461,L2,L7,1435,1435,2459,1437,true,PASS
square:L2:L7:2477,2477,Harmonic Minor,L2,L7,1451,1451,2475,1453,true,PASS
square:L2:L7:2485,2485,Harmonic Major,L2,L7,1459,1459,2483,1461,true,PASS
square:L2:L7:2489,2489,Scale 2489,L2,L7,1461,1461,2485,1465,true,PASS
square:L2:L7:2509,2509,Double Harmonic Minor,L2,L7,1483,1483,2507,1485,true,PASS
square:L2:L7:2517,2517,Lydian Harmonic Major,L2,L7,1491,1491,2515,1493,true,PASS
square:L2:L7:2521,2521,Scale 2521,L2,L7,1493,1493,2517,1497,true,PASS
square:L2:L7:2533,2533,7-19 rooted state 2533,L2,L7,1507,1507,2531,1509,true,PASS
square:L2:L7:2537,2537,Scale 2537,L2,L7,1509,1509,2533,1513,true,PASS
square:L2:L7:2545,2545,Lydian 2♯3♭6,L2,L7,1513,1513,2537,1521,true,PASS
square:L2:L7:2621,2621,Euphoric,L2,L7,1595,1595,2619,1597,true,PASS
square:L2:L7:2653,2653,Nomadic,L2,L7,1627,1627,2651,1629,true,PASS
square:L2:L7:2669,2669,Jeths' Mode,L2,L7,1643,1643,2667,1645,true,PASS
square:L2:L7:2677,2677,Ionian ♭5,L2,L7,1651,1651,2675,1653,true,PASS
square:L2:L7:2681,2681,Scale 2681,L2,L7,1653,1653,2677,1657,true,PASS
square:L2:L7:2717,2717,Melodic ♭4,L2,L7,1691,1691,2715,1693,true,PASS
square:L2:L7:2733,2733,Melodic Minor,L2,L7,1707,1707,2731,1709,true,PASS
square:L2:L7:2741,2741,Ionian,L2,L7,1715,1715,2739,1717,true,PASS
square:L2:L7:2745,2745,Rāga Sailadesakshi,L2,L7,1717,1717,2741,1721,true,PASS
square:L2:L7:2765,2765,Lydian Diminished,L2,L7,1739,1739,2763,1741,true,PASS
square:L2:L7:2773,2773,Lydian,L2,L7,1747,1747,2771,1749,true,PASS
square:L2:L7:2777,2777,Aeolian Harmonic,L2,L7,1749,1749,2773,1753,true,PASS
square:L2:L7:2789,2789,Lydian ♯3,L2,L7,1763,1763,2787,1765,true,PASS
square:L2:L7:2793,2793,1sus4 & 7⁷,L2,L7,1765,1765,2789,1769,true,PASS
square:L2:L7:2801,2801,Rāga Hindolita,L2,L7,1769,1769,2793,1777,true,PASS
square:L2:L7:2845,2845,Melodic +♭4,L2,L7,1819,1819,2843,1821,true,PASS
square:L2:L7:2861,2861,Melodic +,L2,L7,1835,1835,2859,1837,true,PASS
square:L2:L7:2869,2869,Major Augmented,L2,L7,1843,1843,2867,1845,true,PASS
square:L2:L7:2873,2873,Ionian Augmented ♯2,L2,L7,1845,1845,2869,1849,true,PASS
square:L2:L7:2893,2893,Lydian Augmented ♭3,L2,L7,1867,1867,2891,1869,true,PASS
square:L2:L7:2901,2901,Lydian Augmented,L2,L7,1875,1875,2899,1877,true,PASS
square:L2:L7:2905,2905,Aeolian Flat,L2,L7,1877,1877,2901,1881,true,PASS
square:L2:L7:2917,2917,Lydian Augmented ♯3,L2,L7,1891,1891,2915,1893,true,PASS
square:L2:L7:2921,2921,Lydian Augmented ♯2♯3,L2,L7,1893,1893,2917,1897,true,PASS
square:L2:L7:2929,2929,Lydian +♯32,L2,L7,1897,1897,2921,1905,true,PASS
square:L2:L7:2957,2957,Melodic +4,L2,L7,1931,1931,2955,1933,true,PASS
square:L2:L7:2965,2965,Ionian +𝄪4,L2,L7,1939,1939,2963,1941,true,PASS
square:L2:L7:2969,2969,Scale 2969,L2,L7,1941,1941,2965,1945,true,PASS
square:L2:L7:2981,2981,Noh,L2,L7,1955,1955,2979,1957,true,PASS
square:L2:L7:2985,2985,Ionian +♯23𝄪4,L2,L7,1957,1957,2981,1961,true,PASS
square:L2:L7:2993,2993,Ionian +♯324,L2,L7,1961,1961,2985,1969,true,PASS
square:L2:L7:3013,3013,Ionian +𝄪34,L2,L7,1987,1987,3011,1989,true,PASS
square:L2:L7:3017,3017,Scale 3017,L2,L7,1989,1989,3013,1993,true,PASS
square:L2:L7:3025,3025,Ionian +𝄪234,L2,L7,1993,1993,3017,2001,true,PASS
square:L2:L7:3041,3041,Scale 3041,L2,L7,2001,2001,3025,2017,true,PASS
square:R3:L3:491,491,Locrian ♭♭6♭♭♭7,R3,L3,491,491,499,487,true,PASS
square:R3:L3:747,747,1sus4 & ♭3∅7,R3,L3,747,747,755,743,true,PASS
square:R3:L3:875,875,Locrian double-flat 7,R3,L3,875,875,883,871,true,PASS
square:R3:L3:939,939,Rāga Malini,R3,L3,939,939,947,935,true,PASS
square:R3:L3:971,971,Scale 971,R3,L3,971,971,979,967,true,PASS
square:R3:L3:979,979,Scale 979,R3,L3,979,979,995,971,true,PASS
square:R3:L3:981,981,Mela Kantamani,R3,L3,981,981,997,973,true,PASS
square:R3:L3:1259,1259,Blues Phrygian,R3,L3,1259,1259,1267,1255,true,PASS
square:R3:L3:1387,1387,Locrian,R3,L3,1387,1387,1395,1383,true,PASS
square:R3:L3:1451,1451,Phrygian,R3,L3,1451,1451,1459,1447,true,PASS
square:R3:L3:1483,1483,Mela Bhavapriya,R3,L3,1483,1483,1491,1479,true,PASS
square:R3:L3:1491,1491,Namanarayani,R3,L3,1491,1491,1507,1483,true,PASS
square:R3:L3:1493,1493,Lydian Minor,R3,L3,1493,1493,1509,1485,true,PASS
square:R3:L3:1643,1643,Locrian ♮6,R3,L3,1643,1643,1651,1639,true,PASS
square:R3:L3:1707,1707,Dorian ♭2,R3,L3,1707,1707,1715,1703,true,PASS
square:R3:L3:1739,1739,Rāga Sthavarajam,R3,L3,1739,1739,1747,1735,true,PASS
square:R3:L3:1747,1747,Lydian 7♭2,R3,L3,1747,1747,1763,1739,true,PASS
square:R3:L3:1749,1749,Acoustic,R3,L3,1749,1749,1765,1741,true,PASS
square:R3:L3:1835,1835,Dorian +♭2,R3,L3,1835,1835,1843,1831,true,PASS
square:R3:L3:1867,1867,Lydian 7+♭23,R3,L3,1867,1867,1875,1863,true,PASS
square:R3:L3:1875,1875,Persichetti,R3,L3,1875,1875,1891,1867,true,PASS
square:R3:L3:1877,1877,Aeroptian,R3,L3,1877,1877,1893,1869,true,PASS
square:R3:L3:1931,1931,Dorian +♭2𝄪4,R3,L3,1931,1931,1939,1927,true,PASS
square:R3:L3:1939,1939,Dominant +♭2𝄪4,R3,L3,1939,1939,1955,1931,true,PASS
square:R3:L3:1941,1941,Dominant +𝄪4,R3,L3,1941,1941,1957,1933,true,PASS
square:R3:L3:1955,1955,Dominant +♭2♯3𝄪4,R3,L3,1955,1955,1987,1939,true,PASS
square:R3:L3:1957,1957,Dominant +♯3𝄪4,R3,L3,1957,1957,1989,1941,true,PASS
square:R3:L3:1961,1961,Dominant +♯2♯3𝄪4,R3,L3,1961,1961,1993,1945,true,PASS
square:R3:L3:2283,2283,Pacific Minor,R3,L3,2283,2283,2291,2279,true,PASS
square:R3:L3:2411,2411,Locrian ♮7,R3,L3,2411,2411,2419,2407,true,PASS
square:R3:L3:2475,2475,Neapolitan Minor,R3,L3,2475,2475,2483,2471,true,PASS
square:R3:L3:2507,2507,Chromatic Lydian Inverse,R3,L3,2507,2507,2515,2503,true,PASS
square:R3:L3:2515,2515,Chromatic Hypolydian,R3,L3,2515,2515,2531,2507,true,PASS
square:R3:L3:2517,2517,Lydian Harmonic Major,R3,L3,2517,2517,2533,2509,true,PASS
square:R3:L3:2667,2667,Neapolitan Major ♭5,R3,L3,2667,2667,2675,2663,true,PASS
square:R3:L3:2731,2731,Neapolitan Major,R3,L3,2731,2731,2739,2727,true,PASS
square:R3:L3:2763,2763,Rāga Sauviram,R3,L3,2763,2763,2771,2759,true,PASS
square:R3:L3:2771,2771,Mela Gamanasrama,R3,L3,2771,2771,2787,2763,true,PASS
square:R3:L3:2773,2773,Lydian,R3,L3,2773,2773,2789,2765,true,PASS
square:R3:L3:2859,2859,Neapolitan Major ♯5,R3,L3,2859,2859,2867,2855,true,PASS
square:R3:L3:2891,2891,7-25 rooted state 2891,R3,L3,2891,2891,2899,2887,true,PASS
square:R3:L3:2899,2899,Lydian Augmented ♭2,R3,L3,2899,2899,2915,2891,true,PASS
square:R3:L3:2901,2901,Lydian Augmented,R3,L3,2901,2901,2917,2893,true,PASS
square:R3:L3:2955,2955,Neapolitan Maj 𝄪4♯5,R3,L3,2955,2955,2963,2951,true,PASS
square:R3:L3:2963,2963,Ionian +♭2𝄪4,R3,L3,2963,2963,2979,2955,true,PASS
square:R3:L3:2965,2965,Ionian +𝄪4,R3,L3,2965,2965,2981,2957,true,PASS
square:R3:L3:2979,2979,Ionian +♭2♯3𝄪4,R3,L3,2979,2979,3011,2963,true,PASS
square:R3:L3:2981,2981,Noh,R3,L3,2981,2981,3013,2965,true,PASS
square:R3:L3:2985,2985,Ionian +♯23𝄪4,R3,L3,2985,2985,3017,2969,true,PASS
square:R3:L3:3179,3179,Locrian ♮7♯6,R3,L3,3179,3179,3187,3175,true,PASS
square:R3:L3:3243,3243,Mela Rupavati,R3,L3,3243,3243,3251,3239,true,PASS
square:R3:L3:3275,3275,7-Z18 rooted state 3275,R3,L3,3275,3275,3283,3271,true,PASS
square:R3:L3:3283,3283,7-19 rooted state 3283,R3,L3,3283,3283,3299,3275,true,PASS
square:R3:L3:3285,3285,Mela Citrambari,R3,L3,3285,3285,3301,3277,true,PASS
square:R3:L3:3371,3371,Neapolitan Maj ♯5♯6,R3,L3,3371,3371,3379,3367,true,PASS
square:R3:L3:3403,3403,Enigmatic Minor,R3,L3,3403,3403,3411,3399,true,PASS
square:R3:L3:3411,3411,Enigmatic,R3,L3,3411,3411,3427,3403,true,PASS
square:R3:L3:3413,3413,Leading Whole-Tone,R3,L3,3413,3413,3429,3405,true,PASS
square:R3:L3:3467,3467,Phrygian +𝄪4,R3,L3,3467,3467,3475,3463,true,PASS
square:R3:L3:3475,3475,Enigmatic 𝄪4,R3,L3,3475,3475,3491,3467,true,PASS
square:R3:L3:3477,3477,Ionian +♯64,R3,L3,3477,3477,3493,3469,true,PASS
square:R3:L3:3491,3491,Superlydian Augmented ♭2𝄪4,R3,L3,3491,3491,3523,3475,true,PASS
square:R3:L3:3493,3493,Ionian +♯3♯6𝄪4,R3,L3,3493,3493,3525,3477,true,PASS
square:R3:L3:3497,3497,Superlydian Augmented 𝄪4,R3,L3,3497,3497,3529,3481,true,PASS
square:R3:L3:3627,3627,Neapolitan Maj 5♯6,R3,L3,3627,3627,3635,3623,true,PASS
square:R3:L3:3659,3659,Phrygian +5,R3,L3,3659,3659,3667,3655,true,PASS
square:R3:L3:3667,3667,Lydian ♭25♯6,R3,L3,3667,3667,3683,3659,true,PASS
square:R3:L3:3669,3669,Ionian ♯4𝄪5♯6,R3,L3,3669,3669,3685,3661,true,PASS
square:R3:L3:3723,3723,Phrygian +45,R3,L3,3723,3723,3731,3719,true,PASS
square:R3:L3:3731,3731,Aeryrian,R3,L3,3731,3731,3747,3723,true,PASS
square:R3:L3:3733,3733,Ionian 𝄪4𝄪5♯6,R3,L3,3733,3733,3749,3725,true,PASS
square:R3:L3:3747,3747,Superlydian Augmented ♭2𝄪4𝄪5,R3,L3,3747,3747,3779,3731,true,PASS
square:R3:L3:3749,3749,Rāga Sorati,R3,L3,3749,3749,3781,3733,true,PASS
square:R3:L3:3753,3753,Superaugmented ♯3𝄪4𝄪5,R3,L3,3753,3753,3785,3737,true,PASS
square:R3:L3:3851,3851,Phrygian +5♯4,R3,L3,3851,3851,3859,3847,true,PASS
square:R3:L3:3859,3859,7-3 rooted state 3859,R3,L3,3859,3859,3875,3851,true,PASS
square:R3:L3:3861,3861,Ionian ♯45♯6,R3,L3,3861,3861,3877,3853,true,PASS
square:R3:L3:3875,3875,7-3 rooted state 3875,R3,L3,3875,3875,3907,3859,true,PASS
square:R3:L3:3877,3877,Ionian ♯3♯45♯6,R3,L3,3877,3877,3909,3861,true,PASS
square:R3:L3:3881,3881,Tanarupi III,R3,L3,3881,3881,3913,3865,true,PASS
square:R3:L3:3907,3907,YUTian,R3,L3,3907,3907,3971,3875,true,PASS
square:R3:L3:3909,3909,Superlydian Augmented ♮235♯4,R3,L3,3909,3909,3973,3877,true,PASS
square:R3:L3:3913,3913,Bonian,R3,L3,3913,3913,3977,3881,true,PASS
square:R3:L3:3921,3921,Superlydian Augmented 23♯45,R3,L3,3921,3921,3985,3889,true,PASS
square:R3:R4:471,471,Alt 3·6·♭7,R3,R4,491,491,475,487,true,PASS
square:R3:R4:727,727,Triadic Heptatonic 29,R3,R4,747,747,731,743,true,PASS
square:R3:R4:855,855,Ultralocrian 𝄫3,R3,R4,875,875,859,871,true,PASS
square:R3:R4:919,919,Chromatic Phrygian Inverse,R3,R4,939,939,923,935,true,PASS
square:R3:R4:935,935,Kanakangi,R3,R4,971,971,939,967,true,PASS
square:R3:R4:939,939,Rāga Malini,R3,R4,979,979,947,971,true,PASS
square:R3:R4:941,941,Rāga Jhankara Bhramavi,R3,R4,981,981,949,973,true,PASS
square:R3:R4:1239,1239,Alt 𝄫3𝄫6,R3,R4,1259,1259,1243,1255,true,PASS
square:R3:R4:1367,1367,Leading Whole-Tone Inverse,R3,R4,1387,1387,1371,1383,true,PASS
square:R3:R4:1431,1431,Astrocyte,R3,R4,1451,1451,1435,1447,true,PASS
square:R3:R4:1447,1447,Rāga Phenadyuti,R3,R4,1483,1483,1451,1479,true,PASS
square:R3:R4:1451,1451,Phrygian,R3,R4,1491,1491,1459,1483,true,PASS
square:R3:R4:1453,1453,Aeolian,R3,R4,1493,1493,1461,1485,true,PASS
square:R3:R4:1623,1623,Alt ♮63,R3,R4,1643,1643,1627,1639,true,PASS
square:R3:R4:1687,1687,Midlocrian,R3,R4,1707,1707,1691,1703,true,PASS
square:R3:R4:1703,1703,Rāga Bhanumati,R3,R4,1739,1739,1707,1735,true,PASS
square:R3:R4:1707,1707,Dorian ♭2,R3,R4,1747,1747,1715,1739,true,PASS
square:R3:R4:1709,1709,Dorian,R3,R4,1749,1749,1717,1741,true,PASS
square:R3:R4:1815,1815,Scale 1815,R3,R4,1835,1835,1819,1831,true,PASS
square:R3:R4:1831,1831,Dominant +♭2𝄫3,R3,R4,1867,1867,1835,1863,true,PASS
square:R3:R4:1835,1835,Dorian +♭2,R3,R4,1875,1875,1843,1867,true,PASS
square:R3:R4:1837,1837,Dorian Augmented,R3,R4,1877,1877,1845,1869,true,PASS
square:R3:R4:1863,1863,Scale 1863,R3,R4,1931,1931,1867,1927,true,PASS
square:R3:R4:1867,1867,Lydian 7+♭23,R3,R4,1939,1939,1875,1931,true,PASS
square:R3:R4:1869,1869,Lydian 7+♭3,R3,R4,1941,1941,1877,1933,true,PASS
square:R3:R4:1875,1875,Persichetti,R3,R4,1955,1955,1891,1939,true,PASS
square:R3:R4:1877,1877,Aeroptian,R3,R4,1957,1957,1893,1941,true,PASS
square:R3:R4:1881,1881,Lydian 7+♯2,R3,R4,1961,1961,1897,1945,true,PASS
square:R3:R4:2263,2263,Phlegmatic Minor,R3,R4,2283,2283,2267,2279,true,PASS
square:R3:R4:2391,2391,Phlegmatic,R3,R4,2411,2411,2395,2407,true,PASS
square:R3:R4:2455,2455,7-Z18 rooted state 2455,R3,R4,2475,2475,2459,2471,true,PASS
square:R3:R4:2471,2471,7-19 rooted state 2471,R3,R4,2507,2507,2475,2503,true,PASS
square:R3:R4:2475,2475,Neapolitan Minor,R3,R4,2515,2515,2483,2507,true,PASS
square:R3:R4:2477,2477,Harmonic Minor,R3,R4,2517,2517,2485,2509,true,PASS
square:R3:R4:2647,2647,Bohemian,R3,R4,2667,2667,2651,2663,true,PASS
square:R3:R4:2711,2711,Erratic,R3,R4,2731,2731,2715,2727,true,PASS
square:R3:R4:2727,2727,Rāga Manoranjani,R3,R4,2763,2763,2731,2759,true,PASS
square:R3:R4:2731,2731,Neapolitan Major,R3,R4,2771,2771,2739,2763,true,PASS
square:R3:R4:2733,2733,Melodic Minor,R3,R4,2773,2773,2741,2765,true,PASS
square:R3:R4:2839,2839,Kaikian Mode V,R3,R4,2859,2859,2843,2855,true,PASS
square:R3:R4:2855,2855,Ionian +♭2𝄫3,R3,R4,2891,2891,2859,2887,true,PASS
square:R3:R4:2859,2859,Neapolitan Major ♯5,R3,R4,2899,2899,2867,2891,true,PASS
square:R3:R4:2861,2861,Melodic +,R3,R4,2901,2901,2869,2893,true,PASS
square:R3:R4:2887,2887,Zephyrean Mode VI,R3,R4,2955,2955,2891,2951,true,PASS
square:R3:R4:2891,2891,7-25 rooted state 2891,R3,R4,2963,2963,2899,2955,true,PASS
square:R3:R4:2893,2893,Lydian Augmented ♭3,R3,R4,2965,2965,2901,2957,true,PASS
square:R3:R4:2899,2899,Lydian Augmented ♭2,R3,R4,2979,2979,2915,2963,true,PASS
square:R3:R4:2901,2901,Lydian Augmented,R3,R4,2981,2981,2917,2965,true,PASS
square:R3:R4:2905,2905,Aeolian Flat,R3,R4,2985,2985,2921,2969,true,PASS
square:R3:R4:3159,3159,Alt ♮7♯6𝄫3,R3,R4,3179,3179,3163,3175,true,PASS
square:R3:R4:3223,3223,Alt ♮57♯63,R3,R4,3243,3243,3227,3239,true,PASS
square:R3:R4:3239,3239,Rāga Tanukirti,R3,R4,3275,3275,3243,3271,true,PASS
square:R3:R4:3243,3243,Mela Rupavati,R3,R4,3283,3283,3251,3275,true,PASS
square:R3:R4:3245,3245,Rāga Daulati,R3,R4,3285,3285,3253,3277,true,PASS
square:R3:R4:3351,3351,Crater Scale,R3,R4,3371,3371,3355,3367,true,PASS
square:R3:R4:3367,3367,Neapolitan Major 3♯5♯6,R3,R4,3403,3403,3371,3399,true,PASS
square:R3:R4:3371,3371,Neapolitan Maj ♯5♯6,R3,R4,3411,3411,3379,3403,true,PASS
square:R3:R4:3373,3373,Melodic +♯6,R3,R4,3413,3413,3381,3405,true,PASS
square:R3:R4:3399,3399,Phrygian +𝄫3,R3,R4,3467,3467,3403,3463,true,PASS
square:R3:R4:3403,3403,Enigmatic Minor,R3,R4,3475,3475,3411,3467,true,PASS
square:R3:R4:3405,3405,Phrygian +♮2,R3,R4,3477,3477,3413,3469,true,PASS
square:R3:R4:3411,3411,Enigmatic,R3,R4,3491,3491,3427,3475,true,PASS
square:R3:R4:3413,3413,Leading Whole-Tone,R3,R4,3493,3493,3429,3477,true,PASS
square:R3:R4:3417,3417,Lydian +♯26,R3,R4,3497,3497,3433,3481,true,PASS
square:R3:R4:3607,3607,Alt ♮7♯653,R3,R4,3627,3627,3611,3623,true,PASS
square:R3:R4:3623,3623,7-3 rooted state 3623,R3,R4,3659,3659,3627,3655,true,PASS
square:R3:R4:3627,3627,Neapolitan Maj 5♯6,R3,R4,3667,3667,3635,3659,true,PASS
square:R3:R4:3629,3629,Melodic 𝄪5♯6,R3,R4,3669,3669,3637,3661,true,PASS
square:R3:R4:3655,3655,7-3 rooted state 3655,R3,R4,3723,3723,3659,3719,true,PASS
square:R3:R4:3659,3659,Phrygian +5,R3,R4,3731,3731,3667,3723,true,PASS
square:R3:R4:3661,3661,Melodic ♯4𝄪5♯6,R3,R4,3733,3733,3669,3725,true,PASS
square:R3:R4:3667,3667,Lydian ♭25♯6,R3,R4,3747,3747,3683,3731,true,PASS
square:R3:R4:3669,3669,Ionian ♯4𝄪5♯6,R3,R4,3749,3749,3685,3733,true,PASS
square:R3:R4:3673,3673,Scale 3673,R3,R4,3753,3753,3689,3737,true,PASS
square:R3:R4:3719,3719,Phrygian +𝄫3𝄪45,R3,R4,3851,3851,3723,3847,true,PASS
square:R3:R4:3723,3723,Phrygian +45,R3,R4,3859,3859,3731,3851,true,PASS
square:R3:R4:3725,3725,Eurean Mode VI,R3,R4,3861,3861,3733,3853,true,PASS
square:R3:R4:3731,3731,Aeryrian,R3,R4,3875,3875,3747,3859,true,PASS
square:R3:R4:3733,3733,Ionian 𝄪4𝄪5♯6,R3,R4,3877,3877,3749,3861,true,PASS
square:R3:R4:3737,3737,Scale 3737,R3,R4,3881,3881,3753,3865,true,PASS
square:R3:R4:3747,3747,Superlydian Augmented ♭2𝄪4𝄪5,R3,R4,3907,3907,3779,3875,true,PASS
square:R3:R4:3749,3749,Rāga Sorati,R3,R4,3909,3909,3781,3877,true,PASS
square:R3:R4:3753,3753,Superaugmented ♯3𝄪4𝄪5,R3,R4,3913,3913,3785,3881,true,PASS
square:R3:R4:3761,3761,Rāga Madhuri,R3,R4,3921,3921,3793,3889,true,PASS
square:R3:L4:487,487,Scale 487,R3,L4,475,475,491,471,true,PASS
square:R3:L4:743,743,Phrygian Hungarian Minor,R3,L4,731,731,747,727,true,PASS
square:R3:L4:871,871,Locrian 𝄫3𝄫7,R3,L4,859,859,875,855,true,PASS
square:R3:L4:935,935,Kanakangi,R3,L4,923,923,939,919,true,PASS
square:R3:L4:967,967,Scale 967,R3,L4,939,939,971,935,true,PASS
square:R3:L4:971,971,Scale 971,R3,L4,947,947,979,939,true,PASS
square:R3:L4:973,973,7-19 rooted state 973,R3,L4,949,949,981,941,true,PASS
square:R3:L4:1255,1255,Chromatic Mixolydian,R3,L4,1243,1243,1259,1239,true,PASS
square:R3:L4:1383,1383,Locrian double-flat 3,R3,L4,1371,1371,1387,1367,true,PASS
square:R3:L4:1447,1447,Rāga Phenadyuti,R3,L4,1435,1435,1451,1431,true,PASS
square:R3:L4:1479,1479,Mela Jalarnava,R3,L4,1451,1451,1483,1447,true,PASS
square:R3:L4:1483,1483,Mela Bhavapriya,R3,L4,1459,1459,1491,1451,true,PASS
square:R3:L4:1485,1485,Mela Sanmukhapriya,R3,L4,1461,1461,1493,1453,true,PASS
square:R3:L4:1639,1639,7-21 rooted state 1639,R3,L4,1627,1627,1643,1623,true,PASS
square:R3:L4:1703,1703,Rāga Bhanumati,R3,L4,1691,1691,1707,1687,true,PASS
square:R3:L4:1735,1735,Navaneetam,R3,L4,1707,1707,1739,1703,true,PASS
square:R3:L4:1739,1739,Rāga Sthavarajam,R3,L4,1715,1715,1747,1707,true,PASS
square:R3:L4:1741,1741,Dorian ♯4,R3,L4,1717,1717,1749,1709,true,PASS
square:R3:L4:1831,1831,Dominant +♭2𝄫3,R3,L4,1819,1819,1835,1815,true,PASS
square:R3:L4:1863,1863,Scale 1863,R3,L4,1835,1835,1867,1831,true,PASS
square:R3:L4:1867,1867,Lydian 7+♭23,R3,L4,1843,1843,1875,1835,true,PASS
square:R3:L4:1869,1869,Lydian 7+♭3,R3,L4,1845,1845,1877,1837,true,PASS
square:R3:L4:1927,1927,7-5 rooted state 1927,R3,L4,1867,1867,1931,1863,true,PASS
square:R3:L4:1931,1931,Dorian +♭2𝄪4,R3,L4,1875,1875,1939,1867,true,PASS
square:R3:L4:1933,1933,Dorian +𝄪4,R3,L4,1877,1877,1941,1869,true,PASS
square:R3:L4:1939,1939,Dominant +♭2𝄪4,R3,L4,1891,1891,1955,1875,true,PASS
square:R3:L4:1941,1941,Dominant +𝄪4,R3,L4,1893,1893,1957,1877,true,PASS
square:R3:L4:1945,1945,7-Z18 rooted state 1945,R3,L4,1897,1897,1961,1881,true,PASS
square:R3:L4:2279,2279,Scale 2279,R3,L4,2267,2267,2283,2263,true,PASS
square:R3:L4:2407,2407,7-19 rooted state 2407,R3,L4,2395,2395,2411,2391,true,PASS
square:R3:L4:2471,2471,7-19 rooted state 2471,R3,L4,2459,2459,2475,2455,true,PASS
square:R3:L4:2503,2503,Scale 2503,R3,L4,2475,2475,2507,2471,true,PASS
square:R3:L4:2507,2507,Chromatic Lydian Inverse,R3,L4,2483,2483,2515,2475,true,PASS
square:R3:L4:2509,2509,Double Harmonic Minor,R3,L4,2485,2485,2517,2477,true,PASS
square:R3:L4:2663,2663,7-Z18 rooted state 2663,R3,L4,2651,2651,2667,2647,true,PASS
square:R3:L4:2727,2727,Rāga Manoranjani,R3,L4,2715,2715,2731,2711,true,PASS
square:R3:L4:2759,2759,Lydian ♭2♭♭3,R3,L4,2731,2731,2763,2727,true,PASS
square:R3:L4:2763,2763,Rāga Sauviram,R3,L4,2739,2739,2771,2731,true,PASS
square:R3:L4:2765,2765,Lydian Diminished,R3,L4,2741,2741,2773,2733,true,PASS
square:R3:L4:2855,2855,Ionian +♭2𝄫3,R3,L4,2843,2843,2859,2839,true,PASS
square:R3:L4:2887,2887,Zephyrean Mode VI,R3,L4,2859,2859,2891,2855,true,PASS
square:R3:L4:2891,2891,7-25 rooted state 2891,R3,L4,2867,2867,2899,2859,true,PASS
square:R3:L4:2893,2893,Lydian Augmented ♭3,R3,L4,2869,2869,2901,2861,true,PASS
square:R3:L4:2951,2951,7-5 rooted state 2951,R3,L4,2891,2891,2955,2887,true,PASS
square:R3:L4:2955,2955,Neapolitan Maj 𝄪4♯5,R3,L4,2899,2899,2963,2891,true,PASS
square:R3:L4:2957,2957,Melodic +4,R3,L4,2901,2901,2965,2893,true,PASS
square:R3:L4:2963,2963,Ionian +♭2𝄪4,R3,L4,2915,2915,2979,2899,true,PASS
square:R3:L4:2965,2965,Ionian +𝄪4,R3,L4,2917,2917,2981,2901,true,PASS
square:R3:L4:2969,2969,Scale 2969,R3,L4,2921,2921,2985,2905,true,PASS
square:R3:L4:3175,3175,Locrian 3♯6♮7,R3,L4,3163,3163,3179,3159,true,PASS
square:R3:L4:3239,3239,Rāga Tanukirti,R3,L4,3227,3227,3243,3223,true,PASS
square:R3:L4:3271,3271,Mela Raghupriya,R3,L4,3243,3243,3275,3239,true,PASS
square:R3:L4:3275,3275,7-Z18 rooted state 3275,R3,L4,3251,3251,3283,3243,true,PASS
square:R3:L4:3277,3277,7-21 rooted state 3277,R3,L4,3253,3253,3285,3245,true,PASS
square:R3:L4:3367,3367,Neapolitan Major 3♯5♯6,R3,L4,3355,3355,3371,3351,true,PASS
square:R3:L4:3399,3399,Phrygian +𝄫3,R3,L4,3371,3371,3403,3367,true,PASS
square:R3:L4:3403,3403,Enigmatic Minor,R3,L4,3379,3379,3411,3371,true,PASS
square:R3:L4:3405,3405,Phrygian +♮2,R3,L4,3381,3381,3413,3373,true,PASS
square:R3:L4:3463,3463,7-4 rooted state 3463,R3,L4,3403,3403,3467,3399,true,PASS
square:R3:L4:3467,3467,Phrygian +𝄪4,R3,L4,3411,3411,3475,3403,true,PASS
square:R3:L4:3469,3469,Melodic +♯6𝄪4,R3,L4,3413,3413,3477,3405,true,PASS
square:R3:L4:3475,3475,Enigmatic 𝄪4,R3,L4,3427,3427,3491,3411,true,PASS
square:R3:L4:3477,3477,Ionian +♯64,R3,L4,3429,3429,3493,3413,true,PASS
square:R3:L4:3481,3481,Scale 3481,R3,L4,3433,3433,3497,3417,true,PASS
square:R3:L4:3623,3623,7-3 rooted state 3623,R3,L4,3611,3611,3627,3607,true,PASS
square:R3:L4:3655,3655,7-3 rooted state 3655,R3,L4,3627,3627,3659,3623,true,PASS
square:R3:L4:3659,3659,Phrygian +5,R3,L4,3635,3635,3667,3627,true,PASS
square:R3:L4:3661,3661,Melodic ♯4𝄪5♯6,R3,L4,3637,3637,3669,3629,true,PASS
square:R3:L4:3719,3719,Phrygian +𝄫3𝄪45,R3,L4,3659,3659,3723,3655,true,PASS
square:R3:L4:3723,3723,Phrygian +45,R3,L4,3667,3667,3731,3659,true,PASS
square:R3:L4:3725,3725,Eurean Mode VI,R3,L4,3669,3669,3733,3661,true,PASS
square:R3:L4:3731,3731,Aeryrian,R3,L4,3683,3683,3747,3667,true,PASS
square:R3:L4:3733,3733,Ionian 𝄪4𝄪5♯6,R3,L4,3685,3685,3749,3669,true,PASS
square:R3:L4:3737,3737,Scale 3737,R3,L4,3689,3689,3753,3673,true,PASS
square:R3:L4:3847,3847,7-1 terminal cluster state 3847,R3,L4,3723,3723,3851,3719,true,PASS
square:R3:L4:3851,3851,Phrygian +5♯4,R3,L4,3731,3731,3859,3723,true,PASS
square:R3:L4:3853,3853,7-4 rooted state 3853,R3,L4,3733,3733,3861,3725,true,PASS
square:R3:L4:3859,3859,7-3 rooted state 3859,R3,L4,3747,3747,3875,3731,true,PASS
square:R3:L4:3861,3861,Ionian ♯45♯6,R3,L4,3749,3749,3877,3733,true,PASS
square:R3:L4:3865,3865,Ionian ♯2♯45♯6,R3,L4,3753,3753,3881,3737,true,PASS
square:R3:L4:3875,3875,7-3 rooted state 3875,R3,L4,3779,3779,3907,3747,true,PASS
square:R3:L4:3877,3877,Ionian ♯3♯45♯6,R3,L4,3781,3781,3909,3749,true,PASS
square:R3:L4:3881,3881,Tanarupi III,R3,L4,3785,3785,3913,3753,true,PASS
square:R3:L4:3889,3889,Raghupriya III,R3,L4,3793,3793,3921,3761,true,PASS
square:R3:R5:439,439,Infra-Alt 7♭4,R3,R5,475,475,443,471,true,PASS
square:R3:R5:695,695,Phrygian Double-Flat,R3,R5,731,731,699,727,true,PASS
square:R3:R5:823,823,Scale 823,R3,R5,859,859,827,855,true,PASS
square:R3:R5:855,855,Ultralocrian 𝄫3,R3,R5,923,923,859,919,true,PASS
square:R3:R5:871,871,Locrian 𝄫3𝄫7,R3,R5,939,939,875,935,true,PASS
square:R3:R5:875,875,Locrian double-flat 7,R3,R5,947,947,883,939,true,PASS
square:R3:R5:877,877,Hungarian Major Inverse,R3,R5,949,949,885,941,true,PASS
square:R3:R5:1207,1207,Alt ♭♭3♭♭5♭♭6,R3,R5,1243,1243,1211,1239,true,PASS
square:R3:R5:1335,1335,Elephant Scale,R3,R5,1371,1371,1339,1367,true,PASS
square:R3:R5:1367,1367,Leading Whole-Tone Inverse,R3,R5,1435,1435,1371,1431,true,PASS
square:R3:R5:1383,1383,Locrian double-flat 3,R3,R5,1451,1451,1387,1447,true,PASS
square:R3:R5:1387,1387,Locrian,R3,R5,1459,1459,1395,1451,true,PASS
square:R3:R5:1389,1389,Half-Diminished,R3,R5,1461,1461,1397,1453,true,PASS
square:R3:R5:1591,1591,Alt ♮6♭♭3♭5,R3,R5,1627,1627,1595,1623,true,PASS
square:R3:R5:1623,1623,Alt ♮63,R3,R5,1691,1691,1627,1687,true,PASS
square:R3:R5:1639,1639,7-21 rooted state 1639,R3,R5,1707,1707,1643,1703,true,PASS
square:R3:R5:1643,1643,Locrian ♮6,R3,R5,1715,1715,1651,1707,true,PASS
square:R3:R5:1645,1645,Dorian ♭5,R3,R5,1717,1717,1653,1709,true,PASS
square:R3:R5:1687,1687,Midlocrian,R3,R5,1819,1819,1691,1815,true,PASS
square:R3:R5:1703,1703,Rāga Bhanumati,R3,R5,1835,1835,1707,1831,true,PASS
square:R3:R5:1707,1707,Dorian ♭2,R3,R5,1843,1843,1715,1835,true,PASS
square:R3:R5:1709,1709,Dorian,R3,R5,1845,1845,1717,1837,true,PASS
square:R3:R5:1735,1735,Navaneetam,R3,R5,1867,1867,1739,1863,true,PASS
square:R3:R5:1739,1739,Rāga Sthavarajam,R3,R5,1875,1875,1747,1867,true,PASS
square:R3:R5:1741,1741,Dorian ♯4,R3,R5,1877,1877,1749,1869,true,PASS
square:R3:R5:1747,1747,Lydian 7♭2,R3,R5,1891,1891,1763,1875,true,PASS
square:R3:R5:1749,1749,Acoustic,R3,R5,1893,1893,1765,1877,true,PASS
square:R3:R5:1753,1753,Hungarian Major,R3,R5,1897,1897,1769,1881,true,PASS
square:R3:R5:2231,2231,Arcadian,R3,R5,2267,2267,2235,2263,true,PASS
square:R3:R5:2359,2359,Unorthodox Minor,R3,R5,2395,2395,2363,2391,true,PASS
square:R3:R5:2391,2391,Phlegmatic,R3,R5,2459,2459,2395,2455,true,PASS
square:R3:R5:2407,2407,7-19 rooted state 2407,R3,R5,2475,2475,2411,2471,true,PASS
square:R3:R5:2411,2411,Locrian ♮7,R3,R5,2483,2483,2419,2475,true,PASS
square:R3:R5:2413,2413,Harmonic Minor ♭5,R3,R5,2485,2485,2421,2477,true,PASS
square:R3:R5:2615,2615,Alt ♮67♭♭35,R3,R5,2651,2651,2619,2647,true,PASS
square:R3:R5:2647,2647,Bohemian,R3,R5,2715,2715,2651,2711,true,PASS
square:R3:R5:2663,2663,7-Z18 rooted state 2663,R3,R5,2731,2731,2667,2727,true,PASS
square:R3:R5:2667,2667,Neapolitan Major ♭5,R3,R5,2739,2739,2675,2731,true,PASS
square:R3:R5:2669,2669,Jeths' Mode,R3,R5,2741,2741,2677,2733,true,PASS
square:R3:R5:2711,2711,Erratic,R3,R5,2843,2843,2715,2839,true,PASS
square:R3:R5:2727,2727,Rāga Manoranjani,R3,R5,2859,2859,2731,2855,true,PASS
square:R3:R5:2731,2731,Neapolitan Major,R3,R5,2867,2867,2739,2859,true,PASS
square:R3:R5:2733,2733,Melodic Minor,R3,R5,2869,2869,2741,2861,true,PASS
square:R3:R5:2759,2759,Lydian ♭2♭♭3,R3,R5,2891,2891,2763,2887,true,PASS
square:R3:R5:2763,2763,Rāga Sauviram,R3,R5,2899,2899,2771,2891,true,PASS
square:R3:R5:2765,2765,Lydian Diminished,R3,R5,2901,2901,2773,2893,true,PASS
square:R3:R5:2771,2771,Mela Gamanasrama,R3,R5,2915,2915,2787,2899,true,PASS
square:R3:R5:2773,2773,Lydian,R3,R5,2917,2917,2789,2901,true,PASS
square:R3:R5:2777,2777,Aeolian Harmonic,R3,R5,2921,2921,2793,2905,true,PASS
square:R3:R5:3127,3127,7-4 rooted state 3127,R3,R5,3163,3163,3131,3159,true,PASS
square:R3:R5:3159,3159,Alt ♮7♯6𝄫3,R3,R5,3227,3227,3163,3223,true,PASS
square:R3:R5:3175,3175,Locrian 3♯6♮7,R3,R5,3243,3243,3179,3239,true,PASS
square:R3:R5:3179,3179,Locrian ♮7♯6,R3,R5,3251,3251,3187,3243,true,PASS
square:R3:R5:3181,3181,Melodic ♭5♯6,R3,R5,3253,3253,3189,3245,true,PASS
square:R3:R5:3223,3223,Alt ♮57♯63,R3,R5,3355,3355,3227,3351,true,PASS
square:R3:R5:3239,3239,Rāga Tanukirti,R3,R5,3371,3371,3243,3367,true,PASS
square:R3:R5:3243,3243,Mela Rupavati,R3,R5,3379,3379,3251,3371,true,PASS
square:R3:R5:3245,3245,Rāga Daulati,R3,R5,3381,3381,3253,3373,true,PASS
square:R3:R5:3271,3271,Mela Raghupriya,R3,R5,3403,3403,3275,3399,true,PASS
square:R3:R5:3275,3275,7-Z18 rooted state 3275,R3,R5,3411,3411,3283,3403,true,PASS
square:R3:R5:3277,3277,7-21 rooted state 3277,R3,R5,3413,3413,3285,3405,true,PASS
square:R3:R5:3283,3283,7-19 rooted state 3283,R3,R5,3427,3427,3299,3411,true,PASS
square:R3:R5:3285,3285,Mela Citrambari,R3,R5,3429,3429,3301,3413,true,PASS
square:R3:R5:3289,3289,Rasikapriya,R3,R5,3433,3433,3305,3417,true,PASS
square:R3:R5:3351,3351,Crater Scale,R3,R5,3611,3611,3355,3607,true,PASS
square:R3:R5:3367,3367,Neapolitan Major 3♯5♯6,R3,R5,3627,3627,3371,3623,true,PASS
square:R3:R5:3371,3371,Neapolitan Maj ♯5♯6,R3,R5,3635,3635,3379,3627,true,PASS
square:R3:R5:3373,3373,Melodic +♯6,R3,R5,3637,3637,3381,3629,true,PASS
square:R3:R5:3399,3399,Phrygian +𝄫3,R3,R5,3659,3659,3403,3655,true,PASS
square:R3:R5:3403,3403,Enigmatic Minor,R3,R5,3667,3667,3411,3659,true,PASS
square:R3:R5:3405,3405,Phrygian +♮2,R3,R5,3669,3669,3413,3661,true,PASS
square:R3:R5:3411,3411,Enigmatic,R3,R5,3683,3683,3427,3667,true,PASS
square:R3:R5:3413,3413,Leading Whole-Tone,R3,R5,3685,3685,3429,3669,true,PASS
square:R3:R5:3417,3417,Lydian +♯26,R3,R5,3689,3689,3433,3673,true,PASS
square:R3:R5:3463,3463,7-4 rooted state 3463,R3,R5,3723,3723,3467,3719,true,PASS
square:R3:R5:3467,3467,Phrygian +𝄪4,R3,R5,3731,3731,3475,3723,true,PASS
square:R3:R5:3469,3469,Melodic +♯6𝄪4,R3,R5,3733,3733,3477,3725,true,PASS
square:R3:R5:3475,3475,Enigmatic 𝄪4,R3,R5,3747,3747,3491,3731,true,PASS
square:R3:R5:3477,3477,Ionian +♯64,R3,R5,3749,3749,3493,3733,true,PASS
square:R3:R5:3481,3481,Scale 3481,R3,R5,3753,3753,3497,3737,true,PASS
square:R3:R5:3491,3491,Superlydian Augmented ♭2𝄪4,R3,R5,3779,3779,3523,3747,true,PASS
square:R3:R5:3493,3493,Ionian +♯3♯6𝄪4,R3,R5,3781,3781,3525,3749,true,PASS
square:R3:R5:3497,3497,Superlydian Augmented 𝄪4,R3,R5,3785,3785,3529,3753,true,PASS
square:R3:R5:3505,3505,Superlydian Augmented 24,R3,R5,3793,3793,3537,3761,true,PASS
square:R3:L5:471,471,Alt 3·6·♭7,R3,L5,443,443,475,439,true,PASS
square:R3:L5:727,727,Triadic Heptatonic 29,R3,L5,699,699,731,695,true,PASS
square:R3:L5:855,855,Ultralocrian 𝄫3,R3,L5,827,827,859,823,true,PASS
square:R3:L5:919,919,Chromatic Phrygian Inverse,R3,L5,859,859,923,855,true,PASS
square:R3:L5:935,935,Kanakangi,R3,L5,875,875,939,871,true,PASS
square:R3:L5:939,939,Rāga Malini,R3,L5,883,883,947,875,true,PASS
square:R3:L5:941,941,Rāga Jhankara Bhramavi,R3,L5,885,885,949,877,true,PASS
square:R3:L5:1239,1239,Alt 𝄫3𝄫6,R3,L5,1211,1211,1243,1207,true,PASS
square:R3:L5:1367,1367,Leading Whole-Tone Inverse,R3,L5,1339,1339,1371,1335,true,PASS
square:R3:L5:1431,1431,Astrocyte,R3,L5,1371,1371,1435,1367,true,PASS
square:R3:L5:1447,1447,Rāga Phenadyuti,R3,L5,1387,1387,1451,1383,true,PASS
square:R3:L5:1451,1451,Phrygian,R3,L5,1395,1395,1459,1387,true,PASS
square:R3:L5:1453,1453,Aeolian,R3,L5,1397,1397,1461,1389,true,PASS
square:R3:L5:1623,1623,Alt ♮63,R3,L5,1595,1595,1627,1591,true,PASS
square:R3:L5:1687,1687,Midlocrian,R3,L5,1627,1627,1691,1623,true,PASS
square:R3:L5:1703,1703,Rāga Bhanumati,R3,L5,1643,1643,1707,1639,true,PASS
square:R3:L5:1707,1707,Dorian ♭2,R3,L5,1651,1651,1715,1643,true,PASS
square:R3:L5:1709,1709,Dorian,R3,L5,1653,1653,1717,1645,true,PASS
square:R3:L5:1815,1815,Scale 1815,R3,L5,1691,1691,1819,1687,true,PASS
square:R3:L5:1831,1831,Dominant +♭2𝄫3,R3,L5,1707,1707,1835,1703,true,PASS
square:R3:L5:1835,1835,Dorian +♭2,R3,L5,1715,1715,1843,1707,true,PASS
square:R3:L5:1837,1837,Dorian Augmented,R3,L5,1717,1717,1845,1709,true,PASS
square:R3:L5:1863,1863,Scale 1863,R3,L5,1739,1739,1867,1735,true,PASS
square:R3:L5:1867,1867,Lydian 7+♭23,R3,L5,1747,1747,1875,1739,true,PASS
square:R3:L5:1869,1869,Lydian 7+♭3,R3,L5,1749,1749,1877,1741,true,PASS
square:R3:L5:1875,1875,Persichetti,R3,L5,1763,1763,1891,1747,true,PASS
square:R3:L5:1877,1877,Aeroptian,R3,L5,1765,1765,1893,1749,true,PASS
square:R3:L5:1881,1881,Lydian 7+♯2,R3,L5,1769,1769,1897,1753,true,PASS
square:R3:L5:2263,2263,Phlegmatic Minor,R3,L5,2235,2235,2267,2231,true,PASS
square:R3:L5:2391,2391,Phlegmatic,R3,L5,2363,2363,2395,2359,true,PASS
square:R3:L5:2455,2455,7-Z18 rooted state 2455,R3,L5,2395,2395,2459,2391,true,PASS
square:R3:L5:2471,2471,7-19 rooted state 2471,R3,L5,2411,2411,2475,2407,true,PASS
square:R3:L5:2475,2475,Neapolitan Minor,R3,L5,2419,2419,2483,2411,true,PASS
square:R3:L5:2477,2477,Harmonic Minor,R3,L5,2421,2421,2485,2413,true,PASS
square:R3:L5:2647,2647,Bohemian,R3,L5,2619,2619,2651,2615,true,PASS
square:R3:L5:2711,2711,Erratic,R3,L5,2651,2651,2715,2647,true,PASS
square:R3:L5:2727,2727,Rāga Manoranjani,R3,L5,2667,2667,2731,2663,true,PASS
square:R3:L5:2731,2731,Neapolitan Major,R3,L5,2675,2675,2739,2667,true,PASS
square:R3:L5:2733,2733,Melodic Minor,R3,L5,2677,2677,2741,2669,true,PASS
square:R3:L5:2839,2839,Kaikian Mode V,R3,L5,2715,2715,2843,2711,true,PASS
square:R3:L5:2855,2855,Ionian +♭2𝄫3,R3,L5,2731,2731,2859,2727,true,PASS
square:R3:L5:2859,2859,Neapolitan Major ♯5,R3,L5,2739,2739,2867,2731,true,PASS
square:R3:L5:2861,2861,Melodic +,R3,L5,2741,2741,2869,2733,true,PASS
square:R3:L5:2887,2887,Zephyrean Mode VI,R3,L5,2763,2763,2891,2759,true,PASS
square:R3:L5:2891,2891,7-25 rooted state 2891,R3,L5,2771,2771,2899,2763,true,PASS
square:R3:L5:2893,2893,Lydian Augmented ♭3,R3,L5,2773,2773,2901,2765,true,PASS
square:R3:L5:2899,2899,Lydian Augmented ♭2,R3,L5,2787,2787,2915,2771,true,PASS
square:R3:L5:2901,2901,Lydian Augmented,R3,L5,2789,2789,2917,2773,true,PASS
square:R3:L5:2905,2905,Aeolian Flat,R3,L5,2793,2793,2921,2777,true,PASS
square:R3:L5:3159,3159,Alt ♮7♯6𝄫3,R3,L5,3131,3131,3163,3127,true,PASS
square:R3:L5:3223,3223,Alt ♮57♯63,R3,L5,3163,3163,3227,3159,true,PASS
square:R3:L5:3239,3239,Rāga Tanukirti,R3,L5,3179,3179,3243,3175,true,PASS
square:R3:L5:3243,3243,Mela Rupavati,R3,L5,3187,3187,3251,3179,true,PASS
square:R3:L5:3245,3245,Rāga Daulati,R3,L5,3189,3189,3253,3181,true,PASS
square:R3:L5:3351,3351,Crater Scale,R3,L5,3227,3227,3355,3223,true,PASS
square:R3:L5:3367,3367,Neapolitan Major 3♯5♯6,R3,L5,3243,3243,3371,3239,true,PASS
square:R3:L5:3371,3371,Neapolitan Maj ♯5♯6,R3,L5,3251,3251,3379,3243,true,PASS
square:R3:L5:3373,3373,Melodic +♯6,R3,L5,3253,3253,3381,3245,true,PASS
square:R3:L5:3399,3399,Phrygian +𝄫3,R3,L5,3275,3275,3403,3271,true,PASS
square:R3:L5:3403,3403,Enigmatic Minor,R3,L5,3283,3283,3411,3275,true,PASS
square:R3:L5:3405,3405,Phrygian +♮2,R3,L5,3285,3285,3413,3277,true,PASS
square:R3:L5:3411,3411,Enigmatic,R3,L5,3299,3299,3427,3283,true,PASS
square:R3:L5:3413,3413,Leading Whole-Tone,R3,L5,3301,3301,3429,3285,true,PASS
square:R3:L5:3417,3417,Lydian +♯26,R3,L5,3305,3305,3433,3289,true,PASS
square:R3:L5:3607,3607,Alt ♮7♯653,R3,L5,3355,3355,3611,3351,true,PASS
square:R3:L5:3623,3623,7-3 rooted state 3623,R3,L5,3371,3371,3627,3367,true,PASS
square:R3:L5:3627,3627,Neapolitan Maj 5♯6,R3,L5,3379,3379,3635,3371,true,PASS
square:R3:L5:3629,3629,Melodic 𝄪5♯6,R3,L5,3381,3381,3637,3373,true,PASS
square:R3:L5:3655,3655,7-3 rooted state 3655,R3,L5,3403,3403,3659,3399,true,PASS
square:R3:L5:3659,3659,Phrygian +5,R3,L5,3411,3411,3667,3403,true,PASS
square:R3:L5:3661,3661,Melodic ♯4𝄪5♯6,R3,L5,3413,3413,3669,3405,true,PASS
square:R3:L5:3667,3667,Lydian ♭25♯6,R3,L5,3427,3427,3683,3411,true,PASS
square:R3:L5:3669,3669,Ionian ♯4𝄪5♯6,R3,L5,3429,3429,3685,3413,true,PASS
square:R3:L5:3673,3673,Scale 3673,R3,L5,3433,3433,3689,3417,true,PASS
square:R3:L5:3719,3719,Phrygian +𝄫3𝄪45,R3,L5,3467,3467,3723,3463,true,PASS
square:R3:L5:3723,3723,Phrygian +45,R3,L5,3475,3475,3731,3467,true,PASS
square:R3:L5:3725,3725,Eurean Mode VI,R3,L5,3477,3477,3733,3469,true,PASS
square:R3:L5:3731,3731,Aeryrian,R3,L5,3491,3491,3747,3475,true,PASS
square:R3:L5:3733,3733,Ionian 𝄪4𝄪5♯6,R3,L5,3493,3493,3749,3477,true,PASS
square:R3:L5:3737,3737,Scale 3737,R3,L5,3497,3497,3753,3481,true,PASS
square:R3:L5:3747,3747,Superlydian Augmented ♭2𝄪4𝄪5,R3,L5,3523,3523,3779,3491,true,PASS
square:R3:L5:3749,3749,Rāga Sorati,R3,L5,3525,3525,3781,3493,true,PASS
square:R3:L5:3753,3753,Superaugmented ♯3𝄪4𝄪5,R3,L5,3529,3529,3785,3497,true,PASS
square:R3:L5:3761,3761,Rāga Madhuri,R3,L5,3537,3537,3793,3505,true,PASS
square:R3:R6:375,375,Scale 375,R3,R6,443,443,379,439,true,PASS
square:R3:R6:631,631,Infra-Alt 6♭4,R3,R6,699,699,635,695,true,PASS
square:R3:R6:695,695,Phrygian Double-Flat,R3,R6,827,827,699,823,true,PASS
square:R3:R6:727,727,Triadic Heptatonic 29,R3,R6,859,859,731,855,true,PASS
square:R3:R6:743,743,Phrygian Hungarian Minor,R3,R6,875,875,747,871,true,PASS
square:R3:R6:747,747,1sus4 & ♭3∅7,R3,R6,883,883,755,875,true,PASS
square:R3:R6:749,749,Locrian ♮2♭♭6♭♭7,R3,R6,885,885,757,877,true,PASS
square:R3:R6:1143,1143,Scale 1143,R3,R6,1211,1211,1147,1207,true,PASS
square:R3:R6:1207,1207,Alt ♭♭3♭♭5♭♭6,R3,R6,1339,1339,1211,1335,true,PASS
square:R3:R6:1239,1239,Alt 𝄫3𝄫6,R3,R6,1371,1371,1243,1367,true,PASS
square:R3:R6:1255,1255,Chromatic Mixolydian,R3,R6,1387,1387,1259,1383,true,PASS
square:R3:R6:1259,1259,Blues Phrygian,R3,R6,1395,1395,1267,1387,true,PASS
square:R3:R6:1261,1261,Modified Blues,R3,R6,1397,1397,1269,1389,true,PASS
square:R3:R6:1335,1335,Elephant Scale,R3,R6,1595,1595,1339,1591,true,PASS
square:R3:R6:1367,1367,Leading Whole-Tone Inverse,R3,R6,1627,1627,1371,1623,true,PASS
square:R3:R6:1383,1383,Locrian double-flat 3,R3,R6,1643,1643,1387,1639,true,PASS
square:R3:R6:1387,1387,Locrian,R3,R6,1651,1651,1395,1643,true,PASS
square:R3:R6:1389,1389,Half-Diminished,R3,R6,1653,1653,1397,1645,true,PASS
square:R3:R6:1431,1431,Astrocyte,R3,R6,1691,1691,1435,1687,true,PASS
square:R3:R6:1447,1447,Rāga Phenadyuti,R3,R6,1707,1707,1451,1703,true,PASS
square:R3:R6:1451,1451,Phrygian,R3,R6,1715,1715,1459,1707,true,PASS
square:R3:R6:1453,1453,Aeolian,R3,R6,1717,1717,1461,1709,true,PASS
square:R3:R6:1479,1479,Mela Jalarnava,R3,R6,1739,1739,1483,1735,true,PASS
square:R3:R6:1483,1483,Mela Bhavapriya,R3,R6,1747,1747,1491,1739,true,PASS
square:R3:R6:1485,1485,Mela Sanmukhapriya,R3,R6,1749,1749,1493,1741,true,PASS
square:R3:R6:1491,1491,Namanarayani,R3,R6,1763,1763,1507,1747,true,PASS
square:R3:R6:1493,1493,Lydian Minor,R3,R6,1765,1765,1509,1749,true,PASS
square:R3:R6:1497,1497,Jyoti Swarupini,R3,R6,1769,1769,1513,1753,true,PASS
square:R3:R6:2167,2167,7-5 rooted state 2167,R3,R6,2235,2235,2171,2231,true,PASS
square:R3:R6:2231,2231,Arcadian,R3,R6,2363,2363,2235,2359,true,PASS
square:R3:R6:2263,2263,Phlegmatic Minor,R3,R6,2395,2395,2267,2391,true,PASS
square:R3:R6:2279,2279,Scale 2279,R3,R6,2411,2411,2283,2407,true,PASS
square:R3:R6:2283,2283,Pacific Minor,R3,R6,2419,2419,2291,2411,true,PASS
square:R3:R6:2285,2285,Supine,R3,R6,2421,2421,2293,2413,true,PASS
square:R3:R6:2359,2359,Unorthodox Minor,R3,R6,2619,2619,2363,2615,true,PASS
square:R3:R6:2391,2391,Phlegmatic,R3,R6,2651,2651,2395,2647,true,PASS
square:R3:R6:2407,2407,7-19 rooted state 2407,R3,R6,2667,2667,2411,2663,true,PASS
square:R3:R6:2411,2411,Locrian ♮7,R3,R6,2675,2675,2419,2667,true,PASS
square:R3:R6:2413,2413,Harmonic Minor ♭5,R3,R6,2677,2677,2421,2669,true,PASS
square:R3:R6:2455,2455,7-Z18 rooted state 2455,R3,R6,2715,2715,2459,2711,true,PASS
square:R3:R6:2471,2471,7-19 rooted state 2471,R3,R6,2731,2731,2475,2727,true,PASS
square:R3:R6:2475,2475,Neapolitan Minor,R3,R6,2739,2739,2483,2731,true,PASS
square:R3:R6:2477,2477,Harmonic Minor,R3,R6,2741,2741,2485,2733,true,PASS
square:R3:R6:2503,2503,Scale 2503,R3,R6,2763,2763,2507,2759,true,PASS
square:R3:R6:2507,2507,Chromatic Lydian Inverse,R3,R6,2771,2771,2515,2763,true,PASS
square:R3:R6:2509,2509,Double Harmonic Minor,R3,R6,2773,2773,2517,2765,true,PASS
square:R3:R6:2515,2515,Chromatic Hypolydian,R3,R6,2787,2787,2531,2771,true,PASS
square:R3:R6:2517,2517,Lydian Harmonic Major,R3,R6,2789,2789,2533,2773,true,PASS
square:R3:R6:2521,2521,Scale 2521,R3,R6,2793,2793,2537,2777,true,PASS
square:R3:R6:2615,2615,Alt ♮67♭♭35,R3,R6,3131,3131,2619,3127,true,PASS
square:R3:R6:2647,2647,Bohemian,R3,R6,3163,3163,2651,3159,true,PASS
square:R3:R6:2663,2663,7-Z18 rooted state 2663,R3,R6,3179,3179,2667,3175,true,PASS
square:R3:R6:2667,2667,Neapolitan Major ♭5,R3,R6,3187,3187,2675,3179,true,PASS
square:R3:R6:2669,2669,Jeths' Mode,R3,R6,3189,3189,2677,3181,true,PASS
square:R3:R6:2711,2711,Erratic,R3,R6,3227,3227,2715,3223,true,PASS
square:R3:R6:2727,2727,Rāga Manoranjani,R3,R6,3243,3243,2731,3239,true,PASS
square:R3:R6:2731,2731,Neapolitan Major,R3,R6,3251,3251,2739,3243,true,PASS
square:R3:R6:2733,2733,Melodic Minor,R3,R6,3253,3253,2741,3245,true,PASS
square:R3:R6:2759,2759,Lydian ♭2♭♭3,R3,R6,3275,3275,2763,3271,true,PASS
square:R3:R6:2763,2763,Rāga Sauviram,R3,R6,3283,3283,2771,3275,true,PASS
square:R3:R6:2765,2765,Lydian Diminished,R3,R6,3285,3285,2773,3277,true,PASS
square:R3:R6:2771,2771,Mela Gamanasrama,R3,R6,3299,3299,2787,3283,true,PASS
square:R3:R6:2773,2773,Lydian,R3,R6,3301,3301,2789,3285,true,PASS
square:R3:R6:2777,2777,Aeolian Harmonic,R3,R6,3305,3305,2793,3289,true,PASS
square:R3:R6:2839,2839,Kaikian Mode V,R3,R6,3355,3355,2843,3351,true,PASS
square:R3:R6:2855,2855,Ionian +♭2𝄫3,R3,R6,3371,3371,2859,3367,true,PASS
square:R3:R6:2859,2859,Neapolitan Major ♯5,R3,R6,3379,3379,2867,3371,true,PASS
square:R3:R6:2861,2861,Melodic +,R3,R6,3381,3381,2869,3373,true,PASS
square:R3:R6:2887,2887,Zephyrean Mode VI,R3,R6,3403,3403,2891,3399,true,PASS
square:R3:R6:2891,2891,7-25 rooted state 2891,R3,R6,3411,3411,2899,3403,true,PASS
square:R3:R6:2893,2893,Lydian Augmented ♭3,R3,R6,3413,3413,2901,3405,true,PASS
square:R3:R6:2899,2899,Lydian Augmented ♭2,R3,R6,3427,3427,2915,3411,true,PASS
square:R3:R6:2901,2901,Lydian Augmented,R3,R6,3429,3429,2917,3413,true,PASS
square:R3:R6:2905,2905,Aeolian Flat,R3,R6,3433,3433,2921,3417,true,PASS
square:R3:R6:2951,2951,7-5 rooted state 2951,R3,R6,3467,3467,2955,3463,true,PASS
square:R3:R6:2955,2955,Neapolitan Maj 𝄪4♯5,R3,R6,3475,3475,2963,3467,true,PASS
square:R3:R6:2957,2957,Melodic +4,R3,R6,3477,3477,2965,3469,true,PASS
square:R3:R6:2963,2963,Ionian +♭2𝄪4,R3,R6,3491,3491,2979,3475,true,PASS
square:R3:R6:2965,2965,Ionian +𝄪4,R3,R6,3493,3493,2981,3477,true,PASS
square:R3:R6:2969,2969,Scale 2969,R3,R6,3497,3497,2985,3481,true,PASS
square:R3:R6:2979,2979,Ionian +♭2♯3𝄪4,R3,R6,3523,3523,3011,3491,true,PASS
square:R3:R6:2981,2981,Noh,R3,R6,3525,3525,3013,3493,true,PASS
square:R3:R6:2985,2985,Ionian +♯23𝄪4,R3,R6,3529,3529,3017,3497,true,PASS
square:R3:R6:2993,2993,Ionian +♯324,R3,R6,3537,3537,3025,3505,true,PASS
square:R3:L6:439,439,Infra-Alt 7♭4,R3,L6,379,379,443,375,true,PASS
square:R3:L6:695,695,Phrygian Double-Flat,R3,L6,635,635,699,631,true,PASS
square:R3:L6:823,823,Scale 823,R3,L6,699,699,827,695,true,PASS
square:R3:L6:855,855,Ultralocrian 𝄫3,R3,L6,731,731,859,727,true,PASS
square:R3:L6:871,871,Locrian 𝄫3𝄫7,R3,L6,747,747,875,743,true,PASS
square:R3:L6:875,875,Locrian double-flat 7,R3,L6,755,755,883,747,true,PASS
square:R3:L6:877,877,Hungarian Major Inverse,R3,L6,757,757,885,749,true,PASS
square:R3:L6:1207,1207,Alt ♭♭3♭♭5♭♭6,R3,L6,1147,1147,1211,1143,true,PASS
square:R3:L6:1335,1335,Elephant Scale,R3,L6,1211,1211,1339,1207,true,PASS
square:R3:L6:1367,1367,Leading Whole-Tone Inverse,R3,L6,1243,1243,1371,1239,true,PASS
square:R3:L6:1383,1383,Locrian double-flat 3,R3,L6,1259,1259,1387,1255,true,PASS
square:R3:L6:1387,1387,Locrian,R3,L6,1267,1267,1395,1259,true,PASS
square:R3:L6:1389,1389,Half-Diminished,R3,L6,1269,1269,1397,1261,true,PASS
square:R3:L6:1591,1591,Alt ♮6♭♭3♭5,R3,L6,1339,1339,1595,1335,true,PASS
square:R3:L6:1623,1623,Alt ♮63,R3,L6,1371,1371,1627,1367,true,PASS
square:R3:L6:1639,1639,7-21 rooted state 1639,R3,L6,1387,1387,1643,1383,true,PASS
square:R3:L6:1643,1643,Locrian ♮6,R3,L6,1395,1395,1651,1387,true,PASS
square:R3:L6:1645,1645,Dorian ♭5,R3,L6,1397,1397,1653,1389,true,PASS
square:R3:L6:1687,1687,Midlocrian,R3,L6,1435,1435,1691,1431,true,PASS
square:R3:L6:1703,1703,Rāga Bhanumati,R3,L6,1451,1451,1707,1447,true,PASS
square:R3:L6:1707,1707,Dorian ♭2,R3,L6,1459,1459,1715,1451,true,PASS
square:R3:L6:1709,1709,Dorian,R3,L6,1461,1461,1717,1453,true,PASS
square:R3:L6:1735,1735,Navaneetam,R3,L6,1483,1483,1739,1479,true,PASS
square:R3:L6:1739,1739,Rāga Sthavarajam,R3,L6,1491,1491,1747,1483,true,PASS
square:R3:L6:1741,1741,Dorian ♯4,R3,L6,1493,1493,1749,1485,true,PASS
square:R3:L6:1747,1747,Lydian 7♭2,R3,L6,1507,1507,1763,1491,true,PASS
square:R3:L6:1749,1749,Acoustic,R3,L6,1509,1509,1765,1493,true,PASS
square:R3:L6:1753,1753,Hungarian Major,R3,L6,1513,1513,1769,1497,true,PASS
square:R3:L6:2231,2231,Arcadian,R3,L6,2171,2171,2235,2167,true,PASS
square:R3:L6:2359,2359,Unorthodox Minor,R3,L6,2235,2235,2363,2231,true,PASS
square:R3:L6:2391,2391,Phlegmatic,R3,L6,2267,2267,2395,2263,true,PASS
square:R3:L6:2407,2407,7-19 rooted state 2407,R3,L6,2283,2283,2411,2279,true,PASS
square:R3:L6:2411,2411,Locrian ♮7,R3,L6,2291,2291,2419,2283,true,PASS
square:R3:L6:2413,2413,Harmonic Minor ♭5,R3,L6,2293,2293,2421,2285,true,PASS
square:R3:L6:2615,2615,Alt ♮67♭♭35,R3,L6,2363,2363,2619,2359,true,PASS
square:R3:L6:2647,2647,Bohemian,R3,L6,2395,2395,2651,2391,true,PASS
square:R3:L6:2663,2663,7-Z18 rooted state 2663,R3,L6,2411,2411,2667,2407,true,PASS
square:R3:L6:2667,2667,Neapolitan Major ♭5,R3,L6,2419,2419,2675,2411,true,PASS
square:R3:L6:2669,2669,Jeths' Mode,R3,L6,2421,2421,2677,2413,true,PASS
square:R3:L6:2711,2711,Erratic,R3,L6,2459,2459,2715,2455,true,PASS
square:R3:L6:2727,2727,Rāga Manoranjani,R3,L6,2475,2475,2731,2471,true,PASS
square:R3:L6:2731,2731,Neapolitan Major,R3,L6,2483,2483,2739,2475,true,PASS
square:R3:L6:2733,2733,Melodic Minor,R3,L6,2485,2485,2741,2477,true,PASS
square:R3:L6:2759,2759,Lydian ♭2♭♭3,R3,L6,2507,2507,2763,2503,true,PASS
square:R3:L6:2763,2763,Rāga Sauviram,R3,L6,2515,2515,2771,2507,true,PASS
square:R3:L6:2765,2765,Lydian Diminished,R3,L6,2517,2517,2773,2509,true,PASS
square:R3:L6:2771,2771,Mela Gamanasrama,R3,L6,2531,2531,2787,2515,true,PASS
square:R3:L6:2773,2773,Lydian,R3,L6,2533,2533,2789,2517,true,PASS
square:R3:L6:2777,2777,Aeolian Harmonic,R3,L6,2537,2537,2793,2521,true,PASS
square:R3:L6:3127,3127,7-4 rooted state 3127,R3,L6,2619,2619,3131,2615,true,PASS
square:R3:L6:3159,3159,Alt ♮7♯6𝄫3,R3,L6,2651,2651,3163,2647,true,PASS
square:R3:L6:3175,3175,Locrian 3♯6♮7,R3,L6,2667,2667,3179,2663,true,PASS
square:R3:L6:3179,3179,Locrian ♮7♯6,R3,L6,2675,2675,3187,2667,true,PASS
square:R3:L6:3181,3181,Melodic ♭5♯6,R3,L6,2677,2677,3189,2669,true,PASS
square:R3:L6:3223,3223,Alt ♮57♯63,R3,L6,2715,2715,3227,2711,true,PASS
square:R3:L6:3239,3239,Rāga Tanukirti,R3,L6,2731,2731,3243,2727,true,PASS
square:R3:L6:3243,3243,Mela Rupavati,R3,L6,2739,2739,3251,2731,true,PASS
square:R3:L6:3245,3245,Rāga Daulati,R3,L6,2741,2741,3253,2733,true,PASS
square:R3:L6:3271,3271,Mela Raghupriya,R3,L6,2763,2763,3275,2759,true,PASS
square:R3:L6:3275,3275,7-Z18 rooted state 3275,R3,L6,2771,2771,3283,2763,true,PASS
square:R3:L6:3277,3277,7-21 rooted state 3277,R3,L6,2773,2773,3285,2765,true,PASS
square:R3:L6:3283,3283,7-19 rooted state 3283,R3,L6,2787,2787,3299,2771,true,PASS
square:R3:L6:3285,3285,Mela Citrambari,R3,L6,2789,2789,3301,2773,true,PASS
square:R3:L6:3289,3289,Rasikapriya,R3,L6,2793,2793,3305,2777,true,PASS
square:R3:L6:3351,3351,Crater Scale,R3,L6,2843,2843,3355,2839,true,PASS
square:R3:L6:3367,3367,Neapolitan Major 3♯5♯6,R3,L6,2859,2859,3371,2855,true,PASS
square:R3:L6:3371,3371,Neapolitan Maj ♯5♯6,R3,L6,2867,2867,3379,2859,true,PASS
square:R3:L6:3373,3373,Melodic +♯6,R3,L6,2869,2869,3381,2861,true,PASS
square:R3:L6:3399,3399,Phrygian +𝄫3,R3,L6,2891,2891,3403,2887,true,PASS
square:R3:L6:3403,3403,Enigmatic Minor,R3,L6,2899,2899,3411,2891,true,PASS
square:R3:L6:3405,3405,Phrygian +♮2,R3,L6,2901,2901,3413,2893,true,PASS
square:R3:L6:3411,3411,Enigmatic,R3,L6,2915,2915,3427,2899,true,PASS
square:R3:L6:3413,3413,Leading Whole-Tone,R3,L6,2917,2917,3429,2901,true,PASS
square:R3:L6:3417,3417,Lydian +♯26,R3,L6,2921,2921,3433,2905,true,PASS
square:R3:L6:3463,3463,7-4 rooted state 3463,R3,L6,2955,2955,3467,2951,true,PASS
square:R3:L6:3467,3467,Phrygian +𝄪4,R3,L6,2963,2963,3475,2955,true,PASS
square:R3:L6:3469,3469,Melodic +♯6𝄪4,R3,L6,2965,2965,3477,2957,true,PASS
square:R3:L6:3475,3475,Enigmatic 𝄪4,R3,L6,2979,2979,3491,2963,true,PASS
square:R3:L6:3477,3477,Ionian +♯64,R3,L6,2981,2981,3493,2965,true,PASS
square:R3:L6:3481,3481,Scale 3481,R3,L6,2985,2985,3497,2969,true,PASS
square:R3:L6:3491,3491,Superlydian Augmented ♭2𝄪4,R3,L6,3011,3011,3523,2979,true,PASS
square:R3:L6:3493,3493,Ionian +♯3♯6𝄪4,R3,L6,3013,3013,3525,2981,true,PASS
square:R3:L6:3497,3497,Superlydian Augmented 𝄪4,R3,L6,3017,3017,3529,2985,true,PASS
square:R3:L6:3505,3505,Superlydian Augmented 24,R3,L6,3025,3025,3537,2993,true,PASS
square:R3:R7:247,247,Scale 247,R3,R7,379,379,251,375,true,PASS
square:R3:R7:375,375,Scale 375,R3,R7,635,635,379,631,true,PASS
square:R3:R7:439,439,Infra-Alt 7♭4,R3,R7,699,699,443,695,true,PASS
square:R3:R7:471,471,Alt 3·6·♭7,R3,R7,731,731,475,727,true,PASS
square:R3:R7:487,487,Scale 487,R3,R7,747,747,491,743,true,PASS
square:R3:R7:491,491,Locrian ♭♭6♭♭♭7,R3,R7,755,755,499,747,true,PASS
square:R3:R7:493,493,Locrian ♮2♭♭6♭♭♭7,R3,R7,757,757,501,749,true,PASS
square:R3:R7:631,631,Infra-Alt 6♭4,R3,R7,1147,1147,635,1143,true,PASS
square:R3:R7:695,695,Phrygian Double-Flat,R3,R7,1211,1211,699,1207,true,PASS
square:R3:R7:727,727,Triadic Heptatonic 29,R3,R7,1243,1243,731,1239,true,PASS
square:R3:R7:743,743,Phrygian Hungarian Minor,R3,R7,1259,1259,747,1255,true,PASS
square:R3:R7:747,747,1sus4 & ♭3∅7,R3,R7,1267,1267,755,1259,true,PASS
square:R3:R7:749,749,Locrian ♮2♭♭6♭♭7,R3,R7,1269,1269,757,1261,true,PASS
square:R3:R7:823,823,Scale 823,R3,R7,1339,1339,827,1335,true,PASS
square:R3:R7:855,855,Ultralocrian 𝄫3,R3,R7,1371,1371,859,1367,true,PASS
square:R3:R7:871,871,Locrian 𝄫3𝄫7,R3,R7,1387,1387,875,1383,true,PASS
square:R3:R7:875,875,Locrian double-flat 7,R3,R7,1395,1395,883,1387,true,PASS
square:R3:R7:877,877,Hungarian Major Inverse,R3,R7,1397,1397,885,1389,true,PASS
square:R3:R7:919,919,Chromatic Phrygian Inverse,R3,R7,1435,1435,923,1431,true,PASS
square:R3:R7:935,935,Kanakangi,R3,R7,1451,1451,939,1447,true,PASS
square:R3:R7:939,939,Rāga Malini,R3,R7,1459,1459,947,1451,true,PASS
square:R3:R7:941,941,Rāga Jhankara Bhramavi,R3,R7,1461,1461,949,1453,true,PASS
square:R3:R7:967,967,Scale 967,R3,R7,1483,1483,971,1479,true,PASS
square:R3:R7:971,971,Scale 971,R3,R7,1491,1491,979,1483,true,PASS
square:R3:R7:973,973,7-19 rooted state 973,R3,R7,1493,1493,981,1485,true,PASS
square:R3:R7:979,979,Scale 979,R3,R7,1507,1507,995,1491,true,PASS
square:R3:R7:981,981,Mela Kantamani,R3,R7,1509,1509,997,1493,true,PASS
square:R3:R7:985,985,Scale 985,R3,R7,1513,1513,1001,1497,true,PASS
square:R3:R7:1143,1143,Scale 1143,R3,R7,2171,2171,1147,2167,true,PASS
square:R3:R7:1207,1207,Alt ♭♭3♭♭5♭♭6,R3,R7,2235,2235,1211,2231,true,PASS
square:R3:R7:1239,1239,Alt 𝄫3𝄫6,R3,R7,2267,2267,1243,2263,true,PASS
square:R3:R7:1255,1255,Chromatic Mixolydian,R3,R7,2283,2283,1259,2279,true,PASS
square:R3:R7:1259,1259,Blues Phrygian,R3,R7,2291,2291,1267,2283,true,PASS
square:R3:R7:1261,1261,Modified Blues,R3,R7,2293,2293,1269,2285,true,PASS
square:R3:R7:1335,1335,Elephant Scale,R3,R7,2363,2363,1339,2359,true,PASS
square:R3:R7:1367,1367,Leading Whole-Tone Inverse,R3,R7,2395,2395,1371,2391,true,PASS
square:R3:R7:1383,1383,Locrian double-flat 3,R3,R7,2411,2411,1387,2407,true,PASS
square:R3:R7:1387,1387,Locrian,R3,R7,2419,2419,1395,2411,true,PASS
square:R3:R7:1389,1389,Half-Diminished,R3,R7,2421,2421,1397,2413,true,PASS
square:R3:R7:1431,1431,Astrocyte,R3,R7,2459,2459,1435,2455,true,PASS
square:R3:R7:1447,1447,Rāga Phenadyuti,R3,R7,2475,2475,1451,2471,true,PASS
square:R3:R7:1451,1451,Phrygian,R3,R7,2483,2483,1459,2475,true,PASS
square:R3:R7:1453,1453,Aeolian,R3,R7,2485,2485,1461,2477,true,PASS
square:R3:R7:1479,1479,Mela Jalarnava,R3,R7,2507,2507,1483,2503,true,PASS
square:R3:R7:1483,1483,Mela Bhavapriya,R3,R7,2515,2515,1491,2507,true,PASS
square:R3:R7:1485,1485,Mela Sanmukhapriya,R3,R7,2517,2517,1493,2509,true,PASS
square:R3:R7:1491,1491,Namanarayani,R3,R7,2531,2531,1507,2515,true,PASS
square:R3:R7:1493,1493,Lydian Minor,R3,R7,2533,2533,1509,2517,true,PASS
square:R3:R7:1497,1497,Jyoti Swarupini,R3,R7,2537,2537,1513,2521,true,PASS
square:R3:R7:1591,1591,Alt ♮6♭♭3♭5,R3,R7,2619,2619,1595,2615,true,PASS
square:R3:R7:1623,1623,Alt ♮63,R3,R7,2651,2651,1627,2647,true,PASS
square:R3:R7:1639,1639,7-21 rooted state 1639,R3,R7,2667,2667,1643,2663,true,PASS
square:R3:R7:1643,1643,Locrian ♮6,R3,R7,2675,2675,1651,2667,true,PASS
square:R3:R7:1645,1645,Dorian ♭5,R3,R7,2677,2677,1653,2669,true,PASS
square:R3:R7:1687,1687,Midlocrian,R3,R7,2715,2715,1691,2711,true,PASS
square:R3:R7:1703,1703,Rāga Bhanumati,R3,R7,2731,2731,1707,2727,true,PASS
square:R3:R7:1707,1707,Dorian ♭2,R3,R7,2739,2739,1715,2731,true,PASS
square:R3:R7:1709,1709,Dorian,R3,R7,2741,2741,1717,2733,true,PASS
square:R3:R7:1735,1735,Navaneetam,R3,R7,2763,2763,1739,2759,true,PASS
square:R3:R7:1739,1739,Rāga Sthavarajam,R3,R7,2771,2771,1747,2763,true,PASS
square:R3:R7:1741,1741,Dorian ♯4,R3,R7,2773,2773,1749,2765,true,PASS
square:R3:R7:1747,1747,Lydian 7♭2,R3,R7,2787,2787,1763,2771,true,PASS
square:R3:R7:1749,1749,Acoustic,R3,R7,2789,2789,1765,2773,true,PASS
square:R3:R7:1753,1753,Hungarian Major,R3,R7,2793,2793,1769,2777,true,PASS
square:R3:R7:1815,1815,Scale 1815,R3,R7,2843,2843,1819,2839,true,PASS
square:R3:R7:1831,1831,Dominant +♭2𝄫3,R3,R7,2859,2859,1835,2855,true,PASS
square:R3:R7:1835,1835,Dorian +♭2,R3,R7,2867,2867,1843,2859,true,PASS
square:R3:R7:1837,1837,Dorian Augmented,R3,R7,2869,2869,1845,2861,true,PASS
square:R3:R7:1863,1863,Scale 1863,R3,R7,2891,2891,1867,2887,true,PASS
square:R3:R7:1867,1867,Lydian 7+♭23,R3,R7,2899,2899,1875,2891,true,PASS
square:R3:R7:1869,1869,Lydian 7+♭3,R3,R7,2901,2901,1877,2893,true,PASS
square:R3:R7:1875,1875,Persichetti,R3,R7,2915,2915,1891,2899,true,PASS
square:R3:R7:1877,1877,Aeroptian,R3,R7,2917,2917,1893,2901,true,PASS
square:R3:R7:1881,1881,Lydian 7+♯2,R3,R7,2921,2921,1897,2905,true,PASS
square:R3:R7:1927,1927,7-5 rooted state 1927,R3,R7,2955,2955,1931,2951,true,PASS
square:R3:R7:1931,1931,Dorian +♭2𝄪4,R3,R7,2963,2963,1939,2955,true,PASS
square:R3:R7:1933,1933,Dorian +𝄪4,R3,R7,2965,2965,1941,2957,true,PASS
square:R3:R7:1939,1939,Dominant +♭2𝄪4,R3,R7,2979,2979,1955,2963,true,PASS
square:R3:R7:1941,1941,Dominant +𝄪4,R3,R7,2981,2981,1957,2965,true,PASS
square:R3:R7:1945,1945,7-Z18 rooted state 1945,R3,R7,2985,2985,1961,2969,true,PASS
square:R3:R7:1955,1955,Dominant +♭2♯3𝄪4,R3,R7,3011,3011,1987,2979,true,PASS
square:R3:R7:1957,1957,Dominant +♯3𝄪4,R3,R7,3013,3013,1989,2981,true,PASS
square:R3:R7:1961,1961,Dominant +♯2♯3𝄪4,R3,R7,3017,3017,1993,2985,true,PASS
square:R3:R7:1969,1969,Dominant +♯3𝄪2♭4,R3,R7,3025,3025,2001,2993,true,PASS
square:R3:L7:375,375,Scale 375,R3,L7,251,251,379,247,true,PASS
square:R3:L7:631,631,Infra-Alt 6♭4,R3,L7,379,379,635,375,true,PASS
square:R3:L7:695,695,Phrygian Double-Flat,R3,L7,443,443,699,439,true,PASS
square:R3:L7:727,727,Triadic Heptatonic 29,R3,L7,475,475,731,471,true,PASS
square:R3:L7:743,743,Phrygian Hungarian Minor,R3,L7,491,491,747,487,true,PASS
square:R3:L7:747,747,1sus4 & ♭3∅7,R3,L7,499,499,755,491,true,PASS
square:R3:L7:749,749,Locrian ♮2♭♭6♭♭7,R3,L7,501,501,757,493,true,PASS
square:R3:L7:1143,1143,Scale 1143,R3,L7,635,635,1147,631,true,PASS
square:R3:L7:1207,1207,Alt ♭♭3♭♭5♭♭6,R3,L7,699,699,1211,695,true,PASS
square:R3:L7:1239,1239,Alt 𝄫3𝄫6,R3,L7,731,731,1243,727,true,PASS
square:R3:L7:1255,1255,Chromatic Mixolydian,R3,L7,747,747,1259,743,true,PASS
square:R3:L7:1259,1259,Blues Phrygian,R3,L7,755,755,1267,747,true,PASS
square:R3:L7:1261,1261,Modified Blues,R3,L7,757,757,1269,749,true,PASS
square:R3:L7:1335,1335,Elephant Scale,R3,L7,827,827,1339,823,true,PASS
square:R3:L7:1367,1367,Leading Whole-Tone Inverse,R3,L7,859,859,1371,855,true,PASS
square:R3:L7:1383,1383,Locrian double-flat 3,R3,L7,875,875,1387,871,true,PASS
square:R3:L7:1387,1387,Locrian,R3,L7,883,883,1395,875,true,PASS
square:R3:L7:1389,1389,Half-Diminished,R3,L7,885,885,1397,877,true,PASS
square:R3:L7:1431,1431,Astrocyte,R3,L7,923,923,1435,919,true,PASS
square:R3:L7:1447,1447,Rāga Phenadyuti,R3,L7,939,939,1451,935,true,PASS
square:R3:L7:1451,1451,Phrygian,R3,L7,947,947,1459,939,true,PASS
square:R3:L7:1453,1453,Aeolian,R3,L7,949,949,1461,941,true,PASS
square:R3:L7:1479,1479,Mela Jalarnava,R3,L7,971,971,1483,967,true,PASS
square:R3:L7:1483,1483,Mela Bhavapriya,R3,L7,979,979,1491,971,true,PASS
square:R3:L7:1485,1485,Mela Sanmukhapriya,R3,L7,981,981,1493,973,true,PASS
square:R3:L7:1491,1491,Namanarayani,R3,L7,995,995,1507,979,true,PASS
square:R3:L7:1493,1493,Lydian Minor,R3,L7,997,997,1509,981,true,PASS
square:R3:L7:1497,1497,Jyoti Swarupini,R3,L7,1001,1001,1513,985,true,PASS
square:R3:L7:2167,2167,7-5 rooted state 2167,R3,L7,1147,1147,2171,1143,true,PASS
square:R3:L7:2231,2231,Arcadian,R3,L7,1211,1211,2235,1207,true,PASS
square:R3:L7:2263,2263,Phlegmatic Minor,R3,L7,1243,1243,2267,1239,true,PASS
square:R3:L7:2279,2279,Scale 2279,R3,L7,1259,1259,2283,1255,true,PASS
square:R3:L7:2283,2283,Pacific Minor,R3,L7,1267,1267,2291,1259,true,PASS
square:R3:L7:2285,2285,Supine,R3,L7,1269,1269,2293,1261,true,PASS
square:R3:L7:2359,2359,Unorthodox Minor,R3,L7,1339,1339,2363,1335,true,PASS
square:R3:L7:2391,2391,Phlegmatic,R3,L7,1371,1371,2395,1367,true,PASS
square:R3:L7:2407,2407,7-19 rooted state 2407,R3,L7,1387,1387,2411,1383,true,PASS
square:R3:L7:2411,2411,Locrian ♮7,R3,L7,1395,1395,2419,1387,true,PASS
square:R3:L7:2413,2413,Harmonic Minor ♭5,R3,L7,1397,1397,2421,1389,true,PASS
square:R3:L7:2455,2455,7-Z18 rooted state 2455,R3,L7,1435,1435,2459,1431,true,PASS
square:R3:L7:2471,2471,7-19 rooted state 2471,R3,L7,1451,1451,2475,1447,true,PASS
square:R3:L7:2475,2475,Neapolitan Minor,R3,L7,1459,1459,2483,1451,true,PASS
square:R3:L7:2477,2477,Harmonic Minor,R3,L7,1461,1461,2485,1453,true,PASS
square:R3:L7:2503,2503,Scale 2503,R3,L7,1483,1483,2507,1479,true,PASS
square:R3:L7:2507,2507,Chromatic Lydian Inverse,R3,L7,1491,1491,2515,1483,true,PASS
square:R3:L7:2509,2509,Double Harmonic Minor,R3,L7,1493,1493,2517,1485,true,PASS
square:R3:L7:2515,2515,Chromatic Hypolydian,R3,L7,1507,1507,2531,1491,true,PASS
square:R3:L7:2517,2517,Lydian Harmonic Major,R3,L7,1509,1509,2533,1493,true,PASS
square:R3:L7:2521,2521,Scale 2521,R3,L7,1513,1513,2537,1497,true,PASS
square:R3:L7:2615,2615,Alt ♮67♭♭35,R3,L7,1595,1595,2619,1591,true,PASS
square:R3:L7:2647,2647,Bohemian,R3,L7,1627,1627,2651,1623,true,PASS
square:R3:L7:2663,2663,7-Z18 rooted state 2663,R3,L7,1643,1643,2667,1639,true,PASS
square:R3:L7:2667,2667,Neapolitan Major ♭5,R3,L7,1651,1651,2675,1643,true,PASS
square:R3:L7:2669,2669,Jeths' Mode,R3,L7,1653,1653,2677,1645,true,PASS
square:R3:L7:2711,2711,Erratic,R3,L7,1691,1691,2715,1687,true,PASS
square:R3:L7:2727,2727,Rāga Manoranjani,R3,L7,1707,1707,2731,1703,true,PASS
square:R3:L7:2731,2731,Neapolitan Major,R3,L7,1715,1715,2739,1707,true,PASS
square:R3:L7:2733,2733,Melodic Minor,R3,L7,1717,1717,2741,1709,true,PASS
square:R3:L7:2759,2759,Lydian ♭2♭♭3,R3,L7,1739,1739,2763,1735,true,PASS
square:R3:L7:2763,2763,Rāga Sauviram,R3,L7,1747,1747,2771,1739,true,PASS
square:R3:L7:2765,2765,Lydian Diminished,R3,L7,1749,1749,2773,1741,true,PASS
square:R3:L7:2771,2771,Mela Gamanasrama,R3,L7,1763,1763,2787,1747,true,PASS
square:R3:L7:2773,2773,Lydian,R3,L7,1765,1765,2789,1749,true,PASS
square:R3:L7:2777,2777,Aeolian Harmonic,R3,L7,1769,1769,2793,1753,true,PASS
square:R3:L7:2839,2839,Kaikian Mode V,R3,L7,1819,1819,2843,1815,true,PASS
square:R3:L7:2855,2855,Ionian +♭2𝄫3,R3,L7,1835,1835,2859,1831,true,PASS
square:R3:L7:2859,2859,Neapolitan Major ♯5,R3,L7,1843,1843,2867,1835,true,PASS
square:R3:L7:2861,2861,Melodic +,R3,L7,1845,1845,2869,1837,true,PASS
square:R3:L7:2887,2887,Zephyrean Mode VI,R3,L7,1867,1867,2891,1863,true,PASS
square:R3:L7:2891,2891,7-25 rooted state 2891,R3,L7,1875,1875,2899,1867,true,PASS
square:R3:L7:2893,2893,Lydian Augmented ♭3,R3,L7,1877,1877,2901,1869,true,PASS
square:R3:L7:2899,2899,Lydian Augmented ♭2,R3,L7,1891,1891,2915,1875,true,PASS
square:R3:L7:2901,2901,Lydian Augmented,R3,L7,1893,1893,2917,1877,true,PASS
square:R3:L7:2905,2905,Aeolian Flat,R3,L7,1897,1897,2921,1881,true,PASS
square:R3:L7:2951,2951,7-5 rooted state 2951,R3,L7,1931,1931,2955,1927,true,PASS
square:R3:L7:2955,2955,Neapolitan Maj 𝄪4♯5,R3,L7,1939,1939,2963,1931,true,PASS
square:R3:L7:2957,2957,Melodic +4,R3,L7,1941,1941,2965,1933,true,PASS
square:R3:L7:2963,2963,Ionian +♭2𝄪4,R3,L7,1955,1955,2979,1939,true,PASS
square:R3:L7:2965,2965,Ionian +𝄪4,R3,L7,1957,1957,2981,1941,true,PASS
square:R3:L7:2969,2969,Scale 2969,R3,L7,1961,1961,2985,1945,true,PASS
square:R3:L7:2979,2979,Ionian +♭2♯3𝄪4,R3,L7,1987,1987,3011,1955,true,PASS
square:R3:L7:2981,2981,Noh,R3,L7,1989,1989,3013,1957,true,PASS
square:R3:L7:2985,2985,Ionian +♯23𝄪4,R3,L7,1993,1993,3017,1961,true,PASS
square:R3:L7:2993,2993,Ionian +♯324,R3,L7,2001,2001,3025,1969,true,PASS
square:L3:R4:475,475,Alt 6♭7,L3,R4,487,487,471,491,true,PASS
square:L3:R4:731,731,Alternating Heptamode,L3,R4,743,743,727,747,true,PASS
square:L3:R4:859,859,Ultralocrian,L3,R4,871,871,855,875,true,PASS
square:L3:R4:923,923,Alt ♮5𝄫7,L3,R4,935,935,919,939,true,PASS
square:L3:R4:939,939,Rāga Malini,L3,R4,967,967,935,971,true,PASS
square:L3:R4:947,947,Scale 947,L3,R4,971,971,939,979,true,PASS
square:L3:R4:949,949,Mararanjani,L3,R4,973,973,941,981,true,PASS
square:L3:R4:1243,1243,Alt 6,L3,R4,1255,1255,1239,1259,true,PASS
square:L3:R4:1371,1371,Superlocrian,L3,R4,1383,1383,1367,1387,true,PASS
square:L3:R4:1435,1435,Maqam Saba Zamzam,L3,R4,1447,1447,1431,1451,true,PASS
square:L3:R4:1451,1451,Phrygian,L3,R4,1479,1479,1447,1483,true,PASS
square:L3:R4:1459,1459,Phrygian Dominant,L3,R4,1483,1483,1451,1491,true,PASS
square:L3:R4:1461,1461,Mixolydian ♭6,L3,R4,1485,1485,1453,1493,true,PASS
square:L3:R4:1627,1627,Superlocrian ♯6,L3,R4,1639,1639,1623,1643,true,PASS
square:L3:R4:1691,1691,Dorian ♭2♭4,L3,R4,1703,1703,1687,1707,true,PASS
square:L3:R4:1707,1707,Dorian ♭2,L3,R4,1735,1735,1703,1739,true,PASS
square:L3:R4:1715,1715,Dominant ♭2,L3,R4,1739,1739,1707,1747,true,PASS
square:L3:R4:1717,1717,Mixolydian,L3,R4,1741,1741,1709,1749,true,PASS
square:L3:R4:1819,1819,Alt ♮6♯5,L3,R4,1831,1831,1815,1835,true,PASS
square:L3:R4:1835,1835,Dorian +♭2,L3,R4,1863,1863,1831,1867,true,PASS
square:L3:R4:1843,1843,7-21 rooted state 1843,L3,R4,1867,1867,1835,1875,true,PASS
square:L3:R4:1845,1845,Mixolydian Augmented,L3,R4,1869,1869,1837,1877,true,PASS
square:L3:R4:1867,1867,Lydian 7+♭23,L3,R4,1927,1927,1863,1931,true,PASS
square:L3:R4:1875,1875,Persichetti,L3,R4,1931,1931,1867,1939,true,PASS
square:L3:R4:1877,1877,Aeroptian,L3,R4,1933,1933,1869,1941,true,PASS
square:L3:R4:1891,1891,Hijaz Major,L3,R4,1939,1939,1875,1955,true,PASS
square:L3:R4:1893,1893,Lydian 7+♯3,L3,R4,1941,1941,1877,1957,true,PASS
square:L3:R4:1897,1897,Lydian 7+♯23,L3,R4,1945,1945,1881,1961,true,PASS
square:L3:R4:2267,2267,Scale 2267,L3,R4,2279,2279,2263,2283,true,PASS
square:L3:R4:2395,2395,Alt ♮7,L3,R4,2407,2407,2391,2411,true,PASS
square:L3:R4:2459,2459,7-21 rooted state 2459,L3,R4,2471,2471,2455,2475,true,PASS
square:L3:R4:2475,2475,Neapolitan Minor,L3,R4,2503,2503,2471,2507,true,PASS
square:L3:R4:2483,2483,Double Harmonic,L3,R4,2507,2507,2475,2515,true,PASS
square:L3:R4:2485,2485,Harmonic Major,L3,R4,2509,2509,2477,2517,true,PASS
square:L3:R4:2651,2651,7-25 rooted state 2651,L3,R4,2663,2663,2647,2667,true,PASS
square:L3:R4:2715,2715,Neapolitan Major ♭4,L3,R4,2727,2727,2711,2731,true,PASS
square:L3:R4:2731,2731,Neapolitan Major,L3,R4,2759,2759,2727,2763,true,PASS
square:L3:R4:2739,2739,Rāga Supradhipam,L3,R4,2763,2763,2731,2771,true,PASS
square:L3:R4:2741,2741,Ionian,L3,R4,2765,2765,2733,2773,true,PASS
square:L3:R4:2843,2843,Neapolitan Major ♭4♯5,L3,R4,2855,2855,2839,2859,true,PASS
square:L3:R4:2859,2859,Neapolitan Major ♯5,L3,R4,2887,2887,2855,2891,true,PASS
square:L3:R4:2867,2867,7-21 rooted state 2867,L3,R4,2891,2891,2859,2899,true,PASS
square:L3:R4:2869,2869,Major Augmented,L3,R4,2893,2893,2861,2901,true,PASS
square:L3:R4:2891,2891,7-25 rooted state 2891,L3,R4,2951,2951,2887,2955,true,PASS
square:L3:R4:2899,2899,Lydian Augmented ♭2,L3,R4,2955,2955,2891,2963,true,PASS
square:L3:R4:2901,2901,Lydian Augmented,L3,R4,2957,2957,2893,2965,true,PASS
square:L3:R4:2915,2915,Scale 2915,L3,R4,2963,2963,2899,2979,true,PASS
square:L3:R4:2917,2917,Lydian Augmented ♯3,L3,R4,2965,2965,2901,2981,true,PASS
square:L3:R4:2921,2921,Lydian Augmented ♯2♯3,L3,R4,2969,2969,2905,2985,true,PASS
square:L3:R4:3163,3163,Alt ♮7♯6,L3,R4,3175,3175,3159,3179,true,PASS
square:L3:R4:3227,3227,Neapolitan Major ♭4♯6,L3,R4,3239,3239,3223,3243,true,PASS
square:L3:R4:3243,3243,Mela Rupavati,L3,R4,3271,3271,3239,3275,true,PASS
square:L3:R4:3251,3251,7-19 rooted state 3251,L3,R4,3275,3275,3243,3283,true,PASS
square:L3:R4:3253,3253,Mela Naganandini,L3,R4,3277,3277,3245,3285,true,PASS
square:L3:R4:3355,3355,Phrygian +♭4,L3,R4,3367,3367,3351,3371,true,PASS
square:L3:R4:3371,3371,Neapolitan Maj ♯5♯6,L3,R4,3399,3399,3367,3403,true,PASS
square:L3:R4:3379,3379,7-Z18 rooted state 3379,L3,R4,3403,3403,3371,3411,true,PASS
square:L3:R4:3381,3381,Ionian +♯6,L3,R4,3405,3405,3373,3413,true,PASS
square:L3:R4:3403,3403,Enigmatic Minor,L3,R4,3463,3463,3399,3467,true,PASS
square:L3:R4:3411,3411,Enigmatic,L3,R4,3467,3467,3403,3475,true,PASS
square:L3:R4:3413,3413,Leading Whole-Tone,L3,R4,3469,3469,3405,3477,true,PASS
square:L3:R4:3427,3427,Phrygian +♯3,L3,R4,3475,3475,3411,3491,true,PASS
square:L3:R4:3429,3429,Lydian +♯36,L3,R4,3477,3477,3413,3493,true,PASS
square:L3:R4:3433,3433,Superlydian Augmented,L3,R4,3481,3481,3417,3497,true,PASS
square:L3:R4:3611,3611,7-4 rooted state 3611,L3,R4,3623,3623,3607,3627,true,PASS
square:L3:R4:3627,3627,Neapolitan Maj 5♯6,L3,R4,3655,3655,3623,3659,true,PASS
square:L3:R4:3635,3635,Ionian ♭25♯6,L3,R4,3659,3659,3627,3667,true,PASS
square:L3:R4:3637,3637,Rāga Rageshri,L3,R4,3661,3661,3629,3669,true,PASS
square:L3:R4:3659,3659,Phrygian +5,L3,R4,3719,3719,3655,3723,true,PASS
square:L3:R4:3667,3667,Lydian ♭25♯6,L3,R4,3723,3723,3659,3731,true,PASS
square:L3:R4:3669,3669,Ionian ♯4𝄪5♯6,L3,R4,3725,3725,3661,3733,true,PASS
square:L3:R4:3683,3683,Phrygian +♯35,L3,R4,3731,3731,3667,3747,true,PASS
square:L3:R4:3685,3685,7-Z18 rooted state 3685,L3,R4,3733,3733,3669,3749,true,PASS
square:L3:R4:3689,3689,Scale 3689,L3,R4,3737,3737,3673,3753,true,PASS
square:L3:R4:3723,3723,Phrygian +45,L3,R4,3847,3847,3719,3851,true,PASS
square:L3:R4:3731,3731,Aeryrian,L3,R4,3851,3851,3723,3859,true,PASS
square:L3:R4:3733,3733,Ionian 𝄪4𝄪5♯6,L3,R4,3853,3853,3725,3861,true,PASS
square:L3:R4:3747,3747,Superlydian Augmented ♭2𝄪4𝄪5,L3,R4,3859,3859,3731,3875,true,PASS
square:L3:R4:3749,3749,Rāga Sorati,L3,R4,3861,3861,3733,3877,true,PASS
square:L3:R4:3753,3753,Superaugmented ♯3𝄪4𝄪5,L3,R4,3865,3865,3737,3881,true,PASS
square:L3:R4:3779,3779,7-4 rooted state 3779,L3,R4,3875,3875,3747,3907,true,PASS
square:L3:R4:3781,3781,Kaikian Mode VII,L3,R4,3877,3877,3749,3909,true,PASS
square:L3:R4:3785,3785,Scale 3785,L3,R4,3881,3881,3753,3913,true,PASS
square:L3:R4:3793,3793,Superlydian Augmented 𝄪2𝄪3𝄪4𝄪5,L3,R4,3889,3889,3761,3921,true,PASS
square:L3:L4:491,491,Locrian ♭♭6♭♭♭7,L3,L4,471,471,487,475,true,PASS
square:L3:L4:747,747,1sus4 & ♭3∅7,L3,L4,727,727,743,731,true,PASS
square:L3:L4:875,875,Locrian double-flat 7,L3,L4,855,855,871,859,true,PASS
square:L3:L4:939,939,Rāga Malini,L3,L4,919,919,935,923,true,PASS
square:L3:L4:971,971,Scale 971,L3,L4,935,935,967,939,true,PASS
square:L3:L4:979,979,Scale 979,L3,L4,939,939,971,947,true,PASS
square:L3:L4:981,981,Mela Kantamani,L3,L4,941,941,973,949,true,PASS
square:L3:L4:1259,1259,Blues Phrygian,L3,L4,1239,1239,1255,1243,true,PASS
square:L3:L4:1387,1387,Locrian,L3,L4,1367,1367,1383,1371,true,PASS
square:L3:L4:1451,1451,Phrygian,L3,L4,1431,1431,1447,1435,true,PASS
square:L3:L4:1483,1483,Mela Bhavapriya,L3,L4,1447,1447,1479,1451,true,PASS
square:L3:L4:1491,1491,Namanarayani,L3,L4,1451,1451,1483,1459,true,PASS
square:L3:L4:1493,1493,Lydian Minor,L3,L4,1453,1453,1485,1461,true,PASS
square:L3:L4:1643,1643,Locrian ♮6,L3,L4,1623,1623,1639,1627,true,PASS
square:L3:L4:1707,1707,Dorian ♭2,L3,L4,1687,1687,1703,1691,true,PASS
square:L3:L4:1739,1739,Rāga Sthavarajam,L3,L4,1703,1703,1735,1707,true,PASS
square:L3:L4:1747,1747,Lydian 7♭2,L3,L4,1707,1707,1739,1715,true,PASS
square:L3:L4:1749,1749,Acoustic,L3,L4,1709,1709,1741,1717,true,PASS
square:L3:L4:1835,1835,Dorian +♭2,L3,L4,1815,1815,1831,1819,true,PASS
square:L3:L4:1867,1867,Lydian 7+♭23,L3,L4,1831,1831,1863,1835,true,PASS
square:L3:L4:1875,1875,Persichetti,L3,L4,1835,1835,1867,1843,true,PASS
square:L3:L4:1877,1877,Aeroptian,L3,L4,1837,1837,1869,1845,true,PASS
square:L3:L4:1931,1931,Dorian +♭2𝄪4,L3,L4,1863,1863,1927,1867,true,PASS
square:L3:L4:1939,1939,Dominant +♭2𝄪4,L3,L4,1867,1867,1931,1875,true,PASS
square:L3:L4:1941,1941,Dominant +𝄪4,L3,L4,1869,1869,1933,1877,true,PASS
square:L3:L4:1955,1955,Dominant +♭2♯3𝄪4,L3,L4,1875,1875,1939,1891,true,PASS
square:L3:L4:1957,1957,Dominant +♯3𝄪4,L3,L4,1877,1877,1941,1893,true,PASS
square:L3:L4:1961,1961,Dominant +♯2♯3𝄪4,L3,L4,1881,1881,1945,1897,true,PASS
square:L3:L4:2283,2283,Pacific Minor,L3,L4,2263,2263,2279,2267,true,PASS
square:L3:L4:2411,2411,Locrian ♮7,L3,L4,2391,2391,2407,2395,true,PASS
square:L3:L4:2475,2475,Neapolitan Minor,L3,L4,2455,2455,2471,2459,true,PASS
square:L3:L4:2507,2507,Chromatic Lydian Inverse,L3,L4,2471,2471,2503,2475,true,PASS
square:L3:L4:2515,2515,Chromatic Hypolydian,L3,L4,2475,2475,2507,2483,true,PASS
square:L3:L4:2517,2517,Lydian Harmonic Major,L3,L4,2477,2477,2509,2485,true,PASS
square:L3:L4:2667,2667,Neapolitan Major ♭5,L3,L4,2647,2647,2663,2651,true,PASS
square:L3:L4:2731,2731,Neapolitan Major,L3,L4,2711,2711,2727,2715,true,PASS
square:L3:L4:2763,2763,Rāga Sauviram,L3,L4,2727,2727,2759,2731,true,PASS
square:L3:L4:2771,2771,Mela Gamanasrama,L3,L4,2731,2731,2763,2739,true,PASS
square:L3:L4:2773,2773,Lydian,L3,L4,2733,2733,2765,2741,true,PASS
square:L3:L4:2859,2859,Neapolitan Major ♯5,L3,L4,2839,2839,2855,2843,true,PASS
square:L3:L4:2891,2891,7-25 rooted state 2891,L3,L4,2855,2855,2887,2859,true,PASS
square:L3:L4:2899,2899,Lydian Augmented ♭2,L3,L4,2859,2859,2891,2867,true,PASS
square:L3:L4:2901,2901,Lydian Augmented,L3,L4,2861,2861,2893,2869,true,PASS
square:L3:L4:2955,2955,Neapolitan Maj 𝄪4♯5,L3,L4,2887,2887,2951,2891,true,PASS
square:L3:L4:2963,2963,Ionian +♭2𝄪4,L3,L4,2891,2891,2955,2899,true,PASS
square:L3:L4:2965,2965,Ionian +𝄪4,L3,L4,2893,2893,2957,2901,true,PASS
square:L3:L4:2979,2979,Ionian +♭2♯3𝄪4,L3,L4,2899,2899,2963,2915,true,PASS
square:L3:L4:2981,2981,Noh,L3,L4,2901,2901,2965,2917,true,PASS
square:L3:L4:2985,2985,Ionian +♯23𝄪4,L3,L4,2905,2905,2969,2921,true,PASS
square:L3:L4:3179,3179,Locrian ♮7♯6,L3,L4,3159,3159,3175,3163,true,PASS
square:L3:L4:3243,3243,Mela Rupavati,L3,L4,3223,3223,3239,3227,true,PASS
square:L3:L4:3275,3275,7-Z18 rooted state 3275,L3,L4,3239,3239,3271,3243,true,PASS
square:L3:L4:3283,3283,7-19 rooted state 3283,L3,L4,3243,3243,3275,3251,true,PASS
square:L3:L4:3285,3285,Mela Citrambari,L3,L4,3245,3245,3277,3253,true,PASS
square:L3:L4:3371,3371,Neapolitan Maj ♯5♯6,L3,L4,3351,3351,3367,3355,true,PASS
square:L3:L4:3403,3403,Enigmatic Minor,L3,L4,3367,3367,3399,3371,true,PASS
square:L3:L4:3411,3411,Enigmatic,L3,L4,3371,3371,3403,3379,true,PASS
square:L3:L4:3413,3413,Leading Whole-Tone,L3,L4,3373,3373,3405,3381,true,PASS
square:L3:L4:3467,3467,Phrygian +𝄪4,L3,L4,3399,3399,3463,3403,true,PASS
square:L3:L4:3475,3475,Enigmatic 𝄪4,L3,L4,3403,3403,3467,3411,true,PASS
square:L3:L4:3477,3477,Ionian +♯64,L3,L4,3405,3405,3469,3413,true,PASS
square:L3:L4:3491,3491,Superlydian Augmented ♭2𝄪4,L3,L4,3411,3411,3475,3427,true,PASS
square:L3:L4:3493,3493,Ionian +♯3♯6𝄪4,L3,L4,3413,3413,3477,3429,true,PASS
square:L3:L4:3497,3497,Superlydian Augmented 𝄪4,L3,L4,3417,3417,3481,3433,true,PASS
square:L3:L4:3627,3627,Neapolitan Maj 5♯6,L3,L4,3607,3607,3623,3611,true,PASS
square:L3:L4:3659,3659,Phrygian +5,L3,L4,3623,3623,3655,3627,true,PASS
square:L3:L4:3667,3667,Lydian ♭25♯6,L3,L4,3627,3627,3659,3635,true,PASS
square:L3:L4:3669,3669,Ionian ♯4𝄪5♯6,L3,L4,3629,3629,3661,3637,true,PASS
square:L3:L4:3723,3723,Phrygian +45,L3,L4,3655,3655,3719,3659,true,PASS
square:L3:L4:3731,3731,Aeryrian,L3,L4,3659,3659,3723,3667,true,PASS
square:L3:L4:3733,3733,Ionian 𝄪4𝄪5♯6,L3,L4,3661,3661,3725,3669,true,PASS
square:L3:L4:3747,3747,Superlydian Augmented ♭2𝄪4𝄪5,L3,L4,3667,3667,3731,3683,true,PASS
square:L3:L4:3749,3749,Rāga Sorati,L3,L4,3669,3669,3733,3685,true,PASS
square:L3:L4:3753,3753,Superaugmented ♯3𝄪4𝄪5,L3,L4,3673,3673,3737,3689,true,PASS
square:L3:L4:3851,3851,Phrygian +5♯4,L3,L4,3719,3719,3847,3723,true,PASS
square:L3:L4:3859,3859,7-3 rooted state 3859,L3,L4,3723,3723,3851,3731,true,PASS
square:L3:L4:3861,3861,Ionian ♯45♯6,L3,L4,3725,3725,3853,3733,true,PASS
square:L3:L4:3875,3875,7-3 rooted state 3875,L3,L4,3731,3731,3859,3747,true,PASS
square:L3:L4:3877,3877,Ionian ♯3♯45♯6,L3,L4,3733,3733,3861,3749,true,PASS
square:L3:L4:3881,3881,Tanarupi III,L3,L4,3737,3737,3865,3753,true,PASS
square:L3:L4:3907,3907,YUTian,L3,L4,3747,3747,3875,3779,true,PASS
square:L3:L4:3909,3909,Superlydian Augmented ♮235♯4,L3,L4,3749,3749,3877,3781,true,PASS
square:L3:L4:3913,3913,Bonian,L3,L4,3753,3753,3881,3785,true,PASS
square:L3:L4:3921,3921,Superlydian Augmented 23♯45,L3,L4,3761,3761,3889,3793,true,PASS
square:L3:R5:443,443,Alt ♭♭5♭♭6♭♭♭7,L3,R5,471,471,439,475,true,PASS
square:L3:R5:699,699,Ultralocrian 5,L3,R5,727,727,695,731,true,PASS
square:L3:R5:827,827,Scale 827,L3,R5,855,855,823,859,true,PASS
square:L3:R5:859,859,Ultralocrian,L3,R5,919,919,855,923,true,PASS
square:L3:R5:875,875,Locrian double-flat 7,L3,R5,935,935,871,939,true,PASS
square:L3:R5:883,883,Scale 883,L3,R5,939,939,875,947,true,PASS
square:L3:R5:885,885,Major Locrian 𝄫7,L3,R5,941,941,877,949,true,PASS
square:L3:R5:1211,1211,Ceiling Scale,L3,R5,1239,1239,1207,1243,true,PASS
square:L3:R5:1339,1339,Alt ♭♭5,L3,R5,1367,1367,1335,1371,true,PASS
square:L3:R5:1371,1371,Superlocrian,L3,R5,1431,1431,1367,1435,true,PASS
square:L3:R5:1387,1387,Locrian,L3,R5,1447,1447,1383,1451,true,PASS
square:L3:R5:1395,1395,Locrian Dominant,L3,R5,1451,1451,1387,1459,true,PASS
square:L3:R5:1397,1397,Major Locrian,L3,R5,1453,1453,1389,1461,true,PASS
square:L3:R5:1595,1595,Alt ♮65,L3,R5,1623,1623,1591,1627,true,PASS
square:L3:R5:1627,1627,Superlocrian ♯6,L3,R5,1687,1687,1623,1691,true,PASS
square:L3:R5:1643,1643,Locrian ♮6,L3,R5,1703,1703,1639,1707,true,PASS
square:L3:R5:1651,1651,Tsinganikos,L3,R5,1707,1707,1643,1715,true,PASS
square:L3:R5:1653,1653,Mixolydian ♭5,L3,R5,1709,1709,1645,1717,true,PASS
square:L3:R5:1691,1691,Dorian ♭2♭4,L3,R5,1815,1815,1687,1819,true,PASS
square:L3:R5:1707,1707,Dorian ♭2,L3,R5,1831,1831,1703,1835,true,PASS
square:L3:R5:1715,1715,Dominant ♭2,L3,R5,1835,1835,1707,1843,true,PASS
square:L3:R5:1717,1717,Mixolydian,L3,R5,1837,1837,1709,1845,true,PASS
square:L3:R5:1739,1739,Rāga Sthavarajam,L3,R5,1863,1863,1735,1867,true,PASS
square:L3:R5:1747,1747,Lydian 7♭2,L3,R5,1867,1867,1739,1875,true,PASS
square:L3:R5:1749,1749,Acoustic,L3,R5,1869,1869,1741,1877,true,PASS
square:L3:R5:1763,1763,Lydian 7♭2♯3,L3,R5,1875,1875,1747,1891,true,PASS
square:L3:R5:1765,1765,Lydian ♭7♯3,L3,R5,1877,1877,1749,1893,true,PASS
square:L3:R5:1769,1769,Lydian ♭7♯2♯3,L3,R5,1881,1881,1753,1897,true,PASS
square:L3:R5:2235,2235,Exotic Minor,L3,R5,2263,2263,2231,2267,true,PASS
square:L3:R5:2363,2363,Unorthodox,L3,R5,2391,2391,2359,2395,true,PASS
square:L3:R5:2395,2395,Alt ♮7,L3,R5,2455,2455,2391,2459,true,PASS
square:L3:R5:2411,2411,Locrian ♮7,L3,R5,2471,2471,2407,2475,true,PASS
square:L3:R5:2419,2419,Rāga Suddha Pancama,L3,R5,2475,2475,2411,2483,true,PASS
square:L3:R5:2421,2421,Harmonic Major ♭5,L3,R5,2477,2477,2413,2485,true,PASS
square:L3:R5:2619,2619,Alt ♮675,L3,R5,2647,2647,2615,2651,true,PASS
square:L3:R5:2651,2651,7-25 rooted state 2651,L3,R5,2711,2711,2647,2715,true,PASS
square:L3:R5:2667,2667,Neapolitan Major ♭5,L3,R5,2727,2727,2663,2731,true,PASS
square:L3:R5:2675,2675,Chromatic Lydian,L3,R5,2731,2731,2667,2739,true,PASS
square:L3:R5:2677,2677,Ionian ♭5,L3,R5,2733,2733,2669,2741,true,PASS
square:L3:R5:2715,2715,Neapolitan Major ♭4,L3,R5,2839,2839,2711,2843,true,PASS
square:L3:R5:2731,2731,Neapolitan Major,L3,R5,2855,2855,2727,2859,true,PASS
square:L3:R5:2739,2739,Rāga Supradhipam,L3,R5,2859,2859,2731,2867,true,PASS
square:L3:R5:2741,2741,Ionian,L3,R5,2861,2861,2733,2869,true,PASS
square:L3:R5:2763,2763,Rāga Sauviram,L3,R5,2887,2887,2759,2891,true,PASS
square:L3:R5:2771,2771,Mela Gamanasrama,L3,R5,2891,2891,2763,2899,true,PASS
square:L3:R5:2773,2773,Lydian,L3,R5,2893,2893,2765,2901,true,PASS
square:L3:R5:2787,2787,Lydian ♭2♯3,L3,R5,2899,2899,2771,2915,true,PASS
square:L3:R5:2789,2789,Lydian ♯3,L3,R5,2901,2901,2773,2917,true,PASS
square:L3:R5:2793,2793,1sus4 & 7⁷,L3,R5,2905,2905,2777,2921,true,PASS
square:L3:R5:3131,3131,7-5 rooted state 3131,L3,R5,3159,3159,3127,3163,true,PASS
square:L3:R5:3163,3163,Alt ♮7♯6,L3,R5,3223,3223,3159,3227,true,PASS
square:L3:R5:3179,3179,Locrian ♮7♯6,L3,R5,3239,3239,3175,3243,true,PASS
square:L3:R5:3187,3187,Scale 3187,L3,R5,3243,3243,3179,3251,true,PASS
square:L3:R5:3189,3189,Ionian ♭5♯6,L3,R5,3245,3245,3181,3253,true,PASS
square:L3:R5:3227,3227,Neapolitan Major ♭4♯6,L3,R5,3351,3351,3223,3355,true,PASS
square:L3:R5:3243,3243,Mela Rupavati,L3,R5,3367,3367,3239,3371,true,PASS
square:L3:R5:3251,3251,7-19 rooted state 3251,L3,R5,3371,3371,3243,3379,true,PASS
square:L3:R5:3253,3253,Mela Naganandini,L3,R5,3373,3373,3245,3381,true,PASS
square:L3:R5:3275,3275,7-Z18 rooted state 3275,L3,R5,3399,3399,3271,3403,true,PASS
square:L3:R5:3283,3283,7-19 rooted state 3283,L3,R5,3403,3403,3275,3411,true,PASS
square:L3:R5:3285,3285,Mela Citrambari,L3,R5,3405,3405,3277,3413,true,PASS
square:L3:R5:3299,3299,Scale 3299,L3,R5,3411,3411,3283,3427,true,PASS
square:L3:R5:3301,3301,Rāga Loom Sarang,L3,R5,3413,3413,3285,3429,true,PASS
square:L3:R5:3305,3305,Chromatic Hypophrygian,L3,R5,3417,3417,3289,3433,true,PASS
square:L3:R5:3355,3355,Phrygian +♭4,L3,R5,3607,3607,3351,3611,true,PASS
square:L3:R5:3371,3371,Neapolitan Maj ♯5♯6,L3,R5,3623,3623,3367,3627,true,PASS
square:L3:R5:3379,3379,7-Z18 rooted state 3379,L3,R5,3627,3627,3371,3635,true,PASS
square:L3:R5:3381,3381,Ionian +♯6,L3,R5,3629,3629,3373,3637,true,PASS
square:L3:R5:3403,3403,Enigmatic Minor,L3,R5,3655,3655,3399,3659,true,PASS
square:L3:R5:3411,3411,Enigmatic,L3,R5,3659,3659,3403,3667,true,PASS
square:L3:R5:3413,3413,Leading Whole-Tone,L3,R5,3661,3661,3405,3669,true,PASS
square:L3:R5:3427,3427,Phrygian +♯3,L3,R5,3667,3667,3411,3683,true,PASS
square:L3:R5:3429,3429,Lydian +♯36,L3,R5,3669,3669,3413,3685,true,PASS
square:L3:R5:3433,3433,Superlydian Augmented,L3,R5,3673,3673,3417,3689,true,PASS
square:L3:R5:3467,3467,Phrygian +𝄪4,L3,R5,3719,3719,3463,3723,true,PASS
square:L3:R5:3475,3475,Enigmatic 𝄪4,L3,R5,3723,3723,3467,3731,true,PASS
square:L3:R5:3477,3477,Ionian +♯64,L3,R5,3725,3725,3469,3733,true,PASS
square:L3:R5:3491,3491,Superlydian Augmented ♭2𝄪4,L3,R5,3731,3731,3475,3747,true,PASS
square:L3:R5:3493,3493,Ionian +♯3♯6𝄪4,L3,R5,3733,3733,3477,3749,true,PASS
square:L3:R5:3497,3497,Superlydian Augmented 𝄪4,L3,R5,3737,3737,3481,3753,true,PASS
square:L3:R5:3523,3523,7-5 rooted state 3523,L3,R5,3747,3747,3491,3779,true,PASS
square:L3:R5:3525,3525,Scale 3525,L3,R5,3749,3749,3493,3781,true,PASS
square:L3:R5:3529,3529,Superlydian Augmented 𝄪3𝄪4,L3,R5,3753,3753,3497,3785,true,PASS
square:L3:R5:3537,3537,Scale 3537,L3,R5,3761,3761,3505,3793,true,PASS
square:L3:L5:475,475,Alt 6♭7,L3,L5,439,439,471,443,true,PASS
square:L3:L5:731,731,Alternating Heptamode,L3,L5,695,695,727,699,true,PASS
square:L3:L5:859,859,Ultralocrian,L3,L5,823,823,855,827,true,PASS
square:L3:L5:923,923,Alt ♮5𝄫7,L3,L5,855,855,919,859,true,PASS
square:L3:L5:939,939,Rāga Malini,L3,L5,871,871,935,875,true,PASS
square:L3:L5:947,947,Scale 947,L3,L5,875,875,939,883,true,PASS
square:L3:L5:949,949,Mararanjani,L3,L5,877,877,941,885,true,PASS
square:L3:L5:1243,1243,Alt 6,L3,L5,1207,1207,1239,1211,true,PASS
square:L3:L5:1371,1371,Superlocrian,L3,L5,1335,1335,1367,1339,true,PASS
square:L3:L5:1435,1435,Maqam Saba Zamzam,L3,L5,1367,1367,1431,1371,true,PASS
square:L3:L5:1451,1451,Phrygian,L3,L5,1383,1383,1447,1387,true,PASS
square:L3:L5:1459,1459,Phrygian Dominant,L3,L5,1387,1387,1451,1395,true,PASS
square:L3:L5:1461,1461,Mixolydian ♭6,L3,L5,1389,1389,1453,1397,true,PASS
square:L3:L5:1627,1627,Superlocrian ♯6,L3,L5,1591,1591,1623,1595,true,PASS
square:L3:L5:1691,1691,Dorian ♭2♭4,L3,L5,1623,1623,1687,1627,true,PASS
square:L3:L5:1707,1707,Dorian ♭2,L3,L5,1639,1639,1703,1643,true,PASS
square:L3:L5:1715,1715,Dominant ♭2,L3,L5,1643,1643,1707,1651,true,PASS
square:L3:L5:1717,1717,Mixolydian,L3,L5,1645,1645,1709,1653,true,PASS
square:L3:L5:1819,1819,Alt ♮6♯5,L3,L5,1687,1687,1815,1691,true,PASS
square:L3:L5:1835,1835,Dorian +♭2,L3,L5,1703,1703,1831,1707,true,PASS
square:L3:L5:1843,1843,7-21 rooted state 1843,L3,L5,1707,1707,1835,1715,true,PASS
square:L3:L5:1845,1845,Mixolydian Augmented,L3,L5,1709,1709,1837,1717,true,PASS
square:L3:L5:1867,1867,Lydian 7+♭23,L3,L5,1735,1735,1863,1739,true,PASS
square:L3:L5:1875,1875,Persichetti,L3,L5,1739,1739,1867,1747,true,PASS
square:L3:L5:1877,1877,Aeroptian,L3,L5,1741,1741,1869,1749,true,PASS
square:L3:L5:1891,1891,Hijaz Major,L3,L5,1747,1747,1875,1763,true,PASS
square:L3:L5:1893,1893,Lydian 7+♯3,L3,L5,1749,1749,1877,1765,true,PASS
square:L3:L5:1897,1897,Lydian 7+♯23,L3,L5,1753,1753,1881,1769,true,PASS
square:L3:L5:2267,2267,Scale 2267,L3,L5,2231,2231,2263,2235,true,PASS
square:L3:L5:2395,2395,Alt ♮7,L3,L5,2359,2359,2391,2363,true,PASS
square:L3:L5:2459,2459,7-21 rooted state 2459,L3,L5,2391,2391,2455,2395,true,PASS
square:L3:L5:2475,2475,Neapolitan Minor,L3,L5,2407,2407,2471,2411,true,PASS
square:L3:L5:2483,2483,Double Harmonic,L3,L5,2411,2411,2475,2419,true,PASS
square:L3:L5:2485,2485,Harmonic Major,L3,L5,2413,2413,2477,2421,true,PASS
square:L3:L5:2651,2651,7-25 rooted state 2651,L3,L5,2615,2615,2647,2619,true,PASS
square:L3:L5:2715,2715,Neapolitan Major ♭4,L3,L5,2647,2647,2711,2651,true,PASS
square:L3:L5:2731,2731,Neapolitan Major,L3,L5,2663,2663,2727,2667,true,PASS
square:L3:L5:2739,2739,Rāga Supradhipam,L3,L5,2667,2667,2731,2675,true,PASS
square:L3:L5:2741,2741,Ionian,L3,L5,2669,2669,2733,2677,true,PASS
square:L3:L5:2843,2843,Neapolitan Major ♭4♯5,L3,L5,2711,2711,2839,2715,true,PASS
square:L3:L5:2859,2859,Neapolitan Major ♯5,L3,L5,2727,2727,2855,2731,true,PASS
square:L3:L5:2867,2867,7-21 rooted state 2867,L3,L5,2731,2731,2859,2739,true,PASS
square:L3:L5:2869,2869,Major Augmented,L3,L5,2733,2733,2861,2741,true,PASS
square:L3:L5:2891,2891,7-25 rooted state 2891,L3,L5,2759,2759,2887,2763,true,PASS
square:L3:L5:2899,2899,Lydian Augmented ♭2,L3,L5,2763,2763,2891,2771,true,PASS
square:L3:L5:2901,2901,Lydian Augmented,L3,L5,2765,2765,2893,2773,true,PASS
square:L3:L5:2915,2915,Scale 2915,L3,L5,2771,2771,2899,2787,true,PASS
square:L3:L5:2917,2917,Lydian Augmented ♯3,L3,L5,2773,2773,2901,2789,true,PASS
square:L3:L5:2921,2921,Lydian Augmented ♯2♯3,L3,L5,2777,2777,2905,2793,true,PASS
square:L3:L5:3163,3163,Alt ♮7♯6,L3,L5,3127,3127,3159,3131,true,PASS
square:L3:L5:3227,3227,Neapolitan Major ♭4♯6,L3,L5,3159,3159,3223,3163,true,PASS
square:L3:L5:3243,3243,Mela Rupavati,L3,L5,3175,3175,3239,3179,true,PASS
square:L3:L5:3251,3251,7-19 rooted state 3251,L3,L5,3179,3179,3243,3187,true,PASS
square:L3:L5:3253,3253,Mela Naganandini,L3,L5,3181,3181,3245,3189,true,PASS
square:L3:L5:3355,3355,Phrygian +♭4,L3,L5,3223,3223,3351,3227,true,PASS
square:L3:L5:3371,3371,Neapolitan Maj ♯5♯6,L3,L5,3239,3239,3367,3243,true,PASS
square:L3:L5:3379,3379,7-Z18 rooted state 3379,L3,L5,3243,3243,3371,3251,true,PASS
square:L3:L5:3381,3381,Ionian +♯6,L3,L5,3245,3245,3373,3253,true,PASS
square:L3:L5:3403,3403,Enigmatic Minor,L3,L5,3271,3271,3399,3275,true,PASS
square:L3:L5:3411,3411,Enigmatic,L3,L5,3275,3275,3403,3283,true,PASS
square:L3:L5:3413,3413,Leading Whole-Tone,L3,L5,3277,3277,3405,3285,true,PASS
square:L3:L5:3427,3427,Phrygian +♯3,L3,L5,3283,3283,3411,3299,true,PASS
square:L3:L5:3429,3429,Lydian +♯36,L3,L5,3285,3285,3413,3301,true,PASS
square:L3:L5:3433,3433,Superlydian Augmented,L3,L5,3289,3289,3417,3305,true,PASS
square:L3:L5:3611,3611,7-4 rooted state 3611,L3,L5,3351,3351,3607,3355,true,PASS
square:L3:L5:3627,3627,Neapolitan Maj 5♯6,L3,L5,3367,3367,3623,3371,true,PASS
square:L3:L5:3635,3635,Ionian ♭25♯6,L3,L5,3371,3371,3627,3379,true,PASS
square:L3:L5:3637,3637,Rāga Rageshri,L3,L5,3373,3373,3629,3381,true,PASS
square:L3:L5:3659,3659,Phrygian +5,L3,L5,3399,3399,3655,3403,true,PASS
square:L3:L5:3667,3667,Lydian ♭25♯6,L3,L5,3403,3403,3659,3411,true,PASS
square:L3:L5:3669,3669,Ionian ♯4𝄪5♯6,L3,L5,3405,3405,3661,3413,true,PASS
square:L3:L5:3683,3683,Phrygian +♯35,L3,L5,3411,3411,3667,3427,true,PASS
square:L3:L5:3685,3685,7-Z18 rooted state 3685,L3,L5,3413,3413,3669,3429,true,PASS
square:L3:L5:3689,3689,Scale 3689,L3,L5,3417,3417,3673,3433,true,PASS
square:L3:L5:3723,3723,Phrygian +45,L3,L5,3463,3463,3719,3467,true,PASS
square:L3:L5:3731,3731,Aeryrian,L3,L5,3467,3467,3723,3475,true,PASS
square:L3:L5:3733,3733,Ionian 𝄪4𝄪5♯6,L3,L5,3469,3469,3725,3477,true,PASS
square:L3:L5:3747,3747,Superlydian Augmented ♭2𝄪4𝄪5,L3,L5,3475,3475,3731,3491,true,PASS
square:L3:L5:3749,3749,Rāga Sorati,L3,L5,3477,3477,3733,3493,true,PASS
square:L3:L5:3753,3753,Superaugmented ♯3𝄪4𝄪5,L3,L5,3481,3481,3737,3497,true,PASS
square:L3:L5:3779,3779,7-4 rooted state 3779,L3,L5,3491,3491,3747,3523,true,PASS
square:L3:L5:3781,3781,Kaikian Mode VII,L3,L5,3493,3493,3749,3525,true,PASS
square:L3:L5:3785,3785,Scale 3785,L3,L5,3497,3497,3753,3529,true,PASS
square:L3:L5:3793,3793,Superlydian Augmented 𝄪2𝄪3𝄪4𝄪5,L3,L5,3505,3505,3761,3537,true,PASS
square:L3:R6:379,379,Kaikian Mode II,L3,R6,439,439,375,443,true,PASS
square:L3:R6:635,635,Scale 635,L3,R6,695,695,631,699,true,PASS
square:L3:R6:699,699,Ultralocrian 5,L3,R6,823,823,695,827,true,PASS
square:L3:R6:731,731,Alternating Heptamode,L3,R6,855,855,727,859,true,PASS
square:L3:R6:747,747,1sus4 & ♭3∅7,L3,R6,871,871,743,875,true,PASS
square:L3:R6:755,755,Ionian ♭2♭5𝄫6𝄫7,L3,R6,875,875,747,883,true,PASS
square:L3:R6:757,757,Lipsean Mode II,L3,R6,877,877,749,885,true,PASS
square:L3:R6:1147,1147,Alt double-flat 5 / flat–double-flat 6,L3,R6,1207,1207,1143,1211,true,PASS
square:L3:R6:1211,1211,Ceiling Scale,L3,R6,1335,1335,1207,1339,true,PASS
square:L3:R6:1243,1243,Alt 6,L3,R6,1367,1367,1239,1371,true,PASS
square:L3:R6:1259,1259,Blues Phrygian,L3,R6,1383,1383,1255,1387,true,PASS
square:L3:R6:1267,1267,7-19 rooted state 1267,L3,R6,1387,1387,1259,1395,true,PASS
square:L3:R6:1269,1269,Major Locrian ♭♭6,L3,R6,1389,1389,1261,1397,true,PASS
square:L3:R6:1339,1339,Alt ♭♭5,L3,R6,1591,1591,1335,1595,true,PASS
square:L3:R6:1371,1371,Superlocrian,L3,R6,1623,1623,1367,1627,true,PASS
square:L3:R6:1387,1387,Locrian,L3,R6,1639,1639,1383,1643,true,PASS
square:L3:R6:1395,1395,Locrian Dominant,L3,R6,1643,1643,1387,1651,true,PASS
square:L3:R6:1397,1397,Major Locrian,L3,R6,1645,1645,1389,1653,true,PASS
square:L3:R6:1435,1435,Maqam Saba Zamzam,L3,R6,1687,1687,1431,1691,true,PASS
square:L3:R6:1451,1451,Phrygian,L3,R6,1703,1703,1447,1707,true,PASS
square:L3:R6:1459,1459,Phrygian Dominant,L3,R6,1707,1707,1451,1715,true,PASS
square:L3:R6:1461,1461,Mixolydian ♭6,L3,R6,1709,1709,1453,1717,true,PASS
square:L3:R6:1483,1483,Mela Bhavapriya,L3,R6,1735,1735,1479,1739,true,PASS
square:L3:R6:1491,1491,Namanarayani,L3,R6,1739,1739,1483,1747,true,PASS
square:L3:R6:1493,1493,Lydian Minor,L3,R6,1741,1741,1485,1749,true,PASS
square:L3:R6:1507,1507,Lydian ♭7♭2♭6♯3,L3,R6,1747,1747,1491,1763,true,PASS
square:L3:R6:1509,1509,Lydian Minor ♯3,L3,R6,1749,1749,1493,1765,true,PASS
square:L3:R6:1513,1513,Lydian ♭7♭6♯2♯3,L3,R6,1753,1753,1497,1769,true,PASS
square:L3:R6:2171,2171,7-5 rooted state 2171,L3,R6,2231,2231,2167,2235,true,PASS
square:L3:R6:2235,2235,Exotic Minor,L3,R6,2359,2359,2231,2363,true,PASS
square:L3:R6:2267,2267,Scale 2267,L3,R6,2391,2391,2263,2395,true,PASS
square:L3:R6:2283,2283,Pacific Minor,L3,R6,2407,2407,2279,2411,true,PASS
square:L3:R6:2291,2291,Scale 2291,L3,R6,2411,2411,2283,2419,true,PASS
square:L3:R6:2293,2293,Bucolic,L3,R6,2413,2413,2285,2421,true,PASS
square:L3:R6:2363,2363,Unorthodox,L3,R6,2615,2615,2359,2619,true,PASS
square:L3:R6:2395,2395,Alt ♮7,L3,R6,2647,2647,2391,2651,true,PASS
square:L3:R6:2411,2411,Locrian ♮7,L3,R6,2663,2663,2407,2667,true,PASS
square:L3:R6:2419,2419,Rāga Suddha Pancama,L3,R6,2667,2667,2411,2675,true,PASS
square:L3:R6:2421,2421,Harmonic Major ♭5,L3,R6,2669,2669,2413,2677,true,PASS
square:L3:R6:2459,2459,7-21 rooted state 2459,L3,R6,2711,2711,2455,2715,true,PASS
square:L3:R6:2475,2475,Neapolitan Minor,L3,R6,2727,2727,2471,2731,true,PASS
square:L3:R6:2483,2483,Double Harmonic,L3,R6,2731,2731,2475,2739,true,PASS
square:L3:R6:2485,2485,Harmonic Major,L3,R6,2733,2733,2477,2741,true,PASS
square:L3:R6:2507,2507,Chromatic Lydian Inverse,L3,R6,2759,2759,2503,2763,true,PASS
square:L3:R6:2515,2515,Chromatic Hypolydian,L3,R6,2763,2763,2507,2771,true,PASS
square:L3:R6:2517,2517,Lydian Harmonic Major,L3,R6,2765,2765,2509,2773,true,PASS
square:L3:R6:2531,2531,Scale 2531,L3,R6,2771,2771,2515,2787,true,PASS
square:L3:R6:2533,2533,7-19 rooted state 2533,L3,R6,2773,2773,2517,2789,true,PASS
square:L3:R6:2537,2537,Scale 2537,L3,R6,2777,2777,2521,2793,true,PASS
square:L3:R6:2619,2619,Alt ♮675,L3,R6,3127,3127,2615,3131,true,PASS
square:L3:R6:2651,2651,7-25 rooted state 2651,L3,R6,3159,3159,2647,3163,true,PASS
square:L3:R6:2667,2667,Neapolitan Major ♭5,L3,R6,3175,3175,2663,3179,true,PASS
square:L3:R6:2675,2675,Chromatic Lydian,L3,R6,3179,3179,2667,3187,true,PASS
square:L3:R6:2677,2677,Ionian ♭5,L3,R6,3181,3181,2669,3189,true,PASS
square:L3:R6:2715,2715,Neapolitan Major ♭4,L3,R6,3223,3223,2711,3227,true,PASS
square:L3:R6:2731,2731,Neapolitan Major,L3,R6,3239,3239,2727,3243,true,PASS
square:L3:R6:2739,2739,Rāga Supradhipam,L3,R6,3243,3243,2731,3251,true,PASS
square:L3:R6:2741,2741,Ionian,L3,R6,3245,3245,2733,3253,true,PASS
square:L3:R6:2763,2763,Rāga Sauviram,L3,R6,3271,3271,2759,3275,true,PASS
square:L3:R6:2771,2771,Mela Gamanasrama,L3,R6,3275,3275,2763,3283,true,PASS
square:L3:R6:2773,2773,Lydian,L3,R6,3277,3277,2765,3285,true,PASS
square:L3:R6:2787,2787,Lydian ♭2♯3,L3,R6,3283,3283,2771,3299,true,PASS
square:L3:R6:2789,2789,Lydian ♯3,L3,R6,3285,3285,2773,3301,true,PASS
square:L3:R6:2793,2793,1sus4 & 7⁷,L3,R6,3289,3289,2777,3305,true,PASS
square:L3:R6:2843,2843,Neapolitan Major ♭4♯5,L3,R6,3351,3351,2839,3355,true,PASS
square:L3:R6:2859,2859,Neapolitan Major ♯5,L3,R6,3367,3367,2855,3371,true,PASS
square:L3:R6:2867,2867,7-21 rooted state 2867,L3,R6,3371,3371,2859,3379,true,PASS
square:L3:R6:2869,2869,Major Augmented,L3,R6,3373,3373,2861,3381,true,PASS
square:L3:R6:2891,2891,7-25 rooted state 2891,L3,R6,3399,3399,2887,3403,true,PASS
square:L3:R6:2899,2899,Lydian Augmented ♭2,L3,R6,3403,3403,2891,3411,true,PASS
square:L3:R6:2901,2901,Lydian Augmented,L3,R6,3405,3405,2893,3413,true,PASS
square:L3:R6:2915,2915,Scale 2915,L3,R6,3411,3411,2899,3427,true,PASS
square:L3:R6:2917,2917,Lydian Augmented ♯3,L3,R6,3413,3413,2901,3429,true,PASS
square:L3:R6:2921,2921,Lydian Augmented ♯2♯3,L3,R6,3417,3417,2905,3433,true,PASS
square:L3:R6:2955,2955,Neapolitan Maj 𝄪4♯5,L3,R6,3463,3463,2951,3467,true,PASS
square:L3:R6:2963,2963,Ionian +♭2𝄪4,L3,R6,3467,3467,2955,3475,true,PASS
square:L3:R6:2965,2965,Ionian +𝄪4,L3,R6,3469,3469,2957,3477,true,PASS
square:L3:R6:2979,2979,Ionian +♭2♯3𝄪4,L3,R6,3475,3475,2963,3491,true,PASS
square:L3:R6:2981,2981,Noh,L3,R6,3477,3477,2965,3493,true,PASS
square:L3:R6:2985,2985,Ionian +♯23𝄪4,L3,R6,3481,3481,2969,3497,true,PASS
square:L3:R6:3011,3011,7-5 rooted state 3011,L3,R6,3491,3491,2979,3523,true,PASS
square:L3:R6:3013,3013,Ionian +𝄪34,L3,R6,3493,3493,2981,3525,true,PASS
square:L3:R6:3017,3017,Scale 3017,L3,R6,3497,3497,2985,3529,true,PASS
square:L3:R6:3025,3025,Ionian +𝄪234,L3,R6,3505,3505,2993,3537,true,PASS
square:L3:L6:443,443,Alt ♭♭5♭♭6♭♭♭7,L3,L6,375,375,439,379,true,PASS
square:L3:L6:699,699,Ultralocrian 5,L3,L6,631,631,695,635,true,PASS
square:L3:L6:827,827,Scale 827,L3,L6,695,695,823,699,true,PASS
square:L3:L6:859,859,Ultralocrian,L3,L6,727,727,855,731,true,PASS
square:L3:L6:875,875,Locrian double-flat 7,L3,L6,743,743,871,747,true,PASS
square:L3:L6:883,883,Scale 883,L3,L6,747,747,875,755,true,PASS
square:L3:L6:885,885,Major Locrian 𝄫7,L3,L6,749,749,877,757,true,PASS
square:L3:L6:1211,1211,Ceiling Scale,L3,L6,1143,1143,1207,1147,true,PASS
square:L3:L6:1339,1339,Alt ♭♭5,L3,L6,1207,1207,1335,1211,true,PASS
square:L3:L6:1371,1371,Superlocrian,L3,L6,1239,1239,1367,1243,true,PASS
square:L3:L6:1387,1387,Locrian,L3,L6,1255,1255,1383,1259,true,PASS
square:L3:L6:1395,1395,Locrian Dominant,L3,L6,1259,1259,1387,1267,true,PASS
square:L3:L6:1397,1397,Major Locrian,L3,L6,1261,1261,1389,1269,true,PASS
square:L3:L6:1595,1595,Alt ♮65,L3,L6,1335,1335,1591,1339,true,PASS
square:L3:L6:1627,1627,Superlocrian ♯6,L3,L6,1367,1367,1623,1371,true,PASS
square:L3:L6:1643,1643,Locrian ♮6,L3,L6,1383,1383,1639,1387,true,PASS
square:L3:L6:1651,1651,Tsinganikos,L3,L6,1387,1387,1643,1395,true,PASS
square:L3:L6:1653,1653,Mixolydian ♭5,L3,L6,1389,1389,1645,1397,true,PASS
square:L3:L6:1691,1691,Dorian ♭2♭4,L3,L6,1431,1431,1687,1435,true,PASS
square:L3:L6:1707,1707,Dorian ♭2,L3,L6,1447,1447,1703,1451,true,PASS
square:L3:L6:1715,1715,Dominant ♭2,L3,L6,1451,1451,1707,1459,true,PASS
square:L3:L6:1717,1717,Mixolydian,L3,L6,1453,1453,1709,1461,true,PASS
square:L3:L6:1739,1739,Rāga Sthavarajam,L3,L6,1479,1479,1735,1483,true,PASS
square:L3:L6:1747,1747,Lydian 7♭2,L3,L6,1483,1483,1739,1491,true,PASS
square:L3:L6:1749,1749,Acoustic,L3,L6,1485,1485,1741,1493,true,PASS
square:L3:L6:1763,1763,Lydian 7♭2♯3,L3,L6,1491,1491,1747,1507,true,PASS
square:L3:L6:1765,1765,Lydian ♭7♯3,L3,L6,1493,1493,1749,1509,true,PASS
square:L3:L6:1769,1769,Lydian ♭7♯2♯3,L3,L6,1497,1497,1753,1513,true,PASS
square:L3:L6:2235,2235,Exotic Minor,L3,L6,2167,2167,2231,2171,true,PASS
square:L3:L6:2363,2363,Unorthodox,L3,L6,2231,2231,2359,2235,true,PASS
square:L3:L6:2395,2395,Alt ♮7,L3,L6,2263,2263,2391,2267,true,PASS
square:L3:L6:2411,2411,Locrian ♮7,L3,L6,2279,2279,2407,2283,true,PASS
square:L3:L6:2419,2419,Rāga Suddha Pancama,L3,L6,2283,2283,2411,2291,true,PASS
square:L3:L6:2421,2421,Harmonic Major ♭5,L3,L6,2285,2285,2413,2293,true,PASS
square:L3:L6:2619,2619,Alt ♮675,L3,L6,2359,2359,2615,2363,true,PASS
square:L3:L6:2651,2651,7-25 rooted state 2651,L3,L6,2391,2391,2647,2395,true,PASS
square:L3:L6:2667,2667,Neapolitan Major ♭5,L3,L6,2407,2407,2663,2411,true,PASS
square:L3:L6:2675,2675,Chromatic Lydian,L3,L6,2411,2411,2667,2419,true,PASS
square:L3:L6:2677,2677,Ionian ♭5,L3,L6,2413,2413,2669,2421,true,PASS
square:L3:L6:2715,2715,Neapolitan Major ♭4,L3,L6,2455,2455,2711,2459,true,PASS
square:L3:L6:2731,2731,Neapolitan Major,L3,L6,2471,2471,2727,2475,true,PASS
square:L3:L6:2739,2739,Rāga Supradhipam,L3,L6,2475,2475,2731,2483,true,PASS
square:L3:L6:2741,2741,Ionian,L3,L6,2477,2477,2733,2485,true,PASS
square:L3:L6:2763,2763,Rāga Sauviram,L3,L6,2503,2503,2759,2507,true,PASS
square:L3:L6:2771,2771,Mela Gamanasrama,L3,L6,2507,2507,2763,2515,true,PASS
square:L3:L6:2773,2773,Lydian,L3,L6,2509,2509,2765,2517,true,PASS
square:L3:L6:2787,2787,Lydian ♭2♯3,L3,L6,2515,2515,2771,2531,true,PASS
square:L3:L6:2789,2789,Lydian ♯3,L3,L6,2517,2517,2773,2533,true,PASS
square:L3:L6:2793,2793,1sus4 & 7⁷,L3,L6,2521,2521,2777,2537,true,PASS
square:L3:L6:3131,3131,7-5 rooted state 3131,L3,L6,2615,2615,3127,2619,true,PASS
square:L3:L6:3163,3163,Alt ♮7♯6,L3,L6,2647,2647,3159,2651,true,PASS
square:L3:L6:3179,3179,Locrian ♮7♯6,L3,L6,2663,2663,3175,2667,true,PASS
square:L3:L6:3187,3187,Scale 3187,L3,L6,2667,2667,3179,2675,true,PASS
square:L3:L6:3189,3189,Ionian ♭5♯6,L3,L6,2669,2669,3181,2677,true,PASS
square:L3:L6:3227,3227,Neapolitan Major ♭4♯6,L3,L6,2711,2711,3223,2715,true,PASS
square:L3:L6:3243,3243,Mela Rupavati,L3,L6,2727,2727,3239,2731,true,PASS
square:L3:L6:3251,3251,7-19 rooted state 3251,L3,L6,2731,2731,3243,2739,true,PASS
square:L3:L6:3253,3253,Mela Naganandini,L3,L6,2733,2733,3245,2741,true,PASS
square:L3:L6:3275,3275,7-Z18 rooted state 3275,L3,L6,2759,2759,3271,2763,true,PASS
square:L3:L6:3283,3283,7-19 rooted state 3283,L3,L6,2763,2763,3275,2771,true,PASS
square:L3:L6:3285,3285,Mela Citrambari,L3,L6,2765,2765,3277,2773,true,PASS
square:L3:L6:3299,3299,Scale 3299,L3,L6,2771,2771,3283,2787,true,PASS
square:L3:L6:3301,3301,Rāga Loom Sarang,L3,L6,2773,2773,3285,2789,true,PASS
square:L3:L6:3305,3305,Chromatic Hypophrygian,L3,L6,2777,2777,3289,2793,true,PASS
square:L3:L6:3355,3355,Phrygian +♭4,L3,L6,2839,2839,3351,2843,true,PASS
square:L3:L6:3371,3371,Neapolitan Maj ♯5♯6,L3,L6,2855,2855,3367,2859,true,PASS
square:L3:L6:3379,3379,7-Z18 rooted state 3379,L3,L6,2859,2859,3371,2867,true,PASS
square:L3:L6:3381,3381,Ionian +♯6,L3,L6,2861,2861,3373,2869,true,PASS
square:L3:L6:3403,3403,Enigmatic Minor,L3,L6,2887,2887,3399,2891,true,PASS
square:L3:L6:3411,3411,Enigmatic,L3,L6,2891,2891,3403,2899,true,PASS
square:L3:L6:3413,3413,Leading Whole-Tone,L3,L6,2893,2893,3405,2901,true,PASS
square:L3:L6:3427,3427,Phrygian +♯3,L3,L6,2899,2899,3411,2915,true,PASS
square:L3:L6:3429,3429,Lydian +♯36,L3,L6,2901,2901,3413,2917,true,PASS
square:L3:L6:3433,3433,Superlydian Augmented,L3,L6,2905,2905,3417,2921,true,PASS
square:L3:L6:3467,3467,Phrygian +𝄪4,L3,L6,2951,2951,3463,2955,true,PASS
square:L3:L6:3475,3475,Enigmatic 𝄪4,L3,L6,2955,2955,3467,2963,true,PASS
square:L3:L6:3477,3477,Ionian +♯64,L3,L6,2957,2957,3469,2965,true,PASS
square:L3:L6:3491,3491,Superlydian Augmented ♭2𝄪4,L3,L6,2963,2963,3475,2979,true,PASS
square:L3:L6:3493,3493,Ionian +♯3♯6𝄪4,L3,L6,2965,2965,3477,2981,true,PASS
square:L3:L6:3497,3497,Superlydian Augmented 𝄪4,L3,L6,2969,2969,3481,2985,true,PASS
square:L3:L6:3523,3523,7-5 rooted state 3523,L3,L6,2979,2979,3491,3011,true,PASS
square:L3:L6:3525,3525,Scale 3525,L3,L6,2981,2981,3493,3013,true,PASS
square:L3:L6:3529,3529,Superlydian Augmented 𝄪3𝄪4,L3,L6,2985,2985,3497,3017,true,PASS
square:L3:L6:3537,3537,Scale 3537,L3,L6,2993,2993,3505,3025,true,PASS
square:L3:R7:251,251,Scale 251,L3,R7,375,375,247,379,true,PASS
square:L3:R7:379,379,Kaikian Mode II,L3,R7,631,631,375,635,true,PASS
square:L3:R7:443,443,Alt ♭♭5♭♭6♭♭♭7,L3,R7,695,695,439,699,true,PASS
square:L3:R7:475,475,Alt 6♭7,L3,R7,727,727,471,731,true,PASS
square:L3:R7:491,491,Locrian ♭♭6♭♭♭7,L3,R7,743,743,487,747,true,PASS
square:L3:R7:499,499,Major Locrian ♭26♭7,L3,R7,747,747,491,755,true,PASS
square:L3:R7:501,501,Major Locrian 6♭7,L3,R7,749,749,493,757,true,PASS
square:L3:R7:635,635,Scale 635,L3,R7,1143,1143,631,1147,true,PASS
square:L3:R7:699,699,Ultralocrian 5,L3,R7,1207,1207,695,1211,true,PASS
square:L3:R7:731,731,Alternating Heptamode,L3,R7,1239,1239,727,1243,true,PASS
square:L3:R7:747,747,1sus4 & ♭3∅7,L3,R7,1255,1255,743,1259,true,PASS
square:L3:R7:755,755,Ionian ♭2♭5𝄫6𝄫7,L3,R7,1259,1259,747,1267,true,PASS
square:L3:R7:757,757,Lipsean Mode II,L3,R7,1261,1261,749,1269,true,PASS
square:L3:R7:827,827,Scale 827,L3,R7,1335,1335,823,1339,true,PASS
square:L3:R7:859,859,Ultralocrian,L3,R7,1367,1367,855,1371,true,PASS
square:L3:R7:875,875,Locrian double-flat 7,L3,R7,1383,1383,871,1387,true,PASS
square:L3:R7:883,883,Scale 883,L3,R7,1387,1387,875,1395,true,PASS
square:L3:R7:885,885,Major Locrian 𝄫7,L3,R7,1389,1389,877,1397,true,PASS
square:L3:R7:923,923,Alt ♮5𝄫7,L3,R7,1431,1431,919,1435,true,PASS
square:L3:R7:939,939,Rāga Malini,L3,R7,1447,1447,935,1451,true,PASS
square:L3:R7:947,947,Scale 947,L3,R7,1451,1451,939,1459,true,PASS
square:L3:R7:949,949,Mararanjani,L3,R7,1453,1453,941,1461,true,PASS
square:L3:R7:971,971,Scale 971,L3,R7,1479,1479,967,1483,true,PASS
square:L3:R7:979,979,Scale 979,L3,R7,1483,1483,971,1491,true,PASS
square:L3:R7:981,981,Mela Kantamani,L3,R7,1485,1485,973,1493,true,PASS
square:L3:R7:995,995,Lydian ♭2♯3♭67,L3,R7,1491,1491,979,1507,true,PASS
square:L3:R7:997,997,Tanarupi IV,L3,R7,1493,1493,981,1509,true,PASS
square:L3:R7:1001,1001,Lydian ♯2♯3♭67,L3,R7,1497,1497,985,1513,true,PASS
square:L3:R7:1147,1147,Alt double-flat 5 / flat–double-flat 6,L3,R7,2167,2167,1143,2171,true,PASS
square:L3:R7:1211,1211,Ceiling Scale,L3,R7,2231,2231,1207,2235,true,PASS
square:L3:R7:1243,1243,Alt 6,L3,R7,2263,2263,1239,2267,true,PASS
square:L3:R7:1259,1259,Blues Phrygian,L3,R7,2279,2279,1255,2283,true,PASS
square:L3:R7:1267,1267,7-19 rooted state 1267,L3,R7,2283,2283,1259,2291,true,PASS
square:L3:R7:1269,1269,Major Locrian ♭♭6,L3,R7,2285,2285,1261,2293,true,PASS
square:L3:R7:1339,1339,Alt ♭♭5,L3,R7,2359,2359,1335,2363,true,PASS
square:L3:R7:1371,1371,Superlocrian,L3,R7,2391,2391,1367,2395,true,PASS
square:L3:R7:1387,1387,Locrian,L3,R7,2407,2407,1383,2411,true,PASS
square:L3:R7:1395,1395,Locrian Dominant,L3,R7,2411,2411,1387,2419,true,PASS
square:L3:R7:1397,1397,Major Locrian,L3,R7,2413,2413,1389,2421,true,PASS
square:L3:R7:1435,1435,Maqam Saba Zamzam,L3,R7,2455,2455,1431,2459,true,PASS
square:L3:R7:1451,1451,Phrygian,L3,R7,2471,2471,1447,2475,true,PASS
square:L3:R7:1459,1459,Phrygian Dominant,L3,R7,2475,2475,1451,2483,true,PASS
square:L3:R7:1461,1461,Mixolydian ♭6,L3,R7,2477,2477,1453,2485,true,PASS
square:L3:R7:1483,1483,Mela Bhavapriya,L3,R7,2503,2503,1479,2507,true,PASS
square:L3:R7:1491,1491,Namanarayani,L3,R7,2507,2507,1483,2515,true,PASS
square:L3:R7:1493,1493,Lydian Minor,L3,R7,2509,2509,1485,2517,true,PASS
square:L3:R7:1507,1507,Lydian ♭7♭2♭6♯3,L3,R7,2515,2515,1491,2531,true,PASS
square:L3:R7:1509,1509,Lydian Minor ♯3,L3,R7,2517,2517,1493,2533,true,PASS
square:L3:R7:1513,1513,Lydian ♭7♭6♯2♯3,L3,R7,2521,2521,1497,2537,true,PASS
square:L3:R7:1595,1595,Alt ♮65,L3,R7,2615,2615,1591,2619,true,PASS
square:L3:R7:1627,1627,Superlocrian ♯6,L3,R7,2647,2647,1623,2651,true,PASS
square:L3:R7:1643,1643,Locrian ♮6,L3,R7,2663,2663,1639,2667,true,PASS
square:L3:R7:1651,1651,Tsinganikos,L3,R7,2667,2667,1643,2675,true,PASS
square:L3:R7:1653,1653,Mixolydian ♭5,L3,R7,2669,2669,1645,2677,true,PASS
square:L3:R7:1691,1691,Dorian ♭2♭4,L3,R7,2711,2711,1687,2715,true,PASS
square:L3:R7:1707,1707,Dorian ♭2,L3,R7,2727,2727,1703,2731,true,PASS
square:L3:R7:1715,1715,Dominant ♭2,L3,R7,2731,2731,1707,2739,true,PASS
square:L3:R7:1717,1717,Mixolydian,L3,R7,2733,2733,1709,2741,true,PASS
square:L3:R7:1739,1739,Rāga Sthavarajam,L3,R7,2759,2759,1735,2763,true,PASS
square:L3:R7:1747,1747,Lydian 7♭2,L3,R7,2763,2763,1739,2771,true,PASS
square:L3:R7:1749,1749,Acoustic,L3,R7,2765,2765,1741,2773,true,PASS
square:L3:R7:1763,1763,Lydian 7♭2♯3,L3,R7,2771,2771,1747,2787,true,PASS
square:L3:R7:1765,1765,Lydian ♭7♯3,L3,R7,2773,2773,1749,2789,true,PASS
square:L3:R7:1769,1769,Lydian ♭7♯2♯3,L3,R7,2777,2777,1753,2793,true,PASS
square:L3:R7:1819,1819,Alt ♮6♯5,L3,R7,2839,2839,1815,2843,true,PASS
square:L3:R7:1835,1835,Dorian +♭2,L3,R7,2855,2855,1831,2859,true,PASS
square:L3:R7:1843,1843,7-21 rooted state 1843,L3,R7,2859,2859,1835,2867,true,PASS
square:L3:R7:1845,1845,Mixolydian Augmented,L3,R7,2861,2861,1837,2869,true,PASS
square:L3:R7:1867,1867,Lydian 7+♭23,L3,R7,2887,2887,1863,2891,true,PASS
square:L3:R7:1875,1875,Persichetti,L3,R7,2891,2891,1867,2899,true,PASS
square:L3:R7:1877,1877,Aeroptian,L3,R7,2893,2893,1869,2901,true,PASS
square:L3:R7:1891,1891,Hijaz Major,L3,R7,2899,2899,1875,2915,true,PASS
square:L3:R7:1893,1893,Lydian 7+♯3,L3,R7,2901,2901,1877,2917,true,PASS
square:L3:R7:1897,1897,Lydian 7+♯23,L3,R7,2905,2905,1881,2921,true,PASS
square:L3:R7:1931,1931,Dorian +♭2𝄪4,L3,R7,2951,2951,1927,2955,true,PASS
square:L3:R7:1939,1939,Dominant +♭2𝄪4,L3,R7,2955,2955,1931,2963,true,PASS
square:L3:R7:1941,1941,Dominant +𝄪4,L3,R7,2957,2957,1933,2965,true,PASS
square:L3:R7:1955,1955,Dominant +♭2♯3𝄪4,L3,R7,2963,2963,1939,2979,true,PASS
square:L3:R7:1957,1957,Dominant +♯3𝄪4,L3,R7,2965,2965,1941,2981,true,PASS
square:L3:R7:1961,1961,Dominant +♯2♯3𝄪4,L3,R7,2969,2969,1945,2985,true,PASS
square:L3:R7:1987,1987,7-4 rooted state 1987,L3,R7,2979,2979,1955,3011,true,PASS
square:L3:R7:1989,1989,Dominant +34,L3,R7,2981,2981,1957,3013,true,PASS
square:L3:R7:1993,1993,Dominant +♯234,L3,R7,2985,2985,1961,3017,true,PASS
square:L3:R7:2001,2001,Dominant +234,L3,R7,2993,2993,1969,3025,true,PASS
square:L3:L7:379,379,Kaikian Mode II,L3,L7,247,247,375,251,true,PASS
square:L3:L7:635,635,Scale 635,L3,L7,375,375,631,379,true,PASS
square:L3:L7:699,699,Ultralocrian 5,L3,L7,439,439,695,443,true,PASS
square:L3:L7:731,731,Alternating Heptamode,L3,L7,471,471,727,475,true,PASS
square:L3:L7:747,747,1sus4 & ♭3∅7,L3,L7,487,487,743,491,true,PASS
square:L3:L7:755,755,Ionian ♭2♭5𝄫6𝄫7,L3,L7,491,491,747,499,true,PASS
square:L3:L7:757,757,Lipsean Mode II,L3,L7,493,493,749,501,true,PASS
square:L3:L7:1147,1147,Alt double-flat 5 / flat–double-flat 6,L3,L7,631,631,1143,635,true,PASS
square:L3:L7:1211,1211,Ceiling Scale,L3,L7,695,695,1207,699,true,PASS
square:L3:L7:1243,1243,Alt 6,L3,L7,727,727,1239,731,true,PASS
square:L3:L7:1259,1259,Blues Phrygian,L3,L7,743,743,1255,747,true,PASS
square:L3:L7:1267,1267,7-19 rooted state 1267,L3,L7,747,747,1259,755,true,PASS
square:L3:L7:1269,1269,Major Locrian ♭♭6,L3,L7,749,749,1261,757,true,PASS
square:L3:L7:1339,1339,Alt ♭♭5,L3,L7,823,823,1335,827,true,PASS
square:L3:L7:1371,1371,Superlocrian,L3,L7,855,855,1367,859,true,PASS
square:L3:L7:1387,1387,Locrian,L3,L7,871,871,1383,875,true,PASS
square:L3:L7:1395,1395,Locrian Dominant,L3,L7,875,875,1387,883,true,PASS
square:L3:L7:1397,1397,Major Locrian,L3,L7,877,877,1389,885,true,PASS
square:L3:L7:1435,1435,Maqam Saba Zamzam,L3,L7,919,919,1431,923,true,PASS
square:L3:L7:1451,1451,Phrygian,L3,L7,935,935,1447,939,true,PASS
square:L3:L7:1459,1459,Phrygian Dominant,L3,L7,939,939,1451,947,true,PASS
square:L3:L7:1461,1461,Mixolydian ♭6,L3,L7,941,941,1453,949,true,PASS
square:L3:L7:1483,1483,Mela Bhavapriya,L3,L7,967,967,1479,971,true,PASS
square:L3:L7:1491,1491,Namanarayani,L3,L7,971,971,1483,979,true,PASS
square:L3:L7:1493,1493,Lydian Minor,L3,L7,973,973,1485,981,true,PASS
square:L3:L7:1507,1507,Lydian ♭7♭2♭6♯3,L3,L7,979,979,1491,995,true,PASS
square:L3:L7:1509,1509,Lydian Minor ♯3,L3,L7,981,981,1493,997,true,PASS
square:L3:L7:1513,1513,Lydian ♭7♭6♯2♯3,L3,L7,985,985,1497,1001,true,PASS
square:L3:L7:2171,2171,7-5 rooted state 2171,L3,L7,1143,1143,2167,1147,true,PASS
square:L3:L7:2235,2235,Exotic Minor,L3,L7,1207,1207,2231,1211,true,PASS
square:L3:L7:2267,2267,Scale 2267,L3,L7,1239,1239,2263,1243,true,PASS
square:L3:L7:2283,2283,Pacific Minor,L3,L7,1255,1255,2279,1259,true,PASS
square:L3:L7:2291,2291,Scale 2291,L3,L7,1259,1259,2283,1267,true,PASS
square:L3:L7:2293,2293,Bucolic,L3,L7,1261,1261,2285,1269,true,PASS
square:L3:L7:2363,2363,Unorthodox,L3,L7,1335,1335,2359,1339,true,PASS
square:L3:L7:2395,2395,Alt ♮7,L3,L7,1367,1367,2391,1371,true,PASS
square:L3:L7:2411,2411,Locrian ♮7,L3,L7,1383,1383,2407,1387,true,PASS
square:L3:L7:2419,2419,Rāga Suddha Pancama,L3,L7,1387,1387,2411,1395,true,PASS
square:L3:L7:2421,2421,Harmonic Major ♭5,L3,L7,1389,1389,2413,1397,true,PASS
square:L3:L7:2459,2459,7-21 rooted state 2459,L3,L7,1431,1431,2455,1435,true,PASS
square:L3:L7:2475,2475,Neapolitan Minor,L3,L7,1447,1447,2471,1451,true,PASS
square:L3:L7:2483,2483,Double Harmonic,L3,L7,1451,1451,2475,1459,true,PASS
square:L3:L7:2485,2485,Harmonic Major,L3,L7,1453,1453,2477,1461,true,PASS
square:L3:L7:2507,2507,Chromatic Lydian Inverse,L3,L7,1479,1479,2503,1483,true,PASS
square:L3:L7:2515,2515,Chromatic Hypolydian,L3,L7,1483,1483,2507,1491,true,PASS
square:L3:L7:2517,2517,Lydian Harmonic Major,L3,L7,1485,1485,2509,1493,true,PASS
square:L3:L7:2531,2531,Scale 2531,L3,L7,1491,1491,2515,1507,true,PASS
square:L3:L7:2533,2533,7-19 rooted state 2533,L3,L7,1493,1493,2517,1509,true,PASS
square:L3:L7:2537,2537,Scale 2537,L3,L7,1497,1497,2521,1513,true,PASS
square:L3:L7:2619,2619,Alt ♮675,L3,L7,1591,1591,2615,1595,true,PASS
square:L3:L7:2651,2651,7-25 rooted state 2651,L3,L7,1623,1623,2647,1627,true,PASS
square:L3:L7:2667,2667,Neapolitan Major ♭5,L3,L7,1639,1639,2663,1643,true,PASS
square:L3:L7:2675,2675,Chromatic Lydian,L3,L7,1643,1643,2667,1651,true,PASS
square:L3:L7:2677,2677,Ionian ♭5,L3,L7,1645,1645,2669,1653,true,PASS
square:L3:L7:2715,2715,Neapolitan Major ♭4,L3,L7,1687,1687,2711,1691,true,PASS
square:L3:L7:2731,2731,Neapolitan Major,L3,L7,1703,1703,2727,1707,true,PASS
square:L3:L7:2739,2739,Rāga Supradhipam,L3,L7,1707,1707,2731,1715,true,PASS
square:L3:L7:2741,2741,Ionian,L3,L7,1709,1709,2733,1717,true,PASS
square:L3:L7:2763,2763,Rāga Sauviram,L3,L7,1735,1735,2759,1739,true,PASS
square:L3:L7:2771,2771,Mela Gamanasrama,L3,L7,1739,1739,2763,1747,true,PASS
square:L3:L7:2773,2773,Lydian,L3,L7,1741,1741,2765,1749,true,PASS
square:L3:L7:2787,2787,Lydian ♭2♯3,L3,L7,1747,1747,2771,1763,true,PASS
square:L3:L7:2789,2789,Lydian ♯3,L3,L7,1749,1749,2773,1765,true,PASS
square:L3:L7:2793,2793,1sus4 & 7⁷,L3,L7,1753,1753,2777,1769,true,PASS
square:L3:L7:2843,2843,Neapolitan Major ♭4♯5,L3,L7,1815,1815,2839,1819,true,PASS
square:L3:L7:2859,2859,Neapolitan Major ♯5,L3,L7,1831,1831,2855,1835,true,PASS
square:L3:L7:2867,2867,7-21 rooted state 2867,L3,L7,1835,1835,2859,1843,true,PASS
square:L3:L7:2869,2869,Major Augmented,L3,L7,1837,1837,2861,1845,true,PASS
square:L3:L7:2891,2891,7-25 rooted state 2891,L3,L7,1863,1863,2887,1867,true,PASS
square:L3:L7:2899,2899,Lydian Augmented ♭2,L3,L7,1867,1867,2891,1875,true,PASS
square:L3:L7:2901,2901,Lydian Augmented,L3,L7,1869,1869,2893,1877,true,PASS
square:L3:L7:2915,2915,Scale 2915,L3,L7,1875,1875,2899,1891,true,PASS
square:L3:L7:2917,2917,Lydian Augmented ♯3,L3,L7,1877,1877,2901,1893,true,PASS
square:L3:L7:2921,2921,Lydian Augmented ♯2♯3,L3,L7,1881,1881,2905,1897,true,PASS
square:L3:L7:2955,2955,Neapolitan Maj 𝄪4♯5,L3,L7,1927,1927,2951,1931,true,PASS
square:L3:L7:2963,2963,Ionian +♭2𝄪4,L3,L7,1931,1931,2955,1939,true,PASS
square:L3:L7:2965,2965,Ionian +𝄪4,L3,L7,1933,1933,2957,1941,true,PASS
square:L3:L7:2979,2979,Ionian +♭2♯3𝄪4,L3,L7,1939,1939,2963,1955,true,PASS
square:L3:L7:2981,2981,Noh,L3,L7,1941,1941,2965,1957,true,PASS
square:L3:L7:2985,2985,Ionian +♯23𝄪4,L3,L7,1945,1945,2969,1961,true,PASS
square:L3:L7:3011,3011,7-5 rooted state 3011,L3,L7,1955,1955,2979,1987,true,PASS
square:L3:L7:3013,3013,Ionian +𝄪34,L3,L7,1957,1957,2981,1989,true,PASS
square:L3:L7:3017,3017,Scale 3017,L3,L7,1961,1961,2985,1993,true,PASS
square:L3:L7:3025,3025,Ionian +𝄪234,L3,L7,1969,1969,2993,2001,true,PASS
square:R4:L4:471,471,Alt 3·6·♭7,R4,L4,471,471,487,463,true,PASS
square:R4:L4:727,727,Triadic Heptatonic 29,R4,L4,727,727,743,719,true,PASS
square:R4:L4:855,855,Ultralocrian 𝄫3,R4,L4,855,855,871,847,true,PASS
square:R4:L4:919,919,Chromatic Phrygian Inverse,R4,L4,919,919,935,911,true,PASS
square:R4:L4:935,935,Kanakangi,R4,L4,935,935,967,919,true,PASS
square:R4:L4:939,939,Rāga Malini,R4,L4,939,939,971,923,true,PASS
square:R4:L4:941,941,Rāga Jhankara Bhramavi,R4,L4,941,941,973,925,true,PASS
square:R4:L4:1239,1239,Alt 𝄫3𝄫6,R4,L4,1239,1239,1255,1231,true,PASS
square:R4:L4:1367,1367,Leading Whole-Tone Inverse,R4,L4,1367,1367,1383,1359,true,PASS
square:R4:L4:1431,1431,Astrocyte,R4,L4,1431,1431,1447,1423,true,PASS
square:R4:L4:1447,1447,Rāga Phenadyuti,R4,L4,1447,1447,1479,1431,true,PASS
square:R4:L4:1451,1451,Phrygian,R4,L4,1451,1451,1483,1435,true,PASS
square:R4:L4:1453,1453,Aeolian,R4,L4,1453,1453,1485,1437,true,PASS
square:R4:L4:1623,1623,Alt ♮63,R4,L4,1623,1623,1639,1615,true,PASS
square:R4:L4:1687,1687,Midlocrian,R4,L4,1687,1687,1703,1679,true,PASS
square:R4:L4:1703,1703,Rāga Bhanumati,R4,L4,1703,1703,1735,1687,true,PASS
square:R4:L4:1707,1707,Dorian ♭2,R4,L4,1707,1707,1739,1691,true,PASS
square:R4:L4:1709,1709,Dorian,R4,L4,1709,1709,1741,1693,true,PASS
square:R4:L4:1815,1815,Scale 1815,R4,L4,1815,1815,1831,1807,true,PASS
square:R4:L4:1831,1831,Dominant +♭2𝄫3,R4,L4,1831,1831,1863,1815,true,PASS
square:R4:L4:1835,1835,Dorian +♭2,R4,L4,1835,1835,1867,1819,true,PASS
square:R4:L4:1837,1837,Dorian Augmented,R4,L4,1837,1837,1869,1821,true,PASS
square:R4:L4:1863,1863,Scale 1863,R4,L4,1863,1863,1927,1831,true,PASS
square:R4:L4:1867,1867,Lydian 7+♭23,R4,L4,1867,1867,1931,1835,true,PASS
square:R4:L4:1869,1869,Lydian 7+♭3,R4,L4,1869,1869,1933,1837,true,PASS
square:R4:L4:1875,1875,Persichetti,R4,L4,1875,1875,1939,1843,true,PASS
square:R4:L4:1877,1877,Aeroptian,R4,L4,1877,1877,1941,1845,true,PASS
square:R4:L4:1881,1881,Lydian 7+♯2,R4,L4,1881,1881,1945,1849,true,PASS
square:R4:L4:2263,2263,Phlegmatic Minor,R4,L4,2263,2263,2279,2255,true,PASS
square:R4:L4:2391,2391,Phlegmatic,R4,L4,2391,2391,2407,2383,true,PASS
square:R4:L4:2455,2455,7-Z18 rooted state 2455,R4,L4,2455,2455,2471,2447,true,PASS
square:R4:L4:2471,2471,7-19 rooted state 2471,R4,L4,2471,2471,2503,2455,true,PASS
square:R4:L4:2475,2475,Neapolitan Minor,R4,L4,2475,2475,2507,2459,true,PASS
square:R4:L4:2477,2477,Harmonic Minor,R4,L4,2477,2477,2509,2461,true,PASS
square:R4:L4:2647,2647,Bohemian,R4,L4,2647,2647,2663,2639,true,PASS
square:R4:L4:2711,2711,Erratic,R4,L4,2711,2711,2727,2703,true,PASS
square:R4:L4:2727,2727,Rāga Manoranjani,R4,L4,2727,2727,2759,2711,true,PASS
square:R4:L4:2731,2731,Neapolitan Major,R4,L4,2731,2731,2763,2715,true,PASS
square:R4:L4:2733,2733,Melodic Minor,R4,L4,2733,2733,2765,2717,true,PASS
square:R4:L4:2839,2839,Kaikian Mode V,R4,L4,2839,2839,2855,2831,true,PASS
square:R4:L4:2855,2855,Ionian +♭2𝄫3,R4,L4,2855,2855,2887,2839,true,PASS
square:R4:L4:2859,2859,Neapolitan Major ♯5,R4,L4,2859,2859,2891,2843,true,PASS
square:R4:L4:2861,2861,Melodic +,R4,L4,2861,2861,2893,2845,true,PASS
square:R4:L4:2887,2887,Zephyrean Mode VI,R4,L4,2887,2887,2951,2855,true,PASS
square:R4:L4:2891,2891,7-25 rooted state 2891,R4,L4,2891,2891,2955,2859,true,PASS
square:R4:L4:2893,2893,Lydian Augmented ♭3,R4,L4,2893,2893,2957,2861,true,PASS
square:R4:L4:2899,2899,Lydian Augmented ♭2,R4,L4,2899,2899,2963,2867,true,PASS
square:R4:L4:2901,2901,Lydian Augmented,R4,L4,2901,2901,2965,2869,true,PASS
square:R4:L4:2905,2905,Aeolian Flat,R4,L4,2905,2905,2969,2873,true,PASS
square:R4:L4:3159,3159,Alt ♮7♯6𝄫3,R4,L4,3159,3159,3175,3151,true,PASS
square:R4:L4:3223,3223,Alt ♮57♯63,R4,L4,3223,3223,3239,3215,true,PASS
square:R4:L4:3239,3239,Rāga Tanukirti,R4,L4,3239,3239,3271,3223,true,PASS
square:R4:L4:3243,3243,Mela Rupavati,R4,L4,3243,3243,3275,3227,true,PASS
square:R4:L4:3245,3245,Rāga Daulati,R4,L4,3245,3245,3277,3229,true,PASS
square:R4:L4:3351,3351,Crater Scale,R4,L4,3351,3351,3367,3343,true,PASS
square:R4:L4:3367,3367,Neapolitan Major 3♯5♯6,R4,L4,3367,3367,3399,3351,true,PASS
square:R4:L4:3371,3371,Neapolitan Maj ♯5♯6,R4,L4,3371,3371,3403,3355,true,PASS
square:R4:L4:3373,3373,Melodic +♯6,R4,L4,3373,3373,3405,3357,true,PASS
square:R4:L4:3399,3399,Phrygian +𝄫3,R4,L4,3399,3399,3463,3367,true,PASS
square:R4:L4:3403,3403,Enigmatic Minor,R4,L4,3403,3403,3467,3371,true,PASS
square:R4:L4:3405,3405,Phrygian +♮2,R4,L4,3405,3405,3469,3373,true,PASS
square:R4:L4:3411,3411,Enigmatic,R4,L4,3411,3411,3475,3379,true,PASS
square:R4:L4:3413,3413,Leading Whole-Tone,R4,L4,3413,3413,3477,3381,true,PASS
square:R4:L4:3417,3417,Lydian +♯26,R4,L4,3417,3417,3481,3385,true,PASS
square:R4:L4:3607,3607,Alt ♮7♯653,R4,L4,3607,3607,3623,3599,true,PASS
square:R4:L4:3623,3623,7-3 rooted state 3623,R4,L4,3623,3623,3655,3607,true,PASS
square:R4:L4:3627,3627,Neapolitan Maj 5♯6,R4,L4,3627,3627,3659,3611,true,PASS
square:R4:L4:3629,3629,Melodic 𝄪5♯6,R4,L4,3629,3629,3661,3613,true,PASS
square:R4:L4:3655,3655,7-3 rooted state 3655,R4,L4,3655,3655,3719,3623,true,PASS
square:R4:L4:3659,3659,Phrygian +5,R4,L4,3659,3659,3723,3627,true,PASS
square:R4:L4:3661,3661,Melodic ♯4𝄪5♯6,R4,L4,3661,3661,3725,3629,true,PASS
square:R4:L4:3667,3667,Lydian ♭25♯6,R4,L4,3667,3667,3731,3635,true,PASS
square:R4:L4:3669,3669,Ionian ♯4𝄪5♯6,R4,L4,3669,3669,3733,3637,true,PASS
square:R4:L4:3673,3673,Scale 3673,R4,L4,3673,3673,3737,3641,true,PASS
square:R4:L4:3719,3719,Phrygian +𝄫3𝄪45,R4,L4,3719,3719,3847,3655,true,PASS
square:R4:L4:3723,3723,Phrygian +45,R4,L4,3723,3723,3851,3659,true,PASS
square:R4:L4:3725,3725,Eurean Mode VI,R4,L4,3725,3725,3853,3661,true,PASS
square:R4:L4:3731,3731,Aeryrian,R4,L4,3731,3731,3859,3667,true,PASS
square:R4:L4:3733,3733,Ionian 𝄪4𝄪5♯6,R4,L4,3733,3733,3861,3669,true,PASS
square:R4:L4:3737,3737,Scale 3737,R4,L4,3737,3737,3865,3673,true,PASS
square:R4:L4:3747,3747,Superlydian Augmented ♭2𝄪4𝄪5,R4,L4,3747,3747,3875,3683,true,PASS
square:R4:L4:3749,3749,Rāga Sorati,R4,L4,3749,3749,3877,3685,true,PASS
square:R4:L4:3753,3753,Superaugmented ♯3𝄪4𝄪5,R4,L4,3753,3753,3881,3689,true,PASS
square:R4:L4:3761,3761,Rāga Madhuri,R4,L4,3761,3761,3889,3697,true,PASS
square:R4:R5:431,431,Infra-Alt 7,R4,R5,471,471,439,463,true,PASS
square:R4:R5:687,687,Alt ♭♭3♭♭4♭♭5♭♭6♭♭7,R4,R5,727,727,695,719,true,PASS
square:R4:R5:815,815,Scale 815,R4,R5,855,855,823,847,true,PASS
square:R4:R5:847,847,Scale 847,R4,R5,919,919,855,911,true,PASS
square:R4:R5:855,855,Ultralocrian 𝄫3,R4,R5,935,935,871,919,true,PASS
square:R4:R5:859,859,Ultralocrian,R4,R5,939,939,875,923,true,PASS
square:R4:R5:861,861,Superlocrian ♮2𝄫7,R4,R5,941,941,877,925,true,PASS
square:R4:R5:1199,1199,Alt ♭♭3♭♭4♭♭5♭♭6,R4,R5,1239,1239,1207,1231,true,PASS
square:R4:R5:1327,1327,Lipsean Mode IV,R4,R5,1367,1367,1335,1359,true,PASS
square:R4:R5:1359,1359,"Alt double-flat 3, double-flat 4",R4,R5,1431,1431,1367,1423,true,PASS
square:R4:R5:1367,1367,Leading Whole-Tone Inverse,R4,R5,1447,1447,1383,1431,true,PASS
square:R4:R5:1371,1371,Superlocrian,R4,R5,1451,1451,1387,1435,true,PASS
square:R4:R5:1373,1373,Storian,R4,R5,1453,1453,1389,1437,true,PASS
square:R4:R5:1583,1583,Alt ♮6♭♭3♭4♭5,R4,R5,1623,1623,1591,1615,true,PASS
square:R4:R5:1615,1615,Sydian (Alt ♮6𝄫34),R4,R5,1687,1687,1623,1679,true,PASS
square:R4:R5:1623,1623,Alt ♮63,R4,R5,1703,1703,1639,1687,true,PASS
square:R4:R5:1627,1627,Superlocrian ♯6,R4,R5,1707,1707,1643,1691,true,PASS
square:R4:R5:1629,1629,Dorian Blues,R4,R5,1709,1709,1645,1693,true,PASS
square:R4:R5:1679,1679,Zephyrean Mode V,R4,R5,1815,1815,1687,1807,true,PASS
square:R4:R5:1687,1687,Midlocrian,R4,R5,1831,1831,1703,1815,true,PASS
square:R4:R5:1691,1691,Dorian ♭2♭4,R4,R5,1835,1835,1707,1819,true,PASS
square:R4:R5:1693,1693,Dorian ♭4,R4,R5,1837,1837,1709,1821,true,PASS
square:R4:R5:1703,1703,Rāga Bhanumati,R4,R5,1863,1863,1735,1831,true,PASS
square:R4:R5:1707,1707,Dorian ♭2,R4,R5,1867,1867,1739,1835,true,PASS
square:R4:R5:1709,1709,Dorian,R4,R5,1869,1869,1741,1837,true,PASS
square:R4:R5:1715,1715,Dominant ♭2,R4,R5,1875,1875,1747,1843,true,PASS
square:R4:R5:1717,1717,Mixolydian,R4,R5,1877,1877,1749,1845,true,PASS
square:R4:R5:1721,1721,Rāga Ganavaridhi,R4,R5,1881,1881,1753,1849,true,PASS
square:R4:R5:2223,2223,Arcadian Minor,R4,R5,2263,2263,2231,2255,true,PASS
square:R4:R5:2351,2351,Alt ♮7345,R4,R5,2391,2391,2359,2383,true,PASS
square:R4:R5:2383,2383,Alt ♮734,R4,R5,2455,2455,2391,2447,true,PASS
square:R4:R5:2391,2391,Phlegmatic,R4,R5,2471,2471,2407,2455,true,PASS
square:R4:R5:2395,2395,Alt ♮7,R4,R5,2475,2475,2411,2459,true,PASS
square:R4:R5:2397,2397,Eccentric,R4,R5,2477,2477,2413,2461,true,PASS
square:R4:R5:2607,2607,Alt ♮67345,R4,R5,2647,2647,2615,2639,true,PASS
square:R4:R5:2639,2639,Alt ♮6734,R4,R5,2711,2711,2647,2703,true,PASS
square:R4:R5:2647,2647,Bohemian,R4,R5,2727,2727,2663,2711,true,PASS
square:R4:R5:2651,2651,7-25 rooted state 2651,R4,R5,2731,2731,2667,2715,true,PASS
square:R4:R5:2653,2653,Nomadic,R4,R5,2733,2733,2669,2717,true,PASS
square:R4:R5:2703,2703,Erratic Minor,R4,R5,2839,2839,2711,2831,true,PASS
square:R4:R5:2711,2711,Erratic,R4,R5,2855,2855,2727,2839,true,PASS
square:R4:R5:2715,2715,Neapolitan Major ♭4,R4,R5,2859,2859,2731,2843,true,PASS
square:R4:R5:2717,2717,Melodic ♭4,R4,R5,2861,2861,2733,2845,true,PASS
square:R4:R5:2727,2727,Rāga Manoranjani,R4,R5,2887,2887,2759,2855,true,PASS
square:R4:R5:2731,2731,Neapolitan Major,R4,R5,2891,2891,2763,2859,true,PASS
square:R4:R5:2733,2733,Melodic Minor,R4,R5,2893,2893,2765,2861,true,PASS
square:R4:R5:2739,2739,Rāga Supradhipam,R4,R5,2899,2899,2771,2867,true,PASS
square:R4:R5:2741,2741,Ionian,R4,R5,2901,2901,2773,2869,true,PASS
square:R4:R5:2745,2745,Rāga Sailadesakshi,R4,R5,2905,2905,2777,2873,true,PASS
square:R4:R5:3119,3119,Alt ♮7♯6345,R4,R5,3159,3159,3127,3151,true,PASS
square:R4:R5:3151,3151,7-3 rooted state 3151,R4,R5,3223,3223,3159,3215,true,PASS
square:R4:R5:3159,3159,Alt ♮7♯6𝄫3,R4,R5,3239,3239,3175,3223,true,PASS
square:R4:R5:3163,3163,Alt ♮7♯6,R4,R5,3243,3243,3179,3227,true,PASS
square:R4:R5:3165,3165,Scale 3165,R4,R5,3245,3245,3181,3229,true,PASS
square:R4:R5:3215,3215,7-3 rooted state 3215,R4,R5,3351,3351,3223,3343,true,PASS
square:R4:R5:3223,3223,Alt ♮57♯63,R4,R5,3367,3367,3239,3351,true,PASS
square:R4:R5:3227,3227,Neapolitan Major ♭4♯6,R4,R5,3371,3371,3243,3355,true,PASS
square:R4:R5:3229,3229,Varunapriya ♭4,R4,R5,3373,3373,3245,3357,true,PASS
square:R4:R5:3239,3239,Rāga Tanukirti,R4,R5,3399,3399,3271,3367,true,PASS
square:R4:R5:3243,3243,Mela Rupavati,R4,R5,3403,3403,3275,3371,true,PASS
square:R4:R5:3245,3245,Rāga Daulati,R4,R5,3405,3405,3277,3373,true,PASS
square:R4:R5:3251,3251,7-19 rooted state 3251,R4,R5,3411,3411,3283,3379,true,PASS
square:R4:R5:3253,3253,Mela Naganandini,R4,R5,3413,3413,3285,3381,true,PASS
square:R4:R5:3257,3257,Rāga Madhuranjani,R4,R5,3417,3417,3289,3385,true,PASS
square:R4:R5:3343,3343,Phrygian +34,R4,R5,3607,3607,3351,3599,true,PASS
square:R4:R5:3351,3351,Crater Scale,R4,R5,3623,3623,3367,3607,true,PASS
square:R4:R5:3355,3355,Phrygian +♭4,R4,R5,3627,3627,3371,3611,true,PASS
square:R4:R5:3357,3357,Scale 3357,R4,R5,3629,3629,3373,3613,true,PASS
square:R4:R5:3367,3367,Neapolitan Major 3♯5♯6,R4,R5,3655,3655,3399,3623,true,PASS
square:R4:R5:3371,3371,Neapolitan Maj ♯5♯6,R4,R5,3659,3659,3403,3627,true,PASS
square:R4:R5:3373,3373,Melodic +♯6,R4,R5,3661,3661,3405,3629,true,PASS
square:R4:R5:3379,3379,7-Z18 rooted state 3379,R4,R5,3667,3667,3411,3635,true,PASS
square:R4:R5:3381,3381,Ionian +♯6,R4,R5,3669,3669,3413,3637,true,PASS
square:R4:R5:3385,3385,Chromatic Phrygian,R4,R5,3673,3673,3417,3641,true,PASS
square:R4:R5:3399,3399,Phrygian +𝄫3,R4,R5,3719,3719,3463,3655,true,PASS
square:R4:R5:3403,3403,Enigmatic Minor,R4,R5,3723,3723,3467,3659,true,PASS
square:R4:R5:3405,3405,Phrygian +♮2,R4,R5,3725,3725,3469,3661,true,PASS
square:R4:R5:3411,3411,Enigmatic,R4,R5,3731,3731,3475,3667,true,PASS
square:R4:R5:3413,3413,Leading Whole-Tone,R4,R5,3733,3733,3477,3669,true,PASS
square:R4:R5:3417,3417,Lydian +♯26,R4,R5,3737,3737,3481,3673,true,PASS
square:R4:R5:3427,3427,Phrygian +♯3,R4,R5,3747,3747,3491,3683,true,PASS
square:R4:R5:3429,3429,Lydian +♯36,R4,R5,3749,3749,3493,3685,true,PASS
square:R4:R5:3433,3433,Superlydian Augmented,R4,R5,3753,3753,3497,3689,true,PASS
square:R4:R5:3441,3441,Superlydian Augmented ♯2,R4,R5,3761,3761,3505,3697,true,PASS
square:R4:L5:463,463,Scale 463,R4,L5,439,439,471,431,true,PASS
square:R4:L5:719,719,1MI & 2Δ7,R4,L5,695,695,727,687,true,PASS
square:R4:L5:847,847,Scale 847,R4,L5,823,823,855,815,true,PASS
square:R4:L5:911,911,Phrygian 𝄫3𝄫4𝄫7,R4,L5,855,855,919,847,true,PASS
square:R4:L5:919,919,Chromatic Phrygian Inverse,R4,L5,871,871,935,855,true,PASS
square:R4:L5:923,923,Alt ♮5𝄫7,R4,L5,875,875,939,859,true,PASS
square:R4:L5:925,925,Chromatic Hypodorian,R4,L5,877,877,941,861,true,PASS
square:R4:L5:1231,1231,7-Z18 rooted state 1231,R4,L5,1207,1207,1239,1199,true,PASS
square:R4:L5:1359,1359,"Alt double-flat 3, double-flat 4",R4,L5,1335,1335,1367,1327,true,PASS
square:R4:L5:1423,1423,Alt ♮5♭♭3♭4,R4,L5,1367,1367,1431,1359,true,PASS
square:R4:L5:1431,1431,Astrocyte,R4,L5,1383,1383,1447,1367,true,PASS
square:R4:L5:1435,1435,Maqam Saba Zamzam,R4,L5,1387,1387,1451,1371,true,PASS
square:R4:L5:1437,1437,Sabach,R4,L5,1389,1389,1453,1373,true,PASS
square:R4:L5:1615,1615,Sydian (Alt ♮6𝄫34),R4,L5,1591,1591,1623,1583,true,PASS
square:R4:L5:1679,1679,Zephyrean Mode V,R4,L5,1623,1623,1687,1615,true,PASS
square:R4:L5:1687,1687,Midlocrian,R4,L5,1639,1639,1703,1623,true,PASS
square:R4:L5:1691,1691,Dorian ♭2♭4,R4,L5,1643,1643,1707,1627,true,PASS
square:R4:L5:1693,1693,Dorian ♭4,R4,L5,1645,1645,1709,1629,true,PASS
square:R4:L5:1807,1807,7-5 rooted state 1807,R4,L5,1687,1687,1815,1679,true,PASS
square:R4:L5:1815,1815,Scale 1815,R4,L5,1703,1703,1831,1687,true,PASS
square:R4:L5:1819,1819,Alt ♮6♯5,R4,L5,1707,1707,1835,1691,true,PASS
square:R4:L5:1821,1821,Dorian +♭4,R4,L5,1709,1709,1837,1693,true,PASS
square:R4:L5:1831,1831,Dominant +♭2𝄫3,R4,L5,1735,1735,1863,1703,true,PASS
square:R4:L5:1835,1835,Dorian +♭2,R4,L5,1739,1739,1867,1707,true,PASS
square:R4:L5:1837,1837,Dorian Augmented,R4,L5,1741,1741,1869,1709,true,PASS
square:R4:L5:1843,1843,7-21 rooted state 1843,R4,L5,1747,1747,1875,1715,true,PASS
square:R4:L5:1845,1845,Mixolydian Augmented,R4,L5,1749,1749,1877,1717,true,PASS
square:R4:L5:1849,1849,Rāga Dvigandharabushini,R4,L5,1753,1753,1881,1721,true,PASS
square:R4:L5:2255,2255,Alt ♮7346,R4,L5,2231,2231,2263,2223,true,PASS
square:R4:L5:2383,2383,Alt ♮734,R4,L5,2359,2359,2391,2351,true,PASS
square:R4:L5:2447,2447,Alt ♮5734,R4,L5,2391,2391,2455,2383,true,PASS
square:R4:L5:2455,2455,7-Z18 rooted state 2455,R4,L5,2407,2407,2471,2391,true,PASS
square:R4:L5:2459,2459,7-21 rooted state 2459,R4,L5,2411,2411,2475,2395,true,PASS
square:R4:L5:2461,2461,7-21 rooted state 2461,R4,L5,2413,2413,2477,2397,true,PASS
square:R4:L5:2639,2639,Alt ♮6734,R4,L5,2615,2615,2647,2607,true,PASS
square:R4:L5:2703,2703,Erratic Minor,R4,L5,2647,2647,2711,2639,true,PASS
square:R4:L5:2711,2711,Erratic,R4,L5,2663,2663,2727,2647,true,PASS
square:R4:L5:2715,2715,Neapolitan Major ♭4,R4,L5,2667,2667,2731,2651,true,PASS
square:R4:L5:2717,2717,Melodic ♭4,R4,L5,2669,2669,2733,2653,true,PASS
square:R4:L5:2831,2831,7-4 rooted state 2831,R4,L5,2711,2711,2839,2703,true,PASS
square:R4:L5:2839,2839,Kaikian Mode V,R4,L5,2727,2727,2855,2711,true,PASS
square:R4:L5:2843,2843,Neapolitan Major ♭4♯5,R4,L5,2731,2731,2859,2715,true,PASS
square:R4:L5:2845,2845,Melodic +♭4,R4,L5,2733,2733,2861,2717,true,PASS
square:R4:L5:2855,2855,Ionian +♭2𝄫3,R4,L5,2759,2759,2887,2727,true,PASS
square:R4:L5:2859,2859,Neapolitan Major ♯5,R4,L5,2763,2763,2891,2731,true,PASS
square:R4:L5:2861,2861,Melodic +,R4,L5,2765,2765,2893,2733,true,PASS
square:R4:L5:2867,2867,7-21 rooted state 2867,R4,L5,2771,2771,2899,2739,true,PASS
square:R4:L5:2869,2869,Major Augmented,R4,L5,2773,2773,2901,2741,true,PASS
square:R4:L5:2873,2873,Ionian Augmented ♯2,R4,L5,2777,2777,2905,2745,true,PASS
square:R4:L5:3151,3151,7-3 rooted state 3151,R4,L5,3127,3127,3159,3119,true,PASS
square:R4:L5:3215,3215,7-3 rooted state 3215,R4,L5,3159,3159,3223,3151,true,PASS
square:R4:L5:3223,3223,Alt ♮57♯63,R4,L5,3175,3175,3239,3159,true,PASS
square:R4:L5:3227,3227,Neapolitan Major ♭4♯6,R4,L5,3179,3179,3243,3163,true,PASS
square:R4:L5:3229,3229,Varunapriya ♭4,R4,L5,3181,3181,3245,3165,true,PASS
square:R4:L5:3343,3343,Phrygian +34,R4,L5,3223,3223,3351,3215,true,PASS
square:R4:L5:3351,3351,Crater Scale,R4,L5,3239,3239,3367,3223,true,PASS
square:R4:L5:3355,3355,Phrygian +♭4,R4,L5,3243,3243,3371,3227,true,PASS
square:R4:L5:3357,3357,Scale 3357,R4,L5,3245,3245,3373,3229,true,PASS
square:R4:L5:3367,3367,Neapolitan Major 3♯5♯6,R4,L5,3271,3271,3399,3239,true,PASS
square:R4:L5:3371,3371,Neapolitan Maj ♯5♯6,R4,L5,3275,3275,3403,3243,true,PASS
square:R4:L5:3373,3373,Melodic +♯6,R4,L5,3277,3277,3405,3245,true,PASS
square:R4:L5:3379,3379,7-Z18 rooted state 3379,R4,L5,3283,3283,3411,3251,true,PASS
square:R4:L5:3381,3381,Ionian +♯6,R4,L5,3285,3285,3413,3253,true,PASS
square:R4:L5:3385,3385,Chromatic Phrygian,R4,L5,3289,3289,3417,3257,true,PASS
square:R4:L5:3599,3599,7-1 terminal cluster state 3599,R4,L5,3351,3351,3607,3343,true,PASS
square:R4:L5:3607,3607,Alt ♮7♯653,R4,L5,3367,3367,3623,3351,true,PASS
square:R4:L5:3611,3611,7-4 rooted state 3611,R4,L5,3371,3371,3627,3355,true,PASS
square:R4:L5:3613,3613,7-5 rooted state 3613,R4,L5,3373,3373,3629,3357,true,PASS
square:R4:L5:3623,3623,7-3 rooted state 3623,R4,L5,3399,3399,3655,3367,true,PASS
square:R4:L5:3627,3627,Neapolitan Maj 5♯6,R4,L5,3403,3403,3659,3371,true,PASS
square:R4:L5:3629,3629,Melodic 𝄪5♯6,R4,L5,3405,3405,3661,3373,true,PASS
square:R4:L5:3635,3635,Ionian ♭25♯6,R4,L5,3411,3411,3667,3379,true,PASS
square:R4:L5:3637,3637,Rāga Rageshri,R4,L5,3413,3413,3669,3381,true,PASS
square:R4:L5:3641,3641,Ionian ♯2𝄪5♯6,R4,L5,3417,3417,3673,3385,true,PASS
square:R4:L5:3655,3655,7-3 rooted state 3655,R4,L5,3463,3463,3719,3399,true,PASS
square:R4:L5:3659,3659,Phrygian +5,R4,L5,3467,3467,3723,3403,true,PASS
square:R4:L5:3661,3661,Melodic ♯4𝄪5♯6,R4,L5,3469,3469,3725,3405,true,PASS
square:R4:L5:3667,3667,Lydian ♭25♯6,R4,L5,3475,3475,3731,3411,true,PASS
square:R4:L5:3669,3669,Ionian ♯4𝄪5♯6,R4,L5,3477,3477,3733,3413,true,PASS
square:R4:L5:3673,3673,Scale 3673,R4,L5,3481,3481,3737,3417,true,PASS
square:R4:L5:3683,3683,Phrygian +♯35,R4,L5,3491,3491,3747,3427,true,PASS
square:R4:L5:3685,3685,7-Z18 rooted state 3685,R4,L5,3493,3493,3749,3429,true,PASS
square:R4:L5:3689,3689,Scale 3689,R4,L5,3497,3497,3753,3433,true,PASS
square:R4:L5:3697,3697,Scale 3697,R4,L5,3505,3505,3761,3441,true,PASS
square:R4:R6:367,367,Infra-Alt 67,R4,R6,439,439,375,431,true,PASS
square:R4:R6:623,623,Infra-Alt 6,R4,R6,695,695,631,687,true,PASS
square:R4:R6:687,687,Alt ♭♭3♭♭4♭♭5♭♭6♭♭7,R4,R6,823,823,695,815,true,PASS
square:R4:R6:719,719,1MI & 2Δ7,R4,R6,855,855,727,847,true,PASS
square:R4:R6:727,727,Triadic Heptatonic 29,R4,R6,871,871,743,855,true,PASS
square:R4:R6:731,731,Alternating Heptamode,R4,R6,875,875,747,859,true,PASS
square:R4:R6:733,733,Superlocrian ♮2♭♭6♭♭7,R4,R6,877,877,749,861,true,PASS
square:R4:R6:1135,1135,Eurean Mode III,R4,R6,1207,1207,1143,1199,true,PASS
square:R4:R6:1199,1199,Alt ♭♭3♭♭4♭♭5♭♭6,R4,R6,1335,1335,1207,1327,true,PASS
square:R4:R6:1231,1231,7-Z18 rooted state 1231,R4,R6,1367,1367,1239,1359,true,PASS
square:R4:R6:1239,1239,Alt 𝄫3𝄫6,R4,R6,1383,1383,1255,1367,true,PASS
square:R4:R6:1243,1243,Alt 6,R4,R6,1387,1387,1259,1371,true,PASS
square:R4:R6:1245,1245,Alt ♮26,R4,R6,1389,1389,1261,1373,true,PASS
square:R4:R6:1327,1327,Lipsean Mode IV,R4,R6,1591,1591,1335,1583,true,PASS
square:R4:R6:1359,1359,"Alt double-flat 3, double-flat 4",R4,R6,1623,1623,1367,1615,true,PASS
square:R4:R6:1367,1367,Leading Whole-Tone Inverse,R4,R6,1639,1639,1383,1623,true,PASS
square:R4:R6:1371,1371,Superlocrian,R4,R6,1643,1643,1387,1627,true,PASS
square:R4:R6:1373,1373,Storian,R4,R6,1645,1645,1389,1629,true,PASS
square:R4:R6:1423,1423,Alt ♮5♭♭3♭4,R4,R6,1687,1687,1431,1679,true,PASS
square:R4:R6:1431,1431,Astrocyte,R4,R6,1703,1703,1447,1687,true,PASS
square:R4:R6:1435,1435,Maqam Saba Zamzam,R4,R6,1707,1707,1451,1691,true,PASS
square:R4:R6:1437,1437,Sabach,R4,R6,1709,1709,1453,1693,true,PASS
square:R4:R6:1447,1447,Rāga Phenadyuti,R4,R6,1735,1735,1479,1703,true,PASS
square:R4:R6:1451,1451,Phrygian,R4,R6,1739,1739,1483,1707,true,PASS
square:R4:R6:1453,1453,Aeolian,R4,R6,1741,1741,1485,1709,true,PASS
square:R4:R6:1459,1459,Phrygian Dominant,R4,R6,1747,1747,1491,1715,true,PASS
square:R4:R6:1461,1461,Mixolydian ♭6,R4,R6,1749,1749,1493,1717,true,PASS
square:R4:R6:1465,1465,Rāga Cudamani,R4,R6,1753,1753,1497,1721,true,PASS
square:R4:R6:2159,2159,7-4 rooted state 2159,R4,R6,2231,2231,2167,2223,true,PASS
square:R4:R6:2223,2223,Arcadian Minor,R4,R6,2359,2359,2231,2351,true,PASS
square:R4:R6:2255,2255,Alt ♮7346,R4,R6,2391,2391,2263,2383,true,PASS
square:R4:R6:2263,2263,Phlegmatic Minor,R4,R6,2407,2407,2279,2391,true,PASS
square:R4:R6:2267,2267,Scale 2267,R4,R6,2411,2411,2283,2395,true,PASS
square:R4:R6:2269,2269,Nomadic Minor,R4,R6,2413,2413,2285,2397,true,PASS
square:R4:R6:2351,2351,Alt ♮7345,R4,R6,2615,2615,2359,2607,true,PASS
square:R4:R6:2383,2383,Alt ♮734,R4,R6,2647,2647,2391,2639,true,PASS
square:R4:R6:2391,2391,Phlegmatic,R4,R6,2663,2663,2407,2647,true,PASS
square:R4:R6:2395,2395,Alt ♮7,R4,R6,2667,2667,2411,2651,true,PASS
square:R4:R6:2397,2397,Eccentric,R4,R6,2669,2669,2413,2653,true,PASS
square:R4:R6:2447,2447,Alt ♮5734,R4,R6,2711,2711,2455,2703,true,PASS
square:R4:R6:2455,2455,7-Z18 rooted state 2455,R4,R6,2727,2727,2471,2711,true,PASS
square:R4:R6:2459,2459,7-21 rooted state 2459,R4,R6,2731,2731,2475,2715,true,PASS
square:R4:R6:2461,2461,7-21 rooted state 2461,R4,R6,2733,2733,2477,2717,true,PASS
square:R4:R6:2471,2471,7-19 rooted state 2471,R4,R6,2759,2759,2503,2727,true,PASS
square:R4:R6:2475,2475,Neapolitan Minor,R4,R6,2763,2763,2507,2731,true,PASS
square:R4:R6:2477,2477,Harmonic Minor,R4,R6,2765,2765,2509,2733,true,PASS
square:R4:R6:2483,2483,Double Harmonic,R4,R6,2771,2771,2515,2739,true,PASS
square:R4:R6:2485,2485,Harmonic Major,R4,R6,2773,2773,2517,2741,true,PASS
square:R4:R6:2489,2489,Scale 2489,R4,R6,2777,2777,2521,2745,true,PASS
square:R4:R6:2607,2607,Alt ♮67345,R4,R6,3127,3127,2615,3119,true,PASS
square:R4:R6:2639,2639,Alt ♮6734,R4,R6,3159,3159,2647,3151,true,PASS
square:R4:R6:2647,2647,Bohemian,R4,R6,3175,3175,2663,3159,true,PASS
square:R4:R6:2651,2651,7-25 rooted state 2651,R4,R6,3179,3179,2667,3163,true,PASS
square:R4:R6:2653,2653,Nomadic,R4,R6,3181,3181,2669,3165,true,PASS
square:R4:R6:2703,2703,Erratic Minor,R4,R6,3223,3223,2711,3215,true,PASS
square:R4:R6:2711,2711,Erratic,R4,R6,3239,3239,2727,3223,true,PASS
square:R4:R6:2715,2715,Neapolitan Major ♭4,R4,R6,3243,3243,2731,3227,true,PASS
square:R4:R6:2717,2717,Melodic ♭4,R4,R6,3245,3245,2733,3229,true,PASS
square:R4:R6:2727,2727,Rāga Manoranjani,R4,R6,3271,3271,2759,3239,true,PASS
square:R4:R6:2731,2731,Neapolitan Major,R4,R6,3275,3275,2763,3243,true,PASS
square:R4:R6:2733,2733,Melodic Minor,R4,R6,3277,3277,2765,3245,true,PASS
square:R4:R6:2739,2739,Rāga Supradhipam,R4,R6,3283,3283,2771,3251,true,PASS
square:R4:R6:2741,2741,Ionian,R4,R6,3285,3285,2773,3253,true,PASS
square:R4:R6:2745,2745,Rāga Sailadesakshi,R4,R6,3289,3289,2777,3257,true,PASS
square:R4:R6:2831,2831,7-4 rooted state 2831,R4,R6,3351,3351,2839,3343,true,PASS
square:R4:R6:2839,2839,Kaikian Mode V,R4,R6,3367,3367,2855,3351,true,PASS
square:R4:R6:2843,2843,Neapolitan Major ♭4♯5,R4,R6,3371,3371,2859,3355,true,PASS
square:R4:R6:2845,2845,Melodic +♭4,R4,R6,3373,3373,2861,3357,true,PASS
square:R4:R6:2855,2855,Ionian +♭2𝄫3,R4,R6,3399,3399,2887,3367,true,PASS
square:R4:R6:2859,2859,Neapolitan Major ♯5,R4,R6,3403,3403,2891,3371,true,PASS
square:R4:R6:2861,2861,Melodic +,R4,R6,3405,3405,2893,3373,true,PASS
square:R4:R6:2867,2867,7-21 rooted state 2867,R4,R6,3411,3411,2899,3379,true,PASS
square:R4:R6:2869,2869,Major Augmented,R4,R6,3413,3413,2901,3381,true,PASS
square:R4:R6:2873,2873,Ionian Augmented ♯2,R4,R6,3417,3417,2905,3385,true,PASS
square:R4:R6:2887,2887,Zephyrean Mode VI,R4,R6,3463,3463,2951,3399,true,PASS
square:R4:R6:2891,2891,7-25 rooted state 2891,R4,R6,3467,3467,2955,3403,true,PASS
square:R4:R6:2893,2893,Lydian Augmented ♭3,R4,R6,3469,3469,2957,3405,true,PASS
square:R4:R6:2899,2899,Lydian Augmented ♭2,R4,R6,3475,3475,2963,3411,true,PASS
square:R4:R6:2901,2901,Lydian Augmented,R4,R6,3477,3477,2965,3413,true,PASS
square:R4:R6:2905,2905,Aeolian Flat,R4,R6,3481,3481,2969,3417,true,PASS
square:R4:R6:2915,2915,Scale 2915,R4,R6,3491,3491,2979,3427,true,PASS
square:R4:R6:2917,2917,Lydian Augmented ♯3,R4,R6,3493,3493,2981,3429,true,PASS
square:R4:R6:2921,2921,Lydian Augmented ♯2♯3,R4,R6,3497,3497,2985,3433,true,PASS
square:R4:R6:2929,2929,Lydian +♯32,R4,R6,3505,3505,2993,3441,true,PASS
square:R4:L6:431,431,Infra-Alt 7,R4,L6,375,375,439,367,true,PASS
square:R4:L6:687,687,Alt ♭♭3♭♭4♭♭5♭♭6♭♭7,R4,L6,631,631,695,623,true,PASS
square:R4:L6:815,815,Scale 815,R4,L6,695,695,823,687,true,PASS
square:R4:L6:847,847,Scale 847,R4,L6,727,727,855,719,true,PASS
square:R4:L6:855,855,Ultralocrian 𝄫3,R4,L6,743,743,871,727,true,PASS
square:R4:L6:859,859,Ultralocrian,R4,L6,747,747,875,731,true,PASS
square:R4:L6:861,861,Superlocrian ♮2𝄫7,R4,L6,749,749,877,733,true,PASS
square:R4:L6:1199,1199,Alt ♭♭3♭♭4♭♭5♭♭6,R4,L6,1143,1143,1207,1135,true,PASS
square:R4:L6:1327,1327,Lipsean Mode IV,R4,L6,1207,1207,1335,1199,true,PASS
square:R4:L6:1359,1359,"Alt double-flat 3, double-flat 4",R4,L6,1239,1239,1367,1231,true,PASS
square:R4:L6:1367,1367,Leading Whole-Tone Inverse,R4,L6,1255,1255,1383,1239,true,PASS
square:R4:L6:1371,1371,Superlocrian,R4,L6,1259,1259,1387,1243,true,PASS
square:R4:L6:1373,1373,Storian,R4,L6,1261,1261,1389,1245,true,PASS
square:R4:L6:1583,1583,Alt ♮6♭♭3♭4♭5,R4,L6,1335,1335,1591,1327,true,PASS
square:R4:L6:1615,1615,Sydian (Alt ♮6𝄫34),R4,L6,1367,1367,1623,1359,true,PASS
square:R4:L6:1623,1623,Alt ♮63,R4,L6,1383,1383,1639,1367,true,PASS
square:R4:L6:1627,1627,Superlocrian ♯6,R4,L6,1387,1387,1643,1371,true,PASS
square:R4:L6:1629,1629,Dorian Blues,R4,L6,1389,1389,1645,1373,true,PASS
square:R4:L6:1679,1679,Zephyrean Mode V,R4,L6,1431,1431,1687,1423,true,PASS
square:R4:L6:1687,1687,Midlocrian,R4,L6,1447,1447,1703,1431,true,PASS
square:R4:L6:1691,1691,Dorian ♭2♭4,R4,L6,1451,1451,1707,1435,true,PASS
square:R4:L6:1693,1693,Dorian ♭4,R4,L6,1453,1453,1709,1437,true,PASS
square:R4:L6:1703,1703,Rāga Bhanumati,R4,L6,1479,1479,1735,1447,true,PASS
square:R4:L6:1707,1707,Dorian ♭2,R4,L6,1483,1483,1739,1451,true,PASS
square:R4:L6:1709,1709,Dorian,R4,L6,1485,1485,1741,1453,true,PASS
square:R4:L6:1715,1715,Dominant ♭2,R4,L6,1491,1491,1747,1459,true,PASS
square:R4:L6:1717,1717,Mixolydian,R4,L6,1493,1493,1749,1461,true,PASS
square:R4:L6:1721,1721,Rāga Ganavaridhi,R4,L6,1497,1497,1753,1465,true,PASS
square:R4:L6:2223,2223,Arcadian Minor,R4,L6,2167,2167,2231,2159,true,PASS
square:R4:L6:2351,2351,Alt ♮7345,R4,L6,2231,2231,2359,2223,true,PASS
square:R4:L6:2383,2383,Alt ♮734,R4,L6,2263,2263,2391,2255,true,PASS
square:R4:L6:2391,2391,Phlegmatic,R4,L6,2279,2279,2407,2263,true,PASS
square:R4:L6:2395,2395,Alt ♮7,R4,L6,2283,2283,2411,2267,true,PASS
square:R4:L6:2397,2397,Eccentric,R4,L6,2285,2285,2413,2269,true,PASS
square:R4:L6:2607,2607,Alt ♮67345,R4,L6,2359,2359,2615,2351,true,PASS
square:R4:L6:2639,2639,Alt ♮6734,R4,L6,2391,2391,2647,2383,true,PASS
square:R4:L6:2647,2647,Bohemian,R4,L6,2407,2407,2663,2391,true,PASS
square:R4:L6:2651,2651,7-25 rooted state 2651,R4,L6,2411,2411,2667,2395,true,PASS
square:R4:L6:2653,2653,Nomadic,R4,L6,2413,2413,2669,2397,true,PASS
square:R4:L6:2703,2703,Erratic Minor,R4,L6,2455,2455,2711,2447,true,PASS
square:R4:L6:2711,2711,Erratic,R4,L6,2471,2471,2727,2455,true,PASS
square:R4:L6:2715,2715,Neapolitan Major ♭4,R4,L6,2475,2475,2731,2459,true,PASS
square:R4:L6:2717,2717,Melodic ♭4,R4,L6,2477,2477,2733,2461,true,PASS
square:R4:L6:2727,2727,Rāga Manoranjani,R4,L6,2503,2503,2759,2471,true,PASS
square:R4:L6:2731,2731,Neapolitan Major,R4,L6,2507,2507,2763,2475,true,PASS
square:R4:L6:2733,2733,Melodic Minor,R4,L6,2509,2509,2765,2477,true,PASS
square:R4:L6:2739,2739,Rāga Supradhipam,R4,L6,2515,2515,2771,2483,true,PASS
square:R4:L6:2741,2741,Ionian,R4,L6,2517,2517,2773,2485,true,PASS
square:R4:L6:2745,2745,Rāga Sailadesakshi,R4,L6,2521,2521,2777,2489,true,PASS
square:R4:L6:3119,3119,Alt ♮7♯6345,R4,L6,2615,2615,3127,2607,true,PASS
square:R4:L6:3151,3151,7-3 rooted state 3151,R4,L6,2647,2647,3159,2639,true,PASS
square:R4:L6:3159,3159,Alt ♮7♯6𝄫3,R4,L6,2663,2663,3175,2647,true,PASS
square:R4:L6:3163,3163,Alt ♮7♯6,R4,L6,2667,2667,3179,2651,true,PASS
square:R4:L6:3165,3165,Scale 3165,R4,L6,2669,2669,3181,2653,true,PASS
square:R4:L6:3215,3215,7-3 rooted state 3215,R4,L6,2711,2711,3223,2703,true,PASS
square:R4:L6:3223,3223,Alt ♮57♯63,R4,L6,2727,2727,3239,2711,true,PASS
square:R4:L6:3227,3227,Neapolitan Major ♭4♯6,R4,L6,2731,2731,3243,2715,true,PASS
square:R4:L6:3229,3229,Varunapriya ♭4,R4,L6,2733,2733,3245,2717,true,PASS
square:R4:L6:3239,3239,Rāga Tanukirti,R4,L6,2759,2759,3271,2727,true,PASS
square:R4:L6:3243,3243,Mela Rupavati,R4,L6,2763,2763,3275,2731,true,PASS
square:R4:L6:3245,3245,Rāga Daulati,R4,L6,2765,2765,3277,2733,true,PASS
square:R4:L6:3251,3251,7-19 rooted state 3251,R4,L6,2771,2771,3283,2739,true,PASS
square:R4:L6:3253,3253,Mela Naganandini,R4,L6,2773,2773,3285,2741,true,PASS
square:R4:L6:3257,3257,Rāga Madhuranjani,R4,L6,2777,2777,3289,2745,true,PASS
square:R4:L6:3343,3343,Phrygian +34,R4,L6,2839,2839,3351,2831,true,PASS
square:R4:L6:3351,3351,Crater Scale,R4,L6,2855,2855,3367,2839,true,PASS
square:R4:L6:3355,3355,Phrygian +♭4,R4,L6,2859,2859,3371,2843,true,PASS
square:R4:L6:3357,3357,Scale 3357,R4,L6,2861,2861,3373,2845,true,PASS
square:R4:L6:3367,3367,Neapolitan Major 3♯5♯6,R4,L6,2887,2887,3399,2855,true,PASS
square:R4:L6:3371,3371,Neapolitan Maj ♯5♯6,R4,L6,2891,2891,3403,2859,true,PASS
square:R4:L6:3373,3373,Melodic +♯6,R4,L6,2893,2893,3405,2861,true,PASS
square:R4:L6:3379,3379,7-Z18 rooted state 3379,R4,L6,2899,2899,3411,2867,true,PASS
square:R4:L6:3381,3381,Ionian +♯6,R4,L6,2901,2901,3413,2869,true,PASS
square:R4:L6:3385,3385,Chromatic Phrygian,R4,L6,2905,2905,3417,2873,true,PASS
square:R4:L6:3399,3399,Phrygian +𝄫3,R4,L6,2951,2951,3463,2887,true,PASS
square:R4:L6:3403,3403,Enigmatic Minor,R4,L6,2955,2955,3467,2891,true,PASS
square:R4:L6:3405,3405,Phrygian +♮2,R4,L6,2957,2957,3469,2893,true,PASS
square:R4:L6:3411,3411,Enigmatic,R4,L6,2963,2963,3475,2899,true,PASS
square:R4:L6:3413,3413,Leading Whole-Tone,R4,L6,2965,2965,3477,2901,true,PASS
square:R4:L6:3417,3417,Lydian +♯26,R4,L6,2969,2969,3481,2905,true,PASS
square:R4:L6:3427,3427,Phrygian +♯3,R4,L6,2979,2979,3491,2915,true,PASS
square:R4:L6:3429,3429,Lydian +♯36,R4,L6,2981,2981,3493,2917,true,PASS
square:R4:L6:3433,3433,Superlydian Augmented,R4,L6,2985,2985,3497,2921,true,PASS
square:R4:L6:3441,3441,Superlydian Augmented ♯2,R4,L6,2993,2993,3505,2929,true,PASS
square:R4:R7:239,239,Infra-Alt 6𝄫𝄫7,R4,R7,375,375,247,367,true,PASS
square:R4:R7:367,367,Infra-Alt 67,R4,R7,631,631,375,623,true,PASS
square:R4:R7:431,431,Infra-Alt 7,R4,R7,695,695,439,687,true,PASS
square:R4:R7:463,463,Scale 463,R4,R7,727,727,471,719,true,PASS
square:R4:R7:471,471,Alt 3·6·♭7,R4,R7,743,743,487,727,true,PASS
square:R4:R7:475,475,Alt 6♭7,R4,R7,747,747,491,731,true,PASS
square:R4:R7:477,477,Alt ♮2𝄫6♭𝄫7,R4,R7,749,749,493,733,true,PASS
square:R4:R7:623,623,Infra-Alt 6,R4,R7,1143,1143,631,1135,true,PASS
square:R4:R7:687,687,Alt ♭♭3♭♭4♭♭5♭♭6♭♭7,R4,R7,1207,1207,695,1199,true,PASS
square:R4:R7:719,719,1MI & 2Δ7,R4,R7,1239,1239,727,1231,true,PASS
square:R4:R7:727,727,Triadic Heptatonic 29,R4,R7,1255,1255,743,1239,true,PASS
square:R4:R7:731,731,Alternating Heptamode,R4,R7,1259,1259,747,1243,true,PASS
square:R4:R7:733,733,Superlocrian ♮2♭♭6♭♭7,R4,R7,1261,1261,749,1245,true,PASS
square:R4:R7:815,815,Scale 815,R4,R7,1335,1335,823,1327,true,PASS
square:R4:R7:847,847,Scale 847,R4,R7,1367,1367,855,1359,true,PASS
square:R4:R7:855,855,Ultralocrian 𝄫3,R4,R7,1383,1383,871,1367,true,PASS
square:R4:R7:859,859,Ultralocrian,R4,R7,1387,1387,875,1371,true,PASS
square:R4:R7:861,861,Superlocrian ♮2𝄫7,R4,R7,1389,1389,877,1373,true,PASS
square:R4:R7:911,911,Phrygian 𝄫3𝄫4𝄫7,R4,R7,1431,1431,919,1423,true,PASS
square:R4:R7:919,919,Chromatic Phrygian Inverse,R4,R7,1447,1447,935,1431,true,PASS
square:R4:R7:923,923,Alt ♮5𝄫7,R4,R7,1451,1451,939,1435,true,PASS
square:R4:R7:925,925,Chromatic Hypodorian,R4,R7,1453,1453,941,1437,true,PASS
square:R4:R7:935,935,Kanakangi,R4,R7,1479,1479,967,1447,true,PASS
square:R4:R7:939,939,Rāga Malini,R4,R7,1483,1483,971,1451,true,PASS
square:R4:R7:941,941,Rāga Jhankara Bhramavi,R4,R7,1485,1485,973,1453,true,PASS
square:R4:R7:947,947,Scale 947,R4,R7,1491,1491,979,1459,true,PASS
square:R4:R7:949,949,Mararanjani,R4,R7,1493,1493,981,1461,true,PASS
square:R4:R7:953,953,Rāga Kalahamsa,R4,R7,1497,1497,985,1465,true,PASS
square:R4:R7:1135,1135,Eurean Mode III,R4,R7,2167,2167,1143,2159,true,PASS
square:R4:R7:1199,1199,Alt ♭♭3♭♭4♭♭5♭♭6,R4,R7,2231,2231,1207,2223,true,PASS
square:R4:R7:1231,1231,7-Z18 rooted state 1231,R4,R7,2263,2263,1239,2255,true,PASS
square:R4:R7:1239,1239,Alt 𝄫3𝄫6,R4,R7,2279,2279,1255,2263,true,PASS
square:R4:R7:1243,1243,Alt 6,R4,R7,2283,2283,1259,2267,true,PASS
square:R4:R7:1245,1245,Alt ♮26,R4,R7,2285,2285,1261,2269,true,PASS
square:R4:R7:1327,1327,Lipsean Mode IV,R4,R7,2359,2359,1335,2351,true,PASS
square:R4:R7:1359,1359,"Alt double-flat 3, double-flat 4",R4,R7,2391,2391,1367,2383,true,PASS
square:R4:R7:1367,1367,Leading Whole-Tone Inverse,R4,R7,2407,2407,1383,2391,true,PASS
square:R4:R7:1371,1371,Superlocrian,R4,R7,2411,2411,1387,2395,true,PASS
square:R4:R7:1373,1373,Storian,R4,R7,2413,2413,1389,2397,true,PASS
square:R4:R7:1423,1423,Alt ♮5♭♭3♭4,R4,R7,2455,2455,1431,2447,true,PASS
square:R4:R7:1431,1431,Astrocyte,R4,R7,2471,2471,1447,2455,true,PASS
square:R4:R7:1435,1435,Maqam Saba Zamzam,R4,R7,2475,2475,1451,2459,true,PASS
square:R4:R7:1437,1437,Sabach,R4,R7,2477,2477,1453,2461,true,PASS
square:R4:R7:1447,1447,Rāga Phenadyuti,R4,R7,2503,2503,1479,2471,true,PASS
square:R4:R7:1451,1451,Phrygian,R4,R7,2507,2507,1483,2475,true,PASS
square:R4:R7:1453,1453,Aeolian,R4,R7,2509,2509,1485,2477,true,PASS
square:R4:R7:1459,1459,Phrygian Dominant,R4,R7,2515,2515,1491,2483,true,PASS
square:R4:R7:1461,1461,Mixolydian ♭6,R4,R7,2517,2517,1493,2485,true,PASS
square:R4:R7:1465,1465,Rāga Cudamani,R4,R7,2521,2521,1497,2489,true,PASS
square:R4:R7:1583,1583,Alt ♮6♭♭3♭4♭5,R4,R7,2615,2615,1591,2607,true,PASS
square:R4:R7:1615,1615,Sydian (Alt ♮6𝄫34),R4,R7,2647,2647,1623,2639,true,PASS
square:R4:R7:1623,1623,Alt ♮63,R4,R7,2663,2663,1639,2647,true,PASS
square:R4:R7:1627,1627,Superlocrian ♯6,R4,R7,2667,2667,1643,2651,true,PASS
square:R4:R7:1629,1629,Dorian Blues,R4,R7,2669,2669,1645,2653,true,PASS
square:R4:R7:1679,1679,Zephyrean Mode V,R4,R7,2711,2711,1687,2703,true,PASS
square:R4:R7:1687,1687,Midlocrian,R4,R7,2727,2727,1703,2711,true,PASS
square:R4:R7:1691,1691,Dorian ♭2♭4,R4,R7,2731,2731,1707,2715,true,PASS
square:R4:R7:1693,1693,Dorian ♭4,R4,R7,2733,2733,1709,2717,true,PASS
square:R4:R7:1703,1703,Rāga Bhanumati,R4,R7,2759,2759,1735,2727,true,PASS
square:R4:R7:1707,1707,Dorian ♭2,R4,R7,2763,2763,1739,2731,true,PASS
square:R4:R7:1709,1709,Dorian,R4,R7,2765,2765,1741,2733,true,PASS
square:R4:R7:1715,1715,Dominant ♭2,R4,R7,2771,2771,1747,2739,true,PASS
square:R4:R7:1717,1717,Mixolydian,R4,R7,2773,2773,1749,2741,true,PASS
square:R4:R7:1721,1721,Rāga Ganavaridhi,R4,R7,2777,2777,1753,2745,true,PASS
square:R4:R7:1807,1807,7-5 rooted state 1807,R4,R7,2839,2839,1815,2831,true,PASS
square:R4:R7:1815,1815,Scale 1815,R4,R7,2855,2855,1831,2839,true,PASS
square:R4:R7:1819,1819,Alt ♮6♯5,R4,R7,2859,2859,1835,2843,true,PASS
square:R4:R7:1821,1821,Dorian +♭4,R4,R7,2861,2861,1837,2845,true,PASS
square:R4:R7:1831,1831,Dominant +♭2𝄫3,R4,R7,2887,2887,1863,2855,true,PASS
square:R4:R7:1835,1835,Dorian +♭2,R4,R7,2891,2891,1867,2859,true,PASS
square:R4:R7:1837,1837,Dorian Augmented,R4,R7,2893,2893,1869,2861,true,PASS
square:R4:R7:1843,1843,7-21 rooted state 1843,R4,R7,2899,2899,1875,2867,true,PASS
square:R4:R7:1845,1845,Mixolydian Augmented,R4,R7,2901,2901,1877,2869,true,PASS
square:R4:R7:1849,1849,Rāga Dvigandharabushini,R4,R7,2905,2905,1881,2873,true,PASS
square:R4:R7:1863,1863,Scale 1863,R4,R7,2951,2951,1927,2887,true,PASS
square:R4:R7:1867,1867,Lydian 7+♭23,R4,R7,2955,2955,1931,2891,true,PASS
square:R4:R7:1869,1869,Lydian 7+♭3,R4,R7,2957,2957,1933,2893,true,PASS
square:R4:R7:1875,1875,Persichetti,R4,R7,2963,2963,1939,2899,true,PASS
square:R4:R7:1877,1877,Aeroptian,R4,R7,2965,2965,1941,2901,true,PASS
square:R4:R7:1881,1881,Lydian 7+♯2,R4,R7,2969,2969,1945,2905,true,PASS
square:R4:R7:1891,1891,Hijaz Major,R4,R7,2979,2979,1955,2915,true,PASS
square:R4:R7:1893,1893,Lydian 7+♯3,R4,R7,2981,2981,1957,2917,true,PASS
square:R4:R7:1897,1897,Lydian 7+♯23,R4,R7,2985,2985,1961,2921,true,PASS
square:R4:R7:1905,1905,Lydian 7+♯3𝄪2,R4,R7,2993,2993,1969,2929,true,PASS
square:R4:L7:367,367,Infra-Alt 67,R4,L7,247,247,375,239,true,PASS
square:R4:L7:623,623,Infra-Alt 6,R4,L7,375,375,631,367,true,PASS
square:R4:L7:687,687,Alt ♭♭3♭♭4♭♭5♭♭6♭♭7,R4,L7,439,439,695,431,true,PASS
square:R4:L7:719,719,1MI & 2Δ7,R4,L7,471,471,727,463,true,PASS
square:R4:L7:727,727,Triadic Heptatonic 29,R4,L7,487,487,743,471,true,PASS
square:R4:L7:731,731,Alternating Heptamode,R4,L7,491,491,747,475,true,PASS
square:R4:L7:733,733,Superlocrian ♮2♭♭6♭♭7,R4,L7,493,493,749,477,true,PASS
square:R4:L7:1135,1135,Eurean Mode III,R4,L7,631,631,1143,623,true,PASS
square:R4:L7:1199,1199,Alt ♭♭3♭♭4♭♭5♭♭6,R4,L7,695,695,1207,687,true,PASS
square:R4:L7:1231,1231,7-Z18 rooted state 1231,R4,L7,727,727,1239,719,true,PASS
square:R4:L7:1239,1239,Alt 𝄫3𝄫6,R4,L7,743,743,1255,727,true,PASS
square:R4:L7:1243,1243,Alt 6,R4,L7,747,747,1259,731,true,PASS
square:R4:L7:1245,1245,Alt ♮26,R4,L7,749,749,1261,733,true,PASS
square:R4:L7:1327,1327,Lipsean Mode IV,R4,L7,823,823,1335,815,true,PASS
square:R4:L7:1359,1359,"Alt double-flat 3, double-flat 4",R4,L7,855,855,1367,847,true,PASS
square:R4:L7:1367,1367,Leading Whole-Tone Inverse,R4,L7,871,871,1383,855,true,PASS
square:R4:L7:1371,1371,Superlocrian,R4,L7,875,875,1387,859,true,PASS
square:R4:L7:1373,1373,Storian,R4,L7,877,877,1389,861,true,PASS
square:R4:L7:1423,1423,Alt ♮5♭♭3♭4,R4,L7,919,919,1431,911,true,PASS
square:R4:L7:1431,1431,Astrocyte,R4,L7,935,935,1447,919,true,PASS
square:R4:L7:1435,1435,Maqam Saba Zamzam,R4,L7,939,939,1451,923,true,PASS
square:R4:L7:1437,1437,Sabach,R4,L7,941,941,1453,925,true,PASS
square:R4:L7:1447,1447,Rāga Phenadyuti,R4,L7,967,967,1479,935,true,PASS
square:R4:L7:1451,1451,Phrygian,R4,L7,971,971,1483,939,true,PASS
square:R4:L7:1453,1453,Aeolian,R4,L7,973,973,1485,941,true,PASS
square:R4:L7:1459,1459,Phrygian Dominant,R4,L7,979,979,1491,947,true,PASS
square:R4:L7:1461,1461,Mixolydian ♭6,R4,L7,981,981,1493,949,true,PASS
square:R4:L7:1465,1465,Rāga Cudamani,R4,L7,985,985,1497,953,true,PASS
square:R4:L7:2159,2159,7-4 rooted state 2159,R4,L7,1143,1143,2167,1135,true,PASS
square:R4:L7:2223,2223,Arcadian Minor,R4,L7,1207,1207,2231,1199,true,PASS
square:R4:L7:2255,2255,Alt ♮7346,R4,L7,1239,1239,2263,1231,true,PASS
square:R4:L7:2263,2263,Phlegmatic Minor,R4,L7,1255,1255,2279,1239,true,PASS
square:R4:L7:2267,2267,Scale 2267,R4,L7,1259,1259,2283,1243,true,PASS
square:R4:L7:2269,2269,Nomadic Minor,R4,L7,1261,1261,2285,1245,true,PASS
square:R4:L7:2351,2351,Alt ♮7345,R4,L7,1335,1335,2359,1327,true,PASS
square:R4:L7:2383,2383,Alt ♮734,R4,L7,1367,1367,2391,1359,true,PASS
square:R4:L7:2391,2391,Phlegmatic,R4,L7,1383,1383,2407,1367,true,PASS
square:R4:L7:2395,2395,Alt ♮7,R4,L7,1387,1387,2411,1371,true,PASS
square:R4:L7:2397,2397,Eccentric,R4,L7,1389,1389,2413,1373,true,PASS
square:R4:L7:2447,2447,Alt ♮5734,R4,L7,1431,1431,2455,1423,true,PASS
square:R4:L7:2455,2455,7-Z18 rooted state 2455,R4,L7,1447,1447,2471,1431,true,PASS
square:R4:L7:2459,2459,7-21 rooted state 2459,R4,L7,1451,1451,2475,1435,true,PASS
square:R4:L7:2461,2461,7-21 rooted state 2461,R4,L7,1453,1453,2477,1437,true,PASS
square:R4:L7:2471,2471,7-19 rooted state 2471,R4,L7,1479,1479,2503,1447,true,PASS
square:R4:L7:2475,2475,Neapolitan Minor,R4,L7,1483,1483,2507,1451,true,PASS
square:R4:L7:2477,2477,Harmonic Minor,R4,L7,1485,1485,2509,1453,true,PASS
square:R4:L7:2483,2483,Double Harmonic,R4,L7,1491,1491,2515,1459,true,PASS
square:R4:L7:2485,2485,Harmonic Major,R4,L7,1493,1493,2517,1461,true,PASS
square:R4:L7:2489,2489,Scale 2489,R4,L7,1497,1497,2521,1465,true,PASS
square:R4:L7:2607,2607,Alt ♮67345,R4,L7,1591,1591,2615,1583,true,PASS
square:R4:L7:2639,2639,Alt ♮6734,R4,L7,1623,1623,2647,1615,true,PASS
square:R4:L7:2647,2647,Bohemian,R4,L7,1639,1639,2663,1623,true,PASS
square:R4:L7:2651,2651,7-25 rooted state 2651,R4,L7,1643,1643,2667,1627,true,PASS
square:R4:L7:2653,2653,Nomadic,R4,L7,1645,1645,2669,1629,true,PASS
square:R4:L7:2703,2703,Erratic Minor,R4,L7,1687,1687,2711,1679,true,PASS
square:R4:L7:2711,2711,Erratic,R4,L7,1703,1703,2727,1687,true,PASS
square:R4:L7:2715,2715,Neapolitan Major ♭4,R4,L7,1707,1707,2731,1691,true,PASS
square:R4:L7:2717,2717,Melodic ♭4,R4,L7,1709,1709,2733,1693,true,PASS
square:R4:L7:2727,2727,Rāga Manoranjani,R4,L7,1735,1735,2759,1703,true,PASS
square:R4:L7:2731,2731,Neapolitan Major,R4,L7,1739,1739,2763,1707,true,PASS
square:R4:L7:2733,2733,Melodic Minor,R4,L7,1741,1741,2765,1709,true,PASS
square:R4:L7:2739,2739,Rāga Supradhipam,R4,L7,1747,1747,2771,1715,true,PASS
square:R4:L7:2741,2741,Ionian,R4,L7,1749,1749,2773,1717,true,PASS
square:R4:L7:2745,2745,Rāga Sailadesakshi,R4,L7,1753,1753,2777,1721,true,PASS
square:R4:L7:2831,2831,7-4 rooted state 2831,R4,L7,1815,1815,2839,1807,true,PASS
square:R4:L7:2839,2839,Kaikian Mode V,R4,L7,1831,1831,2855,1815,true,PASS
square:R4:L7:2843,2843,Neapolitan Major ♭4♯5,R4,L7,1835,1835,2859,1819,true,PASS
square:R4:L7:2845,2845,Melodic +♭4,R4,L7,1837,1837,2861,1821,true,PASS
square:R4:L7:2855,2855,Ionian +♭2𝄫3,R4,L7,1863,1863,2887,1831,true,PASS
square:R4:L7:2859,2859,Neapolitan Major ♯5,R4,L7,1867,1867,2891,1835,true,PASS
square:R4:L7:2861,2861,Melodic +,R4,L7,1869,1869,2893,1837,true,PASS
square:R4:L7:2867,2867,7-21 rooted state 2867,R4,L7,1875,1875,2899,1843,true,PASS
square:R4:L7:2869,2869,Major Augmented,R4,L7,1877,1877,2901,1845,true,PASS
square:R4:L7:2873,2873,Ionian Augmented ♯2,R4,L7,1881,1881,2905,1849,true,PASS
square:R4:L7:2887,2887,Zephyrean Mode VI,R4,L7,1927,1927,2951,1863,true,PASS
square:R4:L7:2891,2891,7-25 rooted state 2891,R4,L7,1931,1931,2955,1867,true,PASS
square:R4:L7:2893,2893,Lydian Augmented ♭3,R4,L7,1933,1933,2957,1869,true,PASS
square:R4:L7:2899,2899,Lydian Augmented ♭2,R4,L7,1939,1939,2963,1875,true,PASS
square:R4:L7:2901,2901,Lydian Augmented,R4,L7,1941,1941,2965,1877,true,PASS
square:R4:L7:2905,2905,Aeolian Flat,R4,L7,1945,1945,2969,1881,true,PASS
square:R4:L7:2915,2915,Scale 2915,R4,L7,1955,1955,2979,1891,true,PASS
square:R4:L7:2917,2917,Lydian Augmented ♯3,R4,L7,1957,1957,2981,1893,true,PASS
square:R4:L7:2921,2921,Lydian Augmented ♯2♯3,R4,L7,1961,1961,2985,1897,true,PASS
square:R4:L7:2929,2929,Lydian +♯32,R4,L7,1969,1969,2993,1905,true,PASS
square:L4:R5:439,439,Infra-Alt 7♭4,L4,R5,463,463,431,471,true,PASS
square:L4:R5:695,695,Phrygian Double-Flat,L4,R5,719,719,687,727,true,PASS
square:L4:R5:823,823,Scale 823,L4,R5,847,847,815,855,true,PASS
square:L4:R5:855,855,Ultralocrian 𝄫3,L4,R5,911,911,847,919,true,PASS
square:L4:R5:871,871,Locrian 𝄫3𝄫7,L4,R5,919,919,855,935,true,PASS
square:L4:R5:875,875,Locrian double-flat 7,L4,R5,923,923,859,939,true,PASS
square:L4:R5:877,877,Hungarian Major Inverse,L4,R5,925,925,861,941,true,PASS
square:L4:R5:1207,1207,Alt ♭♭3♭♭5♭♭6,L4,R5,1231,1231,1199,1239,true,PASS
square:L4:R5:1335,1335,Elephant Scale,L4,R5,1359,1359,1327,1367,true,PASS
square:L4:R5:1367,1367,Leading Whole-Tone Inverse,L4,R5,1423,1423,1359,1431,true,PASS
square:L4:R5:1383,1383,Locrian double-flat 3,L4,R5,1431,1431,1367,1447,true,PASS
square:L4:R5:1387,1387,Locrian,L4,R5,1435,1435,1371,1451,true,PASS
square:L4:R5:1389,1389,Half-Diminished,L4,R5,1437,1437,1373,1453,true,PASS
square:L4:R5:1591,1591,Alt ♮6♭♭3♭5,L4,R5,1615,1615,1583,1623,true,PASS
square:L4:R5:1623,1623,Alt ♮63,L4,R5,1679,1679,1615,1687,true,PASS
square:L4:R5:1639,1639,7-21 rooted state 1639,L4,R5,1687,1687,1623,1703,true,PASS
square:L4:R5:1643,1643,Locrian ♮6,L4,R5,1691,1691,1627,1707,true,PASS
square:L4:R5:1645,1645,Dorian ♭5,L4,R5,1693,1693,1629,1709,true,PASS
square:L4:R5:1687,1687,Midlocrian,L4,R5,1807,1807,1679,1815,true,PASS
square:L4:R5:1703,1703,Rāga Bhanumati,L4,R5,1815,1815,1687,1831,true,PASS
square:L4:R5:1707,1707,Dorian ♭2,L4,R5,1819,1819,1691,1835,true,PASS
square:L4:R5:1709,1709,Dorian,L4,R5,1821,1821,1693,1837,true,PASS
square:L4:R5:1735,1735,Navaneetam,L4,R5,1831,1831,1703,1863,true,PASS
square:L4:R5:1739,1739,Rāga Sthavarajam,L4,R5,1835,1835,1707,1867,true,PASS
square:L4:R5:1741,1741,Dorian ♯4,L4,R5,1837,1837,1709,1869,true,PASS
square:L4:R5:1747,1747,Lydian 7♭2,L4,R5,1843,1843,1715,1875,true,PASS
square:L4:R5:1749,1749,Acoustic,L4,R5,1845,1845,1717,1877,true,PASS
square:L4:R5:1753,1753,Hungarian Major,L4,R5,1849,1849,1721,1881,true,PASS
square:L4:R5:2231,2231,Arcadian,L4,R5,2255,2255,2223,2263,true,PASS
square:L4:R5:2359,2359,Unorthodox Minor,L4,R5,2383,2383,2351,2391,true,PASS
square:L4:R5:2391,2391,Phlegmatic,L4,R5,2447,2447,2383,2455,true,PASS
square:L4:R5:2407,2407,7-19 rooted state 2407,L4,R5,2455,2455,2391,2471,true,PASS
square:L4:R5:2411,2411,Locrian ♮7,L4,R5,2459,2459,2395,2475,true,PASS
square:L4:R5:2413,2413,Harmonic Minor ♭5,L4,R5,2461,2461,2397,2477,true,PASS
square:L4:R5:2615,2615,Alt ♮67♭♭35,L4,R5,2639,2639,2607,2647,true,PASS
square:L4:R5:2647,2647,Bohemian,L4,R5,2703,2703,2639,2711,true,PASS
square:L4:R5:2663,2663,7-Z18 rooted state 2663,L4,R5,2711,2711,2647,2727,true,PASS
square:L4:R5:2667,2667,Neapolitan Major ♭5,L4,R5,2715,2715,2651,2731,true,PASS
square:L4:R5:2669,2669,Jeths' Mode,L4,R5,2717,2717,2653,2733,true,PASS
square:L4:R5:2711,2711,Erratic,L4,R5,2831,2831,2703,2839,true,PASS
square:L4:R5:2727,2727,Rāga Manoranjani,L4,R5,2839,2839,2711,2855,true,PASS
square:L4:R5:2731,2731,Neapolitan Major,L4,R5,2843,2843,2715,2859,true,PASS
square:L4:R5:2733,2733,Melodic Minor,L4,R5,2845,2845,2717,2861,true,PASS
square:L4:R5:2759,2759,Lydian ♭2♭♭3,L4,R5,2855,2855,2727,2887,true,PASS
square:L4:R5:2763,2763,Rāga Sauviram,L4,R5,2859,2859,2731,2891,true,PASS
square:L4:R5:2765,2765,Lydian Diminished,L4,R5,2861,2861,2733,2893,true,PASS
square:L4:R5:2771,2771,Mela Gamanasrama,L4,R5,2867,2867,2739,2899,true,PASS
square:L4:R5:2773,2773,Lydian,L4,R5,2869,2869,2741,2901,true,PASS
square:L4:R5:2777,2777,Aeolian Harmonic,L4,R5,2873,2873,2745,2905,true,PASS
square:L4:R5:3127,3127,7-4 rooted state 3127,L4,R5,3151,3151,3119,3159,true,PASS
square:L4:R5:3159,3159,Alt ♮7♯6𝄫3,L4,R5,3215,3215,3151,3223,true,PASS
square:L4:R5:3175,3175,Locrian 3♯6♮7,L4,R5,3223,3223,3159,3239,true,PASS
square:L4:R5:3179,3179,Locrian ♮7♯6,L4,R5,3227,3227,3163,3243,true,PASS
square:L4:R5:3181,3181,Melodic ♭5♯6,L4,R5,3229,3229,3165,3245,true,PASS
square:L4:R5:3223,3223,Alt ♮57♯63,L4,R5,3343,3343,3215,3351,true,PASS
square:L4:R5:3239,3239,Rāga Tanukirti,L4,R5,3351,3351,3223,3367,true,PASS
square:L4:R5:3243,3243,Mela Rupavati,L4,R5,3355,3355,3227,3371,true,PASS
square:L4:R5:3245,3245,Rāga Daulati,L4,R5,3357,3357,3229,3373,true,PASS
square:L4:R5:3271,3271,Mela Raghupriya,L4,R5,3367,3367,3239,3399,true,PASS
square:L4:R5:3275,3275,7-Z18 rooted state 3275,L4,R5,3371,3371,3243,3403,true,PASS
square:L4:R5:3277,3277,7-21 rooted state 3277,L4,R5,3373,3373,3245,3405,true,PASS
square:L4:R5:3283,3283,7-19 rooted state 3283,L4,R5,3379,3379,3251,3411,true,PASS
square:L4:R5:3285,3285,Mela Citrambari,L4,R5,3381,3381,3253,3413,true,PASS
square:L4:R5:3289,3289,Rasikapriya,L4,R5,3385,3385,3257,3417,true,PASS
square:L4:R5:3351,3351,Crater Scale,L4,R5,3599,3599,3343,3607,true,PASS
square:L4:R5:3367,3367,Neapolitan Major 3♯5♯6,L4,R5,3607,3607,3351,3623,true,PASS
square:L4:R5:3371,3371,Neapolitan Maj ♯5♯6,L4,R5,3611,3611,3355,3627,true,PASS
square:L4:R5:3373,3373,Melodic +♯6,L4,R5,3613,3613,3357,3629,true,PASS
square:L4:R5:3399,3399,Phrygian +𝄫3,L4,R5,3623,3623,3367,3655,true,PASS
square:L4:R5:3403,3403,Enigmatic Minor,L4,R5,3627,3627,3371,3659,true,PASS
square:L4:R5:3405,3405,Phrygian +♮2,L4,R5,3629,3629,3373,3661,true,PASS
square:L4:R5:3411,3411,Enigmatic,L4,R5,3635,3635,3379,3667,true,PASS
square:L4:R5:3413,3413,Leading Whole-Tone,L4,R5,3637,3637,3381,3669,true,PASS
square:L4:R5:3417,3417,Lydian +♯26,L4,R5,3641,3641,3385,3673,true,PASS
square:L4:R5:3463,3463,7-4 rooted state 3463,L4,R5,3655,3655,3399,3719,true,PASS
square:L4:R5:3467,3467,Phrygian +𝄪4,L4,R5,3659,3659,3403,3723,true,PASS
square:L4:R5:3469,3469,Melodic +♯6𝄪4,L4,R5,3661,3661,3405,3725,true,PASS
square:L4:R5:3475,3475,Enigmatic 𝄪4,L4,R5,3667,3667,3411,3731,true,PASS
square:L4:R5:3477,3477,Ionian +♯64,L4,R5,3669,3669,3413,3733,true,PASS
square:L4:R5:3481,3481,Scale 3481,L4,R5,3673,3673,3417,3737,true,PASS
square:L4:R5:3491,3491,Superlydian Augmented ♭2𝄪4,L4,R5,3683,3683,3427,3747,true,PASS
square:L4:R5:3493,3493,Ionian +♯3♯6𝄪4,L4,R5,3685,3685,3429,3749,true,PASS
square:L4:R5:3497,3497,Superlydian Augmented 𝄪4,L4,R5,3689,3689,3433,3753,true,PASS
square:L4:R5:3505,3505,Superlydian Augmented 24,L4,R5,3697,3697,3441,3761,true,PASS
square:L4:L5:471,471,Alt 3·6·♭7,L4,L5,431,431,463,439,true,PASS
square:L4:L5:727,727,Triadic Heptatonic 29,L4,L5,687,687,719,695,true,PASS
square:L4:L5:855,855,Ultralocrian 𝄫3,L4,L5,815,815,847,823,true,PASS
square:L4:L5:919,919,Chromatic Phrygian Inverse,L4,L5,847,847,911,855,true,PASS
square:L4:L5:935,935,Kanakangi,L4,L5,855,855,919,871,true,PASS
square:L4:L5:939,939,Rāga Malini,L4,L5,859,859,923,875,true,PASS
square:L4:L5:941,941,Rāga Jhankara Bhramavi,L4,L5,861,861,925,877,true,PASS
square:L4:L5:1239,1239,Alt 𝄫3𝄫6,L4,L5,1199,1199,1231,1207,true,PASS
square:L4:L5:1367,1367,Leading Whole-Tone Inverse,L4,L5,1327,1327,1359,1335,true,PASS
square:L4:L5:1431,1431,Astrocyte,L4,L5,1359,1359,1423,1367,true,PASS
square:L4:L5:1447,1447,Rāga Phenadyuti,L4,L5,1367,1367,1431,1383,true,PASS
square:L4:L5:1451,1451,Phrygian,L4,L5,1371,1371,1435,1387,true,PASS
square:L4:L5:1453,1453,Aeolian,L4,L5,1373,1373,1437,1389,true,PASS
square:L4:L5:1623,1623,Alt ♮63,L4,L5,1583,1583,1615,1591,true,PASS
square:L4:L5:1687,1687,Midlocrian,L4,L5,1615,1615,1679,1623,true,PASS
square:L4:L5:1703,1703,Rāga Bhanumati,L4,L5,1623,1623,1687,1639,true,PASS
square:L4:L5:1707,1707,Dorian ♭2,L4,L5,1627,1627,1691,1643,true,PASS
square:L4:L5:1709,1709,Dorian,L4,L5,1629,1629,1693,1645,true,PASS
square:L4:L5:1815,1815,Scale 1815,L4,L5,1679,1679,1807,1687,true,PASS
square:L4:L5:1831,1831,Dominant +♭2𝄫3,L4,L5,1687,1687,1815,1703,true,PASS
square:L4:L5:1835,1835,Dorian +♭2,L4,L5,1691,1691,1819,1707,true,PASS
square:L4:L5:1837,1837,Dorian Augmented,L4,L5,1693,1693,1821,1709,true,PASS
square:L4:L5:1863,1863,Scale 1863,L4,L5,1703,1703,1831,1735,true,PASS
square:L4:L5:1867,1867,Lydian 7+♭23,L4,L5,1707,1707,1835,1739,true,PASS
square:L4:L5:1869,1869,Lydian 7+♭3,L4,L5,1709,1709,1837,1741,true,PASS
square:L4:L5:1875,1875,Persichetti,L4,L5,1715,1715,1843,1747,true,PASS
square:L4:L5:1877,1877,Aeroptian,L4,L5,1717,1717,1845,1749,true,PASS
square:L4:L5:1881,1881,Lydian 7+♯2,L4,L5,1721,1721,1849,1753,true,PASS
square:L4:L5:2263,2263,Phlegmatic Minor,L4,L5,2223,2223,2255,2231,true,PASS
square:L4:L5:2391,2391,Phlegmatic,L4,L5,2351,2351,2383,2359,true,PASS
square:L4:L5:2455,2455,7-Z18 rooted state 2455,L4,L5,2383,2383,2447,2391,true,PASS
square:L4:L5:2471,2471,7-19 rooted state 2471,L4,L5,2391,2391,2455,2407,true,PASS
square:L4:L5:2475,2475,Neapolitan Minor,L4,L5,2395,2395,2459,2411,true,PASS
square:L4:L5:2477,2477,Harmonic Minor,L4,L5,2397,2397,2461,2413,true,PASS
square:L4:L5:2647,2647,Bohemian,L4,L5,2607,2607,2639,2615,true,PASS
square:L4:L5:2711,2711,Erratic,L4,L5,2639,2639,2703,2647,true,PASS
square:L4:L5:2727,2727,Rāga Manoranjani,L4,L5,2647,2647,2711,2663,true,PASS
square:L4:L5:2731,2731,Neapolitan Major,L4,L5,2651,2651,2715,2667,true,PASS
square:L4:L5:2733,2733,Melodic Minor,L4,L5,2653,2653,2717,2669,true,PASS
square:L4:L5:2839,2839,Kaikian Mode V,L4,L5,2703,2703,2831,2711,true,PASS
square:L4:L5:2855,2855,Ionian +♭2𝄫3,L4,L5,2711,2711,2839,2727,true,PASS
square:L4:L5:2859,2859,Neapolitan Major ♯5,L4,L5,2715,2715,2843,2731,true,PASS
square:L4:L5:2861,2861,Melodic +,L4,L5,2717,2717,2845,2733,true,PASS
square:L4:L5:2887,2887,Zephyrean Mode VI,L4,L5,2727,2727,2855,2759,true,PASS
square:L4:L5:2891,2891,7-25 rooted state 2891,L4,L5,2731,2731,2859,2763,true,PASS
square:L4:L5:2893,2893,Lydian Augmented ♭3,L4,L5,2733,2733,2861,2765,true,PASS
square:L4:L5:2899,2899,Lydian Augmented ♭2,L4,L5,2739,2739,2867,2771,true,PASS
square:L4:L5:2901,2901,Lydian Augmented,L4,L5,2741,2741,2869,2773,true,PASS
square:L4:L5:2905,2905,Aeolian Flat,L4,L5,2745,2745,2873,2777,true,PASS
square:L4:L5:3159,3159,Alt ♮7♯6𝄫3,L4,L5,3119,3119,3151,3127,true,PASS
square:L4:L5:3223,3223,Alt ♮57♯63,L4,L5,3151,3151,3215,3159,true,PASS
square:L4:L5:3239,3239,Rāga Tanukirti,L4,L5,3159,3159,3223,3175,true,PASS
square:L4:L5:3243,3243,Mela Rupavati,L4,L5,3163,3163,3227,3179,true,PASS
square:L4:L5:3245,3245,Rāga Daulati,L4,L5,3165,3165,3229,3181,true,PASS
square:L4:L5:3351,3351,Crater Scale,L4,L5,3215,3215,3343,3223,true,PASS
square:L4:L5:3367,3367,Neapolitan Major 3♯5♯6,L4,L5,3223,3223,3351,3239,true,PASS
square:L4:L5:3371,3371,Neapolitan Maj ♯5♯6,L4,L5,3227,3227,3355,3243,true,PASS
square:L4:L5:3373,3373,Melodic +♯6,L4,L5,3229,3229,3357,3245,true,PASS
square:L4:L5:3399,3399,Phrygian +𝄫3,L4,L5,3239,3239,3367,3271,true,PASS
square:L4:L5:3403,3403,Enigmatic Minor,L4,L5,3243,3243,3371,3275,true,PASS
square:L4:L5:3405,3405,Phrygian +♮2,L4,L5,3245,3245,3373,3277,true,PASS
square:L4:L5:3411,3411,Enigmatic,L4,L5,3251,3251,3379,3283,true,PASS
square:L4:L5:3413,3413,Leading Whole-Tone,L4,L5,3253,3253,3381,3285,true,PASS
square:L4:L5:3417,3417,Lydian +♯26,L4,L5,3257,3257,3385,3289,true,PASS
square:L4:L5:3607,3607,Alt ♮7♯653,L4,L5,3343,3343,3599,3351,true,PASS
square:L4:L5:3623,3623,7-3 rooted state 3623,L4,L5,3351,3351,3607,3367,true,PASS
square:L4:L5:3627,3627,Neapolitan Maj 5♯6,L4,L5,3355,3355,3611,3371,true,PASS
square:L4:L5:3629,3629,Melodic 𝄪5♯6,L4,L5,3357,3357,3613,3373,true,PASS
square:L4:L5:3655,3655,7-3 rooted state 3655,L4,L5,3367,3367,3623,3399,true,PASS
square:L4:L5:3659,3659,Phrygian +5,L4,L5,3371,3371,3627,3403,true,PASS
square:L4:L5:3661,3661,Melodic ♯4𝄪5♯6,L4,L5,3373,3373,3629,3405,true,PASS
square:L4:L5:3667,3667,Lydian ♭25♯6,L4,L5,3379,3379,3635,3411,true,PASS
square:L4:L5:3669,3669,Ionian ♯4𝄪5♯6,L4,L5,3381,3381,3637,3413,true,PASS
square:L4:L5:3673,3673,Scale 3673,L4,L5,3385,3385,3641,3417,true,PASS
square:L4:L5:3719,3719,Phrygian +𝄫3𝄪45,L4,L5,3399,3399,3655,3463,true,PASS
square:L4:L5:3723,3723,Phrygian +45,L4,L5,3403,3403,3659,3467,true,PASS
square:L4:L5:3725,3725,Eurean Mode VI,L4,L5,3405,3405,3661,3469,true,PASS
square:L4:L5:3731,3731,Aeryrian,L4,L5,3411,3411,3667,3475,true,PASS
square:L4:L5:3733,3733,Ionian 𝄪4𝄪5♯6,L4,L5,3413,3413,3669,3477,true,PASS
square:L4:L5:3737,3737,Scale 3737,L4,L5,3417,3417,3673,3481,true,PASS
square:L4:L5:3747,3747,Superlydian Augmented ♭2𝄪4𝄪5,L4,L5,3427,3427,3683,3491,true,PASS
square:L4:L5:3749,3749,Rāga Sorati,L4,L5,3429,3429,3685,3493,true,PASS
square:L4:L5:3753,3753,Superaugmented ♯3𝄪4𝄪5,L4,L5,3433,3433,3689,3497,true,PASS
square:L4:L5:3761,3761,Rāga Madhuri,L4,L5,3441,3441,3697,3505,true,PASS
square:L4:R6:375,375,Scale 375,L4,R6,431,431,367,439,true,PASS
square:L4:R6:631,631,Infra-Alt 6♭4,L4,R6,687,687,623,695,true,PASS
square:L4:R6:695,695,Phrygian Double-Flat,L4,R6,815,815,687,823,true,PASS
square:L4:R6:727,727,Triadic Heptatonic 29,L4,R6,847,847,719,855,true,PASS
square:L4:R6:743,743,Phrygian Hungarian Minor,L4,R6,855,855,727,871,true,PASS
square:L4:R6:747,747,1sus4 & ♭3∅7,L4,R6,859,859,731,875,true,PASS
square:L4:R6:749,749,Locrian ♮2♭♭6♭♭7,L4,R6,861,861,733,877,true,PASS
square:L4:R6:1143,1143,Scale 1143,L4,R6,1199,1199,1135,1207,true,PASS
square:L4:R6:1207,1207,Alt ♭♭3♭♭5♭♭6,L4,R6,1327,1327,1199,1335,true,PASS
square:L4:R6:1239,1239,Alt 𝄫3𝄫6,L4,R6,1359,1359,1231,1367,true,PASS
square:L4:R6:1255,1255,Chromatic Mixolydian,L4,R6,1367,1367,1239,1383,true,PASS
square:L4:R6:1259,1259,Blues Phrygian,L4,R6,1371,1371,1243,1387,true,PASS
square:L4:R6:1261,1261,Modified Blues,L4,R6,1373,1373,1245,1389,true,PASS
square:L4:R6:1335,1335,Elephant Scale,L4,R6,1583,1583,1327,1591,true,PASS
square:L4:R6:1367,1367,Leading Whole-Tone Inverse,L4,R6,1615,1615,1359,1623,true,PASS
square:L4:R6:1383,1383,Locrian double-flat 3,L4,R6,1623,1623,1367,1639,true,PASS
square:L4:R6:1387,1387,Locrian,L4,R6,1627,1627,1371,1643,true,PASS
square:L4:R6:1389,1389,Half-Diminished,L4,R6,1629,1629,1373,1645,true,PASS
square:L4:R6:1431,1431,Astrocyte,L4,R6,1679,1679,1423,1687,true,PASS
square:L4:R6:1447,1447,Rāga Phenadyuti,L4,R6,1687,1687,1431,1703,true,PASS
square:L4:R6:1451,1451,Phrygian,L4,R6,1691,1691,1435,1707,true,PASS
square:L4:R6:1453,1453,Aeolian,L4,R6,1693,1693,1437,1709,true,PASS
square:L4:R6:1479,1479,Mela Jalarnava,L4,R6,1703,1703,1447,1735,true,PASS
square:L4:R6:1483,1483,Mela Bhavapriya,L4,R6,1707,1707,1451,1739,true,PASS
square:L4:R6:1485,1485,Mela Sanmukhapriya,L4,R6,1709,1709,1453,1741,true,PASS
square:L4:R6:1491,1491,Namanarayani,L4,R6,1715,1715,1459,1747,true,PASS
square:L4:R6:1493,1493,Lydian Minor,L4,R6,1717,1717,1461,1749,true,PASS
square:L4:R6:1497,1497,Jyoti Swarupini,L4,R6,1721,1721,1465,1753,true,PASS
square:L4:R6:2167,2167,7-5 rooted state 2167,L4,R6,2223,2223,2159,2231,true,PASS
square:L4:R6:2231,2231,Arcadian,L4,R6,2351,2351,2223,2359,true,PASS
square:L4:R6:2263,2263,Phlegmatic Minor,L4,R6,2383,2383,2255,2391,true,PASS
square:L4:R6:2279,2279,Scale 2279,L4,R6,2391,2391,2263,2407,true,PASS
square:L4:R6:2283,2283,Pacific Minor,L4,R6,2395,2395,2267,2411,true,PASS
square:L4:R6:2285,2285,Supine,L4,R6,2397,2397,2269,2413,true,PASS
square:L4:R6:2359,2359,Unorthodox Minor,L4,R6,2607,2607,2351,2615,true,PASS
square:L4:R6:2391,2391,Phlegmatic,L4,R6,2639,2639,2383,2647,true,PASS
square:L4:R6:2407,2407,7-19 rooted state 2407,L4,R6,2647,2647,2391,2663,true,PASS
square:L4:R6:2411,2411,Locrian ♮7,L4,R6,2651,2651,2395,2667,true,PASS
square:L4:R6:2413,2413,Harmonic Minor ♭5,L4,R6,2653,2653,2397,2669,true,PASS
square:L4:R6:2455,2455,7-Z18 rooted state 2455,L4,R6,2703,2703,2447,2711,true,PASS
square:L4:R6:2471,2471,7-19 rooted state 2471,L4,R6,2711,2711,2455,2727,true,PASS
square:L4:R6:2475,2475,Neapolitan Minor,L4,R6,2715,2715,2459,2731,true,PASS
square:L4:R6:2477,2477,Harmonic Minor,L4,R6,2717,2717,2461,2733,true,PASS
square:L4:R6:2503,2503,Scale 2503,L4,R6,2727,2727,2471,2759,true,PASS
square:L4:R6:2507,2507,Chromatic Lydian Inverse,L4,R6,2731,2731,2475,2763,true,PASS
square:L4:R6:2509,2509,Double Harmonic Minor,L4,R6,2733,2733,2477,2765,true,PASS
square:L4:R6:2515,2515,Chromatic Hypolydian,L4,R6,2739,2739,2483,2771,true,PASS
square:L4:R6:2517,2517,Lydian Harmonic Major,L4,R6,2741,2741,2485,2773,true,PASS
square:L4:R6:2521,2521,Scale 2521,L4,R6,2745,2745,2489,2777,true,PASS
square:L4:R6:2615,2615,Alt ♮67♭♭35,L4,R6,3119,3119,2607,3127,true,PASS
square:L4:R6:2647,2647,Bohemian,L4,R6,3151,3151,2639,3159,true,PASS
square:L4:R6:2663,2663,7-Z18 rooted state 2663,L4,R6,3159,3159,2647,3175,true,PASS
square:L4:R6:2667,2667,Neapolitan Major ♭5,L4,R6,3163,3163,2651,3179,true,PASS
square:L4:R6:2669,2669,Jeths' Mode,L4,R6,3165,3165,2653,3181,true,PASS
square:L4:R6:2711,2711,Erratic,L4,R6,3215,3215,2703,3223,true,PASS
square:L4:R6:2727,2727,Rāga Manoranjani,L4,R6,3223,3223,2711,3239,true,PASS
square:L4:R6:2731,2731,Neapolitan Major,L4,R6,3227,3227,2715,3243,true,PASS
square:L4:R6:2733,2733,Melodic Minor,L4,R6,3229,3229,2717,3245,true,PASS
square:L4:R6:2759,2759,Lydian ♭2♭♭3,L4,R6,3239,3239,2727,3271,true,PASS
square:L4:R6:2763,2763,Rāga Sauviram,L4,R6,3243,3243,2731,3275,true,PASS
square:L4:R6:2765,2765,Lydian Diminished,L4,R6,3245,3245,2733,3277,true,PASS
square:L4:R6:2771,2771,Mela Gamanasrama,L4,R6,3251,3251,2739,3283,true,PASS
square:L4:R6:2773,2773,Lydian,L4,R6,3253,3253,2741,3285,true,PASS
square:L4:R6:2777,2777,Aeolian Harmonic,L4,R6,3257,3257,2745,3289,true,PASS
square:L4:R6:2839,2839,Kaikian Mode V,L4,R6,3343,3343,2831,3351,true,PASS
square:L4:R6:2855,2855,Ionian +♭2𝄫3,L4,R6,3351,3351,2839,3367,true,PASS
square:L4:R6:2859,2859,Neapolitan Major ♯5,L4,R6,3355,3355,2843,3371,true,PASS
square:L4:R6:2861,2861,Melodic +,L4,R6,3357,3357,2845,3373,true,PASS
square:L4:R6:2887,2887,Zephyrean Mode VI,L4,R6,3367,3367,2855,3399,true,PASS
square:L4:R6:2891,2891,7-25 rooted state 2891,L4,R6,3371,3371,2859,3403,true,PASS
square:L4:R6:2893,2893,Lydian Augmented ♭3,L4,R6,3373,3373,2861,3405,true,PASS
square:L4:R6:2899,2899,Lydian Augmented ♭2,L4,R6,3379,3379,2867,3411,true,PASS
square:L4:R6:2901,2901,Lydian Augmented,L4,R6,3381,3381,2869,3413,true,PASS
square:L4:R6:2905,2905,Aeolian Flat,L4,R6,3385,3385,2873,3417,true,PASS
square:L4:R6:2951,2951,7-5 rooted state 2951,L4,R6,3399,3399,2887,3463,true,PASS
square:L4:R6:2955,2955,Neapolitan Maj 𝄪4♯5,L4,R6,3403,3403,2891,3467,true,PASS
square:L4:R6:2957,2957,Melodic +4,L4,R6,3405,3405,2893,3469,true,PASS
square:L4:R6:2963,2963,Ionian +♭2𝄪4,L4,R6,3411,3411,2899,3475,true,PASS
square:L4:R6:2965,2965,Ionian +𝄪4,L4,R6,3413,3413,2901,3477,true,PASS
square:L4:R6:2969,2969,Scale 2969,L4,R6,3417,3417,2905,3481,true,PASS
square:L4:R6:2979,2979,Ionian +♭2♯3𝄪4,L4,R6,3427,3427,2915,3491,true,PASS
square:L4:R6:2981,2981,Noh,L4,R6,3429,3429,2917,3493,true,PASS
square:L4:R6:2985,2985,Ionian +♯23𝄪4,L4,R6,3433,3433,2921,3497,true,PASS
square:L4:R6:2993,2993,Ionian +♯324,L4,R6,3441,3441,2929,3505,true,PASS
square:L4:L6:439,439,Infra-Alt 7♭4,L4,L6,367,367,431,375,true,PASS
square:L4:L6:695,695,Phrygian Double-Flat,L4,L6,623,623,687,631,true,PASS
square:L4:L6:823,823,Scale 823,L4,L6,687,687,815,695,true,PASS
square:L4:L6:855,855,Ultralocrian 𝄫3,L4,L6,719,719,847,727,true,PASS
square:L4:L6:871,871,Locrian 𝄫3𝄫7,L4,L6,727,727,855,743,true,PASS
square:L4:L6:875,875,Locrian double-flat 7,L4,L6,731,731,859,747,true,PASS
square:L4:L6:877,877,Hungarian Major Inverse,L4,L6,733,733,861,749,true,PASS
square:L4:L6:1207,1207,Alt ♭♭3♭♭5♭♭6,L4,L6,1135,1135,1199,1143,true,PASS
square:L4:L6:1335,1335,Elephant Scale,L4,L6,1199,1199,1327,1207,true,PASS
square:L4:L6:1367,1367,Leading Whole-Tone Inverse,L4,L6,1231,1231,1359,1239,true,PASS
square:L4:L6:1383,1383,Locrian double-flat 3,L4,L6,1239,1239,1367,1255,true,PASS
square:L4:L6:1387,1387,Locrian,L4,L6,1243,1243,1371,1259,true,PASS
square:L4:L6:1389,1389,Half-Diminished,L4,L6,1245,1245,1373,1261,true,PASS
square:L4:L6:1591,1591,Alt ♮6♭♭3♭5,L4,L6,1327,1327,1583,1335,true,PASS
square:L4:L6:1623,1623,Alt ♮63,L4,L6,1359,1359,1615,1367,true,PASS
square:L4:L6:1639,1639,7-21 rooted state 1639,L4,L6,1367,1367,1623,1383,true,PASS
square:L4:L6:1643,1643,Locrian ♮6,L4,L6,1371,1371,1627,1387,true,PASS
square:L4:L6:1645,1645,Dorian ♭5,L4,L6,1373,1373,1629,1389,true,PASS
square:L4:L6:1687,1687,Midlocrian,L4,L6,1423,1423,1679,1431,true,PASS
square:L4:L6:1703,1703,Rāga Bhanumati,L4,L6,1431,1431,1687,1447,true,PASS
square:L4:L6:1707,1707,Dorian ♭2,L4,L6,1435,1435,1691,1451,true,PASS
square:L4:L6:1709,1709,Dorian,L4,L6,1437,1437,1693,1453,true,PASS
square:L4:L6:1735,1735,Navaneetam,L4,L6,1447,1447,1703,1479,true,PASS
square:L4:L6:1739,1739,Rāga Sthavarajam,L4,L6,1451,1451,1707,1483,true,PASS
square:L4:L6:1741,1741,Dorian ♯4,L4,L6,1453,1453,1709,1485,true,PASS
square:L4:L6:1747,1747,Lydian 7♭2,L4,L6,1459,1459,1715,1491,true,PASS
square:L4:L6:1749,1749,Acoustic,L4,L6,1461,1461,1717,1493,true,PASS
square:L4:L6:1753,1753,Hungarian Major,L4,L6,1465,1465,1721,1497,true,PASS
square:L4:L6:2231,2231,Arcadian,L4,L6,2159,2159,2223,2167,true,PASS
square:L4:L6:2359,2359,Unorthodox Minor,L4,L6,2223,2223,2351,2231,true,PASS
square:L4:L6:2391,2391,Phlegmatic,L4,L6,2255,2255,2383,2263,true,PASS
square:L4:L6:2407,2407,7-19 rooted state 2407,L4,L6,2263,2263,2391,2279,true,PASS
square:L4:L6:2411,2411,Locrian ♮7,L4,L6,2267,2267,2395,2283,true,PASS
square:L4:L6:2413,2413,Harmonic Minor ♭5,L4,L6,2269,2269,2397,2285,true,PASS
square:L4:L6:2615,2615,Alt ♮67♭♭35,L4,L6,2351,2351,2607,2359,true,PASS
square:L4:L6:2647,2647,Bohemian,L4,L6,2383,2383,2639,2391,true,PASS
square:L4:L6:2663,2663,7-Z18 rooted state 2663,L4,L6,2391,2391,2647,2407,true,PASS
square:L4:L6:2667,2667,Neapolitan Major ♭5,L4,L6,2395,2395,2651,2411,true,PASS
square:L4:L6:2669,2669,Jeths' Mode,L4,L6,2397,2397,2653,2413,true,PASS
square:L4:L6:2711,2711,Erratic,L4,L6,2447,2447,2703,2455,true,PASS
square:L4:L6:2727,2727,Rāga Manoranjani,L4,L6,2455,2455,2711,2471,true,PASS
square:L4:L6:2731,2731,Neapolitan Major,L4,L6,2459,2459,2715,2475,true,PASS
square:L4:L6:2733,2733,Melodic Minor,L4,L6,2461,2461,2717,2477,true,PASS
square:L4:L6:2759,2759,Lydian ♭2♭♭3,L4,L6,2471,2471,2727,2503,true,PASS
square:L4:L6:2763,2763,Rāga Sauviram,L4,L6,2475,2475,2731,2507,true,PASS
square:L4:L6:2765,2765,Lydian Diminished,L4,L6,2477,2477,2733,2509,true,PASS
square:L4:L6:2771,2771,Mela Gamanasrama,L4,L6,2483,2483,2739,2515,true,PASS
square:L4:L6:2773,2773,Lydian,L4,L6,2485,2485,2741,2517,true,PASS
square:L4:L6:2777,2777,Aeolian Harmonic,L4,L6,2489,2489,2745,2521,true,PASS
square:L4:L6:3127,3127,7-4 rooted state 3127,L4,L6,2607,2607,3119,2615,true,PASS
square:L4:L6:3159,3159,Alt ♮7♯6𝄫3,L4,L6,2639,2639,3151,2647,true,PASS
square:L4:L6:3175,3175,Locrian 3♯6♮7,L4,L6,2647,2647,3159,2663,true,PASS
square:L4:L6:3179,3179,Locrian ♮7♯6,L4,L6,2651,2651,3163,2667,true,PASS
square:L4:L6:3181,3181,Melodic ♭5♯6,L4,L6,2653,2653,3165,2669,true,PASS
square:L4:L6:3223,3223,Alt ♮57♯63,L4,L6,2703,2703,3215,2711,true,PASS
square:L4:L6:3239,3239,Rāga Tanukirti,L4,L6,2711,2711,3223,2727,true,PASS
square:L4:L6:3243,3243,Mela Rupavati,L4,L6,2715,2715,3227,2731,true,PASS
square:L4:L6:3245,3245,Rāga Daulati,L4,L6,2717,2717,3229,2733,true,PASS
square:L4:L6:3271,3271,Mela Raghupriya,L4,L6,2727,2727,3239,2759,true,PASS
square:L4:L6:3275,3275,7-Z18 rooted state 3275,L4,L6,2731,2731,3243,2763,true,PASS
square:L4:L6:3277,3277,7-21 rooted state 3277,L4,L6,2733,2733,3245,2765,true,PASS
square:L4:L6:3283,3283,7-19 rooted state 3283,L4,L6,2739,2739,3251,2771,true,PASS
square:L4:L6:3285,3285,Mela Citrambari,L4,L6,2741,2741,3253,2773,true,PASS
square:L4:L6:3289,3289,Rasikapriya,L4,L6,2745,2745,3257,2777,true,PASS
square:L4:L6:3351,3351,Crater Scale,L4,L6,2831,2831,3343,2839,true,PASS
square:L4:L6:3367,3367,Neapolitan Major 3♯5♯6,L4,L6,2839,2839,3351,2855,true,PASS
square:L4:L6:3371,3371,Neapolitan Maj ♯5♯6,L4,L6,2843,2843,3355,2859,true,PASS
square:L4:L6:3373,3373,Melodic +♯6,L4,L6,2845,2845,3357,2861,true,PASS
square:L4:L6:3399,3399,Phrygian +𝄫3,L4,L6,2855,2855,3367,2887,true,PASS
square:L4:L6:3403,3403,Enigmatic Minor,L4,L6,2859,2859,3371,2891,true,PASS
square:L4:L6:3405,3405,Phrygian +♮2,L4,L6,2861,2861,3373,2893,true,PASS
square:L4:L6:3411,3411,Enigmatic,L4,L6,2867,2867,3379,2899,true,PASS
square:L4:L6:3413,3413,Leading Whole-Tone,L4,L6,2869,2869,3381,2901,true,PASS
square:L4:L6:3417,3417,Lydian +♯26,L4,L6,2873,2873,3385,2905,true,PASS
square:L4:L6:3463,3463,7-4 rooted state 3463,L4,L6,2887,2887,3399,2951,true,PASS
square:L4:L6:3467,3467,Phrygian +𝄪4,L4,L6,2891,2891,3403,2955,true,PASS
square:L4:L6:3469,3469,Melodic +♯6𝄪4,L4,L6,2893,2893,3405,2957,true,PASS
square:L4:L6:3475,3475,Enigmatic 𝄪4,L4,L6,2899,2899,3411,2963,true,PASS
square:L4:L6:3477,3477,Ionian +♯64,L4,L6,2901,2901,3413,2965,true,PASS
square:L4:L6:3481,3481,Scale 3481,L4,L6,2905,2905,3417,2969,true,PASS
square:L4:L6:3491,3491,Superlydian Augmented ♭2𝄪4,L4,L6,2915,2915,3427,2979,true,PASS
square:L4:L6:3493,3493,Ionian +♯3♯6𝄪4,L4,L6,2917,2917,3429,2981,true,PASS
square:L4:L6:3497,3497,Superlydian Augmented 𝄪4,L4,L6,2921,2921,3433,2985,true,PASS
square:L4:L6:3505,3505,Superlydian Augmented 24,L4,L6,2929,2929,3441,2993,true,PASS
square:L4:R7:247,247,Scale 247,L4,R7,367,367,239,375,true,PASS
square:L4:R7:375,375,Scale 375,L4,R7,623,623,367,631,true,PASS
square:L4:R7:439,439,Infra-Alt 7♭4,L4,R7,687,687,431,695,true,PASS
square:L4:R7:471,471,Alt 3·6·♭7,L4,R7,719,719,463,727,true,PASS
square:L4:R7:487,487,Scale 487,L4,R7,727,727,471,743,true,PASS
square:L4:R7:491,491,Locrian ♭♭6♭♭♭7,L4,R7,731,731,475,747,true,PASS
square:L4:R7:493,493,Locrian ♮2♭♭6♭♭♭7,L4,R7,733,733,477,749,true,PASS
square:L4:R7:631,631,Infra-Alt 6♭4,L4,R7,1135,1135,623,1143,true,PASS
square:L4:R7:695,695,Phrygian Double-Flat,L4,R7,1199,1199,687,1207,true,PASS
square:L4:R7:727,727,Triadic Heptatonic 29,L4,R7,1231,1231,719,1239,true,PASS
square:L4:R7:743,743,Phrygian Hungarian Minor,L4,R7,1239,1239,727,1255,true,PASS
square:L4:R7:747,747,1sus4 & ♭3∅7,L4,R7,1243,1243,731,1259,true,PASS
square:L4:R7:749,749,Locrian ♮2♭♭6♭♭7,L4,R7,1245,1245,733,1261,true,PASS
square:L4:R7:823,823,Scale 823,L4,R7,1327,1327,815,1335,true,PASS
square:L4:R7:855,855,Ultralocrian 𝄫3,L4,R7,1359,1359,847,1367,true,PASS
square:L4:R7:871,871,Locrian 𝄫3𝄫7,L4,R7,1367,1367,855,1383,true,PASS
square:L4:R7:875,875,Locrian double-flat 7,L4,R7,1371,1371,859,1387,true,PASS
square:L4:R7:877,877,Hungarian Major Inverse,L4,R7,1373,1373,861,1389,true,PASS
square:L4:R7:919,919,Chromatic Phrygian Inverse,L4,R7,1423,1423,911,1431,true,PASS
square:L4:R7:935,935,Kanakangi,L4,R7,1431,1431,919,1447,true,PASS
square:L4:R7:939,939,Rāga Malini,L4,R7,1435,1435,923,1451,true,PASS
square:L4:R7:941,941,Rāga Jhankara Bhramavi,L4,R7,1437,1437,925,1453,true,PASS
square:L4:R7:967,967,Scale 967,L4,R7,1447,1447,935,1479,true,PASS
square:L4:R7:971,971,Scale 971,L4,R7,1451,1451,939,1483,true,PASS
square:L4:R7:973,973,7-19 rooted state 973,L4,R7,1453,1453,941,1485,true,PASS
square:L4:R7:979,979,Scale 979,L4,R7,1459,1459,947,1491,true,PASS
square:L4:R7:981,981,Mela Kantamani,L4,R7,1461,1461,949,1493,true,PASS
square:L4:R7:985,985,Scale 985,L4,R7,1465,1465,953,1497,true,PASS
square:L4:R7:1143,1143,Scale 1143,L4,R7,2159,2159,1135,2167,true,PASS
square:L4:R7:1207,1207,Alt ♭♭3♭♭5♭♭6,L4,R7,2223,2223,1199,2231,true,PASS
square:L4:R7:1239,1239,Alt 𝄫3𝄫6,L4,R7,2255,2255,1231,2263,true,PASS
square:L4:R7:1255,1255,Chromatic Mixolydian,L4,R7,2263,2263,1239,2279,true,PASS
square:L4:R7:1259,1259,Blues Phrygian,L4,R7,2267,2267,1243,2283,true,PASS
square:L4:R7:1261,1261,Modified Blues,L4,R7,2269,2269,1245,2285,true,PASS
square:L4:R7:1335,1335,Elephant Scale,L4,R7,2351,2351,1327,2359,true,PASS
square:L4:R7:1367,1367,Leading Whole-Tone Inverse,L4,R7,2383,2383,1359,2391,true,PASS
square:L4:R7:1383,1383,Locrian double-flat 3,L4,R7,2391,2391,1367,2407,true,PASS
square:L4:R7:1387,1387,Locrian,L4,R7,2395,2395,1371,2411,true,PASS
square:L4:R7:1389,1389,Half-Diminished,L4,R7,2397,2397,1373,2413,true,PASS
square:L4:R7:1431,1431,Astrocyte,L4,R7,2447,2447,1423,2455,true,PASS
square:L4:R7:1447,1447,Rāga Phenadyuti,L4,R7,2455,2455,1431,2471,true,PASS
square:L4:R7:1451,1451,Phrygian,L4,R7,2459,2459,1435,2475,true,PASS
square:L4:R7:1453,1453,Aeolian,L4,R7,2461,2461,1437,2477,true,PASS
square:L4:R7:1479,1479,Mela Jalarnava,L4,R7,2471,2471,1447,2503,true,PASS
square:L4:R7:1483,1483,Mela Bhavapriya,L4,R7,2475,2475,1451,2507,true,PASS
square:L4:R7:1485,1485,Mela Sanmukhapriya,L4,R7,2477,2477,1453,2509,true,PASS
square:L4:R7:1491,1491,Namanarayani,L4,R7,2483,2483,1459,2515,true,PASS
square:L4:R7:1493,1493,Lydian Minor,L4,R7,2485,2485,1461,2517,true,PASS
square:L4:R7:1497,1497,Jyoti Swarupini,L4,R7,2489,2489,1465,2521,true,PASS
square:L4:R7:1591,1591,Alt ♮6♭♭3♭5,L4,R7,2607,2607,1583,2615,true,PASS
square:L4:R7:1623,1623,Alt ♮63,L4,R7,2639,2639,1615,2647,true,PASS
square:L4:R7:1639,1639,7-21 rooted state 1639,L4,R7,2647,2647,1623,2663,true,PASS
square:L4:R7:1643,1643,Locrian ♮6,L4,R7,2651,2651,1627,2667,true,PASS
square:L4:R7:1645,1645,Dorian ♭5,L4,R7,2653,2653,1629,2669,true,PASS
square:L4:R7:1687,1687,Midlocrian,L4,R7,2703,2703,1679,2711,true,PASS
square:L4:R7:1703,1703,Rāga Bhanumati,L4,R7,2711,2711,1687,2727,true,PASS
square:L4:R7:1707,1707,Dorian ♭2,L4,R7,2715,2715,1691,2731,true,PASS
square:L4:R7:1709,1709,Dorian,L4,R7,2717,2717,1693,2733,true,PASS
square:L4:R7:1735,1735,Navaneetam,L4,R7,2727,2727,1703,2759,true,PASS
square:L4:R7:1739,1739,Rāga Sthavarajam,L4,R7,2731,2731,1707,2763,true,PASS
square:L4:R7:1741,1741,Dorian ♯4,L4,R7,2733,2733,1709,2765,true,PASS
square:L4:R7:1747,1747,Lydian 7♭2,L4,R7,2739,2739,1715,2771,true,PASS
square:L4:R7:1749,1749,Acoustic,L4,R7,2741,2741,1717,2773,true,PASS
square:L4:R7:1753,1753,Hungarian Major,L4,R7,2745,2745,1721,2777,true,PASS
square:L4:R7:1815,1815,Scale 1815,L4,R7,2831,2831,1807,2839,true,PASS
square:L4:R7:1831,1831,Dominant +♭2𝄫3,L4,R7,2839,2839,1815,2855,true,PASS
square:L4:R7:1835,1835,Dorian +♭2,L4,R7,2843,2843,1819,2859,true,PASS
square:L4:R7:1837,1837,Dorian Augmented,L4,R7,2845,2845,1821,2861,true,PASS
square:L4:R7:1863,1863,Scale 1863,L4,R7,2855,2855,1831,2887,true,PASS
square:L4:R7:1867,1867,Lydian 7+♭23,L4,R7,2859,2859,1835,2891,true,PASS
square:L4:R7:1869,1869,Lydian 7+♭3,L4,R7,2861,2861,1837,2893,true,PASS
square:L4:R7:1875,1875,Persichetti,L4,R7,2867,2867,1843,2899,true,PASS
square:L4:R7:1877,1877,Aeroptian,L4,R7,2869,2869,1845,2901,true,PASS
square:L4:R7:1881,1881,Lydian 7+♯2,L4,R7,2873,2873,1849,2905,true,PASS
square:L4:R7:1927,1927,7-5 rooted state 1927,L4,R7,2887,2887,1863,2951,true,PASS
square:L4:R7:1931,1931,Dorian +♭2𝄪4,L4,R7,2891,2891,1867,2955,true,PASS
square:L4:R7:1933,1933,Dorian +𝄪4,L4,R7,2893,2893,1869,2957,true,PASS
square:L4:R7:1939,1939,Dominant +♭2𝄪4,L4,R7,2899,2899,1875,2963,true,PASS
square:L4:R7:1941,1941,Dominant +𝄪4,L4,R7,2901,2901,1877,2965,true,PASS
square:L4:R7:1945,1945,7-Z18 rooted state 1945,L4,R7,2905,2905,1881,2969,true,PASS
square:L4:R7:1955,1955,Dominant +♭2♯3𝄪4,L4,R7,2915,2915,1891,2979,true,PASS
square:L4:R7:1957,1957,Dominant +♯3𝄪4,L4,R7,2917,2917,1893,2981,true,PASS
square:L4:R7:1961,1961,Dominant +♯2♯3𝄪4,L4,R7,2921,2921,1897,2985,true,PASS
square:L4:R7:1969,1969,Dominant +♯3𝄪2♭4,L4,R7,2929,2929,1905,2993,true,PASS
square:L4:L7:375,375,Scale 375,L4,L7,239,239,367,247,true,PASS
square:L4:L7:631,631,Infra-Alt 6♭4,L4,L7,367,367,623,375,true,PASS
square:L4:L7:695,695,Phrygian Double-Flat,L4,L7,431,431,687,439,true,PASS
square:L4:L7:727,727,Triadic Heptatonic 29,L4,L7,463,463,719,471,true,PASS
square:L4:L7:743,743,Phrygian Hungarian Minor,L4,L7,471,471,727,487,true,PASS
square:L4:L7:747,747,1sus4 & ♭3∅7,L4,L7,475,475,731,491,true,PASS
square:L4:L7:749,749,Locrian ♮2♭♭6♭♭7,L4,L7,477,477,733,493,true,PASS
square:L4:L7:1143,1143,Scale 1143,L4,L7,623,623,1135,631,true,PASS
square:L4:L7:1207,1207,Alt ♭♭3♭♭5♭♭6,L4,L7,687,687,1199,695,true,PASS
square:L4:L7:1239,1239,Alt 𝄫3𝄫6,L4,L7,719,719,1231,727,true,PASS
square:L4:L7:1255,1255,Chromatic Mixolydian,L4,L7,727,727,1239,743,true,PASS
square:L4:L7:1259,1259,Blues Phrygian,L4,L7,731,731,1243,747,true,PASS
square:L4:L7:1261,1261,Modified Blues,L4,L7,733,733,1245,749,true,PASS
square:L4:L7:1335,1335,Elephant Scale,L4,L7,815,815,1327,823,true,PASS
square:L4:L7:1367,1367,Leading Whole-Tone Inverse,L4,L7,847,847,1359,855,true,PASS
square:L4:L7:1383,1383,Locrian double-flat 3,L4,L7,855,855,1367,871,true,PASS
square:L4:L7:1387,1387,Locrian,L4,L7,859,859,1371,875,true,PASS
square:L4:L7:1389,1389,Half-Diminished,L4,L7,861,861,1373,877,true,PASS
square:L4:L7:1431,1431,Astrocyte,L4,L7,911,911,1423,919,true,PASS
square:L4:L7:1447,1447,Rāga Phenadyuti,L4,L7,919,919,1431,935,true,PASS
square:L4:L7:1451,1451,Phrygian,L4,L7,923,923,1435,939,true,PASS
square:L4:L7:1453,1453,Aeolian,L4,L7,925,925,1437,941,true,PASS
square:L4:L7:1479,1479,Mela Jalarnava,L4,L7,935,935,1447,967,true,PASS
square:L4:L7:1483,1483,Mela Bhavapriya,L4,L7,939,939,1451,971,true,PASS
square:L4:L7:1485,1485,Mela Sanmukhapriya,L4,L7,941,941,1453,973,true,PASS
square:L4:L7:1491,1491,Namanarayani,L4,L7,947,947,1459,979,true,PASS
square:L4:L7:1493,1493,Lydian Minor,L4,L7,949,949,1461,981,true,PASS
square:L4:L7:1497,1497,Jyoti Swarupini,L4,L7,953,953,1465,985,true,PASS
square:L4:L7:2167,2167,7-5 rooted state 2167,L4,L7,1135,1135,2159,1143,true,PASS
square:L4:L7:2231,2231,Arcadian,L4,L7,1199,1199,2223,1207,true,PASS
square:L4:L7:2263,2263,Phlegmatic Minor,L4,L7,1231,1231,2255,1239,true,PASS
square:L4:L7:2279,2279,Scale 2279,L4,L7,1239,1239,2263,1255,true,PASS
square:L4:L7:2283,2283,Pacific Minor,L4,L7,1243,1243,2267,1259,true,PASS
square:L4:L7:2285,2285,Supine,L4,L7,1245,1245,2269,1261,true,PASS
square:L4:L7:2359,2359,Unorthodox Minor,L4,L7,1327,1327,2351,1335,true,PASS
square:L4:L7:2391,2391,Phlegmatic,L4,L7,1359,1359,2383,1367,true,PASS
square:L4:L7:2407,2407,7-19 rooted state 2407,L4,L7,1367,1367,2391,1383,true,PASS
square:L4:L7:2411,2411,Locrian ♮7,L4,L7,1371,1371,2395,1387,true,PASS
square:L4:L7:2413,2413,Harmonic Minor ♭5,L4,L7,1373,1373,2397,1389,true,PASS
square:L4:L7:2455,2455,7-Z18 rooted state 2455,L4,L7,1423,1423,2447,1431,true,PASS
square:L4:L7:2471,2471,7-19 rooted state 2471,L4,L7,1431,1431,2455,1447,true,PASS
square:L4:L7:2475,2475,Neapolitan Minor,L4,L7,1435,1435,2459,1451,true,PASS
square:L4:L7:2477,2477,Harmonic Minor,L4,L7,1437,1437,2461,1453,true,PASS
square:L4:L7:2503,2503,Scale 2503,L4,L7,1447,1447,2471,1479,true,PASS
square:L4:L7:2507,2507,Chromatic Lydian Inverse,L4,L7,1451,1451,2475,1483,true,PASS
square:L4:L7:2509,2509,Double Harmonic Minor,L4,L7,1453,1453,2477,1485,true,PASS
square:L4:L7:2515,2515,Chromatic Hypolydian,L4,L7,1459,1459,2483,1491,true,PASS
square:L4:L7:2517,2517,Lydian Harmonic Major,L4,L7,1461,1461,2485,1493,true,PASS
square:L4:L7:2521,2521,Scale 2521,L4,L7,1465,1465,2489,1497,true,PASS
square:L4:L7:2615,2615,Alt ♮67♭♭35,L4,L7,1583,1583,2607,1591,true,PASS
square:L4:L7:2647,2647,Bohemian,L4,L7,1615,1615,2639,1623,true,PASS
square:L4:L7:2663,2663,7-Z18 rooted state 2663,L4,L7,1623,1623,2647,1639,true,PASS
square:L4:L7:2667,2667,Neapolitan Major ♭5,L4,L7,1627,1627,2651,1643,true,PASS
square:L4:L7:2669,2669,Jeths' Mode,L4,L7,1629,1629,2653,1645,true,PASS
square:L4:L7:2711,2711,Erratic,L4,L7,1679,1679,2703,1687,true,PASS
square:L4:L7:2727,2727,Rāga Manoranjani,L4,L7,1687,1687,2711,1703,true,PASS
square:L4:L7:2731,2731,Neapolitan Major,L4,L7,1691,1691,2715,1707,true,PASS
square:L4:L7:2733,2733,Melodic Minor,L4,L7,1693,1693,2717,1709,true,PASS
square:L4:L7:2759,2759,Lydian ♭2♭♭3,L4,L7,1703,1703,2727,1735,true,PASS
square:L4:L7:2763,2763,Rāga Sauviram,L4,L7,1707,1707,2731,1739,true,PASS
square:L4:L7:2765,2765,Lydian Diminished,L4,L7,1709,1709,2733,1741,true,PASS
square:L4:L7:2771,2771,Mela Gamanasrama,L4,L7,1715,1715,2739,1747,true,PASS
square:L4:L7:2773,2773,Lydian,L4,L7,1717,1717,2741,1749,true,PASS
square:L4:L7:2777,2777,Aeolian Harmonic,L4,L7,1721,1721,2745,1753,true,PASS
square:L4:L7:2839,2839,Kaikian Mode V,L4,L7,1807,1807,2831,1815,true,PASS
square:L4:L7:2855,2855,Ionian +♭2𝄫3,L4,L7,1815,1815,2839,1831,true,PASS
square:L4:L7:2859,2859,Neapolitan Major ♯5,L4,L7,1819,1819,2843,1835,true,PASS
square:L4:L7:2861,2861,Melodic +,L4,L7,1821,1821,2845,1837,true,PASS
square:L4:L7:2887,2887,Zephyrean Mode VI,L4,L7,1831,1831,2855,1863,true,PASS
square:L4:L7:2891,2891,7-25 rooted state 2891,L4,L7,1835,1835,2859,1867,true,PASS
square:L4:L7:2893,2893,Lydian Augmented ♭3,L4,L7,1837,1837,2861,1869,true,PASS
square:L4:L7:2899,2899,Lydian Augmented ♭2,L4,L7,1843,1843,2867,1875,true,PASS
square:L4:L7:2901,2901,Lydian Augmented,L4,L7,1845,1845,2869,1877,true,PASS
square:L4:L7:2905,2905,Aeolian Flat,L4,L7,1849,1849,2873,1881,true,PASS
square:L4:L7:2951,2951,7-5 rooted state 2951,L4,L7,1863,1863,2887,1927,true,PASS
square:L4:L7:2955,2955,Neapolitan Maj 𝄪4♯5,L4,L7,1867,1867,2891,1931,true,PASS
square:L4:L7:2957,2957,Melodic +4,L4,L7,1869,1869,2893,1933,true,PASS
square:L4:L7:2963,2963,Ionian +♭2𝄪4,L4,L7,1875,1875,2899,1939,true,PASS
square:L4:L7:2965,2965,Ionian +𝄪4,L4,L7,1877,1877,2901,1941,true,PASS
square:L4:L7:2969,2969,Scale 2969,L4,L7,1881,1881,2905,1945,true,PASS
square:L4:L7:2979,2979,Ionian +♭2♯3𝄪4,L4,L7,1891,1891,2915,1955,true,PASS
square:L4:L7:2981,2981,Noh,L4,L7,1893,1893,2917,1957,true,PASS
square:L4:L7:2985,2985,Ionian +♯23𝄪4,L4,L7,1897,1897,2921,1961,true,PASS
square:L4:L7:2993,2993,Ionian +♯324,L4,L7,1905,1905,2929,1969,true,PASS
square:R5:L5:431,431,Infra-Alt 7,R5,L5,431,431,463,415,true,PASS
square:R5:L5:687,687,Alt ♭♭3♭♭4♭♭5♭♭6♭♭7,R5,L5,687,687,719,671,true,PASS
square:R5:L5:815,815,Scale 815,R5,L5,815,815,847,799,true,PASS
square:R5:L5:847,847,Scale 847,R5,L5,847,847,911,815,true,PASS
square:R5:L5:855,855,Ultralocrian 𝄫3,R5,L5,855,855,919,823,true,PASS
square:R5:L5:859,859,Ultralocrian,R5,L5,859,859,923,827,true,PASS
square:R5:L5:861,861,Superlocrian ♮2𝄫7,R5,L5,861,861,925,829,true,PASS
square:R5:L5:1199,1199,Alt ♭♭3♭♭4♭♭5♭♭6,R5,L5,1199,1199,1231,1183,true,PASS
square:R5:L5:1327,1327,Lipsean Mode IV,R5,L5,1327,1327,1359,1311,true,PASS
square:R5:L5:1359,1359,"Alt double-flat 3, double-flat 4",R5,L5,1359,1359,1423,1327,true,PASS
square:R5:L5:1367,1367,Leading Whole-Tone Inverse,R5,L5,1367,1367,1431,1335,true,PASS
square:R5:L5:1371,1371,Superlocrian,R5,L5,1371,1371,1435,1339,true,PASS
square:R5:L5:1373,1373,Storian,R5,L5,1373,1373,1437,1341,true,PASS
square:R5:L5:1583,1583,Alt ♮6♭♭3♭4♭5,R5,L5,1583,1583,1615,1567,true,PASS
square:R5:L5:1615,1615,Sydian (Alt ♮6𝄫34),R5,L5,1615,1615,1679,1583,true,PASS
square:R5:L5:1623,1623,Alt ♮63,R5,L5,1623,1623,1687,1591,true,PASS
square:R5:L5:1627,1627,Superlocrian ♯6,R5,L5,1627,1627,1691,1595,true,PASS
square:R5:L5:1629,1629,Dorian Blues,R5,L5,1629,1629,1693,1597,true,PASS
square:R5:L5:1679,1679,Zephyrean Mode V,R5,L5,1679,1679,1807,1615,true,PASS
square:R5:L5:1687,1687,Midlocrian,R5,L5,1687,1687,1815,1623,true,PASS
square:R5:L5:1691,1691,Dorian ♭2♭4,R5,L5,1691,1691,1819,1627,true,PASS
square:R5:L5:1693,1693,Dorian ♭4,R5,L5,1693,1693,1821,1629,true,PASS
square:R5:L5:1703,1703,Rāga Bhanumati,R5,L5,1703,1703,1831,1639,true,PASS
square:R5:L5:1707,1707,Dorian ♭2,R5,L5,1707,1707,1835,1643,true,PASS
square:R5:L5:1709,1709,Dorian,R5,L5,1709,1709,1837,1645,true,PASS
square:R5:L5:1715,1715,Dominant ♭2,R5,L5,1715,1715,1843,1651,true,PASS
square:R5:L5:1717,1717,Mixolydian,R5,L5,1717,1717,1845,1653,true,PASS
square:R5:L5:1721,1721,Rāga Ganavaridhi,R5,L5,1721,1721,1849,1657,true,PASS
square:R5:L5:2223,2223,Arcadian Minor,R5,L5,2223,2223,2255,2207,true,PASS
square:R5:L5:2351,2351,Alt ♮7345,R5,L5,2351,2351,2383,2335,true,PASS
square:R5:L5:2383,2383,Alt ♮734,R5,L5,2383,2383,2447,2351,true,PASS
square:R5:L5:2391,2391,Phlegmatic,R5,L5,2391,2391,2455,2359,true,PASS
square:R5:L5:2395,2395,Alt ♮7,R5,L5,2395,2395,2459,2363,true,PASS
square:R5:L5:2397,2397,Eccentric,R5,L5,2397,2397,2461,2365,true,PASS
square:R5:L5:2607,2607,Alt ♮67345,R5,L5,2607,2607,2639,2591,true,PASS
square:R5:L5:2639,2639,Alt ♮6734,R5,L5,2639,2639,2703,2607,true,PASS
square:R5:L5:2647,2647,Bohemian,R5,L5,2647,2647,2711,2615,true,PASS
square:R5:L5:2651,2651,7-25 rooted state 2651,R5,L5,2651,2651,2715,2619,true,PASS
square:R5:L5:2653,2653,Nomadic,R5,L5,2653,2653,2717,2621,true,PASS
square:R5:L5:2703,2703,Erratic Minor,R5,L5,2703,2703,2831,2639,true,PASS
square:R5:L5:2711,2711,Erratic,R5,L5,2711,2711,2839,2647,true,PASS
square:R5:L5:2715,2715,Neapolitan Major ♭4,R5,L5,2715,2715,2843,2651,true,PASS
square:R5:L5:2717,2717,Melodic ♭4,R5,L5,2717,2717,2845,2653,true,PASS
square:R5:L5:2727,2727,Rāga Manoranjani,R5,L5,2727,2727,2855,2663,true,PASS
square:R5:L5:2731,2731,Neapolitan Major,R5,L5,2731,2731,2859,2667,true,PASS
square:R5:L5:2733,2733,Melodic Minor,R5,L5,2733,2733,2861,2669,true,PASS
square:R5:L5:2739,2739,Rāga Supradhipam,R5,L5,2739,2739,2867,2675,true,PASS
square:R5:L5:2741,2741,Ionian,R5,L5,2741,2741,2869,2677,true,PASS
square:R5:L5:2745,2745,Rāga Sailadesakshi,R5,L5,2745,2745,2873,2681,true,PASS
square:R5:L5:3119,3119,Alt ♮7♯6345,R5,L5,3119,3119,3151,3103,true,PASS
square:R5:L5:3151,3151,7-3 rooted state 3151,R5,L5,3151,3151,3215,3119,true,PASS
square:R5:L5:3159,3159,Alt ♮7♯6𝄫3,R5,L5,3159,3159,3223,3127,true,PASS
square:R5:L5:3163,3163,Alt ♮7♯6,R5,L5,3163,3163,3227,3131,true,PASS
square:R5:L5:3165,3165,Scale 3165,R5,L5,3165,3165,3229,3133,true,PASS
square:R5:L5:3215,3215,7-3 rooted state 3215,R5,L5,3215,3215,3343,3151,true,PASS
square:R5:L5:3223,3223,Alt ♮57♯63,R5,L5,3223,3223,3351,3159,true,PASS
square:R5:L5:3227,3227,Neapolitan Major ♭4♯6,R5,L5,3227,3227,3355,3163,true,PASS
square:R5:L5:3229,3229,Varunapriya ♭4,R5,L5,3229,3229,3357,3165,true,PASS
square:R5:L5:3239,3239,Rāga Tanukirti,R5,L5,3239,3239,3367,3175,true,PASS
square:R5:L5:3243,3243,Mela Rupavati,R5,L5,3243,3243,3371,3179,true,PASS
square:R5:L5:3245,3245,Rāga Daulati,R5,L5,3245,3245,3373,3181,true,PASS
square:R5:L5:3251,3251,7-19 rooted state 3251,R5,L5,3251,3251,3379,3187,true,PASS
square:R5:L5:3253,3253,Mela Naganandini,R5,L5,3253,3253,3381,3189,true,PASS
square:R5:L5:3257,3257,Rāga Madhuranjani,R5,L5,3257,3257,3385,3193,true,PASS
square:R5:L5:3343,3343,Phrygian +34,R5,L5,3343,3343,3599,3215,true,PASS
square:R5:L5:3351,3351,Crater Scale,R5,L5,3351,3351,3607,3223,true,PASS
square:R5:L5:3355,3355,Phrygian +♭4,R5,L5,3355,3355,3611,3227,true,PASS
square:R5:L5:3357,3357,Scale 3357,R5,L5,3357,3357,3613,3229,true,PASS
square:R5:L5:3367,3367,Neapolitan Major 3♯5♯6,R5,L5,3367,3367,3623,3239,true,PASS
square:R5:L5:3371,3371,Neapolitan Maj ♯5♯6,R5,L5,3371,3371,3627,3243,true,PASS
square:R5:L5:3373,3373,Melodic +♯6,R5,L5,3373,3373,3629,3245,true,PASS
square:R5:L5:3379,3379,7-Z18 rooted state 3379,R5,L5,3379,3379,3635,3251,true,PASS
square:R5:L5:3381,3381,Ionian +♯6,R5,L5,3381,3381,3637,3253,true,PASS
square:R5:L5:3385,3385,Chromatic Phrygian,R5,L5,3385,3385,3641,3257,true,PASS
square:R5:L5:3399,3399,Phrygian +𝄫3,R5,L5,3399,3399,3655,3271,true,PASS
square:R5:L5:3403,3403,Enigmatic Minor,R5,L5,3403,3403,3659,3275,true,PASS
square:R5:L5:3405,3405,Phrygian +♮2,R5,L5,3405,3405,3661,3277,true,PASS
square:R5:L5:3411,3411,Enigmatic,R5,L5,3411,3411,3667,3283,true,PASS
square:R5:L5:3413,3413,Leading Whole-Tone,R5,L5,3413,3413,3669,3285,true,PASS
square:R5:L5:3417,3417,Lydian +♯26,R5,L5,3417,3417,3673,3289,true,PASS
square:R5:L5:3427,3427,Phrygian +♯3,R5,L5,3427,3427,3683,3299,true,PASS
square:R5:L5:3429,3429,Lydian +♯36,R5,L5,3429,3429,3685,3301,true,PASS
square:R5:L5:3433,3433,Superlydian Augmented,R5,L5,3433,3433,3689,3305,true,PASS
square:R5:L5:3441,3441,Superlydian Augmented ♯2,R5,L5,3441,3441,3697,3313,true,PASS
square:R5:R6:351,351,Infra-Alt 567,R5,R6,431,431,367,415,true,PASS
square:R5:R6:607,607,Infra-Alt 56,R5,R6,687,687,623,671,true,PASS
square:R5:R6:671,671,Infra-Alt 5,R5,R6,815,815,687,799,true,PASS
square:R5:R6:687,687,Alt ♭♭3♭♭4♭♭5♭♭6♭♭7,R5,R6,847,847,719,815,true,PASS
square:R5:R6:695,695,Phrygian Double-Flat,R5,R6,855,855,727,823,true,PASS
square:R5:R6:699,699,Ultralocrian 5,R5,R6,859,859,731,827,true,PASS
square:R5:R6:701,701,Alt ♮2♭♭567,R5,R6,861,861,733,829,true,PASS
square:R5:R6:1119,1119,Infra-Alt 56♭7,R5,R6,1199,1199,1135,1183,true,PASS
square:R5:R6:1183,1183,Infra-Alt 5♭7,R5,R6,1327,1327,1199,1311,true,PASS
square:R5:R6:1199,1199,Alt ♭♭3♭♭4♭♭5♭♭6,R5,R6,1359,1359,1231,1327,true,PASS
square:R5:R6:1207,1207,Alt ♭♭3♭♭5♭♭6,R5,R6,1367,1367,1239,1335,true,PASS
square:R5:R6:1211,1211,Ceiling Scale,R5,R6,1371,1371,1243,1339,true,PASS
square:R5:R6:1213,1213,Alt ♮2♭♭5♭6,R5,R6,1373,1373,1245,1341,true,PASS
square:R5:R6:1311,1311,Alt 34♭5,R5,R6,1583,1583,1327,1567,true,PASS
square:R5:R6:1327,1327,Lipsean Mode IV,R5,R6,1615,1615,1359,1583,true,PASS
square:R5:R6:1335,1335,Elephant Scale,R5,R6,1623,1623,1367,1591,true,PASS
square:R5:R6:1339,1339,Alt ♭♭5,R5,R6,1627,1627,1371,1595,true,PASS
square:R5:R6:1341,1341,Alt ♮2♭♭5,R5,R6,1629,1629,1373,1597,true,PASS
square:R5:R6:1359,1359,"Alt double-flat 3, double-flat 4",R5,R6,1679,1679,1423,1615,true,PASS
square:R5:R6:1367,1367,Leading Whole-Tone Inverse,R5,R6,1687,1687,1431,1623,true,PASS
square:R5:R6:1371,1371,Superlocrian,R5,R6,1691,1691,1435,1627,true,PASS
square:R5:R6:1373,1373,Storian,R5,R6,1693,1693,1437,1629,true,PASS
square:R5:R6:1383,1383,Locrian double-flat 3,R5,R6,1703,1703,1447,1639,true,PASS
square:R5:R6:1387,1387,Locrian,R5,R6,1707,1707,1451,1643,true,PASS
square:R5:R6:1389,1389,Half-Diminished,R5,R6,1709,1709,1453,1645,true,PASS
square:R5:R6:1395,1395,Locrian Dominant,R5,R6,1715,1715,1459,1651,true,PASS
square:R5:R6:1397,1397,Major Locrian,R5,R6,1717,1717,1461,1653,true,PASS
square:R5:R6:1401,1401,Major Locrian ♯2,R5,R6,1721,1721,1465,1657,true,PASS
square:R5:R6:2143,2143,Alt ♮734♭56,R5,R6,2223,2223,2159,2207,true,PASS
square:R5:R6:2207,2207,7-3 rooted state 2207,R5,R6,2351,2351,2223,2335,true,PASS
square:R5:R6:2223,2223,Arcadian Minor,R5,R6,2383,2383,2255,2351,true,PASS
square:R5:R6:2231,2231,Arcadian,R5,R6,2391,2391,2263,2359,true,PASS
square:R5:R6:2235,2235,Exotic Minor,R5,R6,2395,2395,2267,2363,true,PASS
square:R5:R6:2237,2237,Alt ♮27♭♭56,R5,R6,2397,2397,2269,2365,true,PASS
square:R5:R6:2335,2335,7-3 rooted state 2335,R5,R6,2607,2607,2351,2591,true,PASS
square:R5:R6:2351,2351,Alt ♮7345,R5,R6,2639,2639,2383,2607,true,PASS
square:R5:R6:2359,2359,Unorthodox Minor,R5,R6,2647,2647,2391,2615,true,PASS
square:R5:R6:2363,2363,Unorthodox,R5,R6,2651,2651,2395,2619,true,PASS
square:R5:R6:2365,2365,Alt ♮27𝄫5,R5,R6,2653,2653,2397,2621,true,PASS
square:R5:R6:2383,2383,Alt ♮734,R5,R6,2703,2703,2447,2639,true,PASS
square:R5:R6:2391,2391,Phlegmatic,R5,R6,2711,2711,2455,2647,true,PASS
square:R5:R6:2395,2395,Alt ♮7,R5,R6,2715,2715,2459,2651,true,PASS
square:R5:R6:2397,2397,Eccentric,R5,R6,2717,2717,2461,2653,true,PASS
square:R5:R6:2407,2407,7-19 rooted state 2407,R5,R6,2727,2727,2471,2663,true,PASS
square:R5:R6:2411,2411,Locrian ♮7,R5,R6,2731,2731,2475,2667,true,PASS
square:R5:R6:2413,2413,Harmonic Minor ♭5,R5,R6,2733,2733,2477,2669,true,PASS
square:R5:R6:2419,2419,Rāga Suddha Pancama,R5,R6,2739,2739,2483,2675,true,PASS
square:R5:R6:2421,2421,Harmonic Major ♭5,R5,R6,2741,2741,2485,2677,true,PASS
square:R5:R6:2425,2425,Scale 2425,R5,R6,2745,2745,2489,2681,true,PASS
square:R5:R6:2591,2591,Quixotic,R5,R6,3119,3119,2607,3103,true,PASS
square:R5:R6:2607,2607,Alt ♮67345,R5,R6,3151,3151,2639,3119,true,PASS
square:R5:R6:2615,2615,Alt ♮67♭♭35,R5,R6,3159,3159,2647,3127,true,PASS
square:R5:R6:2619,2619,Alt ♮675,R5,R6,3163,3163,2651,3131,true,PASS
square:R5:R6:2621,2621,Euphoric,R5,R6,3165,3165,2653,3133,true,PASS
square:R5:R6:2639,2639,Alt ♮6734,R5,R6,3215,3215,2703,3151,true,PASS
square:R5:R6:2647,2647,Bohemian,R5,R6,3223,3223,2711,3159,true,PASS
square:R5:R6:2651,2651,7-25 rooted state 2651,R5,R6,3227,3227,2715,3163,true,PASS
square:R5:R6:2653,2653,Nomadic,R5,R6,3229,3229,2717,3165,true,PASS
square:R5:R6:2663,2663,7-Z18 rooted state 2663,R5,R6,3239,3239,2727,3175,true,PASS
square:R5:R6:2667,2667,Neapolitan Major ♭5,R5,R6,3243,3243,2731,3179,true,PASS
square:R5:R6:2669,2669,Jeths' Mode,R5,R6,3245,3245,2733,3181,true,PASS
square:R5:R6:2675,2675,Chromatic Lydian,R5,R6,3251,3251,2739,3187,true,PASS
square:R5:R6:2677,2677,Ionian ♭5,R5,R6,3253,3253,2741,3189,true,PASS
square:R5:R6:2681,2681,Scale 2681,R5,R6,3257,3257,2745,3193,true,PASS
square:R5:R6:2703,2703,Erratic Minor,R5,R6,3343,3343,2831,3215,true,PASS
square:R5:R6:2711,2711,Erratic,R5,R6,3351,3351,2839,3223,true,PASS
square:R5:R6:2715,2715,Neapolitan Major ♭4,R5,R6,3355,3355,2843,3227,true,PASS
square:R5:R6:2717,2717,Melodic ♭4,R5,R6,3357,3357,2845,3229,true,PASS
square:R5:R6:2727,2727,Rāga Manoranjani,R5,R6,3367,3367,2855,3239,true,PASS
square:R5:R6:2731,2731,Neapolitan Major,R5,R6,3371,3371,2859,3243,true,PASS
square:R5:R6:2733,2733,Melodic Minor,R5,R6,3373,3373,2861,3245,true,PASS
square:R5:R6:2739,2739,Rāga Supradhipam,R5,R6,3379,3379,2867,3251,true,PASS
square:R5:R6:2741,2741,Ionian,R5,R6,3381,3381,2869,3253,true,PASS
square:R5:R6:2745,2745,Rāga Sailadesakshi,R5,R6,3385,3385,2873,3257,true,PASS
square:R5:R6:2759,2759,Lydian ♭2♭♭3,R5,R6,3399,3399,2887,3271,true,PASS
square:R5:R6:2763,2763,Rāga Sauviram,R5,R6,3403,3403,2891,3275,true,PASS
square:R5:R6:2765,2765,Lydian Diminished,R5,R6,3405,3405,2893,3277,true,PASS
square:R5:R6:2771,2771,Mela Gamanasrama,R5,R6,3411,3411,2899,3283,true,PASS
square:R5:R6:2773,2773,Lydian,R5,R6,3413,3413,2901,3285,true,PASS
square:R5:R6:2777,2777,Aeolian Harmonic,R5,R6,3417,3417,2905,3289,true,PASS
square:R5:R6:2787,2787,Lydian ♭2♯3,R5,R6,3427,3427,2915,3299,true,PASS
square:R5:R6:2789,2789,Lydian ♯3,R5,R6,3429,3429,2917,3301,true,PASS
square:R5:R6:2793,2793,1sus4 & 7⁷,R5,R6,3433,3433,2921,3305,true,PASS
square:R5:R6:2801,2801,Rāga Hindolita,R5,R6,3441,3441,2929,3313,true,PASS
square:R5:L6:415,415,Infra-Alt 57,R5,L6,367,367,431,351,true,PASS
square:R5:L6:671,671,Infra-Alt 5,R5,L6,623,623,687,607,true,PASS
square:R5:L6:799,799,Infra-Alt 5♭6,R5,L6,687,687,815,671,true,PASS
square:R5:L6:815,815,Scale 815,R5,L6,719,719,847,687,true,PASS
square:R5:L6:823,823,Scale 823,R5,L6,727,727,855,695,true,PASS
square:R5:L6:827,827,Scale 827,R5,L6,731,731,859,699,true,PASS
square:R5:L6:829,829,7-Z18 rooted state 829,R5,L6,733,733,861,701,true,PASS
square:R5:L6:1183,1183,Infra-Alt 5♭7,R5,L6,1135,1135,1199,1119,true,PASS
square:R5:L6:1311,1311,Alt 34♭5,R5,L6,1199,1199,1327,1183,true,PASS
square:R5:L6:1327,1327,Lipsean Mode IV,R5,L6,1231,1231,1359,1199,true,PASS
square:R5:L6:1335,1335,Elephant Scale,R5,L6,1239,1239,1367,1207,true,PASS
square:R5:L6:1339,1339,Alt ♭♭5,R5,L6,1243,1243,1371,1211,true,PASS
square:R5:L6:1341,1341,Alt ♮2♭♭5,R5,L6,1245,1245,1373,1213,true,PASS
square:R5:L6:1567,1567,7-4 rooted state 1567,R5,L6,1327,1327,1583,1311,true,PASS
square:R5:L6:1583,1583,Alt ♮6♭♭3♭4♭5,R5,L6,1359,1359,1615,1327,true,PASS
square:R5:L6:1591,1591,Alt ♮6♭♭3♭5,R5,L6,1367,1367,1623,1335,true,PASS
square:R5:L6:1595,1595,Alt ♮65,R5,L6,1371,1371,1627,1339,true,PASS
square:R5:L6:1597,1597,Rāga Ravikosh,R5,L6,1373,1373,1629,1341,true,PASS
square:R5:L6:1615,1615,Sydian (Alt ♮6𝄫34),R5,L6,1423,1423,1679,1359,true,PASS
square:R5:L6:1623,1623,Alt ♮63,R5,L6,1431,1431,1687,1367,true,PASS
square:R5:L6:1627,1627,Superlocrian ♯6,R5,L6,1435,1435,1691,1371,true,PASS
square:R5:L6:1629,1629,Dorian Blues,R5,L6,1437,1437,1693,1373,true,PASS
square:R5:L6:1639,1639,7-21 rooted state 1639,R5,L6,1447,1447,1703,1383,true,PASS
square:R5:L6:1643,1643,Locrian ♮6,R5,L6,1451,1451,1707,1387,true,PASS
square:R5:L6:1645,1645,Dorian ♭5,R5,L6,1453,1453,1709,1389,true,PASS
square:R5:L6:1651,1651,Tsinganikos,R5,L6,1459,1459,1715,1395,true,PASS
square:R5:L6:1653,1653,Mixolydian ♭5,R5,L6,1461,1461,1717,1397,true,PASS
square:R5:L6:1657,1657,7-19 rooted state 1657,R5,L6,1465,1465,1721,1401,true,PASS
square:R5:L6:2207,2207,7-3 rooted state 2207,R5,L6,2159,2159,2223,2143,true,PASS
square:R5:L6:2335,2335,7-3 rooted state 2335,R5,L6,2223,2223,2351,2207,true,PASS
square:R5:L6:2351,2351,Alt ♮7345,R5,L6,2255,2255,2383,2223,true,PASS
square:R5:L6:2359,2359,Unorthodox Minor,R5,L6,2263,2263,2391,2231,true,PASS
square:R5:L6:2363,2363,Unorthodox,R5,L6,2267,2267,2395,2235,true,PASS
square:R5:L6:2365,2365,Alt ♮27𝄫5,R5,L6,2269,2269,2397,2237,true,PASS
square:R5:L6:2591,2591,Quixotic,R5,L6,2351,2351,2607,2335,true,PASS
square:R5:L6:2607,2607,Alt ♮67345,R5,L6,2383,2383,2639,2351,true,PASS
square:R5:L6:2615,2615,Alt ♮67♭♭35,R5,L6,2391,2391,2647,2359,true,PASS
square:R5:L6:2619,2619,Alt ♮675,R5,L6,2395,2395,2651,2363,true,PASS
square:R5:L6:2621,2621,Euphoric,R5,L6,2397,2397,2653,2365,true,PASS
square:R5:L6:2639,2639,Alt ♮6734,R5,L6,2447,2447,2703,2383,true,PASS
square:R5:L6:2647,2647,Bohemian,R5,L6,2455,2455,2711,2391,true,PASS
square:R5:L6:2651,2651,7-25 rooted state 2651,R5,L6,2459,2459,2715,2395,true,PASS
square:R5:L6:2653,2653,Nomadic,R5,L6,2461,2461,2717,2397,true,PASS
square:R5:L6:2663,2663,7-Z18 rooted state 2663,R5,L6,2471,2471,2727,2407,true,PASS
square:R5:L6:2667,2667,Neapolitan Major ♭5,R5,L6,2475,2475,2731,2411,true,PASS
square:R5:L6:2669,2669,Jeths' Mode,R5,L6,2477,2477,2733,2413,true,PASS
square:R5:L6:2675,2675,Chromatic Lydian,R5,L6,2483,2483,2739,2419,true,PASS
square:R5:L6:2677,2677,Ionian ♭5,R5,L6,2485,2485,2741,2421,true,PASS
square:R5:L6:2681,2681,Scale 2681,R5,L6,2489,2489,2745,2425,true,PASS
square:R5:L6:3103,3103,7-1 terminal cluster state 3103,R5,L6,2607,2607,3119,2591,true,PASS
square:R5:L6:3119,3119,Alt ♮7♯6345,R5,L6,2639,2639,3151,2607,true,PASS
square:R5:L6:3127,3127,7-4 rooted state 3127,R5,L6,2647,2647,3159,2615,true,PASS
square:R5:L6:3131,3131,7-5 rooted state 3131,R5,L6,2651,2651,3163,2619,true,PASS
square:R5:L6:3133,3133,7-5 rooted state 3133,R5,L6,2653,2653,3165,2621,true,PASS
square:R5:L6:3151,3151,7-3 rooted state 3151,R5,L6,2703,2703,3215,2639,true,PASS
square:R5:L6:3159,3159,Alt ♮7♯6𝄫3,R5,L6,2711,2711,3223,2647,true,PASS
square:R5:L6:3163,3163,Alt ♮7♯6,R5,L6,2715,2715,3227,2651,true,PASS
square:R5:L6:3165,3165,Scale 3165,R5,L6,2717,2717,3229,2653,true,PASS
square:R5:L6:3175,3175,Locrian 3♯6♮7,R5,L6,2727,2727,3239,2663,true,PASS
square:R5:L6:3179,3179,Locrian ♮7♯6,R5,L6,2731,2731,3243,2667,true,PASS
square:R5:L6:3181,3181,Melodic ♭5♯6,R5,L6,2733,2733,3245,2669,true,PASS
square:R5:L6:3187,3187,Scale 3187,R5,L6,2739,2739,3251,2675,true,PASS
square:R5:L6:3189,3189,Ionian ♭5♯6,R5,L6,2741,2741,3253,2677,true,PASS
square:R5:L6:3193,3193,Scale 3193,R5,L6,2745,2745,3257,2681,true,PASS
square:R5:L6:3215,3215,7-3 rooted state 3215,R5,L6,2831,2831,3343,2703,true,PASS
square:R5:L6:3223,3223,Alt ♮57♯63,R5,L6,2839,2839,3351,2711,true,PASS
square:R5:L6:3227,3227,Neapolitan Major ♭4♯6,R5,L6,2843,2843,3355,2715,true,PASS
square:R5:L6:3229,3229,Varunapriya ♭4,R5,L6,2845,2845,3357,2717,true,PASS
square:R5:L6:3239,3239,Rāga Tanukirti,R5,L6,2855,2855,3367,2727,true,PASS
square:R5:L6:3243,3243,Mela Rupavati,R5,L6,2859,2859,3371,2731,true,PASS
square:R5:L6:3245,3245,Rāga Daulati,R5,L6,2861,2861,3373,2733,true,PASS
square:R5:L6:3251,3251,7-19 rooted state 3251,R5,L6,2867,2867,3379,2739,true,PASS
square:R5:L6:3253,3253,Mela Naganandini,R5,L6,2869,2869,3381,2741,true,PASS
square:R5:L6:3257,3257,Rāga Madhuranjani,R5,L6,2873,2873,3385,2745,true,PASS
square:R5:L6:3271,3271,Mela Raghupriya,R5,L6,2887,2887,3399,2759,true,PASS
square:R5:L6:3275,3275,7-Z18 rooted state 3275,R5,L6,2891,2891,3403,2763,true,PASS
square:R5:L6:3277,3277,7-21 rooted state 3277,R5,L6,2893,2893,3405,2765,true,PASS
square:R5:L6:3283,3283,7-19 rooted state 3283,R5,L6,2899,2899,3411,2771,true,PASS
square:R5:L6:3285,3285,Mela Citrambari,R5,L6,2901,2901,3413,2773,true,PASS
square:R5:L6:3289,3289,Rasikapriya,R5,L6,2905,2905,3417,2777,true,PASS
square:R5:L6:3299,3299,Scale 3299,R5,L6,2915,2915,3427,2787,true,PASS
square:R5:L6:3301,3301,Rāga Loom Sarang,R5,L6,2917,2917,3429,2789,true,PASS
square:R5:L6:3305,3305,Chromatic Hypophrygian,R5,L6,2921,2921,3433,2793,true,PASS
square:R5:L6:3313,3313,Scale 3313,R5,L6,2929,2929,3441,2801,true,PASS
square:R5:R7:223,223,Scale 223,R5,R7,367,367,239,351,true,PASS
square:R5:R7:351,351,Infra-Alt 567,R5,R7,623,623,367,607,true,PASS
square:R5:R7:415,415,Infra-Alt 57,R5,R7,687,687,431,671,true,PASS
square:R5:R7:431,431,Infra-Alt 7,R5,R7,719,719,463,687,true,PASS
square:R5:R7:439,439,Infra-Alt 7♭4,R5,R7,727,727,471,695,true,PASS
square:R5:R7:443,443,Alt ♭♭5♭♭6♭♭♭7,R5,R7,731,731,475,699,true,PASS
square:R5:R7:445,445,Alt ♮2♭♭5♭6♭♭♭7,R5,R7,733,733,477,701,true,PASS
square:R5:R7:607,607,Infra-Alt 56,R5,R7,1135,1135,623,1119,true,PASS
square:R5:R7:671,671,Infra-Alt 5,R5,R7,1199,1199,687,1183,true,PASS
square:R5:R7:687,687,Alt ♭♭3♭♭4♭♭5♭♭6♭♭7,R5,R7,1231,1231,719,1199,true,PASS
square:R5:R7:695,695,Phrygian Double-Flat,R5,R7,1239,1239,727,1207,true,PASS
square:R5:R7:699,699,Ultralocrian 5,R5,R7,1243,1243,731,1211,true,PASS
square:R5:R7:701,701,Alt ♮2♭♭567,R5,R7,1245,1245,733,1213,true,PASS
square:R5:R7:799,799,Infra-Alt 5♭6,R5,R7,1327,1327,815,1311,true,PASS
square:R5:R7:815,815,Scale 815,R5,R7,1359,1359,847,1327,true,PASS
square:R5:R7:823,823,Scale 823,R5,R7,1367,1367,855,1335,true,PASS
square:R5:R7:827,827,Scale 827,R5,R7,1371,1371,859,1339,true,PASS
square:R5:R7:829,829,7-Z18 rooted state 829,R5,R7,1373,1373,861,1341,true,PASS
square:R5:R7:847,847,Scale 847,R5,R7,1423,1423,911,1359,true,PASS
square:R5:R7:855,855,Ultralocrian 𝄫3,R5,R7,1431,1431,919,1367,true,PASS
square:R5:R7:859,859,Ultralocrian,R5,R7,1435,1435,923,1371,true,PASS
square:R5:R7:861,861,Superlocrian ♮2𝄫7,R5,R7,1437,1437,925,1373,true,PASS
square:R5:R7:871,871,Locrian 𝄫3𝄫7,R5,R7,1447,1447,935,1383,true,PASS
square:R5:R7:875,875,Locrian double-flat 7,R5,R7,1451,1451,939,1387,true,PASS
square:R5:R7:877,877,Hungarian Major Inverse,R5,R7,1453,1453,941,1389,true,PASS
square:R5:R7:883,883,Scale 883,R5,R7,1459,1459,947,1395,true,PASS
square:R5:R7:885,885,Major Locrian 𝄫7,R5,R7,1461,1461,949,1397,true,PASS
square:R5:R7:889,889,Scale 889,R5,R7,1465,1465,953,1401,true,PASS
square:R5:R7:1119,1119,Infra-Alt 56♭7,R5,R7,2159,2159,1135,2143,true,PASS
square:R5:R7:1183,1183,Infra-Alt 5♭7,R5,R7,2223,2223,1199,2207,true,PASS
square:R5:R7:1199,1199,Alt ♭♭3♭♭4♭♭5♭♭6,R5,R7,2255,2255,1231,2223,true,PASS
square:R5:R7:1207,1207,Alt ♭♭3♭♭5♭♭6,R5,R7,2263,2263,1239,2231,true,PASS
square:R5:R7:1211,1211,Ceiling Scale,R5,R7,2267,2267,1243,2235,true,PASS
square:R5:R7:1213,1213,Alt ♮2♭♭5♭6,R5,R7,2269,2269,1245,2237,true,PASS
square:R5:R7:1311,1311,Alt 34♭5,R5,R7,2351,2351,1327,2335,true,PASS
square:R5:R7:1327,1327,Lipsean Mode IV,R5,R7,2383,2383,1359,2351,true,PASS
square:R5:R7:1335,1335,Elephant Scale,R5,R7,2391,2391,1367,2359,true,PASS
square:R5:R7:1339,1339,Alt ♭♭5,R5,R7,2395,2395,1371,2363,true,PASS
square:R5:R7:1341,1341,Alt ♮2♭♭5,R5,R7,2397,2397,1373,2365,true,PASS
square:R5:R7:1359,1359,"Alt double-flat 3, double-flat 4",R5,R7,2447,2447,1423,2383,true,PASS
square:R5:R7:1367,1367,Leading Whole-Tone Inverse,R5,R7,2455,2455,1431,2391,true,PASS
square:R5:R7:1371,1371,Superlocrian,R5,R7,2459,2459,1435,2395,true,PASS
square:R5:R7:1373,1373,Storian,R5,R7,2461,2461,1437,2397,true,PASS
square:R5:R7:1383,1383,Locrian double-flat 3,R5,R7,2471,2471,1447,2407,true,PASS
square:R5:R7:1387,1387,Locrian,R5,R7,2475,2475,1451,2411,true,PASS
square:R5:R7:1389,1389,Half-Diminished,R5,R7,2477,2477,1453,2413,true,PASS
square:R5:R7:1395,1395,Locrian Dominant,R5,R7,2483,2483,1459,2419,true,PASS
square:R5:R7:1397,1397,Major Locrian,R5,R7,2485,2485,1461,2421,true,PASS
square:R5:R7:1401,1401,Major Locrian ♯2,R5,R7,2489,2489,1465,2425,true,PASS
square:R5:R7:1567,1567,7-4 rooted state 1567,R5,R7,2607,2607,1583,2591,true,PASS
square:R5:R7:1583,1583,Alt ♮6♭♭3♭4♭5,R5,R7,2639,2639,1615,2607,true,PASS
square:R5:R7:1591,1591,Alt ♮6♭♭3♭5,R5,R7,2647,2647,1623,2615,true,PASS
square:R5:R7:1595,1595,Alt ♮65,R5,R7,2651,2651,1627,2619,true,PASS
square:R5:R7:1597,1597,Rāga Ravikosh,R5,R7,2653,2653,1629,2621,true,PASS
square:R5:R7:1615,1615,Sydian (Alt ♮6𝄫34),R5,R7,2703,2703,1679,2639,true,PASS
square:R5:R7:1623,1623,Alt ♮63,R5,R7,2711,2711,1687,2647,true,PASS
square:R5:R7:1627,1627,Superlocrian ♯6,R5,R7,2715,2715,1691,2651,true,PASS
square:R5:R7:1629,1629,Dorian Blues,R5,R7,2717,2717,1693,2653,true,PASS
square:R5:R7:1639,1639,7-21 rooted state 1639,R5,R7,2727,2727,1703,2663,true,PASS
square:R5:R7:1643,1643,Locrian ♮6,R5,R7,2731,2731,1707,2667,true,PASS
square:R5:R7:1645,1645,Dorian ♭5,R5,R7,2733,2733,1709,2669,true,PASS
square:R5:R7:1651,1651,Tsinganikos,R5,R7,2739,2739,1715,2675,true,PASS
square:R5:R7:1653,1653,Mixolydian ♭5,R5,R7,2741,2741,1717,2677,true,PASS
square:R5:R7:1657,1657,7-19 rooted state 1657,R5,R7,2745,2745,1721,2681,true,PASS
square:R5:R7:1679,1679,Zephyrean Mode V,R5,R7,2831,2831,1807,2703,true,PASS
square:R5:R7:1687,1687,Midlocrian,R5,R7,2839,2839,1815,2711,true,PASS
square:R5:R7:1691,1691,Dorian ♭2♭4,R5,R7,2843,2843,1819,2715,true,PASS
square:R5:R7:1693,1693,Dorian ♭4,R5,R7,2845,2845,1821,2717,true,PASS
square:R5:R7:1703,1703,Rāga Bhanumati,R5,R7,2855,2855,1831,2727,true,PASS
square:R5:R7:1707,1707,Dorian ♭2,R5,R7,2859,2859,1835,2731,true,PASS
square:R5:R7:1709,1709,Dorian,R5,R7,2861,2861,1837,2733,true,PASS
square:R5:R7:1715,1715,Dominant ♭2,R5,R7,2867,2867,1843,2739,true,PASS
square:R5:R7:1717,1717,Mixolydian,R5,R7,2869,2869,1845,2741,true,PASS
square:R5:R7:1721,1721,Rāga Ganavaridhi,R5,R7,2873,2873,1849,2745,true,PASS
square:R5:R7:1735,1735,Navaneetam,R5,R7,2887,2887,1863,2759,true,PASS
square:R5:R7:1739,1739,Rāga Sthavarajam,R5,R7,2891,2891,1867,2763,true,PASS
square:R5:R7:1741,1741,Dorian ♯4,R5,R7,2893,2893,1869,2765,true,PASS
square:R5:R7:1747,1747,Lydian 7♭2,R5,R7,2899,2899,1875,2771,true,PASS
square:R5:R7:1749,1749,Acoustic,R5,R7,2901,2901,1877,2773,true,PASS
square:R5:R7:1753,1753,Hungarian Major,R5,R7,2905,2905,1881,2777,true,PASS
square:R5:R7:1763,1763,Lydian 7♭2♯3,R5,R7,2915,2915,1891,2787,true,PASS
square:R5:R7:1765,1765,Lydian ♭7♯3,R5,R7,2917,2917,1893,2789,true,PASS
square:R5:R7:1769,1769,Lydian ♭7♯2♯3,R5,R7,2921,2921,1897,2793,true,PASS
square:R5:R7:1777,1777,Lydian ♭7♯3𝄪2,R5,R7,2929,2929,1905,2801,true,PASS
square:R5:L7:351,351,Infra-Alt 567,R5,L7,239,239,367,223,true,PASS
square:R5:L7:607,607,Infra-Alt 56,R5,L7,367,367,623,351,true,PASS
square:R5:L7:671,671,Infra-Alt 5,R5,L7,431,431,687,415,true,PASS
square:R5:L7:687,687,Alt ♭♭3♭♭4♭♭5♭♭6♭♭7,R5,L7,463,463,719,431,true,PASS
square:R5:L7:695,695,Phrygian Double-Flat,R5,L7,471,471,727,439,true,PASS
square:R5:L7:699,699,Ultralocrian 5,R5,L7,475,475,731,443,true,PASS
square:R5:L7:701,701,Alt ♮2♭♭567,R5,L7,477,477,733,445,true,PASS
square:R5:L7:1119,1119,Infra-Alt 56♭7,R5,L7,623,623,1135,607,true,PASS
square:R5:L7:1183,1183,Infra-Alt 5♭7,R5,L7,687,687,1199,671,true,PASS
square:R5:L7:1199,1199,Alt ♭♭3♭♭4♭♭5♭♭6,R5,L7,719,719,1231,687,true,PASS
square:R5:L7:1207,1207,Alt ♭♭3♭♭5♭♭6,R5,L7,727,727,1239,695,true,PASS
square:R5:L7:1211,1211,Ceiling Scale,R5,L7,731,731,1243,699,true,PASS
square:R5:L7:1213,1213,Alt ♮2♭♭5♭6,R5,L7,733,733,1245,701,true,PASS
square:R5:L7:1311,1311,Alt 34♭5,R5,L7,815,815,1327,799,true,PASS
square:R5:L7:1327,1327,Lipsean Mode IV,R5,L7,847,847,1359,815,true,PASS
square:R5:L7:1335,1335,Elephant Scale,R5,L7,855,855,1367,823,true,PASS
square:R5:L7:1339,1339,Alt ♭♭5,R5,L7,859,859,1371,827,true,PASS
square:R5:L7:1341,1341,Alt ♮2♭♭5,R5,L7,861,861,1373,829,true,PASS
square:R5:L7:1359,1359,"Alt double-flat 3, double-flat 4",R5,L7,911,911,1423,847,true,PASS
square:R5:L7:1367,1367,Leading Whole-Tone Inverse,R5,L7,919,919,1431,855,true,PASS
square:R5:L7:1371,1371,Superlocrian,R5,L7,923,923,1435,859,true,PASS
square:R5:L7:1373,1373,Storian,R5,L7,925,925,1437,861,true,PASS
square:R5:L7:1383,1383,Locrian double-flat 3,R5,L7,935,935,1447,871,true,PASS
square:R5:L7:1387,1387,Locrian,R5,L7,939,939,1451,875,true,PASS
square:R5:L7:1389,1389,Half-Diminished,R5,L7,941,941,1453,877,true,PASS
square:R5:L7:1395,1395,Locrian Dominant,R5,L7,947,947,1459,883,true,PASS
square:R5:L7:1397,1397,Major Locrian,R5,L7,949,949,1461,885,true,PASS
square:R5:L7:1401,1401,Major Locrian ♯2,R5,L7,953,953,1465,889,true,PASS
square:R5:L7:2143,2143,Alt ♮734♭56,R5,L7,1135,1135,2159,1119,true,PASS
square:R5:L7:2207,2207,7-3 rooted state 2207,R5,L7,1199,1199,2223,1183,true,PASS
square:R5:L7:2223,2223,Arcadian Minor,R5,L7,1231,1231,2255,1199,true,PASS
square:R5:L7:2231,2231,Arcadian,R5,L7,1239,1239,2263,1207,true,PASS
square:R5:L7:2235,2235,Exotic Minor,R5,L7,1243,1243,2267,1211,true,PASS
square:R5:L7:2237,2237,Alt ♮27♭♭56,R5,L7,1245,1245,2269,1213,true,PASS
square:R5:L7:2335,2335,7-3 rooted state 2335,R5,L7,1327,1327,2351,1311,true,PASS
square:R5:L7:2351,2351,Alt ♮7345,R5,L7,1359,1359,2383,1327,true,PASS
square:R5:L7:2359,2359,Unorthodox Minor,R5,L7,1367,1367,2391,1335,true,PASS
square:R5:L7:2363,2363,Unorthodox,R5,L7,1371,1371,2395,1339,true,PASS
square:R5:L7:2365,2365,Alt ♮27𝄫5,R5,L7,1373,1373,2397,1341,true,PASS
square:R5:L7:2383,2383,Alt ♮734,R5,L7,1423,1423,2447,1359,true,PASS
square:R5:L7:2391,2391,Phlegmatic,R5,L7,1431,1431,2455,1367,true,PASS
square:R5:L7:2395,2395,Alt ♮7,R5,L7,1435,1435,2459,1371,true,PASS
square:R5:L7:2397,2397,Eccentric,R5,L7,1437,1437,2461,1373,true,PASS
square:R5:L7:2407,2407,7-19 rooted state 2407,R5,L7,1447,1447,2471,1383,true,PASS
square:R5:L7:2411,2411,Locrian ♮7,R5,L7,1451,1451,2475,1387,true,PASS
square:R5:L7:2413,2413,Harmonic Minor ♭5,R5,L7,1453,1453,2477,1389,true,PASS
square:R5:L7:2419,2419,Rāga Suddha Pancama,R5,L7,1459,1459,2483,1395,true,PASS
square:R5:L7:2421,2421,Harmonic Major ♭5,R5,L7,1461,1461,2485,1397,true,PASS
square:R5:L7:2425,2425,Scale 2425,R5,L7,1465,1465,2489,1401,true,PASS
square:R5:L7:2591,2591,Quixotic,R5,L7,1583,1583,2607,1567,true,PASS
square:R5:L7:2607,2607,Alt ♮67345,R5,L7,1615,1615,2639,1583,true,PASS
square:R5:L7:2615,2615,Alt ♮67♭♭35,R5,L7,1623,1623,2647,1591,true,PASS
square:R5:L7:2619,2619,Alt ♮675,R5,L7,1627,1627,2651,1595,true,PASS
square:R5:L7:2621,2621,Euphoric,R5,L7,1629,1629,2653,1597,true,PASS
square:R5:L7:2639,2639,Alt ♮6734,R5,L7,1679,1679,2703,1615,true,PASS
square:R5:L7:2647,2647,Bohemian,R5,L7,1687,1687,2711,1623,true,PASS
square:R5:L7:2651,2651,7-25 rooted state 2651,R5,L7,1691,1691,2715,1627,true,PASS
square:R5:L7:2653,2653,Nomadic,R5,L7,1693,1693,2717,1629,true,PASS
square:R5:L7:2663,2663,7-Z18 rooted state 2663,R5,L7,1703,1703,2727,1639,true,PASS
square:R5:L7:2667,2667,Neapolitan Major ♭5,R5,L7,1707,1707,2731,1643,true,PASS
square:R5:L7:2669,2669,Jeths' Mode,R5,L7,1709,1709,2733,1645,true,PASS
square:R5:L7:2675,2675,Chromatic Lydian,R5,L7,1715,1715,2739,1651,true,PASS
square:R5:L7:2677,2677,Ionian ♭5,R5,L7,1717,1717,2741,1653,true,PASS
square:R5:L7:2681,2681,Scale 2681,R5,L7,1721,1721,2745,1657,true,PASS
square:R5:L7:2703,2703,Erratic Minor,R5,L7,1807,1807,2831,1679,true,PASS
square:R5:L7:2711,2711,Erratic,R5,L7,1815,1815,2839,1687,true,PASS
square:R5:L7:2715,2715,Neapolitan Major ♭4,R5,L7,1819,1819,2843,1691,true,PASS
square:R5:L7:2717,2717,Melodic ♭4,R5,L7,1821,1821,2845,1693,true,PASS
square:R5:L7:2727,2727,Rāga Manoranjani,R5,L7,1831,1831,2855,1703,true,PASS
square:R5:L7:2731,2731,Neapolitan Major,R5,L7,1835,1835,2859,1707,true,PASS
square:R5:L7:2733,2733,Melodic Minor,R5,L7,1837,1837,2861,1709,true,PASS
square:R5:L7:2739,2739,Rāga Supradhipam,R5,L7,1843,1843,2867,1715,true,PASS
square:R5:L7:2741,2741,Ionian,R5,L7,1845,1845,2869,1717,true,PASS
square:R5:L7:2745,2745,Rāga Sailadesakshi,R5,L7,1849,1849,2873,1721,true,PASS
square:R5:L7:2759,2759,Lydian ♭2♭♭3,R5,L7,1863,1863,2887,1735,true,PASS
square:R5:L7:2763,2763,Rāga Sauviram,R5,L7,1867,1867,2891,1739,true,PASS
square:R5:L7:2765,2765,Lydian Diminished,R5,L7,1869,1869,2893,1741,true,PASS
square:R5:L7:2771,2771,Mela Gamanasrama,R5,L7,1875,1875,2899,1747,true,PASS
square:R5:L7:2773,2773,Lydian,R5,L7,1877,1877,2901,1749,true,PASS
square:R5:L7:2777,2777,Aeolian Harmonic,R5,L7,1881,1881,2905,1753,true,PASS
square:R5:L7:2787,2787,Lydian ♭2♯3,R5,L7,1891,1891,2915,1763,true,PASS
square:R5:L7:2789,2789,Lydian ♯3,R5,L7,1893,1893,2917,1765,true,PASS
square:R5:L7:2793,2793,1sus4 & 7⁷,R5,L7,1897,1897,2921,1769,true,PASS
square:R5:L7:2801,2801,Rāga Hindolita,R5,L7,1905,1905,2929,1777,true,PASS
square:L5:R6:367,367,Infra-Alt 67,L5,R6,415,415,351,431,true,PASS
square:L5:R6:623,623,Infra-Alt 6,L5,R6,671,671,607,687,true,PASS
square:L5:R6:687,687,Alt ♭♭3♭♭4♭♭5♭♭6♭♭7,L5,R6,799,799,671,815,true,PASS
square:L5:R6:719,719,1MI & 2Δ7,L5,R6,815,815,687,847,true,PASS
square:L5:R6:727,727,Triadic Heptatonic 29,L5,R6,823,823,695,855,true,PASS
square:L5:R6:731,731,Alternating Heptamode,L5,R6,827,827,699,859,true,PASS
square:L5:R6:733,733,Superlocrian ♮2♭♭6♭♭7,L5,R6,829,829,701,861,true,PASS
square:L5:R6:1135,1135,Eurean Mode III,L5,R6,1183,1183,1119,1199,true,PASS
square:L5:R6:1199,1199,Alt ♭♭3♭♭4♭♭5♭♭6,L5,R6,1311,1311,1183,1327,true,PASS
square:L5:R6:1231,1231,7-Z18 rooted state 1231,L5,R6,1327,1327,1199,1359,true,PASS
square:L5:R6:1239,1239,Alt 𝄫3𝄫6,L5,R6,1335,1335,1207,1367,true,PASS
square:L5:R6:1243,1243,Alt 6,L5,R6,1339,1339,1211,1371,true,PASS
square:L5:R6:1245,1245,Alt ♮26,L5,R6,1341,1341,1213,1373,true,PASS
square:L5:R6:1327,1327,Lipsean Mode IV,L5,R6,1567,1567,1311,1583,true,PASS
square:L5:R6:1359,1359,"Alt double-flat 3, double-flat 4",L5,R6,1583,1583,1327,1615,true,PASS
square:L5:R6:1367,1367,Leading Whole-Tone Inverse,L5,R6,1591,1591,1335,1623,true,PASS
square:L5:R6:1371,1371,Superlocrian,L5,R6,1595,1595,1339,1627,true,PASS
square:L5:R6:1373,1373,Storian,L5,R6,1597,1597,1341,1629,true,PASS
square:L5:R6:1423,1423,Alt ♮5♭♭3♭4,L5,R6,1615,1615,1359,1679,true,PASS
square:L5:R6:1431,1431,Astrocyte,L5,R6,1623,1623,1367,1687,true,PASS
square:L5:R6:1435,1435,Maqam Saba Zamzam,L5,R6,1627,1627,1371,1691,true,PASS
square:L5:R6:1437,1437,Sabach,L5,R6,1629,1629,1373,1693,true,PASS
square:L5:R6:1447,1447,Rāga Phenadyuti,L5,R6,1639,1639,1383,1703,true,PASS
square:L5:R6:1451,1451,Phrygian,L5,R6,1643,1643,1387,1707,true,PASS
square:L5:R6:1453,1453,Aeolian,L5,R6,1645,1645,1389,1709,true,PASS
square:L5:R6:1459,1459,Phrygian Dominant,L5,R6,1651,1651,1395,1715,true,PASS
square:L5:R6:1461,1461,Mixolydian ♭6,L5,R6,1653,1653,1397,1717,true,PASS
square:L5:R6:1465,1465,Rāga Cudamani,L5,R6,1657,1657,1401,1721,true,PASS
square:L5:R6:2159,2159,7-4 rooted state 2159,L5,R6,2207,2207,2143,2223,true,PASS
square:L5:R6:2223,2223,Arcadian Minor,L5,R6,2335,2335,2207,2351,true,PASS
square:L5:R6:2255,2255,Alt ♮7346,L5,R6,2351,2351,2223,2383,true,PASS
square:L5:R6:2263,2263,Phlegmatic Minor,L5,R6,2359,2359,2231,2391,true,PASS
square:L5:R6:2267,2267,Scale 2267,L5,R6,2363,2363,2235,2395,true,PASS
square:L5:R6:2269,2269,Nomadic Minor,L5,R6,2365,2365,2237,2397,true,PASS
square:L5:R6:2351,2351,Alt ♮7345,L5,R6,2591,2591,2335,2607,true,PASS
square:L5:R6:2383,2383,Alt ♮734,L5,R6,2607,2607,2351,2639,true,PASS
square:L5:R6:2391,2391,Phlegmatic,L5,R6,2615,2615,2359,2647,true,PASS
square:L5:R6:2395,2395,Alt ♮7,L5,R6,2619,2619,2363,2651,true,PASS
square:L5:R6:2397,2397,Eccentric,L5,R6,2621,2621,2365,2653,true,PASS
square:L5:R6:2447,2447,Alt ♮5734,L5,R6,2639,2639,2383,2703,true,PASS
square:L5:R6:2455,2455,7-Z18 rooted state 2455,L5,R6,2647,2647,2391,2711,true,PASS
square:L5:R6:2459,2459,7-21 rooted state 2459,L5,R6,2651,2651,2395,2715,true,PASS
square:L5:R6:2461,2461,7-21 rooted state 2461,L5,R6,2653,2653,2397,2717,true,PASS
square:L5:R6:2471,2471,7-19 rooted state 2471,L5,R6,2663,2663,2407,2727,true,PASS
square:L5:R6:2475,2475,Neapolitan Minor,L5,R6,2667,2667,2411,2731,true,PASS
square:L5:R6:2477,2477,Harmonic Minor,L5,R6,2669,2669,2413,2733,true,PASS
square:L5:R6:2483,2483,Double Harmonic,L5,R6,2675,2675,2419,2739,true,PASS
square:L5:R6:2485,2485,Harmonic Major,L5,R6,2677,2677,2421,2741,true,PASS
square:L5:R6:2489,2489,Scale 2489,L5,R6,2681,2681,2425,2745,true,PASS
square:L5:R6:2607,2607,Alt ♮67345,L5,R6,3103,3103,2591,3119,true,PASS
square:L5:R6:2639,2639,Alt ♮6734,L5,R6,3119,3119,2607,3151,true,PASS
square:L5:R6:2647,2647,Bohemian,L5,R6,3127,3127,2615,3159,true,PASS
square:L5:R6:2651,2651,7-25 rooted state 2651,L5,R6,3131,3131,2619,3163,true,PASS
square:L5:R6:2653,2653,Nomadic,L5,R6,3133,3133,2621,3165,true,PASS
square:L5:R6:2703,2703,Erratic Minor,L5,R6,3151,3151,2639,3215,true,PASS
square:L5:R6:2711,2711,Erratic,L5,R6,3159,3159,2647,3223,true,PASS
square:L5:R6:2715,2715,Neapolitan Major ♭4,L5,R6,3163,3163,2651,3227,true,PASS
square:L5:R6:2717,2717,Melodic ♭4,L5,R6,3165,3165,2653,3229,true,PASS
square:L5:R6:2727,2727,Rāga Manoranjani,L5,R6,3175,3175,2663,3239,true,PASS
square:L5:R6:2731,2731,Neapolitan Major,L5,R6,3179,3179,2667,3243,true,PASS
square:L5:R6:2733,2733,Melodic Minor,L5,R6,3181,3181,2669,3245,true,PASS
square:L5:R6:2739,2739,Rāga Supradhipam,L5,R6,3187,3187,2675,3251,true,PASS
square:L5:R6:2741,2741,Ionian,L5,R6,3189,3189,2677,3253,true,PASS
square:L5:R6:2745,2745,Rāga Sailadesakshi,L5,R6,3193,3193,2681,3257,true,PASS
square:L5:R6:2831,2831,7-4 rooted state 2831,L5,R6,3215,3215,2703,3343,true,PASS
square:L5:R6:2839,2839,Kaikian Mode V,L5,R6,3223,3223,2711,3351,true,PASS
square:L5:R6:2843,2843,Neapolitan Major ♭4♯5,L5,R6,3227,3227,2715,3355,true,PASS
square:L5:R6:2845,2845,Melodic +♭4,L5,R6,3229,3229,2717,3357,true,PASS
square:L5:R6:2855,2855,Ionian +♭2𝄫3,L5,R6,3239,3239,2727,3367,true,PASS
square:L5:R6:2859,2859,Neapolitan Major ♯5,L5,R6,3243,3243,2731,3371,true,PASS
square:L5:R6:2861,2861,Melodic +,L5,R6,3245,3245,2733,3373,true,PASS
square:L5:R6:2867,2867,7-21 rooted state 2867,L5,R6,3251,3251,2739,3379,true,PASS
square:L5:R6:2869,2869,Major Augmented,L5,R6,3253,3253,2741,3381,true,PASS
square:L5:R6:2873,2873,Ionian Augmented ♯2,L5,R6,3257,3257,2745,3385,true,PASS
square:L5:R6:2887,2887,Zephyrean Mode VI,L5,R6,3271,3271,2759,3399,true,PASS
square:L5:R6:2891,2891,7-25 rooted state 2891,L5,R6,3275,3275,2763,3403,true,PASS
square:L5:R6:2893,2893,Lydian Augmented ♭3,L5,R6,3277,3277,2765,3405,true,PASS
square:L5:R6:2899,2899,Lydian Augmented ♭2,L5,R6,3283,3283,2771,3411,true,PASS
square:L5:R6:2901,2901,Lydian Augmented,L5,R6,3285,3285,2773,3413,true,PASS
square:L5:R6:2905,2905,Aeolian Flat,L5,R6,3289,3289,2777,3417,true,PASS
square:L5:R6:2915,2915,Scale 2915,L5,R6,3299,3299,2787,3427,true,PASS
square:L5:R6:2917,2917,Lydian Augmented ♯3,L5,R6,3301,3301,2789,3429,true,PASS
square:L5:R6:2921,2921,Lydian Augmented ♯2♯3,L5,R6,3305,3305,2793,3433,true,PASS
square:L5:R6:2929,2929,Lydian +♯32,L5,R6,3313,3313,2801,3441,true,PASS
square:L5:L6:431,431,Infra-Alt 7,L5,L6,351,351,415,367,true,PASS
square:L5:L6:687,687,Alt ♭♭3♭♭4♭♭5♭♭6♭♭7,L5,L6,607,607,671,623,true,PASS
square:L5:L6:815,815,Scale 815,L5,L6,671,671,799,687,true,PASS
square:L5:L6:847,847,Scale 847,L5,L6,687,687,815,719,true,PASS
square:L5:L6:855,855,Ultralocrian 𝄫3,L5,L6,695,695,823,727,true,PASS
square:L5:L6:859,859,Ultralocrian,L5,L6,699,699,827,731,true,PASS
square:L5:L6:861,861,Superlocrian ♮2𝄫7,L5,L6,701,701,829,733,true,PASS
square:L5:L6:1199,1199,Alt ♭♭3♭♭4♭♭5♭♭6,L5,L6,1119,1119,1183,1135,true,PASS
square:L5:L6:1327,1327,Lipsean Mode IV,L5,L6,1183,1183,1311,1199,true,PASS
square:L5:L6:1359,1359,"Alt double-flat 3, double-flat 4",L5,L6,1199,1199,1327,1231,true,PASS
square:L5:L6:1367,1367,Leading Whole-Tone Inverse,L5,L6,1207,1207,1335,1239,true,PASS
square:L5:L6:1371,1371,Superlocrian,L5,L6,1211,1211,1339,1243,true,PASS
square:L5:L6:1373,1373,Storian,L5,L6,1213,1213,1341,1245,true,PASS
square:L5:L6:1583,1583,Alt ♮6♭♭3♭4♭5,L5,L6,1311,1311,1567,1327,true,PASS
square:L5:L6:1615,1615,Sydian (Alt ♮6𝄫34),L5,L6,1327,1327,1583,1359,true,PASS
square:L5:L6:1623,1623,Alt ♮63,L5,L6,1335,1335,1591,1367,true,PASS
square:L5:L6:1627,1627,Superlocrian ♯6,L5,L6,1339,1339,1595,1371,true,PASS
square:L5:L6:1629,1629,Dorian Blues,L5,L6,1341,1341,1597,1373,true,PASS
square:L5:L6:1679,1679,Zephyrean Mode V,L5,L6,1359,1359,1615,1423,true,PASS
square:L5:L6:1687,1687,Midlocrian,L5,L6,1367,1367,1623,1431,true,PASS
square:L5:L6:1691,1691,Dorian ♭2♭4,L5,L6,1371,1371,1627,1435,true,PASS
square:L5:L6:1693,1693,Dorian ♭4,L5,L6,1373,1373,1629,1437,true,PASS
square:L5:L6:1703,1703,Rāga Bhanumati,L5,L6,1383,1383,1639,1447,true,PASS
square:L5:L6:1707,1707,Dorian ♭2,L5,L6,1387,1387,1643,1451,true,PASS
square:L5:L6:1709,1709,Dorian,L5,L6,1389,1389,1645,1453,true,PASS
square:L5:L6:1715,1715,Dominant ♭2,L5,L6,1395,1395,1651,1459,true,PASS
square:L5:L6:1717,1717,Mixolydian,L5,L6,1397,1397,1653,1461,true,PASS
square:L5:L6:1721,1721,Rāga Ganavaridhi,L5,L6,1401,1401,1657,1465,true,PASS
square:L5:L6:2223,2223,Arcadian Minor,L5,L6,2143,2143,2207,2159,true,PASS
square:L5:L6:2351,2351,Alt ♮7345,L5,L6,2207,2207,2335,2223,true,PASS
square:L5:L6:2383,2383,Alt ♮734,L5,L6,2223,2223,2351,2255,true,PASS
square:L5:L6:2391,2391,Phlegmatic,L5,L6,2231,2231,2359,2263,true,PASS
square:L5:L6:2395,2395,Alt ♮7,L5,L6,2235,2235,2363,2267,true,PASS
square:L5:L6:2397,2397,Eccentric,L5,L6,2237,2237,2365,2269,true,PASS
square:L5:L6:2607,2607,Alt ♮67345,L5,L6,2335,2335,2591,2351,true,PASS
square:L5:L6:2639,2639,Alt ♮6734,L5,L6,2351,2351,2607,2383,true,PASS
square:L5:L6:2647,2647,Bohemian,L5,L6,2359,2359,2615,2391,true,PASS
square:L5:L6:2651,2651,7-25 rooted state 2651,L5,L6,2363,2363,2619,2395,true,PASS
square:L5:L6:2653,2653,Nomadic,L5,L6,2365,2365,2621,2397,true,PASS
square:L5:L6:2703,2703,Erratic Minor,L5,L6,2383,2383,2639,2447,true,PASS
square:L5:L6:2711,2711,Erratic,L5,L6,2391,2391,2647,2455,true,PASS
square:L5:L6:2715,2715,Neapolitan Major ♭4,L5,L6,2395,2395,2651,2459,true,PASS
square:L5:L6:2717,2717,Melodic ♭4,L5,L6,2397,2397,2653,2461,true,PASS
square:L5:L6:2727,2727,Rāga Manoranjani,L5,L6,2407,2407,2663,2471,true,PASS
square:L5:L6:2731,2731,Neapolitan Major,L5,L6,2411,2411,2667,2475,true,PASS
square:L5:L6:2733,2733,Melodic Minor,L5,L6,2413,2413,2669,2477,true,PASS
square:L5:L6:2739,2739,Rāga Supradhipam,L5,L6,2419,2419,2675,2483,true,PASS
square:L5:L6:2741,2741,Ionian,L5,L6,2421,2421,2677,2485,true,PASS
square:L5:L6:2745,2745,Rāga Sailadesakshi,L5,L6,2425,2425,2681,2489,true,PASS
square:L5:L6:3119,3119,Alt ♮7♯6345,L5,L6,2591,2591,3103,2607,true,PASS
square:L5:L6:3151,3151,7-3 rooted state 3151,L5,L6,2607,2607,3119,2639,true,PASS
square:L5:L6:3159,3159,Alt ♮7♯6𝄫3,L5,L6,2615,2615,3127,2647,true,PASS
square:L5:L6:3163,3163,Alt ♮7♯6,L5,L6,2619,2619,3131,2651,true,PASS
square:L5:L6:3165,3165,Scale 3165,L5,L6,2621,2621,3133,2653,true,PASS
square:L5:L6:3215,3215,7-3 rooted state 3215,L5,L6,2639,2639,3151,2703,true,PASS
square:L5:L6:3223,3223,Alt ♮57♯63,L5,L6,2647,2647,3159,2711,true,PASS
square:L5:L6:3227,3227,Neapolitan Major ♭4♯6,L5,L6,2651,2651,3163,2715,true,PASS
square:L5:L6:3229,3229,Varunapriya ♭4,L5,L6,2653,2653,3165,2717,true,PASS
square:L5:L6:3239,3239,Rāga Tanukirti,L5,L6,2663,2663,3175,2727,true,PASS
square:L5:L6:3243,3243,Mela Rupavati,L5,L6,2667,2667,3179,2731,true,PASS
square:L5:L6:3245,3245,Rāga Daulati,L5,L6,2669,2669,3181,2733,true,PASS
square:L5:L6:3251,3251,7-19 rooted state 3251,L5,L6,2675,2675,3187,2739,true,PASS
square:L5:L6:3253,3253,Mela Naganandini,L5,L6,2677,2677,3189,2741,true,PASS
square:L5:L6:3257,3257,Rāga Madhuranjani,L5,L6,2681,2681,3193,2745,true,PASS
square:L5:L6:3343,3343,Phrygian +34,L5,L6,2703,2703,3215,2831,true,PASS
square:L5:L6:3351,3351,Crater Scale,L5,L6,2711,2711,3223,2839,true,PASS
square:L5:L6:3355,3355,Phrygian +♭4,L5,L6,2715,2715,3227,2843,true,PASS
square:L5:L6:3357,3357,Scale 3357,L5,L6,2717,2717,3229,2845,true,PASS
square:L5:L6:3367,3367,Neapolitan Major 3♯5♯6,L5,L6,2727,2727,3239,2855,true,PASS
square:L5:L6:3371,3371,Neapolitan Maj ♯5♯6,L5,L6,2731,2731,3243,2859,true,PASS
square:L5:L6:3373,3373,Melodic +♯6,L5,L6,2733,2733,3245,2861,true,PASS
square:L5:L6:3379,3379,7-Z18 rooted state 3379,L5,L6,2739,2739,3251,2867,true,PASS
square:L5:L6:3381,3381,Ionian +♯6,L5,L6,2741,2741,3253,2869,true,PASS
square:L5:L6:3385,3385,Chromatic Phrygian,L5,L6,2745,2745,3257,2873,true,PASS
square:L5:L6:3399,3399,Phrygian +𝄫3,L5,L6,2759,2759,3271,2887,true,PASS
square:L5:L6:3403,3403,Enigmatic Minor,L5,L6,2763,2763,3275,2891,true,PASS
square:L5:L6:3405,3405,Phrygian +♮2,L5,L6,2765,2765,3277,2893,true,PASS
square:L5:L6:3411,3411,Enigmatic,L5,L6,2771,2771,3283,2899,true,PASS
square:L5:L6:3413,3413,Leading Whole-Tone,L5,L6,2773,2773,3285,2901,true,PASS
square:L5:L6:3417,3417,Lydian +♯26,L5,L6,2777,2777,3289,2905,true,PASS
square:L5:L6:3427,3427,Phrygian +♯3,L5,L6,2787,2787,3299,2915,true,PASS
square:L5:L6:3429,3429,Lydian +♯36,L5,L6,2789,2789,3301,2917,true,PASS
square:L5:L6:3433,3433,Superlydian Augmented,L5,L6,2793,2793,3305,2921,true,PASS
square:L5:L6:3441,3441,Superlydian Augmented ♯2,L5,L6,2801,2801,3313,2929,true,PASS
square:L5:R7:239,239,Infra-Alt 6𝄫𝄫7,L5,R7,351,351,223,367,true,PASS
square:L5:R7:367,367,Infra-Alt 67,L5,R7,607,607,351,623,true,PASS
square:L5:R7:431,431,Infra-Alt 7,L5,R7,671,671,415,687,true,PASS
square:L5:R7:463,463,Scale 463,L5,R7,687,687,431,719,true,PASS
square:L5:R7:471,471,Alt 3·6·♭7,L5,R7,695,695,439,727,true,PASS
square:L5:R7:475,475,Alt 6♭7,L5,R7,699,699,443,731,true,PASS
square:L5:R7:477,477,Alt ♮2𝄫6♭𝄫7,L5,R7,701,701,445,733,true,PASS
square:L5:R7:623,623,Infra-Alt 6,L5,R7,1119,1119,607,1135,true,PASS
square:L5:R7:687,687,Alt ♭♭3♭♭4♭♭5♭♭6♭♭7,L5,R7,1183,1183,671,1199,true,PASS
square:L5:R7:719,719,1MI & 2Δ7,L5,R7,1199,1199,687,1231,true,PASS
square:L5:R7:727,727,Triadic Heptatonic 29,L5,R7,1207,1207,695,1239,true,PASS
square:L5:R7:731,731,Alternating Heptamode,L5,R7,1211,1211,699,1243,true,PASS
square:L5:R7:733,733,Superlocrian ♮2♭♭6♭♭7,L5,R7,1213,1213,701,1245,true,PASS
square:L5:R7:815,815,Scale 815,L5,R7,1311,1311,799,1327,true,PASS
square:L5:R7:847,847,Scale 847,L5,R7,1327,1327,815,1359,true,PASS
square:L5:R7:855,855,Ultralocrian 𝄫3,L5,R7,1335,1335,823,1367,true,PASS
square:L5:R7:859,859,Ultralocrian,L5,R7,1339,1339,827,1371,true,PASS
square:L5:R7:861,861,Superlocrian ♮2𝄫7,L5,R7,1341,1341,829,1373,true,PASS
square:L5:R7:911,911,Phrygian 𝄫3𝄫4𝄫7,L5,R7,1359,1359,847,1423,true,PASS
square:L5:R7:919,919,Chromatic Phrygian Inverse,L5,R7,1367,1367,855,1431,true,PASS
square:L5:R7:923,923,Alt ♮5𝄫7,L5,R7,1371,1371,859,1435,true,PASS
square:L5:R7:925,925,Chromatic Hypodorian,L5,R7,1373,1373,861,1437,true,PASS
square:L5:R7:935,935,Kanakangi,L5,R7,1383,1383,871,1447,true,PASS
square:L5:R7:939,939,Rāga Malini,L5,R7,1387,1387,875,1451,true,PASS
square:L5:R7:941,941,Rāga Jhankara Bhramavi,L5,R7,1389,1389,877,1453,true,PASS
square:L5:R7:947,947,Scale 947,L5,R7,1395,1395,883,1459,true,PASS
square:L5:R7:949,949,Mararanjani,L5,R7,1397,1397,885,1461,true,PASS
square:L5:R7:953,953,Rāga Kalahamsa,L5,R7,1401,1401,889,1465,true,PASS
square:L5:R7:1135,1135,Eurean Mode III,L5,R7,2143,2143,1119,2159,true,PASS
square:L5:R7:1199,1199,Alt ♭♭3♭♭4♭♭5♭♭6,L5,R7,2207,2207,1183,2223,true,PASS
square:L5:R7:1231,1231,7-Z18 rooted state 1231,L5,R7,2223,2223,1199,2255,true,PASS
square:L5:R7:1239,1239,Alt 𝄫3𝄫6,L5,R7,2231,2231,1207,2263,true,PASS
square:L5:R7:1243,1243,Alt 6,L5,R7,2235,2235,1211,2267,true,PASS
square:L5:R7:1245,1245,Alt ♮26,L5,R7,2237,2237,1213,2269,true,PASS
square:L5:R7:1327,1327,Lipsean Mode IV,L5,R7,2335,2335,1311,2351,true,PASS
square:L5:R7:1359,1359,"Alt double-flat 3, double-flat 4",L5,R7,2351,2351,1327,2383,true,PASS
square:L5:R7:1367,1367,Leading Whole-Tone Inverse,L5,R7,2359,2359,1335,2391,true,PASS
square:L5:R7:1371,1371,Superlocrian,L5,R7,2363,2363,1339,2395,true,PASS
square:L5:R7:1373,1373,Storian,L5,R7,2365,2365,1341,2397,true,PASS
square:L5:R7:1423,1423,Alt ♮5♭♭3♭4,L5,R7,2383,2383,1359,2447,true,PASS
square:L5:R7:1431,1431,Astrocyte,L5,R7,2391,2391,1367,2455,true,PASS
square:L5:R7:1435,1435,Maqam Saba Zamzam,L5,R7,2395,2395,1371,2459,true,PASS
square:L5:R7:1437,1437,Sabach,L5,R7,2397,2397,1373,2461,true,PASS
square:L5:R7:1447,1447,Rāga Phenadyuti,L5,R7,2407,2407,1383,2471,true,PASS
square:L5:R7:1451,1451,Phrygian,L5,R7,2411,2411,1387,2475,true,PASS
square:L5:R7:1453,1453,Aeolian,L5,R7,2413,2413,1389,2477,true,PASS
square:L5:R7:1459,1459,Phrygian Dominant,L5,R7,2419,2419,1395,2483,true,PASS
square:L5:R7:1461,1461,Mixolydian ♭6,L5,R7,2421,2421,1397,2485,true,PASS
square:L5:R7:1465,1465,Rāga Cudamani,L5,R7,2425,2425,1401,2489,true,PASS
square:L5:R7:1583,1583,Alt ♮6♭♭3♭4♭5,L5,R7,2591,2591,1567,2607,true,PASS
square:L5:R7:1615,1615,Sydian (Alt ♮6𝄫34),L5,R7,2607,2607,1583,2639,true,PASS
square:L5:R7:1623,1623,Alt ♮63,L5,R7,2615,2615,1591,2647,true,PASS
square:L5:R7:1627,1627,Superlocrian ♯6,L5,R7,2619,2619,1595,2651,true,PASS
square:L5:R7:1629,1629,Dorian Blues,L5,R7,2621,2621,1597,2653,true,PASS
square:L5:R7:1679,1679,Zephyrean Mode V,L5,R7,2639,2639,1615,2703,true,PASS
square:L5:R7:1687,1687,Midlocrian,L5,R7,2647,2647,1623,2711,true,PASS
square:L5:R7:1691,1691,Dorian ♭2♭4,L5,R7,2651,2651,1627,2715,true,PASS
square:L5:R7:1693,1693,Dorian ♭4,L5,R7,2653,2653,1629,2717,true,PASS
square:L5:R7:1703,1703,Rāga Bhanumati,L5,R7,2663,2663,1639,2727,true,PASS
square:L5:R7:1707,1707,Dorian ♭2,L5,R7,2667,2667,1643,2731,true,PASS
square:L5:R7:1709,1709,Dorian,L5,R7,2669,2669,1645,2733,true,PASS
square:L5:R7:1715,1715,Dominant ♭2,L5,R7,2675,2675,1651,2739,true,PASS
square:L5:R7:1717,1717,Mixolydian,L5,R7,2677,2677,1653,2741,true,PASS
square:L5:R7:1721,1721,Rāga Ganavaridhi,L5,R7,2681,2681,1657,2745,true,PASS
square:L5:R7:1807,1807,7-5 rooted state 1807,L5,R7,2703,2703,1679,2831,true,PASS
square:L5:R7:1815,1815,Scale 1815,L5,R7,2711,2711,1687,2839,true,PASS
square:L5:R7:1819,1819,Alt ♮6♯5,L5,R7,2715,2715,1691,2843,true,PASS
square:L5:R7:1821,1821,Dorian +♭4,L5,R7,2717,2717,1693,2845,true,PASS
square:L5:R7:1831,1831,Dominant +♭2𝄫3,L5,R7,2727,2727,1703,2855,true,PASS
square:L5:R7:1835,1835,Dorian +♭2,L5,R7,2731,2731,1707,2859,true,PASS
square:L5:R7:1837,1837,Dorian Augmented,L5,R7,2733,2733,1709,2861,true,PASS
square:L5:R7:1843,1843,7-21 rooted state 1843,L5,R7,2739,2739,1715,2867,true,PASS
square:L5:R7:1845,1845,Mixolydian Augmented,L5,R7,2741,2741,1717,2869,true,PASS
square:L5:R7:1849,1849,Rāga Dvigandharabushini,L5,R7,2745,2745,1721,2873,true,PASS
square:L5:R7:1863,1863,Scale 1863,L5,R7,2759,2759,1735,2887,true,PASS
square:L5:R7:1867,1867,Lydian 7+♭23,L5,R7,2763,2763,1739,2891,true,PASS
square:L5:R7:1869,1869,Lydian 7+♭3,L5,R7,2765,2765,1741,2893,true,PASS
square:L5:R7:1875,1875,Persichetti,L5,R7,2771,2771,1747,2899,true,PASS
square:L5:R7:1877,1877,Aeroptian,L5,R7,2773,2773,1749,2901,true,PASS
square:L5:R7:1881,1881,Lydian 7+♯2,L5,R7,2777,2777,1753,2905,true,PASS
square:L5:R7:1891,1891,Hijaz Major,L5,R7,2787,2787,1763,2915,true,PASS
square:L5:R7:1893,1893,Lydian 7+♯3,L5,R7,2789,2789,1765,2917,true,PASS
square:L5:R7:1897,1897,Lydian 7+♯23,L5,R7,2793,2793,1769,2921,true,PASS
square:L5:R7:1905,1905,Lydian 7+♯3𝄪2,L5,R7,2801,2801,1777,2929,true,PASS
square:L5:L7:367,367,Infra-Alt 67,L5,L7,223,223,351,239,true,PASS
square:L5:L7:623,623,Infra-Alt 6,L5,L7,351,351,607,367,true,PASS
square:L5:L7:687,687,Alt ♭♭3♭♭4♭♭5♭♭6♭♭7,L5,L7,415,415,671,431,true,PASS
square:L5:L7:719,719,1MI & 2Δ7,L5,L7,431,431,687,463,true,PASS
square:L5:L7:727,727,Triadic Heptatonic 29,L5,L7,439,439,695,471,true,PASS
square:L5:L7:731,731,Alternating Heptamode,L5,L7,443,443,699,475,true,PASS
square:L5:L7:733,733,Superlocrian ♮2♭♭6♭♭7,L5,L7,445,445,701,477,true,PASS
square:L5:L7:1135,1135,Eurean Mode III,L5,L7,607,607,1119,623,true,PASS
square:L5:L7:1199,1199,Alt ♭♭3♭♭4♭♭5♭♭6,L5,L7,671,671,1183,687,true,PASS
square:L5:L7:1231,1231,7-Z18 rooted state 1231,L5,L7,687,687,1199,719,true,PASS
square:L5:L7:1239,1239,Alt 𝄫3𝄫6,L5,L7,695,695,1207,727,true,PASS
square:L5:L7:1243,1243,Alt 6,L5,L7,699,699,1211,731,true,PASS
square:L5:L7:1245,1245,Alt ♮26,L5,L7,701,701,1213,733,true,PASS
square:L5:L7:1327,1327,Lipsean Mode IV,L5,L7,799,799,1311,815,true,PASS
square:L5:L7:1359,1359,"Alt double-flat 3, double-flat 4",L5,L7,815,815,1327,847,true,PASS
square:L5:L7:1367,1367,Leading Whole-Tone Inverse,L5,L7,823,823,1335,855,true,PASS
square:L5:L7:1371,1371,Superlocrian,L5,L7,827,827,1339,859,true,PASS
square:L5:L7:1373,1373,Storian,L5,L7,829,829,1341,861,true,PASS
square:L5:L7:1423,1423,Alt ♮5♭♭3♭4,L5,L7,847,847,1359,911,true,PASS
square:L5:L7:1431,1431,Astrocyte,L5,L7,855,855,1367,919,true,PASS
square:L5:L7:1435,1435,Maqam Saba Zamzam,L5,L7,859,859,1371,923,true,PASS
square:L5:L7:1437,1437,Sabach,L5,L7,861,861,1373,925,true,PASS
square:L5:L7:1447,1447,Rāga Phenadyuti,L5,L7,871,871,1383,935,true,PASS
square:L5:L7:1451,1451,Phrygian,L5,L7,875,875,1387,939,true,PASS
square:L5:L7:1453,1453,Aeolian,L5,L7,877,877,1389,941,true,PASS
square:L5:L7:1459,1459,Phrygian Dominant,L5,L7,883,883,1395,947,true,PASS
square:L5:L7:1461,1461,Mixolydian ♭6,L5,L7,885,885,1397,949,true,PASS
square:L5:L7:1465,1465,Rāga Cudamani,L5,L7,889,889,1401,953,true,PASS
square:L5:L7:2159,2159,7-4 rooted state 2159,L5,L7,1119,1119,2143,1135,true,PASS
square:L5:L7:2223,2223,Arcadian Minor,L5,L7,1183,1183,2207,1199,true,PASS
square:L5:L7:2255,2255,Alt ♮7346,L5,L7,1199,1199,2223,1231,true,PASS
square:L5:L7:2263,2263,Phlegmatic Minor,L5,L7,1207,1207,2231,1239,true,PASS
square:L5:L7:2267,2267,Scale 2267,L5,L7,1211,1211,2235,1243,true,PASS
square:L5:L7:2269,2269,Nomadic Minor,L5,L7,1213,1213,2237,1245,true,PASS
square:L5:L7:2351,2351,Alt ♮7345,L5,L7,1311,1311,2335,1327,true,PASS
square:L5:L7:2383,2383,Alt ♮734,L5,L7,1327,1327,2351,1359,true,PASS
square:L5:L7:2391,2391,Phlegmatic,L5,L7,1335,1335,2359,1367,true,PASS
square:L5:L7:2395,2395,Alt ♮7,L5,L7,1339,1339,2363,1371,true,PASS
square:L5:L7:2397,2397,Eccentric,L5,L7,1341,1341,2365,1373,true,PASS
square:L5:L7:2447,2447,Alt ♮5734,L5,L7,1359,1359,2383,1423,true,PASS
square:L5:L7:2455,2455,7-Z18 rooted state 2455,L5,L7,1367,1367,2391,1431,true,PASS
square:L5:L7:2459,2459,7-21 rooted state 2459,L5,L7,1371,1371,2395,1435,true,PASS
square:L5:L7:2461,2461,7-21 rooted state 2461,L5,L7,1373,1373,2397,1437,true,PASS
square:L5:L7:2471,2471,7-19 rooted state 2471,L5,L7,1383,1383,2407,1447,true,PASS
square:L5:L7:2475,2475,Neapolitan Minor,L5,L7,1387,1387,2411,1451,true,PASS
square:L5:L7:2477,2477,Harmonic Minor,L5,L7,1389,1389,2413,1453,true,PASS
square:L5:L7:2483,2483,Double Harmonic,L5,L7,1395,1395,2419,1459,true,PASS
square:L5:L7:2485,2485,Harmonic Major,L5,L7,1397,1397,2421,1461,true,PASS
square:L5:L7:2489,2489,Scale 2489,L5,L7,1401,1401,2425,1465,true,PASS
square:L5:L7:2607,2607,Alt ♮67345,L5,L7,1567,1567,2591,1583,true,PASS
square:L5:L7:2639,2639,Alt ♮6734,L5,L7,1583,1583,2607,1615,true,PASS
square:L5:L7:2647,2647,Bohemian,L5,L7,1591,1591,2615,1623,true,PASS
square:L5:L7:2651,2651,7-25 rooted state 2651,L5,L7,1595,1595,2619,1627,true,PASS
square:L5:L7:2653,2653,Nomadic,L5,L7,1597,1597,2621,1629,true,PASS
square:L5:L7:2703,2703,Erratic Minor,L5,L7,1615,1615,2639,1679,true,PASS
square:L5:L7:2711,2711,Erratic,L5,L7,1623,1623,2647,1687,true,PASS
square:L5:L7:2715,2715,Neapolitan Major ♭4,L5,L7,1627,1627,2651,1691,true,PASS
square:L5:L7:2717,2717,Melodic ♭4,L5,L7,1629,1629,2653,1693,true,PASS
square:L5:L7:2727,2727,Rāga Manoranjani,L5,L7,1639,1639,2663,1703,true,PASS
square:L5:L7:2731,2731,Neapolitan Major,L5,L7,1643,1643,2667,1707,true,PASS
square:L5:L7:2733,2733,Melodic Minor,L5,L7,1645,1645,2669,1709,true,PASS
square:L5:L7:2739,2739,Rāga Supradhipam,L5,L7,1651,1651,2675,1715,true,PASS
square:L5:L7:2741,2741,Ionian,L5,L7,1653,1653,2677,1717,true,PASS
square:L5:L7:2745,2745,Rāga Sailadesakshi,L5,L7,1657,1657,2681,1721,true,PASS
square:L5:L7:2831,2831,7-4 rooted state 2831,L5,L7,1679,1679,2703,1807,true,PASS
square:L5:L7:2839,2839,Kaikian Mode V,L5,L7,1687,1687,2711,1815,true,PASS
square:L5:L7:2843,2843,Neapolitan Major ♭4♯5,L5,L7,1691,1691,2715,1819,true,PASS
square:L5:L7:2845,2845,Melodic +♭4,L5,L7,1693,1693,2717,1821,true,PASS
square:L5:L7:2855,2855,Ionian +♭2𝄫3,L5,L7,1703,1703,2727,1831,true,PASS
square:L5:L7:2859,2859,Neapolitan Major ♯5,L5,L7,1707,1707,2731,1835,true,PASS
square:L5:L7:2861,2861,Melodic +,L5,L7,1709,1709,2733,1837,true,PASS
square:L5:L7:2867,2867,7-21 rooted state 2867,L5,L7,1715,1715,2739,1843,true,PASS
square:L5:L7:2869,2869,Major Augmented,L5,L7,1717,1717,2741,1845,true,PASS
square:L5:L7:2873,2873,Ionian Augmented ♯2,L5,L7,1721,1721,2745,1849,true,PASS
square:L5:L7:2887,2887,Zephyrean Mode VI,L5,L7,1735,1735,2759,1863,true,PASS
square:L5:L7:2891,2891,7-25 rooted state 2891,L5,L7,1739,1739,2763,1867,true,PASS
square:L5:L7:2893,2893,Lydian Augmented ♭3,L5,L7,1741,1741,2765,1869,true,PASS
square:L5:L7:2899,2899,Lydian Augmented ♭2,L5,L7,1747,1747,2771,1875,true,PASS
square:L5:L7:2901,2901,Lydian Augmented,L5,L7,1749,1749,2773,1877,true,PASS
square:L5:L7:2905,2905,Aeolian Flat,L5,L7,1753,1753,2777,1881,true,PASS
square:L5:L7:2915,2915,Scale 2915,L5,L7,1763,1763,2787,1891,true,PASS
square:L5:L7:2917,2917,Lydian Augmented ♯3,L5,L7,1765,1765,2789,1893,true,PASS
square:L5:L7:2921,2921,Lydian Augmented ♯2♯3,L5,L7,1769,1769,2793,1897,true,PASS
square:L5:L7:2929,2929,Lydian +♯32,L5,L7,1777,1777,2801,1905,true,PASS
square:R6:L6:351,351,Infra-Alt 567,R6,L6,351,351,415,319,true,PASS
square:R6:L6:607,607,Infra-Alt 56,R6,L6,607,607,671,575,true,PASS
square:R6:L6:671,671,Infra-Alt 5,R6,L6,671,671,799,607,true,PASS
square:R6:L6:687,687,Alt ♭♭3♭♭4♭♭5♭♭6♭♭7,R6,L6,687,687,815,623,true,PASS
square:R6:L6:695,695,Phrygian Double-Flat,R6,L6,695,695,823,631,true,PASS
square:R6:L6:699,699,Ultralocrian 5,R6,L6,699,699,827,635,true,PASS
square:R6:L6:701,701,Alt ♮2♭♭567,R6,L6,701,701,829,637,true,PASS
square:R6:L6:1119,1119,Infra-Alt 56♭7,R6,L6,1119,1119,1183,1087,true,PASS
square:R6:L6:1183,1183,Infra-Alt 5♭7,R6,L6,1183,1183,1311,1119,true,PASS
square:R6:L6:1199,1199,Alt ♭♭3♭♭4♭♭5♭♭6,R6,L6,1199,1199,1327,1135,true,PASS
square:R6:L6:1207,1207,Alt ♭♭3♭♭5♭♭6,R6,L6,1207,1207,1335,1143,true,PASS
square:R6:L6:1211,1211,Ceiling Scale,R6,L6,1211,1211,1339,1147,true,PASS
square:R6:L6:1213,1213,Alt ♮2♭♭5♭6,R6,L6,1213,1213,1341,1149,true,PASS
square:R6:L6:1311,1311,Alt 34♭5,R6,L6,1311,1311,1567,1183,true,PASS
square:R6:L6:1327,1327,Lipsean Mode IV,R6,L6,1327,1327,1583,1199,true,PASS
square:R6:L6:1335,1335,Elephant Scale,R6,L6,1335,1335,1591,1207,true,PASS
square:R6:L6:1339,1339,Alt ♭♭5,R6,L6,1339,1339,1595,1211,true,PASS
square:R6:L6:1341,1341,Alt ♮2♭♭5,R6,L6,1341,1341,1597,1213,true,PASS
square:R6:L6:1359,1359,"Alt double-flat 3, double-flat 4",R6,L6,1359,1359,1615,1231,true,PASS
square:R6:L6:1367,1367,Leading Whole-Tone Inverse,R6,L6,1367,1367,1623,1239,true,PASS
square:R6:L6:1371,1371,Superlocrian,R6,L6,1371,1371,1627,1243,true,PASS
square:R6:L6:1373,1373,Storian,R6,L6,1373,1373,1629,1245,true,PASS
square:R6:L6:1383,1383,Locrian double-flat 3,R6,L6,1383,1383,1639,1255,true,PASS
square:R6:L6:1387,1387,Locrian,R6,L6,1387,1387,1643,1259,true,PASS
square:R6:L6:1389,1389,Half-Diminished,R6,L6,1389,1389,1645,1261,true,PASS
square:R6:L6:1395,1395,Locrian Dominant,R6,L6,1395,1395,1651,1267,true,PASS
square:R6:L6:1397,1397,Major Locrian,R6,L6,1397,1397,1653,1269,true,PASS
square:R6:L6:1401,1401,Major Locrian ♯2,R6,L6,1401,1401,1657,1273,true,PASS
square:R6:L6:2143,2143,Alt ♮734♭56,R6,L6,2143,2143,2207,2111,true,PASS
square:R6:L6:2207,2207,7-3 rooted state 2207,R6,L6,2207,2207,2335,2143,true,PASS
square:R6:L6:2223,2223,Arcadian Minor,R6,L6,2223,2223,2351,2159,true,PASS
square:R6:L6:2231,2231,Arcadian,R6,L6,2231,2231,2359,2167,true,PASS
square:R6:L6:2235,2235,Exotic Minor,R6,L6,2235,2235,2363,2171,true,PASS
square:R6:L6:2237,2237,Alt ♮27♭♭56,R6,L6,2237,2237,2365,2173,true,PASS
square:R6:L6:2335,2335,7-3 rooted state 2335,R6,L6,2335,2335,2591,2207,true,PASS
square:R6:L6:2351,2351,Alt ♮7345,R6,L6,2351,2351,2607,2223,true,PASS
square:R6:L6:2359,2359,Unorthodox Minor,R6,L6,2359,2359,2615,2231,true,PASS
square:R6:L6:2363,2363,Unorthodox,R6,L6,2363,2363,2619,2235,true,PASS
square:R6:L6:2365,2365,Alt ♮27𝄫5,R6,L6,2365,2365,2621,2237,true,PASS
square:R6:L6:2383,2383,Alt ♮734,R6,L6,2383,2383,2639,2255,true,PASS
square:R6:L6:2391,2391,Phlegmatic,R6,L6,2391,2391,2647,2263,true,PASS
square:R6:L6:2395,2395,Alt ♮7,R6,L6,2395,2395,2651,2267,true,PASS
square:R6:L6:2397,2397,Eccentric,R6,L6,2397,2397,2653,2269,true,PASS
square:R6:L6:2407,2407,7-19 rooted state 2407,R6,L6,2407,2407,2663,2279,true,PASS
square:R6:L6:2411,2411,Locrian ♮7,R6,L6,2411,2411,2667,2283,true,PASS
square:R6:L6:2413,2413,Harmonic Minor ♭5,R6,L6,2413,2413,2669,2285,true,PASS
square:R6:L6:2419,2419,Rāga Suddha Pancama,R6,L6,2419,2419,2675,2291,true,PASS
square:R6:L6:2421,2421,Harmonic Major ♭5,R6,L6,2421,2421,2677,2293,true,PASS
square:R6:L6:2425,2425,Scale 2425,R6,L6,2425,2425,2681,2297,true,PASS
square:R6:L6:2591,2591,Quixotic,R6,L6,2591,2591,3103,2335,true,PASS
square:R6:L6:2607,2607,Alt ♮67345,R6,L6,2607,2607,3119,2351,true,PASS
square:R6:L6:2615,2615,Alt ♮67♭♭35,R6,L6,2615,2615,3127,2359,true,PASS
square:R6:L6:2619,2619,Alt ♮675,R6,L6,2619,2619,3131,2363,true,PASS
square:R6:L6:2621,2621,Euphoric,R6,L6,2621,2621,3133,2365,true,PASS
square:R6:L6:2639,2639,Alt ♮6734,R6,L6,2639,2639,3151,2383,true,PASS
square:R6:L6:2647,2647,Bohemian,R6,L6,2647,2647,3159,2391,true,PASS
square:R6:L6:2651,2651,7-25 rooted state 2651,R6,L6,2651,2651,3163,2395,true,PASS
square:R6:L6:2653,2653,Nomadic,R6,L6,2653,2653,3165,2397,true,PASS
square:R6:L6:2663,2663,7-Z18 rooted state 2663,R6,L6,2663,2663,3175,2407,true,PASS
square:R6:L6:2667,2667,Neapolitan Major ♭5,R6,L6,2667,2667,3179,2411,true,PASS
square:R6:L6:2669,2669,Jeths' Mode,R6,L6,2669,2669,3181,2413,true,PASS
square:R6:L6:2675,2675,Chromatic Lydian,R6,L6,2675,2675,3187,2419,true,PASS
square:R6:L6:2677,2677,Ionian ♭5,R6,L6,2677,2677,3189,2421,true,PASS
square:R6:L6:2681,2681,Scale 2681,R6,L6,2681,2681,3193,2425,true,PASS
square:R6:L6:2703,2703,Erratic Minor,R6,L6,2703,2703,3215,2447,true,PASS
square:R6:L6:2711,2711,Erratic,R6,L6,2711,2711,3223,2455,true,PASS
square:R6:L6:2715,2715,Neapolitan Major ♭4,R6,L6,2715,2715,3227,2459,true,PASS
square:R6:L6:2717,2717,Melodic ♭4,R6,L6,2717,2717,3229,2461,true,PASS
square:R6:L6:2727,2727,Rāga Manoranjani,R6,L6,2727,2727,3239,2471,true,PASS
square:R6:L6:2731,2731,Neapolitan Major,R6,L6,2731,2731,3243,2475,true,PASS
square:R6:L6:2733,2733,Melodic Minor,R6,L6,2733,2733,3245,2477,true,PASS
square:R6:L6:2739,2739,Rāga Supradhipam,R6,L6,2739,2739,3251,2483,true,PASS
square:R6:L6:2741,2741,Ionian,R6,L6,2741,2741,3253,2485,true,PASS
square:R6:L6:2745,2745,Rāga Sailadesakshi,R6,L6,2745,2745,3257,2489,true,PASS
square:R6:L6:2759,2759,Lydian ♭2♭♭3,R6,L6,2759,2759,3271,2503,true,PASS
square:R6:L6:2763,2763,Rāga Sauviram,R6,L6,2763,2763,3275,2507,true,PASS
square:R6:L6:2765,2765,Lydian Diminished,R6,L6,2765,2765,3277,2509,true,PASS
square:R6:L6:2771,2771,Mela Gamanasrama,R6,L6,2771,2771,3283,2515,true,PASS
square:R6:L6:2773,2773,Lydian,R6,L6,2773,2773,3285,2517,true,PASS
square:R6:L6:2777,2777,Aeolian Harmonic,R6,L6,2777,2777,3289,2521,true,PASS
square:R6:L6:2787,2787,Lydian ♭2♯3,R6,L6,2787,2787,3299,2531,true,PASS
square:R6:L6:2789,2789,Lydian ♯3,R6,L6,2789,2789,3301,2533,true,PASS
square:R6:L6:2793,2793,1sus4 & 7⁷,R6,L6,2793,2793,3305,2537,true,PASS
square:R6:L6:2801,2801,Rāga Hindolita,R6,L6,2801,2801,3313,2545,true,PASS
square:R6:R7:191,191,Ultra-Alt 67,R6,R7,351,351,223,319,true,PASS
square:R6:R7:319,319,7-3 rooted state 319,R6,R7,607,607,351,575,true,PASS
square:R6:R7:351,351,Infra-Alt 567,R6,R7,671,671,415,607,true,PASS
square:R6:R7:367,367,Infra-Alt 67,R6,R7,687,687,431,623,true,PASS
square:R6:R7:375,375,Scale 375,R6,R7,695,695,439,631,true,PASS
square:R6:R7:379,379,Kaikian Mode II,R6,R7,699,699,443,635,true,PASS
square:R6:R7:381,381,Alt ♮25♭67,R6,R7,701,701,445,637,true,PASS
square:R6:R7:575,575,Scale 575,R6,R7,1119,1119,607,1087,true,PASS
square:R6:R7:607,607,Infra-Alt 56,R6,R7,1183,1183,671,1119,true,PASS
square:R6:R7:623,623,Infra-Alt 6,R6,R7,1199,1199,687,1135,true,PASS
square:R6:R7:631,631,Infra-Alt 6♭4,R6,R7,1207,1207,695,1143,true,PASS
square:R6:R7:635,635,Scale 635,R6,R7,1211,1211,699,1147,true,PASS
square:R6:R7:637,637,Debussy's Heptatonic,R6,R7,1213,1213,701,1149,true,PASS
square:R6:R7:671,671,Infra-Alt 5,R6,R7,1311,1311,799,1183,true,PASS
square:R6:R7:687,687,Alt ♭♭3♭♭4♭♭5♭♭6♭♭7,R6,R7,1327,1327,815,1199,true,PASS
square:R6:R7:695,695,Phrygian Double-Flat,R6,R7,1335,1335,823,1207,true,PASS
square:R6:R7:699,699,Ultralocrian 5,R6,R7,1339,1339,827,1211,true,PASS
square:R6:R7:701,701,Alt ♮2♭♭567,R6,R7,1341,1341,829,1213,true,PASS
square:R6:R7:719,719,1MI & 2Δ7,R6,R7,1359,1359,847,1231,true,PASS
square:R6:R7:727,727,Triadic Heptatonic 29,R6,R7,1367,1367,855,1239,true,PASS
square:R6:R7:731,731,Alternating Heptamode,R6,R7,1371,1371,859,1243,true,PASS
square:R6:R7:733,733,Superlocrian ♮2♭♭6♭♭7,R6,R7,1373,1373,861,1245,true,PASS
square:R6:R7:743,743,Phrygian Hungarian Minor,R6,R7,1383,1383,871,1255,true,PASS
square:R6:R7:747,747,1sus4 & ♭3∅7,R6,R7,1387,1387,875,1259,true,PASS
square:R6:R7:749,749,Locrian ♮2♭♭6♭♭7,R6,R7,1389,1389,877,1261,true,PASS
square:R6:R7:755,755,Ionian ♭2♭5𝄫6𝄫7,R6,R7,1395,1395,883,1267,true,PASS
square:R6:R7:757,757,Lipsean Mode II,R6,R7,1397,1397,885,1269,true,PASS
square:R6:R7:761,761,Major Locrian ♯267,R6,R7,1401,1401,889,1273,true,PASS
square:R6:R7:1087,1087,Infra-Alt 5♭76,R6,R7,2143,2143,1119,2111,true,PASS
square:R6:R7:1119,1119,Infra-Alt 56♭7,R6,R7,2207,2207,1183,2143,true,PASS
square:R6:R7:1135,1135,Eurean Mode III,R6,R7,2223,2223,1199,2159,true,PASS
square:R6:R7:1143,1143,Scale 1143,R6,R7,2231,2231,1207,2167,true,PASS
square:R6:R7:1147,1147,Alt double-flat 5 / flat–double-flat 6,R6,R7,2235,2235,1211,2171,true,PASS
square:R6:R7:1149,1149,Alt ♮25♭6,R6,R7,2237,2237,1213,2173,true,PASS
square:R6:R7:1183,1183,Infra-Alt 5♭7,R6,R7,2335,2335,1311,2207,true,PASS
square:R6:R7:1199,1199,Alt ♭♭3♭♭4♭♭5♭♭6,R6,R7,2351,2351,1327,2223,true,PASS
square:R6:R7:1207,1207,Alt ♭♭3♭♭5♭♭6,R6,R7,2359,2359,1335,2231,true,PASS
square:R6:R7:1211,1211,Ceiling Scale,R6,R7,2363,2363,1339,2235,true,PASS
square:R6:R7:1213,1213,Alt ♮2♭♭5♭6,R6,R7,2365,2365,1341,2237,true,PASS
square:R6:R7:1231,1231,7-Z18 rooted state 1231,R6,R7,2383,2383,1359,2255,true,PASS
square:R6:R7:1239,1239,Alt 𝄫3𝄫6,R6,R7,2391,2391,1367,2263,true,PASS
square:R6:R7:1243,1243,Alt 6,R6,R7,2395,2395,1371,2267,true,PASS
square:R6:R7:1245,1245,Alt ♮26,R6,R7,2397,2397,1373,2269,true,PASS
square:R6:R7:1255,1255,Chromatic Mixolydian,R6,R7,2407,2407,1383,2279,true,PASS
square:R6:R7:1259,1259,Blues Phrygian,R6,R7,2411,2411,1387,2283,true,PASS
square:R6:R7:1261,1261,Modified Blues,R6,R7,2413,2413,1389,2285,true,PASS
square:R6:R7:1267,1267,7-19 rooted state 1267,R6,R7,2419,2419,1395,2291,true,PASS
square:R6:R7:1269,1269,Major Locrian ♭♭6,R6,R7,2421,2421,1397,2293,true,PASS
square:R6:R7:1273,1273,Tanarupi V,R6,R7,2425,2425,1401,2297,true,PASS
square:R6:R7:1311,1311,Alt 34♭5,R6,R7,2591,2591,1567,2335,true,PASS
square:R6:R7:1327,1327,Lipsean Mode IV,R6,R7,2607,2607,1583,2351,true,PASS
square:R6:R7:1335,1335,Elephant Scale,R6,R7,2615,2615,1591,2359,true,PASS
square:R6:R7:1339,1339,Alt ♭♭5,R6,R7,2619,2619,1595,2363,true,PASS
square:R6:R7:1341,1341,Alt ♮2♭♭5,R6,R7,2621,2621,1597,2365,true,PASS
square:R6:R7:1359,1359,"Alt double-flat 3, double-flat 4",R6,R7,2639,2639,1615,2383,true,PASS
square:R6:R7:1367,1367,Leading Whole-Tone Inverse,R6,R7,2647,2647,1623,2391,true,PASS
square:R6:R7:1371,1371,Superlocrian,R6,R7,2651,2651,1627,2395,true,PASS
square:R6:R7:1373,1373,Storian,R6,R7,2653,2653,1629,2397,true,PASS
square:R6:R7:1383,1383,Locrian double-flat 3,R6,R7,2663,2663,1639,2407,true,PASS
square:R6:R7:1387,1387,Locrian,R6,R7,2667,2667,1643,2411,true,PASS
square:R6:R7:1389,1389,Half-Diminished,R6,R7,2669,2669,1645,2413,true,PASS
square:R6:R7:1395,1395,Locrian Dominant,R6,R7,2675,2675,1651,2419,true,PASS
square:R6:R7:1397,1397,Major Locrian,R6,R7,2677,2677,1653,2421,true,PASS
square:R6:R7:1401,1401,Major Locrian ♯2,R6,R7,2681,2681,1657,2425,true,PASS
square:R6:R7:1423,1423,Alt ♮5♭♭3♭4,R6,R7,2703,2703,1679,2447,true,PASS
square:R6:R7:1431,1431,Astrocyte,R6,R7,2711,2711,1687,2455,true,PASS
square:R6:R7:1435,1435,Maqam Saba Zamzam,R6,R7,2715,2715,1691,2459,true,PASS
square:R6:R7:1437,1437,Sabach,R6,R7,2717,2717,1693,2461,true,PASS
square:R6:R7:1447,1447,Rāga Phenadyuti,R6,R7,2727,2727,1703,2471,true,PASS
square:R6:R7:1451,1451,Phrygian,R6,R7,2731,2731,1707,2475,true,PASS
square:R6:R7:1453,1453,Aeolian,R6,R7,2733,2733,1709,2477,true,PASS
square:R6:R7:1459,1459,Phrygian Dominant,R6,R7,2739,2739,1715,2483,true,PASS
square:R6:R7:1461,1461,Mixolydian ♭6,R6,R7,2741,2741,1717,2485,true,PASS
square:R6:R7:1465,1465,Rāga Cudamani,R6,R7,2745,2745,1721,2489,true,PASS
square:R6:R7:1479,1479,Mela Jalarnava,R6,R7,2759,2759,1735,2503,true,PASS
square:R6:R7:1483,1483,Mela Bhavapriya,R6,R7,2763,2763,1739,2507,true,PASS
square:R6:R7:1485,1485,Mela Sanmukhapriya,R6,R7,2765,2765,1741,2509,true,PASS
square:R6:R7:1491,1491,Namanarayani,R6,R7,2771,2771,1747,2515,true,PASS
square:R6:R7:1493,1493,Lydian Minor,R6,R7,2773,2773,1749,2517,true,PASS
square:R6:R7:1497,1497,Jyoti Swarupini,R6,R7,2777,2777,1753,2521,true,PASS
square:R6:R7:1507,1507,Lydian ♭7♭2♭6♯3,R6,R7,2787,2787,1763,2531,true,PASS
square:R6:R7:1509,1509,Lydian Minor ♯3,R6,R7,2789,2789,1765,2533,true,PASS
square:R6:R7:1513,1513,Lydian ♭7♭6♯2♯3,R6,R7,2793,2793,1769,2537,true,PASS
square:R6:R7:1521,1521,Lydian 7♭6♯32,R6,R7,2801,2801,1777,2545,true,PASS
square:R6:L7:319,319,7-3 rooted state 319,R6,L7,223,223,351,191,true,PASS
square:R6:L7:575,575,Scale 575,R6,L7,351,351,607,319,true,PASS
square:R6:L7:607,607,Infra-Alt 56,R6,L7,415,415,671,351,true,PASS
square:R6:L7:623,623,Infra-Alt 6,R6,L7,431,431,687,367,true,PASS
square:R6:L7:631,631,Infra-Alt 6♭4,R6,L7,439,439,695,375,true,PASS
square:R6:L7:635,635,Scale 635,R6,L7,443,443,699,379,true,PASS
square:R6:L7:637,637,Debussy's Heptatonic,R6,L7,445,445,701,381,true,PASS
square:R6:L7:1087,1087,Infra-Alt 5♭76,R6,L7,607,607,1119,575,true,PASS
square:R6:L7:1119,1119,Infra-Alt 56♭7,R6,L7,671,671,1183,607,true,PASS
square:R6:L7:1135,1135,Eurean Mode III,R6,L7,687,687,1199,623,true,PASS
square:R6:L7:1143,1143,Scale 1143,R6,L7,695,695,1207,631,true,PASS
square:R6:L7:1147,1147,Alt double-flat 5 / flat–double-flat 6,R6,L7,699,699,1211,635,true,PASS
square:R6:L7:1149,1149,Alt ♮25♭6,R6,L7,701,701,1213,637,true,PASS
square:R6:L7:1183,1183,Infra-Alt 5♭7,R6,L7,799,799,1311,671,true,PASS
square:R6:L7:1199,1199,Alt ♭♭3♭♭4♭♭5♭♭6,R6,L7,815,815,1327,687,true,PASS
square:R6:L7:1207,1207,Alt ♭♭3♭♭5♭♭6,R6,L7,823,823,1335,695,true,PASS
square:R6:L7:1211,1211,Ceiling Scale,R6,L7,827,827,1339,699,true,PASS
square:R6:L7:1213,1213,Alt ♮2♭♭5♭6,R6,L7,829,829,1341,701,true,PASS
square:R6:L7:1231,1231,7-Z18 rooted state 1231,R6,L7,847,847,1359,719,true,PASS
square:R6:L7:1239,1239,Alt 𝄫3𝄫6,R6,L7,855,855,1367,727,true,PASS
square:R6:L7:1243,1243,Alt 6,R6,L7,859,859,1371,731,true,PASS
square:R6:L7:1245,1245,Alt ♮26,R6,L7,861,861,1373,733,true,PASS
square:R6:L7:1255,1255,Chromatic Mixolydian,R6,L7,871,871,1383,743,true,PASS
square:R6:L7:1259,1259,Blues Phrygian,R6,L7,875,875,1387,747,true,PASS
square:R6:L7:1261,1261,Modified Blues,R6,L7,877,877,1389,749,true,PASS
square:R6:L7:1267,1267,7-19 rooted state 1267,R6,L7,883,883,1395,755,true,PASS
square:R6:L7:1269,1269,Major Locrian ♭♭6,R6,L7,885,885,1397,757,true,PASS
square:R6:L7:1273,1273,Tanarupi V,R6,L7,889,889,1401,761,true,PASS
square:R6:L7:2111,2111,7-1 terminal cluster state 2111,R6,L7,1119,1119,2143,1087,true,PASS
square:R6:L7:2143,2143,Alt ♮734♭56,R6,L7,1183,1183,2207,1119,true,PASS
square:R6:L7:2159,2159,7-4 rooted state 2159,R6,L7,1199,1199,2223,1135,true,PASS
square:R6:L7:2167,2167,7-5 rooted state 2167,R6,L7,1207,1207,2231,1143,true,PASS
square:R6:L7:2171,2171,7-5 rooted state 2171,R6,L7,1211,1211,2235,1147,true,PASS
square:R6:L7:2173,2173,7-4 rooted state 2173,R6,L7,1213,1213,2237,1149,true,PASS
square:R6:L7:2207,2207,7-3 rooted state 2207,R6,L7,1311,1311,2335,1183,true,PASS
square:R6:L7:2223,2223,Arcadian Minor,R6,L7,1327,1327,2351,1199,true,PASS
square:R6:L7:2231,2231,Arcadian,R6,L7,1335,1335,2359,1207,true,PASS
square:R6:L7:2235,2235,Exotic Minor,R6,L7,1339,1339,2363,1211,true,PASS
square:R6:L7:2237,2237,Alt ♮27♭♭56,R6,L7,1341,1341,2365,1213,true,PASS
square:R6:L7:2255,2255,Alt ♮7346,R6,L7,1359,1359,2383,1231,true,PASS
square:R6:L7:2263,2263,Phlegmatic Minor,R6,L7,1367,1367,2391,1239,true,PASS
square:R6:L7:2267,2267,Scale 2267,R6,L7,1371,1371,2395,1243,true,PASS
square:R6:L7:2269,2269,Nomadic Minor,R6,L7,1373,1373,2397,1245,true,PASS
square:R6:L7:2279,2279,Scale 2279,R6,L7,1383,1383,2407,1255,true,PASS
square:R6:L7:2283,2283,Pacific Minor,R6,L7,1387,1387,2411,1259,true,PASS
square:R6:L7:2285,2285,Supine,R6,L7,1389,1389,2413,1261,true,PASS
square:R6:L7:2291,2291,Scale 2291,R6,L7,1395,1395,2419,1267,true,PASS
square:R6:L7:2293,2293,Bucolic,R6,L7,1397,1397,2421,1269,true,PASS
square:R6:L7:2297,2297,Raghupriya V,R6,L7,1401,1401,2425,1273,true,PASS
square:R6:L7:2335,2335,7-3 rooted state 2335,R6,L7,1567,1567,2591,1311,true,PASS
square:R6:L7:2351,2351,Alt ♮7345,R6,L7,1583,1583,2607,1327,true,PASS
square:R6:L7:2359,2359,Unorthodox Minor,R6,L7,1591,1591,2615,1335,true,PASS
square:R6:L7:2363,2363,Unorthodox,R6,L7,1595,1595,2619,1339,true,PASS
square:R6:L7:2365,2365,Alt ♮27𝄫5,R6,L7,1597,1597,2621,1341,true,PASS
square:R6:L7:2383,2383,Alt ♮734,R6,L7,1615,1615,2639,1359,true,PASS
square:R6:L7:2391,2391,Phlegmatic,R6,L7,1623,1623,2647,1367,true,PASS
square:R6:L7:2395,2395,Alt ♮7,R6,L7,1627,1627,2651,1371,true,PASS
square:R6:L7:2397,2397,Eccentric,R6,L7,1629,1629,2653,1373,true,PASS
square:R6:L7:2407,2407,7-19 rooted state 2407,R6,L7,1639,1639,2663,1383,true,PASS
square:R6:L7:2411,2411,Locrian ♮7,R6,L7,1643,1643,2667,1387,true,PASS
square:R6:L7:2413,2413,Harmonic Minor ♭5,R6,L7,1645,1645,2669,1389,true,PASS
square:R6:L7:2419,2419,Rāga Suddha Pancama,R6,L7,1651,1651,2675,1395,true,PASS
square:R6:L7:2421,2421,Harmonic Major ♭5,R6,L7,1653,1653,2677,1397,true,PASS
square:R6:L7:2425,2425,Scale 2425,R6,L7,1657,1657,2681,1401,true,PASS
square:R6:L7:2447,2447,Alt ♮5734,R6,L7,1679,1679,2703,1423,true,PASS
square:R6:L7:2455,2455,7-Z18 rooted state 2455,R6,L7,1687,1687,2711,1431,true,PASS
square:R6:L7:2459,2459,7-21 rooted state 2459,R6,L7,1691,1691,2715,1435,true,PASS
square:R6:L7:2461,2461,7-21 rooted state 2461,R6,L7,1693,1693,2717,1437,true,PASS
square:R6:L7:2471,2471,7-19 rooted state 2471,R6,L7,1703,1703,2727,1447,true,PASS
square:R6:L7:2475,2475,Neapolitan Minor,R6,L7,1707,1707,2731,1451,true,PASS
square:R6:L7:2477,2477,Harmonic Minor,R6,L7,1709,1709,2733,1453,true,PASS
square:R6:L7:2483,2483,Double Harmonic,R6,L7,1715,1715,2739,1459,true,PASS
square:R6:L7:2485,2485,Harmonic Major,R6,L7,1717,1717,2741,1461,true,PASS
square:R6:L7:2489,2489,Scale 2489,R6,L7,1721,1721,2745,1465,true,PASS
square:R6:L7:2503,2503,Scale 2503,R6,L7,1735,1735,2759,1479,true,PASS
square:R6:L7:2507,2507,Chromatic Lydian Inverse,R6,L7,1739,1739,2763,1483,true,PASS
square:R6:L7:2509,2509,Double Harmonic Minor,R6,L7,1741,1741,2765,1485,true,PASS
square:R6:L7:2515,2515,Chromatic Hypolydian,R6,L7,1747,1747,2771,1491,true,PASS
square:R6:L7:2517,2517,Lydian Harmonic Major,R6,L7,1749,1749,2773,1493,true,PASS
square:R6:L7:2521,2521,Scale 2521,R6,L7,1753,1753,2777,1497,true,PASS
square:R6:L7:2531,2531,Scale 2531,R6,L7,1763,1763,2787,1507,true,PASS
square:R6:L7:2533,2533,7-19 rooted state 2533,R6,L7,1765,1765,2789,1509,true,PASS
square:R6:L7:2537,2537,Scale 2537,R6,L7,1769,1769,2793,1513,true,PASS
square:R6:L7:2545,2545,Lydian 2♯3♭6,R6,L7,1777,1777,2801,1521,true,PASS
square:L6:R7:223,223,Scale 223,L6,R7,319,319,191,351,true,PASS
square:L6:R7:351,351,Infra-Alt 567,L6,R7,575,575,319,607,true,PASS
square:L6:R7:415,415,Infra-Alt 57,L6,R7,607,607,351,671,true,PASS
square:L6:R7:431,431,Infra-Alt 7,L6,R7,623,623,367,687,true,PASS
square:L6:R7:439,439,Infra-Alt 7♭4,L6,R7,631,631,375,695,true,PASS
square:L6:R7:443,443,Alt ♭♭5♭♭6♭♭♭7,L6,R7,635,635,379,699,true,PASS
square:L6:R7:445,445,Alt ♮2♭♭5♭6♭♭♭7,L6,R7,637,637,381,701,true,PASS
square:L6:R7:607,607,Infra-Alt 56,L6,R7,1087,1087,575,1119,true,PASS
square:L6:R7:671,671,Infra-Alt 5,L6,R7,1119,1119,607,1183,true,PASS
square:L6:R7:687,687,Alt ♭♭3♭♭4♭♭5♭♭6♭♭7,L6,R7,1135,1135,623,1199,true,PASS
square:L6:R7:695,695,Phrygian Double-Flat,L6,R7,1143,1143,631,1207,true,PASS
square:L6:R7:699,699,Ultralocrian 5,L6,R7,1147,1147,635,1211,true,PASS
square:L6:R7:701,701,Alt ♮2♭♭567,L6,R7,1149,1149,637,1213,true,PASS
square:L6:R7:799,799,Infra-Alt 5♭6,L6,R7,1183,1183,671,1311,true,PASS
square:L6:R7:815,815,Scale 815,L6,R7,1199,1199,687,1327,true,PASS
square:L6:R7:823,823,Scale 823,L6,R7,1207,1207,695,1335,true,PASS
square:L6:R7:827,827,Scale 827,L6,R7,1211,1211,699,1339,true,PASS
square:L6:R7:829,829,7-Z18 rooted state 829,L6,R7,1213,1213,701,1341,true,PASS
square:L6:R7:847,847,Scale 847,L6,R7,1231,1231,719,1359,true,PASS
square:L6:R7:855,855,Ultralocrian 𝄫3,L6,R7,1239,1239,727,1367,true,PASS
square:L6:R7:859,859,Ultralocrian,L6,R7,1243,1243,731,1371,true,PASS
square:L6:R7:861,861,Superlocrian ♮2𝄫7,L6,R7,1245,1245,733,1373,true,PASS
square:L6:R7:871,871,Locrian 𝄫3𝄫7,L6,R7,1255,1255,743,1383,true,PASS
square:L6:R7:875,875,Locrian double-flat 7,L6,R7,1259,1259,747,1387,true,PASS
square:L6:R7:877,877,Hungarian Major Inverse,L6,R7,1261,1261,749,1389,true,PASS
square:L6:R7:883,883,Scale 883,L6,R7,1267,1267,755,1395,true,PASS
square:L6:R7:885,885,Major Locrian 𝄫7,L6,R7,1269,1269,757,1397,true,PASS
square:L6:R7:889,889,Scale 889,L6,R7,1273,1273,761,1401,true,PASS
square:L6:R7:1119,1119,Infra-Alt 56♭7,L6,R7,2111,2111,1087,2143,true,PASS
square:L6:R7:1183,1183,Infra-Alt 5♭7,L6,R7,2143,2143,1119,2207,true,PASS
square:L6:R7:1199,1199,Alt ♭♭3♭♭4♭♭5♭♭6,L6,R7,2159,2159,1135,2223,true,PASS
square:L6:R7:1207,1207,Alt ♭♭3♭♭5♭♭6,L6,R7,2167,2167,1143,2231,true,PASS
square:L6:R7:1211,1211,Ceiling Scale,L6,R7,2171,2171,1147,2235,true,PASS
square:L6:R7:1213,1213,Alt ♮2♭♭5♭6,L6,R7,2173,2173,1149,2237,true,PASS
square:L6:R7:1311,1311,Alt 34♭5,L6,R7,2207,2207,1183,2335,true,PASS
square:L6:R7:1327,1327,Lipsean Mode IV,L6,R7,2223,2223,1199,2351,true,PASS
square:L6:R7:1335,1335,Elephant Scale,L6,R7,2231,2231,1207,2359,true,PASS
square:L6:R7:1339,1339,Alt ♭♭5,L6,R7,2235,2235,1211,2363,true,PASS
square:L6:R7:1341,1341,Alt ♮2♭♭5,L6,R7,2237,2237,1213,2365,true,PASS
square:L6:R7:1359,1359,"Alt double-flat 3, double-flat 4",L6,R7,2255,2255,1231,2383,true,PASS
square:L6:R7:1367,1367,Leading Whole-Tone Inverse,L6,R7,2263,2263,1239,2391,true,PASS
square:L6:R7:1371,1371,Superlocrian,L6,R7,2267,2267,1243,2395,true,PASS
square:L6:R7:1373,1373,Storian,L6,R7,2269,2269,1245,2397,true,PASS
square:L6:R7:1383,1383,Locrian double-flat 3,L6,R7,2279,2279,1255,2407,true,PASS
square:L6:R7:1387,1387,Locrian,L6,R7,2283,2283,1259,2411,true,PASS
square:L6:R7:1389,1389,Half-Diminished,L6,R7,2285,2285,1261,2413,true,PASS
square:L6:R7:1395,1395,Locrian Dominant,L6,R7,2291,2291,1267,2419,true,PASS
square:L6:R7:1397,1397,Major Locrian,L6,R7,2293,2293,1269,2421,true,PASS
square:L6:R7:1401,1401,Major Locrian ♯2,L6,R7,2297,2297,1273,2425,true,PASS
square:L6:R7:1567,1567,7-4 rooted state 1567,L6,R7,2335,2335,1311,2591,true,PASS
square:L6:R7:1583,1583,Alt ♮6♭♭3♭4♭5,L6,R7,2351,2351,1327,2607,true,PASS
square:L6:R7:1591,1591,Alt ♮6♭♭3♭5,L6,R7,2359,2359,1335,2615,true,PASS
square:L6:R7:1595,1595,Alt ♮65,L6,R7,2363,2363,1339,2619,true,PASS
square:L6:R7:1597,1597,Rāga Ravikosh,L6,R7,2365,2365,1341,2621,true,PASS
square:L6:R7:1615,1615,Sydian (Alt ♮6𝄫34),L6,R7,2383,2383,1359,2639,true,PASS
square:L6:R7:1623,1623,Alt ♮63,L6,R7,2391,2391,1367,2647,true,PASS
square:L6:R7:1627,1627,Superlocrian ♯6,L6,R7,2395,2395,1371,2651,true,PASS
square:L6:R7:1629,1629,Dorian Blues,L6,R7,2397,2397,1373,2653,true,PASS
square:L6:R7:1639,1639,7-21 rooted state 1639,L6,R7,2407,2407,1383,2663,true,PASS
square:L6:R7:1643,1643,Locrian ♮6,L6,R7,2411,2411,1387,2667,true,PASS
square:L6:R7:1645,1645,Dorian ♭5,L6,R7,2413,2413,1389,2669,true,PASS
square:L6:R7:1651,1651,Tsinganikos,L6,R7,2419,2419,1395,2675,true,PASS
square:L6:R7:1653,1653,Mixolydian ♭5,L6,R7,2421,2421,1397,2677,true,PASS
square:L6:R7:1657,1657,7-19 rooted state 1657,L6,R7,2425,2425,1401,2681,true,PASS
square:L6:R7:1679,1679,Zephyrean Mode V,L6,R7,2447,2447,1423,2703,true,PASS
square:L6:R7:1687,1687,Midlocrian,L6,R7,2455,2455,1431,2711,true,PASS
square:L6:R7:1691,1691,Dorian ♭2♭4,L6,R7,2459,2459,1435,2715,true,PASS
square:L6:R7:1693,1693,Dorian ♭4,L6,R7,2461,2461,1437,2717,true,PASS
square:L6:R7:1703,1703,Rāga Bhanumati,L6,R7,2471,2471,1447,2727,true,PASS
square:L6:R7:1707,1707,Dorian ♭2,L6,R7,2475,2475,1451,2731,true,PASS
square:L6:R7:1709,1709,Dorian,L6,R7,2477,2477,1453,2733,true,PASS
square:L6:R7:1715,1715,Dominant ♭2,L6,R7,2483,2483,1459,2739,true,PASS
square:L6:R7:1717,1717,Mixolydian,L6,R7,2485,2485,1461,2741,true,PASS
square:L6:R7:1721,1721,Rāga Ganavaridhi,L6,R7,2489,2489,1465,2745,true,PASS
square:L6:R7:1735,1735,Navaneetam,L6,R7,2503,2503,1479,2759,true,PASS
square:L6:R7:1739,1739,Rāga Sthavarajam,L6,R7,2507,2507,1483,2763,true,PASS
square:L6:R7:1741,1741,Dorian ♯4,L6,R7,2509,2509,1485,2765,true,PASS
square:L6:R7:1747,1747,Lydian 7♭2,L6,R7,2515,2515,1491,2771,true,PASS
square:L6:R7:1749,1749,Acoustic,L6,R7,2517,2517,1493,2773,true,PASS
square:L6:R7:1753,1753,Hungarian Major,L6,R7,2521,2521,1497,2777,true,PASS
square:L6:R7:1763,1763,Lydian 7♭2♯3,L6,R7,2531,2531,1507,2787,true,PASS
square:L6:R7:1765,1765,Lydian ♭7♯3,L6,R7,2533,2533,1509,2789,true,PASS
square:L6:R7:1769,1769,Lydian ♭7♯2♯3,L6,R7,2537,2537,1513,2793,true,PASS
square:L6:R7:1777,1777,Lydian ♭7♯3𝄪2,L6,R7,2545,2545,1521,2801,true,PASS
square:L6:L7:351,351,Infra-Alt 567,L6,L7,191,191,319,223,true,PASS
square:L6:L7:607,607,Infra-Alt 56,L6,L7,319,319,575,351,true,PASS
square:L6:L7:671,671,Infra-Alt 5,L6,L7,351,351,607,415,true,PASS
square:L6:L7:687,687,Alt ♭♭3♭♭4♭♭5♭♭6♭♭7,L6,L7,367,367,623,431,true,PASS
square:L6:L7:695,695,Phrygian Double-Flat,L6,L7,375,375,631,439,true,PASS
square:L6:L7:699,699,Ultralocrian 5,L6,L7,379,379,635,443,true,PASS
square:L6:L7:701,701,Alt ♮2♭♭567,L6,L7,381,381,637,445,true,PASS
square:L6:L7:1119,1119,Infra-Alt 56♭7,L6,L7,575,575,1087,607,true,PASS
square:L6:L7:1183,1183,Infra-Alt 5♭7,L6,L7,607,607,1119,671,true,PASS
square:L6:L7:1199,1199,Alt ♭♭3♭♭4♭♭5♭♭6,L6,L7,623,623,1135,687,true,PASS
square:L6:L7:1207,1207,Alt ♭♭3♭♭5♭♭6,L6,L7,631,631,1143,695,true,PASS
square:L6:L7:1211,1211,Ceiling Scale,L6,L7,635,635,1147,699,true,PASS
square:L6:L7:1213,1213,Alt ♮2♭♭5♭6,L6,L7,637,637,1149,701,true,PASS
square:L6:L7:1311,1311,Alt 34♭5,L6,L7,671,671,1183,799,true,PASS
square:L6:L7:1327,1327,Lipsean Mode IV,L6,L7,687,687,1199,815,true,PASS
square:L6:L7:1335,1335,Elephant Scale,L6,L7,695,695,1207,823,true,PASS
square:L6:L7:1339,1339,Alt ♭♭5,L6,L7,699,699,1211,827,true,PASS
square:L6:L7:1341,1341,Alt ♮2♭♭5,L6,L7,701,701,1213,829,true,PASS
square:L6:L7:1359,1359,"Alt double-flat 3, double-flat 4",L6,L7,719,719,1231,847,true,PASS
square:L6:L7:1367,1367,Leading Whole-Tone Inverse,L6,L7,727,727,1239,855,true,PASS
square:L6:L7:1371,1371,Superlocrian,L6,L7,731,731,1243,859,true,PASS
square:L6:L7:1373,1373,Storian,L6,L7,733,733,1245,861,true,PASS
square:L6:L7:1383,1383,Locrian double-flat 3,L6,L7,743,743,1255,871,true,PASS
square:L6:L7:1387,1387,Locrian,L6,L7,747,747,1259,875,true,PASS
square:L6:L7:1389,1389,Half-Diminished,L6,L7,749,749,1261,877,true,PASS
square:L6:L7:1395,1395,Locrian Dominant,L6,L7,755,755,1267,883,true,PASS
square:L6:L7:1397,1397,Major Locrian,L6,L7,757,757,1269,885,true,PASS
square:L6:L7:1401,1401,Major Locrian ♯2,L6,L7,761,761,1273,889,true,PASS
square:L6:L7:2143,2143,Alt ♮734♭56,L6,L7,1087,1087,2111,1119,true,PASS
square:L6:L7:2207,2207,7-3 rooted state 2207,L6,L7,1119,1119,2143,1183,true,PASS
square:L6:L7:2223,2223,Arcadian Minor,L6,L7,1135,1135,2159,1199,true,PASS
square:L6:L7:2231,2231,Arcadian,L6,L7,1143,1143,2167,1207,true,PASS
square:L6:L7:2235,2235,Exotic Minor,L6,L7,1147,1147,2171,1211,true,PASS
square:L6:L7:2237,2237,Alt ♮27♭♭56,L6,L7,1149,1149,2173,1213,true,PASS
square:L6:L7:2335,2335,7-3 rooted state 2335,L6,L7,1183,1183,2207,1311,true,PASS
square:L6:L7:2351,2351,Alt ♮7345,L6,L7,1199,1199,2223,1327,true,PASS
square:L6:L7:2359,2359,Unorthodox Minor,L6,L7,1207,1207,2231,1335,true,PASS
square:L6:L7:2363,2363,Unorthodox,L6,L7,1211,1211,2235,1339,true,PASS
square:L6:L7:2365,2365,Alt ♮27𝄫5,L6,L7,1213,1213,2237,1341,true,PASS
square:L6:L7:2383,2383,Alt ♮734,L6,L7,1231,1231,2255,1359,true,PASS
square:L6:L7:2391,2391,Phlegmatic,L6,L7,1239,1239,2263,1367,true,PASS
square:L6:L7:2395,2395,Alt ♮7,L6,L7,1243,1243,2267,1371,true,PASS
square:L6:L7:2397,2397,Eccentric,L6,L7,1245,1245,2269,1373,true,PASS
square:L6:L7:2407,2407,7-19 rooted state 2407,L6,L7,1255,1255,2279,1383,true,PASS
square:L6:L7:2411,2411,Locrian ♮7,L6,L7,1259,1259,2283,1387,true,PASS
square:L6:L7:2413,2413,Harmonic Minor ♭5,L6,L7,1261,1261,2285,1389,true,PASS
square:L6:L7:2419,2419,Rāga Suddha Pancama,L6,L7,1267,1267,2291,1395,true,PASS
square:L6:L7:2421,2421,Harmonic Major ♭5,L6,L7,1269,1269,2293,1397,true,PASS
square:L6:L7:2425,2425,Scale 2425,L6,L7,1273,1273,2297,1401,true,PASS
square:L6:L7:2591,2591,Quixotic,L6,L7,1311,1311,2335,1567,true,PASS
square:L6:L7:2607,2607,Alt ♮67345,L6,L7,1327,1327,2351,1583,true,PASS
square:L6:L7:2615,2615,Alt ♮67♭♭35,L6,L7,1335,1335,2359,1591,true,PASS
square:L6:L7:2619,2619,Alt ♮675,L6,L7,1339,1339,2363,1595,true,PASS
square:L6:L7:2621,2621,Euphoric,L6,L7,1341,1341,2365,1597,true,PASS
square:L6:L7:2639,2639,Alt ♮6734,L6,L7,1359,1359,2383,1615,true,PASS
square:L6:L7:2647,2647,Bohemian,L6,L7,1367,1367,2391,1623,true,PASS
square:L6:L7:2651,2651,7-25 rooted state 2651,L6,L7,1371,1371,2395,1627,true,PASS
square:L6:L7:2653,2653,Nomadic,L6,L7,1373,1373,2397,1629,true,PASS
square:L6:L7:2663,2663,7-Z18 rooted state 2663,L6,L7,1383,1383,2407,1639,true,PASS
square:L6:L7:2667,2667,Neapolitan Major ♭5,L6,L7,1387,1387,2411,1643,true,PASS
square:L6:L7:2669,2669,Jeths' Mode,L6,L7,1389,1389,2413,1645,true,PASS
square:L6:L7:2675,2675,Chromatic Lydian,L6,L7,1395,1395,2419,1651,true,PASS
square:L6:L7:2677,2677,Ionian ♭5,L6,L7,1397,1397,2421,1653,true,PASS
square:L6:L7:2681,2681,Scale 2681,L6,L7,1401,1401,2425,1657,true,PASS
square:L6:L7:2703,2703,Erratic Minor,L6,L7,1423,1423,2447,1679,true,PASS
square:L6:L7:2711,2711,Erratic,L6,L7,1431,1431,2455,1687,true,PASS
square:L6:L7:2715,2715,Neapolitan Major ♭4,L6,L7,1435,1435,2459,1691,true,PASS
square:L6:L7:2717,2717,Melodic ♭4,L6,L7,1437,1437,2461,1693,true,PASS
square:L6:L7:2727,2727,Rāga Manoranjani,L6,L7,1447,1447,2471,1703,true,PASS
square:L6:L7:2731,2731,Neapolitan Major,L6,L7,1451,1451,2475,1707,true,PASS
square:L6:L7:2733,2733,Melodic Minor,L6,L7,1453,1453,2477,1709,true,PASS
square:L6:L7:2739,2739,Rāga Supradhipam,L6,L7,1459,1459,2483,1715,true,PASS
square:L6:L7:2741,2741,Ionian,L6,L7,1461,1461,2485,1717,true,PASS
square:L6:L7:2745,2745,Rāga Sailadesakshi,L6,L7,1465,1465,2489,1721,true,PASS
square:L6:L7:2759,2759,Lydian ♭2♭♭3,L6,L7,1479,1479,2503,1735,true,PASS
square:L6:L7:2763,2763,Rāga Sauviram,L6,L7,1483,1483,2507,1739,true,PASS
square:L6:L7:2765,2765,Lydian Diminished,L6,L7,1485,1485,2509,1741,true,PASS
square:L6:L7:2771,2771,Mela Gamanasrama,L6,L7,1491,1491,2515,1747,true,PASS
square:L6:L7:2773,2773,Lydian,L6,L7,1493,1493,2517,1749,true,PASS
square:L6:L7:2777,2777,Aeolian Harmonic,L6,L7,1497,1497,2521,1753,true,PASS
square:L6:L7:2787,2787,Lydian ♭2♯3,L6,L7,1507,1507,2531,1763,true,PASS
square:L6:L7:2789,2789,Lydian ♯3,L6,L7,1509,1509,2533,1765,true,PASS
square:L6:L7:2793,2793,1sus4 & 7⁷,L6,L7,1513,1513,2537,1769,true,PASS
square:L6:L7:2801,2801,Rāga Hindolita,L6,L7,1521,1521,2545,1777,true,PASS
square:R7:L7:191,191,Ultra-Alt 67,R7,L7,191,191,319,127,true,PASS
square:R7:L7:319,319,7-3 rooted state 319,R7,L7,319,319,575,191,true,PASS
square:R7:L7:351,351,Infra-Alt 567,R7,L7,351,351,607,223,true,PASS
square:R7:L7:367,367,Infra-Alt 67,R7,L7,367,367,623,239,true,PASS
square:R7:L7:375,375,Scale 375,R7,L7,375,375,631,247,true,PASS
square:R7:L7:379,379,Kaikian Mode II,R7,L7,379,379,635,251,true,PASS
square:R7:L7:381,381,Alt ♮25♭67,R7,L7,381,381,637,253,true,PASS
square:R7:L7:575,575,Scale 575,R7,L7,575,575,1087,319,true,PASS
square:R7:L7:607,607,Infra-Alt 56,R7,L7,607,607,1119,351,true,PASS
square:R7:L7:623,623,Infra-Alt 6,R7,L7,623,623,1135,367,true,PASS
square:R7:L7:631,631,Infra-Alt 6♭4,R7,L7,631,631,1143,375,true,PASS
square:R7:L7:635,635,Scale 635,R7,L7,635,635,1147,379,true,PASS
square:R7:L7:637,637,Debussy's Heptatonic,R7,L7,637,637,1149,381,true,PASS
square:R7:L7:671,671,Infra-Alt 5,R7,L7,671,671,1183,415,true,PASS
square:R7:L7:687,687,Alt ♭♭3♭♭4♭♭5♭♭6♭♭7,R7,L7,687,687,1199,431,true,PASS
square:R7:L7:695,695,Phrygian Double-Flat,R7,L7,695,695,1207,439,true,PASS
square:R7:L7:699,699,Ultralocrian 5,R7,L7,699,699,1211,443,true,PASS
square:R7:L7:701,701,Alt ♮2♭♭567,R7,L7,701,701,1213,445,true,PASS
square:R7:L7:719,719,1MI & 2Δ7,R7,L7,719,719,1231,463,true,PASS
square:R7:L7:727,727,Triadic Heptatonic 29,R7,L7,727,727,1239,471,true,PASS
square:R7:L7:731,731,Alternating Heptamode,R7,L7,731,731,1243,475,true,PASS
square:R7:L7:733,733,Superlocrian ♮2♭♭6♭♭7,R7,L7,733,733,1245,477,true,PASS
square:R7:L7:743,743,Phrygian Hungarian Minor,R7,L7,743,743,1255,487,true,PASS
square:R7:L7:747,747,1sus4 & ♭3∅7,R7,L7,747,747,1259,491,true,PASS
square:R7:L7:749,749,Locrian ♮2♭♭6♭♭7,R7,L7,749,749,1261,493,true,PASS
square:R7:L7:755,755,Ionian ♭2♭5𝄫6𝄫7,R7,L7,755,755,1267,499,true,PASS
square:R7:L7:757,757,Lipsean Mode II,R7,L7,757,757,1269,501,true,PASS
square:R7:L7:761,761,Major Locrian ♯267,R7,L7,761,761,1273,505,true,PASS
square:R7:L7:1087,1087,Infra-Alt 5♭76,R7,L7,1087,1087,2111,575,true,PASS
square:R7:L7:1119,1119,Infra-Alt 56♭7,R7,L7,1119,1119,2143,607,true,PASS
square:R7:L7:1135,1135,Eurean Mode III,R7,L7,1135,1135,2159,623,true,PASS
square:R7:L7:1143,1143,Scale 1143,R7,L7,1143,1143,2167,631,true,PASS
square:R7:L7:1147,1147,Alt double-flat 5 / flat–double-flat 6,R7,L7,1147,1147,2171,635,true,PASS
square:R7:L7:1149,1149,Alt ♮25♭6,R7,L7,1149,1149,2173,637,true,PASS
square:R7:L7:1183,1183,Infra-Alt 5♭7,R7,L7,1183,1183,2207,671,true,PASS
square:R7:L7:1199,1199,Alt ♭♭3♭♭4♭♭5♭♭6,R7,L7,1199,1199,2223,687,true,PASS
square:R7:L7:1207,1207,Alt ♭♭3♭♭5♭♭6,R7,L7,1207,1207,2231,695,true,PASS
square:R7:L7:1211,1211,Ceiling Scale,R7,L7,1211,1211,2235,699,true,PASS
square:R7:L7:1213,1213,Alt ♮2♭♭5♭6,R7,L7,1213,1213,2237,701,true,PASS
square:R7:L7:1231,1231,7-Z18 rooted state 1231,R7,L7,1231,1231,2255,719,true,PASS
square:R7:L7:1239,1239,Alt 𝄫3𝄫6,R7,L7,1239,1239,2263,727,true,PASS
square:R7:L7:1243,1243,Alt 6,R7,L7,1243,1243,2267,731,true,PASS
square:R7:L7:1245,1245,Alt ♮26,R7,L7,1245,1245,2269,733,true,PASS
square:R7:L7:1255,1255,Chromatic Mixolydian,R7,L7,1255,1255,2279,743,true,PASS
square:R7:L7:1259,1259,Blues Phrygian,R7,L7,1259,1259,2283,747,true,PASS
square:R7:L7:1261,1261,Modified Blues,R7,L7,1261,1261,2285,749,true,PASS
square:R7:L7:1267,1267,7-19 rooted state 1267,R7,L7,1267,1267,2291,755,true,PASS
square:R7:L7:1269,1269,Major Locrian ♭♭6,R7,L7,1269,1269,2293,757,true,PASS
square:R7:L7:1273,1273,Tanarupi V,R7,L7,1273,1273,2297,761,true,PASS
square:R7:L7:1311,1311,Alt 34♭5,R7,L7,1311,1311,2335,799,true,PASS
square:R7:L7:1327,1327,Lipsean Mode IV,R7,L7,1327,1327,2351,815,true,PASS
square:R7:L7:1335,1335,Elephant Scale,R7,L7,1335,1335,2359,823,true,PASS
square:R7:L7:1339,1339,Alt ♭♭5,R7,L7,1339,1339,2363,827,true,PASS
square:R7:L7:1341,1341,Alt ♮2♭♭5,R7,L7,1341,1341,2365,829,true,PASS
square:R7:L7:1359,1359,"Alt double-flat 3, double-flat 4",R7,L7,1359,1359,2383,847,true,PASS
square:R7:L7:1367,1367,Leading Whole-Tone Inverse,R7,L7,1367,1367,2391,855,true,PASS
square:R7:L7:1371,1371,Superlocrian,R7,L7,1371,1371,2395,859,true,PASS
square:R7:L7:1373,1373,Storian,R7,L7,1373,1373,2397,861,true,PASS
square:R7:L7:1383,1383,Locrian double-flat 3,R7,L7,1383,1383,2407,871,true,PASS
square:R7:L7:1387,1387,Locrian,R7,L7,1387,1387,2411,875,true,PASS
square:R7:L7:1389,1389,Half-Diminished,R7,L7,1389,1389,2413,877,true,PASS
square:R7:L7:1395,1395,Locrian Dominant,R7,L7,1395,1395,2419,883,true,PASS
square:R7:L7:1397,1397,Major Locrian,R7,L7,1397,1397,2421,885,true,PASS
square:R7:L7:1401,1401,Major Locrian ♯2,R7,L7,1401,1401,2425,889,true,PASS
square:R7:L7:1423,1423,Alt ♮5♭♭3♭4,R7,L7,1423,1423,2447,911,true,PASS
square:R7:L7:1431,1431,Astrocyte,R7,L7,1431,1431,2455,919,true,PASS
square:R7:L7:1435,1435,Maqam Saba Zamzam,R7,L7,1435,1435,2459,923,true,PASS
square:R7:L7:1437,1437,Sabach,R7,L7,1437,1437,2461,925,true,PASS
square:R7:L7:1447,1447,Rāga Phenadyuti,R7,L7,1447,1447,2471,935,true,PASS
square:R7:L7:1451,1451,Phrygian,R7,L7,1451,1451,2475,939,true,PASS
square:R7:L7:1453,1453,Aeolian,R7,L7,1453,1453,2477,941,true,PASS
square:R7:L7:1459,1459,Phrygian Dominant,R7,L7,1459,1459,2483,947,true,PASS
square:R7:L7:1461,1461,Mixolydian ♭6,R7,L7,1461,1461,2485,949,true,PASS
square:R7:L7:1465,1465,Rāga Cudamani,R7,L7,1465,1465,2489,953,true,PASS
square:R7:L7:1479,1479,Mela Jalarnava,R7,L7,1479,1479,2503,967,true,PASS
square:R7:L7:1483,1483,Mela Bhavapriya,R7,L7,1483,1483,2507,971,true,PASS
square:R7:L7:1485,1485,Mela Sanmukhapriya,R7,L7,1485,1485,2509,973,true,PASS
square:R7:L7:1491,1491,Namanarayani,R7,L7,1491,1491,2515,979,true,PASS
square:R7:L7:1493,1493,Lydian Minor,R7,L7,1493,1493,2517,981,true,PASS
square:R7:L7:1497,1497,Jyoti Swarupini,R7,L7,1497,1497,2521,985,true,PASS
square:R7:L7:1507,1507,Lydian ♭7♭2♭6♯3,R7,L7,1507,1507,2531,995,true,PASS
square:R7:L7:1509,1509,Lydian Minor ♯3,R7,L7,1509,1509,2533,997,true,PASS
square:R7:L7:1513,1513,Lydian ♭7♭6♯2♯3,R7,L7,1513,1513,2537,1001,true,PASS
square:R7:L7:1521,1521,Lydian 7♭6♯32,R7,L7,1521,1521,2545,1009,true,PASS
