witness_id,operator_id,inverse_operator_id,source_id,intermediate_id,returned_id,result,witness_type
inverse:M:127,M,M^6,127,2111,127,PASS,finite_order_inverse
inverse:M:191,M,M^6,191,2143,191,PASS,finite_order_inverse
inverse:M:223,M,M^6,223,2159,223,PASS,finite_order_inverse
inverse:M:239,M,M^6,239,2167,239,PASS,finite_order_inverse
inverse:M:247,M,M^6,247,2171,247,PASS,finite_order_inverse
inverse:M:251,M,M^6,251,2173,251,PASS,finite_order_inverse
inverse:M:253,M,M^6,253,1087,253,PASS,finite_order_inverse
inverse:M:319,M,M^6,319,2207,319,PASS,finite_order_inverse
inverse:M:351,M,M^6,351,2223,351,PASS,finite_order_inverse
inverse:M:367,M,M^6,367,2231,367,PASS,finite_order_inverse
inverse:M:375,M,M^6,375,2235,375,PASS,finite_order_inverse
inverse:M:379,M,M^6,379,2237,379,PASS,finite_order_inverse
inverse:M:381,M,M^6,381,1119,381,PASS,finite_order_inverse
inverse:M:415,M,M^6,415,2255,415,PASS,finite_order_inverse
inverse:M:431,M,M^6,431,2263,431,PASS,finite_order_inverse
inverse:M:439,M,M^6,439,2267,439,PASS,finite_order_inverse
inverse:M:443,M,M^6,443,2269,443,PASS,finite_order_inverse
inverse:M:445,M,M^6,445,1135,445,PASS,finite_order_inverse
inverse:M:463,M,M^6,463,2279,463,PASS,finite_order_inverse
inverse:M:471,M,M^6,471,2283,471,PASS,finite_order_inverse
inverse:M:475,M,M^6,475,2285,475,PASS,finite_order_inverse
inverse:M:477,M,M^6,477,1143,477,PASS,finite_order_inverse
inverse:M:487,M,M^6,487,2291,487,PASS,finite_order_inverse
inverse:M:491,M,M^6,491,2293,491,PASS,finite_order_inverse
inverse:M:493,M,M^6,493,1147,493,PASS,finite_order_inverse
inverse:M:499,M,M^6,499,2297,499,PASS,finite_order_inverse
inverse:M:501,M,M^6,501,1149,501,PASS,finite_order_inverse
inverse:M:505,M,M^6,505,575,505,PASS,finite_order_inverse
inverse:M:575,M,M^6,575,2335,575,PASS,finite_order_inverse
inverse:M:607,M,M^6,607,2351,607,PASS,finite_order_inverse
inverse:M:623,M,M^6,623,2359,623,PASS,finite_order_inverse
inverse:M:631,M,M^6,631,2363,631,PASS,finite_order_inverse
inverse:M:635,M,M^6,635,2365,635,PASS,finite_order_inverse
inverse:M:637,M,M^6,637,1183,637,PASS,finite_order_inverse
inverse:M:671,M,M^6,671,2383,671,PASS,finite_order_inverse
inverse:M:687,M,M^6,687,2391,687,PASS,finite_order_inverse
inverse:M:695,M,M^6,695,2395,695,PASS,finite_order_inverse
inverse:M:699,M,M^6,699,2397,699,PASS,finite_order_inverse
inverse:M:701,M,M^6,701,1199,701,PASS,finite_order_inverse
inverse:M:719,M,M^6,719,2407,719,PASS,finite_order_inverse
inverse:M:727,M,M^6,727,2411,727,PASS,finite_order_inverse
inverse:M:731,M,M^6,731,2413,731,PASS,finite_order_inverse
inverse:M:733,M,M^6,733,1207,733,PASS,finite_order_inverse
inverse:M:743,M,M^6,743,2419,743,PASS,finite_order_inverse
inverse:M:747,M,M^6,747,2421,747,PASS,finite_order_inverse
inverse:M:749,M,M^6,749,1211,749,PASS,finite_order_inverse
inverse:M:755,M,M^6,755,2425,755,PASS,finite_order_inverse
inverse:M:757,M,M^6,757,1213,757,PASS,finite_order_inverse
inverse:M:761,M,M^6,761,607,761,PASS,finite_order_inverse
inverse:M:799,M,M^6,799,2447,799,PASS,finite_order_inverse
inverse:M:815,M,M^6,815,2455,815,PASS,finite_order_inverse
inverse:M:823,M,M^6,823,2459,823,PASS,finite_order_inverse
inverse:M:827,M,M^6,827,2461,827,PASS,finite_order_inverse
inverse:M:829,M,M^6,829,1231,829,PASS,finite_order_inverse
inverse:M:847,M,M^6,847,2471,847,PASS,finite_order_inverse
inverse:M:855,M,M^6,855,2475,855,PASS,finite_order_inverse
inverse:M:859,M,M^6,859,2477,859,PASS,finite_order_inverse
inverse:M:861,M,M^6,861,1239,861,PASS,finite_order_inverse
inverse:M:871,M,M^6,871,2483,871,PASS,finite_order_inverse
inverse:M:875,M,M^6,875,2485,875,PASS,finite_order_inverse
inverse:M:877,M,M^6,877,1243,877,PASS,finite_order_inverse
inverse:M:883,M,M^6,883,2489,883,PASS,finite_order_inverse
inverse:M:885,M,M^6,885,1245,885,PASS,finite_order_inverse
inverse:M:889,M,M^6,889,623,889,PASS,finite_order_inverse
inverse:M:911,M,M^6,911,2503,911,PASS,finite_order_inverse
inverse:M:919,M,M^6,919,2507,919,PASS,finite_order_inverse
inverse:M:923,M,M^6,923,2509,923,PASS,finite_order_inverse
inverse:M:925,M,M^6,925,1255,925,PASS,finite_order_inverse
inverse:M:935,M,M^6,935,2515,935,PASS,finite_order_inverse
inverse:M:939,M,M^6,939,2517,939,PASS,finite_order_inverse
inverse:M:941,M,M^6,941,1259,941,PASS,finite_order_inverse
inverse:M:947,M,M^6,947,2521,947,PASS,finite_order_inverse
inverse:M:949,M,M^6,949,1261,949,PASS,finite_order_inverse
inverse:M:953,M,M^6,953,631,953,PASS,finite_order_inverse
inverse:M:967,M,M^6,967,2531,967,PASS,finite_order_inverse
inverse:M:971,M,M^6,971,2533,971,PASS,finite_order_inverse
inverse:M:973,M,M^6,973,1267,973,PASS,finite_order_inverse
inverse:M:979,M,M^6,979,2537,979,PASS,finite_order_inverse
inverse:M:981,M,M^6,981,1269,981,PASS,finite_order_inverse
inverse:M:985,M,M^6,985,635,985,PASS,finite_order_inverse
inverse:M:995,M,M^6,995,2545,995,PASS,finite_order_inverse
inverse:M:997,M,M^6,997,1273,997,PASS,finite_order_inverse
inverse:M:1001,M,M^6,1001,637,1001,PASS,finite_order_inverse
inverse:M:1009,M,M^6,1009,319,1009,PASS,finite_order_inverse
inverse:M:1087,M,M^6,1087,2591,1087,PASS,finite_order_inverse
inverse:M:1119,M,M^6,1119,2607,1119,PASS,finite_order_inverse
inverse:M:1135,M,M^6,1135,2615,1135,PASS,finite_order_inverse
inverse:M:1143,M,M^6,1143,2619,1143,PASS,finite_order_inverse
inverse:M:1147,M,M^6,1147,2621,1147,PASS,finite_order_inverse
inverse:M:1149,M,M^6,1149,1311,1149,PASS,finite_order_inverse
inverse:M:1183,M,M^6,1183,2639,1183,PASS,finite_order_inverse
inverse:M:1199,M,M^6,1199,2647,1199,PASS,finite_order_inverse
inverse:M:1207,M,M^6,1207,2651,1207,PASS,finite_order_inverse
inverse:M:1211,M,M^6,1211,2653,1211,PASS,finite_order_inverse
inverse:M:1213,M,M^6,1213,1327,1213,PASS,finite_order_inverse
inverse:M:1231,M,M^6,1231,2663,1231,PASS,finite_order_inverse
inverse:M:1239,M,M^6,1239,2667,1239,PASS,finite_order_inverse
inverse:M:1243,M,M^6,1243,2669,1243,PASS,finite_order_inverse
inverse:M:1245,M,M^6,1245,1335,1245,PASS,finite_order_inverse
inverse:M:1255,M,M^6,1255,2675,1255,PASS,finite_order_inverse
inverse:M:1259,M,M^6,1259,2677,1259,PASS,finite_order_inverse
inverse:M:1261,M,M^6,1261,1339,1261,PASS,finite_order_inverse
inverse:M:1267,M,M^6,1267,2681,1267,PASS,finite_order_inverse
inverse:M:1269,M,M^6,1269,1341,1269,PASS,finite_order_inverse
inverse:M:1273,M,M^6,1273,671,1273,PASS,finite_order_inverse
inverse:M:1311,M,M^6,1311,2703,1311,PASS,finite_order_inverse
inverse:M:1327,M,M^6,1327,2711,1327,PASS,finite_order_inverse
inverse:M:1335,M,M^6,1335,2715,1335,PASS,finite_order_inverse
inverse:M:1339,M,M^6,1339,2717,1339,PASS,finite_order_inverse
inverse:M:1341,M,M^6,1341,1359,1341,PASS,finite_order_inverse
inverse:M:1359,M,M^6,1359,2727,1359,PASS,finite_order_inverse
inverse:M:1367,M,M^6,1367,2731,1367,PASS,finite_order_inverse
inverse:M:1371,M,M^6,1371,2733,1371,PASS,finite_order_inverse
inverse:M:1373,M,M^6,1373,1367,1373,PASS,finite_order_inverse
inverse:M:1383,M,M^6,1383,2739,1383,PASS,finite_order_inverse
inverse:M:1387,M,M^6,1387,2741,1387,PASS,finite_order_inverse
inverse:M:1389,M,M^6,1389,1371,1389,PASS,finite_order_inverse
inverse:M:1395,M,M^6,1395,2745,1395,PASS,finite_order_inverse
inverse:M:1397,M,M^6,1397,1373,1397,PASS,finite_order_inverse
inverse:M:1401,M,M^6,1401,687,1401,PASS,finite_order_inverse
inverse:M:1423,M,M^6,1423,2759,1423,PASS,finite_order_inverse
inverse:M:1431,M,M^6,1431,2763,1431,PASS,finite_order_inverse
inverse:M:1435,M,M^6,1435,2765,1435,PASS,finite_order_inverse
inverse:M:1437,M,M^6,1437,1383,1437,PASS,finite_order_inverse
inverse:M:1447,M,M^6,1447,2771,1447,PASS,finite_order_inverse
inverse:M:1451,M,M^6,1451,2773,1451,PASS,finite_order_inverse
inverse:M:1453,M,M^6,1453,1387,1453,PASS,finite_order_inverse
inverse:M:1459,M,M^6,1459,2777,1459,PASS,finite_order_inverse
inverse:M:1461,M,M^6,1461,1389,1461,PASS,finite_order_inverse
inverse:M:1465,M,M^6,1465,695,1465,PASS,finite_order_inverse
inverse:M:1479,M,M^6,1479,2787,1479,PASS,finite_order_inverse
inverse:M:1483,M,M^6,1483,2789,1483,PASS,finite_order_inverse
inverse:M:1485,M,M^6,1485,1395,1485,PASS,finite_order_inverse
inverse:M:1491,M,M^6,1491,2793,1491,PASS,finite_order_inverse
inverse:M:1493,M,M^6,1493,1397,1493,PASS,finite_order_inverse
inverse:M:1497,M,M^6,1497,699,1497,PASS,finite_order_inverse
inverse:M:1507,M,M^6,1507,2801,1507,PASS,finite_order_inverse
inverse:M:1509,M,M^6,1509,1401,1509,PASS,finite_order_inverse
inverse:M:1513,M,M^6,1513,701,1513,PASS,finite_order_inverse
inverse:M:1521,M,M^6,1521,351,1521,PASS,finite_order_inverse
inverse:M:1567,M,M^6,1567,2831,1567,PASS,finite_order_inverse
inverse:M:1583,M,M^6,1583,2839,1583,PASS,finite_order_inverse
inverse:M:1591,M,M^6,1591,2843,1591,PASS,finite_order_inverse
inverse:M:1595,M,M^6,1595,2845,1595,PASS,finite_order_inverse
inverse:M:1597,M,M^6,1597,1423,1597,PASS,finite_order_inverse
inverse:M:1615,M,M^6,1615,2855,1615,PASS,finite_order_inverse
inverse:M:1623,M,M^6,1623,2859,1623,PASS,finite_order_inverse
inverse:M:1627,M,M^6,1627,2861,1627,PASS,finite_order_inverse
inverse:M:1629,M,M^6,1629,1431,1629,PASS,finite_order_inverse
inverse:M:1639,M,M^6,1639,2867,1639,PASS,finite_order_inverse
inverse:M:1643,M,M^6,1643,2869,1643,PASS,finite_order_inverse
inverse:M:1645,M,M^6,1645,1435,1645,PASS,finite_order_inverse
inverse:M:1651,M,M^6,1651,2873,1651,PASS,finite_order_inverse
inverse:M:1653,M,M^6,1653,1437,1653,PASS,finite_order_inverse
inverse:M:1657,M,M^6,1657,719,1657,PASS,finite_order_inverse
inverse:M:1679,M,M^6,1679,2887,1679,PASS,finite_order_inverse
inverse:M:1687,M,M^6,1687,2891,1687,PASS,finite_order_inverse
inverse:M:1691,M,M^6,1691,2893,1691,PASS,finite_order_inverse
inverse:M:1693,M,M^6,1693,1447,1693,PASS,finite_order_inverse
inverse:M:1703,M,M^6,1703,2899,1703,PASS,finite_order_inverse
inverse:M:1707,M,M^6,1707,2901,1707,PASS,finite_order_inverse
inverse:M:1709,M,M^6,1709,1451,1709,PASS,finite_order_inverse
inverse:M:1715,M,M^6,1715,2905,1715,PASS,finite_order_inverse
inverse:M:1717,M,M^6,1717,1453,1717,PASS,finite_order_inverse
inverse:M:1721,M,M^6,1721,727,1721,PASS,finite_order_inverse
inverse:M:1735,M,M^6,1735,2915,1735,PASS,finite_order_inverse
inverse:M:1739,M,M^6,1739,2917,1739,PASS,finite_order_inverse
inverse:M:1741,M,M^6,1741,1459,1741,PASS,finite_order_inverse
inverse:M:1747,M,M^6,1747,2921,1747,PASS,finite_order_inverse
inverse:M:1749,M,M^6,1749,1461,1749,PASS,finite_order_inverse
inverse:M:1753,M,M^6,1753,731,1753,PASS,finite_order_inverse
inverse:M:1763,M,M^6,1763,2929,1763,PASS,finite_order_inverse
inverse:M:1765,M,M^6,1765,1465,1765,PASS,finite_order_inverse
inverse:M:1769,M,M^6,1769,733,1769,PASS,finite_order_inverse
inverse:M:1777,M,M^6,1777,367,1777,PASS,finite_order_inverse
inverse:M:1807,M,M^6,1807,2951,1807,PASS,finite_order_inverse
inverse:M:1815,M,M^6,1815,2955,1815,PASS,finite_order_inverse
inverse:M:1819,M,M^6,1819,2957,1819,PASS,finite_order_inverse
inverse:M:1821,M,M^6,1821,1479,1821,PASS,finite_order_inverse
inverse:M:1831,M,M^6,1831,2963,1831,PASS,finite_order_inverse
inverse:M:1835,M,M^6,1835,2965,1835,PASS,finite_order_inverse
inverse:M:1837,M,M^6,1837,1483,1837,PASS,finite_order_inverse
inverse:M:1843,M,M^6,1843,2969,1843,PASS,finite_order_inverse
inverse:M:1845,M,M^6,1845,1485,1845,PASS,finite_order_inverse
inverse:M:1849,M,M^6,1849,743,1849,PASS,finite_order_inverse
inverse:M:1863,M,M^6,1863,2979,1863,PASS,finite_order_inverse
inverse:M:1867,M,M^6,1867,2981,1867,PASS,finite_order_inverse
inverse:M:1869,M,M^6,1869,1491,1869,PASS,finite_order_inverse
inverse:M:1875,M,M^6,1875,2985,1875,PASS,finite_order_inverse
inverse:M:1877,M,M^6,1877,1493,1877,PASS,finite_order_inverse
inverse:M:1881,M,M^6,1881,747,1881,PASS,finite_order_inverse
inverse:M:1891,M,M^6,1891,2993,1891,PASS,finite_order_inverse
inverse:M:1893,M,M^6,1893,1497,1893,PASS,finite_order_inverse
inverse:M:1897,M,M^6,1897,749,1897,PASS,finite_order_inverse
inverse:M:1905,M,M^6,1905,375,1905,PASS,finite_order_inverse
inverse:M:1927,M,M^6,1927,3011,1927,PASS,finite_order_inverse
inverse:M:1931,M,M^6,1931,3013,1931,PASS,finite_order_inverse
inverse:M:1933,M,M^6,1933,1507,1933,PASS,finite_order_inverse
inverse:M:1939,M,M^6,1939,3017,1939,PASS,finite_order_inverse
inverse:M:1941,M,M^6,1941,1509,1941,PASS,finite_order_inverse
inverse:M:1945,M,M^6,1945,755,1945,PASS,finite_order_inverse
inverse:M:1955,M,M^6,1955,3025,1955,PASS,finite_order_inverse
inverse:M:1957,M,M^6,1957,1513,1957,PASS,finite_order_inverse
inverse:M:1961,M,M^6,1961,757,1961,PASS,finite_order_inverse
inverse:M:1969,M,M^6,1969,379,1969,PASS,finite_order_inverse
inverse:M:1987,M,M^6,1987,3041,1987,PASS,finite_order_inverse
inverse:M:1989,M,M^6,1989,1521,1989,PASS,finite_order_inverse
inverse:M:1993,M,M^6,1993,761,1993,PASS,finite_order_inverse
inverse:M:2001,M,M^6,2001,381,2001,PASS,finite_order_inverse
inverse:M:2017,M,M^6,2017,191,2017,PASS,finite_order_inverse
inverse:M:2111,M,M^6,2111,3103,2111,PASS,finite_order_inverse
inverse:M:2143,M,M^6,2143,3119,2143,PASS,finite_order_inverse
inverse:M:2159,M,M^6,2159,3127,2159,PASS,finite_order_inverse
inverse:M:2167,M,M^6,2167,3131,2167,PASS,finite_order_inverse
inverse:M:2171,M,M^6,2171,3133,2171,PASS,finite_order_inverse
inverse:M:2173,M,M^6,2173,1567,2173,PASS,finite_order_inverse
inverse:M:2207,M,M^6,2207,3151,2207,PASS,finite_order_inverse
inverse:M:2223,M,M^6,2223,3159,2223,PASS,finite_order_inverse
inverse:M:2231,M,M^6,2231,3163,2231,PASS,finite_order_inverse
inverse:M:2235,M,M^6,2235,3165,2235,PASS,finite_order_inverse
inverse:M:2237,M,M^6,2237,1583,2237,PASS,finite_order_inverse
inverse:M:2255,M,M^6,2255,3175,2255,PASS,finite_order_inverse
inverse:M:2263,M,M^6,2263,3179,2263,PASS,finite_order_inverse
inverse:M:2267,M,M^6,2267,3181,2267,PASS,finite_order_inverse
inverse:M:2269,M,M^6,2269,1591,2269,PASS,finite_order_inverse
inverse:M:2279,M,M^6,2279,3187,2279,PASS,finite_order_inverse
inverse:M:2283,M,M^6,2283,3189,2283,PASS,finite_order_inverse
inverse:M:2285,M,M^6,2285,1595,2285,PASS,finite_order_inverse
inverse:M:2291,M,M^6,2291,3193,2291,PASS,finite_order_inverse
inverse:M:2293,M,M^6,2293,1597,2293,PASS,finite_order_inverse
inverse:M:2297,M,M^6,2297,799,2297,PASS,finite_order_inverse
inverse:M:2335,M,M^6,2335,3215,2335,PASS,finite_order_inverse
inverse:M:2351,M,M^6,2351,3223,2351,PASS,finite_order_inverse
inverse:M:2359,M,M^6,2359,3227,2359,PASS,finite_order_inverse
inverse:M:2363,M,M^6,2363,3229,2363,PASS,finite_order_inverse
inverse:M:2365,M,M^6,2365,1615,2365,PASS,finite_order_inverse
inverse:M:2383,M,M^6,2383,3239,2383,PASS,finite_order_inverse
inverse:M:2391,M,M^6,2391,3243,2391,PASS,finite_order_inverse
inverse:M:2395,M,M^6,2395,3245,2395,PASS,finite_order_inverse
inverse:M:2397,M,M^6,2397,1623,2397,PASS,finite_order_inverse
inverse:M:2407,M,M^6,2407,3251,2407,PASS,finite_order_inverse
inverse:M:2411,M,M^6,2411,3253,2411,PASS,finite_order_inverse
inverse:M:2413,M,M^6,2413,1627,2413,PASS,finite_order_inverse
inverse:M:2419,M,M^6,2419,3257,2419,PASS,finite_order_inverse
inverse:M:2421,M,M^6,2421,1629,2421,PASS,finite_order_inverse
inverse:M:2425,M,M^6,2425,815,2425,PASS,finite_order_inverse
inverse:M:2447,M,M^6,2447,3271,2447,PASS,finite_order_inverse
inverse:M:2455,M,M^6,2455,3275,2455,PASS,finite_order_inverse
inverse:M:2459,M,M^6,2459,3277,2459,PASS,finite_order_inverse
inverse:M:2461,M,M^6,2461,1639,2461,PASS,finite_order_inverse
inverse:M:2471,M,M^6,2471,3283,2471,PASS,finite_order_inverse
inverse:M:2475,M,M^6,2475,3285,2475,PASS,finite_order_inverse
inverse:M:2477,M,M^6,2477,1643,2477,PASS,finite_order_inverse
inverse:M:2483,M,M^6,2483,3289,2483,PASS,finite_order_inverse
inverse:M:2485,M,M^6,2485,1645,2485,PASS,finite_order_inverse
inverse:M:2489,M,M^6,2489,823,2489,PASS,finite_order_inverse
inverse:M:2503,M,M^6,2503,3299,2503,PASS,finite_order_inverse
inverse:M:2507,M,M^6,2507,3301,2507,PASS,finite_order_inverse
inverse:M:2509,M,M^6,2509,1651,2509,PASS,finite_order_inverse
inverse:M:2515,M,M^6,2515,3305,2515,PASS,finite_order_inverse
inverse:M:2517,M,M^6,2517,1653,2517,PASS,finite_order_inverse
inverse:M:2521,M,M^6,2521,827,2521,PASS,finite_order_inverse
inverse:M:2531,M,M^6,2531,3313,2531,PASS,finite_order_inverse
inverse:M:2533,M,M^6,2533,1657,2533,PASS,finite_order_inverse
inverse:M:2537,M,M^6,2537,829,2537,PASS,finite_order_inverse
inverse:M:2545,M,M^6,2545,415,2545,PASS,finite_order_inverse
inverse:M:2591,M,M^6,2591,3343,2591,PASS,finite_order_inverse
inverse:M:2607,M,M^6,2607,3351,2607,PASS,finite_order_inverse
inverse:M:2615,M,M^6,2615,3355,2615,PASS,finite_order_inverse
inverse:M:2619,M,M^6,2619,3357,2619,PASS,finite_order_inverse
inverse:M:2621,M,M^6,2621,1679,2621,PASS,finite_order_inverse
inverse:M:2639,M,M^6,2639,3367,2639,PASS,finite_order_inverse
inverse:M:2647,M,M^6,2647,3371,2647,PASS,finite_order_inverse
inverse:M:2651,M,M^6,2651,3373,2651,PASS,finite_order_inverse
inverse:M:2653,M,M^6,2653,1687,2653,PASS,finite_order_inverse
inverse:M:2663,M,M^6,2663,3379,2663,PASS,finite_order_inverse
inverse:M:2667,M,M^6,2667,3381,2667,PASS,finite_order_inverse
inverse:M:2669,M,M^6,2669,1691,2669,PASS,finite_order_inverse
inverse:M:2675,M,M^6,2675,3385,2675,PASS,finite_order_inverse
inverse:M:2677,M,M^6,2677,1693,2677,PASS,finite_order_inverse
inverse:M:2681,M,M^6,2681,847,2681,PASS,finite_order_inverse
inverse:M:2703,M,M^6,2703,3399,2703,PASS,finite_order_inverse
inverse:M:2711,M,M^6,2711,3403,2711,PASS,finite_order_inverse
inverse:M:2715,M,M^6,2715,3405,2715,PASS,finite_order_inverse
inverse:M:2717,M,M^6,2717,1703,2717,PASS,finite_order_inverse
inverse:M:2727,M,M^6,2727,3411,2727,PASS,finite_order_inverse
inverse:M:2731,M,M^6,2731,3413,2731,PASS,finite_order_inverse
inverse:M:2733,M,M^6,2733,1707,2733,PASS,finite_order_inverse
inverse:M:2739,M,M^6,2739,3417,2739,PASS,finite_order_inverse
inverse:M:2741,M,M^6,2741,1709,2741,PASS,finite_order_inverse
inverse:M:2745,M,M^6,2745,855,2745,PASS,finite_order_inverse
inverse:M:2759,M,M^6,2759,3427,2759,PASS,finite_order_inverse
inverse:M:2763,M,M^6,2763,3429,2763,PASS,finite_order_inverse
inverse:M:2765,M,M^6,2765,1715,2765,PASS,finite_order_inverse
inverse:M:2771,M,M^6,2771,3433,2771,PASS,finite_order_inverse
inverse:M:2773,M,M^6,2773,1717,2773,PASS,finite_order_inverse
inverse:M:2777,M,M^6,2777,859,2777,PASS,finite_order_inverse
inverse:M:2787,M,M^6,2787,3441,2787,PASS,finite_order_inverse
inverse:M:2789,M,M^6,2789,1721,2789,PASS,finite_order_inverse
inverse:M:2793,M,M^6,2793,861,2793,PASS,finite_order_inverse
inverse:M:2801,M,M^6,2801,431,2801,PASS,finite_order_inverse
inverse:M:2831,M,M^6,2831,3463,2831,PASS,finite_order_inverse
inverse:M:2839,M,M^6,2839,3467,2839,PASS,finite_order_inverse
inverse:M:2843,M,M^6,2843,3469,2843,PASS,finite_order_inverse
inverse:M:2845,M,M^6,2845,1735,2845,PASS,finite_order_inverse
inverse:M:2855,M,M^6,2855,3475,2855,PASS,finite_order_inverse
inverse:M:2859,M,M^6,2859,3477,2859,PASS,finite_order_inverse
inverse:M:2861,M,M^6,2861,1739,2861,PASS,finite_order_inverse
inverse:M:2867,M,M^6,2867,3481,2867,PASS,finite_order_inverse
inverse:M:2869,M,M^6,2869,1741,2869,PASS,finite_order_inverse
inverse:M:2873,M,M^6,2873,871,2873,PASS,finite_order_inverse
inverse:M:2887,M,M^6,2887,3491,2887,PASS,finite_order_inverse
inverse:M:2891,M,M^6,2891,3493,2891,PASS,finite_order_inverse
inverse:M:2893,M,M^6,2893,1747,2893,PASS,finite_order_inverse
inverse:M:2899,M,M^6,2899,3497,2899,PASS,finite_order_inverse
inverse:M:2901,M,M^6,2901,1749,2901,PASS,finite_order_inverse
inverse:M:2905,M,M^6,2905,875,2905,PASS,finite_order_inverse
inverse:M:2915,M,M^6,2915,3505,2915,PASS,finite_order_inverse
inverse:M:2917,M,M^6,2917,1753,2917,PASS,finite_order_inverse
inverse:M:2921,M,M^6,2921,877,2921,PASS,finite_order_inverse
inverse:M:2929,M,M^6,2929,439,2929,PASS,finite_order_inverse
inverse:M:2951,M,M^6,2951,3523,2951,PASS,finite_order_inverse
inverse:M:2955,M,M^6,2955,3525,2955,PASS,finite_order_inverse
inverse:M:2957,M,M^6,2957,1763,2957,PASS,finite_order_inverse
inverse:M:2963,M,M^6,2963,3529,2963,PASS,finite_order_inverse
inverse:M:2965,M,M^6,2965,1765,2965,PASS,finite_order_inverse
inverse:M:2969,M,M^6,2969,883,2969,PASS,finite_order_inverse
inverse:M:2979,M,M^6,2979,3537,2979,PASS,finite_order_inverse
inverse:M:2981,M,M^6,2981,1769,2981,PASS,finite_order_inverse
inverse:M:2985,M,M^6,2985,885,2985,PASS,finite_order_inverse
inverse:M:2993,M,M^6,2993,443,2993,PASS,finite_order_inverse
inverse:M:3011,M,M^6,3011,3553,3011,PASS,finite_order_inverse
inverse:M:3013,M,M^6,3013,1777,3013,PASS,finite_order_inverse
inverse:M:3017,M,M^6,3017,889,3017,PASS,finite_order_inverse
inverse:M:3025,M,M^6,3025,445,3025,PASS,finite_order_inverse
inverse:M:3041,M,M^6,3041,223,3041,PASS,finite_order_inverse
inverse:M:3103,M,M^6,3103,3599,3103,PASS,finite_order_inverse
inverse:M:3119,M,M^6,3119,3607,3119,PASS,finite_order_inverse
inverse:M:3127,M,M^6,3127,3611,3127,PASS,finite_order_inverse
inverse:M:3131,M,M^6,3131,3613,3131,PASS,finite_order_inverse
inverse:M:3133,M,M^6,3133,1807,3133,PASS,finite_order_inverse
inverse:M:3151,M,M^6,3151,3623,3151,PASS,finite_order_inverse
inverse:M:3159,M,M^6,3159,3627,3159,PASS,finite_order_inverse
inverse:M:3163,M,M^6,3163,3629,3163,PASS,finite_order_inverse
inverse:M:3165,M,M^6,3165,1815,3165,PASS,finite_order_inverse
inverse:M:3175,M,M^6,3175,3635,3175,PASS,finite_order_inverse
inverse:M:3179,M,M^6,3179,3637,3179,PASS,finite_order_inverse
inverse:M:3181,M,M^6,3181,1819,3181,PASS,finite_order_inverse
inverse:M:3187,M,M^6,3187,3641,3187,PASS,finite_order_inverse
inverse:M:3189,M,M^6,3189,1821,3189,PASS,finite_order_inverse
inverse:M:3193,M,M^6,3193,911,3193,PASS,finite_order_inverse
inverse:M:3215,M,M^6,3215,3655,3215,PASS,finite_order_inverse
inverse:M:3223,M,M^6,3223,3659,3223,PASS,finite_order_inverse
inverse:M:3227,M,M^6,3227,3661,3227,PASS,finite_order_inverse
inverse:M:3229,M,M^6,3229,1831,3229,PASS,finite_order_inverse
inverse:M:3239,M,M^6,3239,3667,3239,PASS,finite_order_inverse
inverse:M:3243,M,M^6,3243,3669,3243,PASS,finite_order_inverse
inverse:M:3245,M,M^6,3245,1835,3245,PASS,finite_order_inverse
inverse:M:3251,M,M^6,3251,3673,3251,PASS,finite_order_inverse
inverse:M:3253,M,M^6,3253,1837,3253,PASS,finite_order_inverse
inverse:M:3257,M,M^6,3257,919,3257,PASS,finite_order_inverse
inverse:M:3271,M,M^6,3271,3683,3271,PASS,finite_order_inverse
inverse:M:3275,M,M^6,3275,3685,3275,PASS,finite_order_inverse
inverse:M:3277,M,M^6,3277,1843,3277,PASS,finite_order_inverse
inverse:M:3283,M,M^6,3283,3689,3283,PASS,finite_order_inverse
inverse:M:3285,M,M^6,3285,1845,3285,PASS,finite_order_inverse
inverse:M:3289,M,M^6,3289,923,3289,PASS,finite_order_inverse
inverse:M:3299,M,M^6,3299,3697,3299,PASS,finite_order_inverse
inverse:M:3301,M,M^6,3301,1849,3301,PASS,finite_order_inverse
inverse:M:3305,M,M^6,3305,925,3305,PASS,finite_order_inverse
inverse:M:3313,M,M^6,3313,463,3313,PASS,finite_order_inverse
inverse:M:3343,M,M^6,3343,3719,3343,PASS,finite_order_inverse
inverse:M:3351,M,M^6,3351,3723,3351,PASS,finite_order_inverse
inverse:M:3355,M,M^6,3355,3725,3355,PASS,finite_order_inverse
inverse:M:3357,M,M^6,3357,1863,3357,PASS,finite_order_inverse
inverse:M:3367,M,M^6,3367,3731,3367,PASS,finite_order_inverse
inverse:M:3371,M,M^6,3371,3733,3371,PASS,finite_order_inverse
inverse:M:3373,M,M^6,3373,1867,3373,PASS,finite_order_inverse
inverse:M:3379,M,M^6,3379,3737,3379,PASS,finite_order_inverse
inverse:M:3381,M,M^6,3381,1869,3381,PASS,finite_order_inverse
inverse:M:3385,M,M^6,3385,935,3385,PASS,finite_order_inverse
inverse:M:3399,M,M^6,3399,3747,3399,PASS,finite_order_inverse
inverse:M:3403,M,M^6,3403,3749,3403,PASS,finite_order_inverse
inverse:M:3405,M,M^6,3405,1875,3405,PASS,finite_order_inverse
inverse:M:3411,M,M^6,3411,3753,3411,PASS,finite_order_inverse
inverse:M:3413,M,M^6,3413,1877,3413,PASS,finite_order_inverse
inverse:M:3417,M,M^6,3417,939,3417,PASS,finite_order_inverse
inverse:M:3427,M,M^6,3427,3761,3427,PASS,finite_order_inverse
inverse:M:3429,M,M^6,3429,1881,3429,PASS,finite_order_inverse
inverse:M:3433,M,M^6,3433,941,3433,PASS,finite_order_inverse
inverse:M:3441,M,M^6,3441,471,3441,PASS,finite_order_inverse
inverse:M:3463,M,M^6,3463,3779,3463,PASS,finite_order_inverse
inverse:M:3467,M,M^6,3467,3781,3467,PASS,finite_order_inverse
inverse:M:3469,M,M^6,3469,1891,3469,PASS,finite_order_inverse
inverse:M:3475,M,M^6,3475,3785,3475,PASS,finite_order_inverse
inverse:M:3477,M,M^6,3477,1893,3477,PASS,finite_order_inverse
inverse:M:3481,M,M^6,3481,947,3481,PASS,finite_order_inverse
inverse:M:3491,M,M^6,3491,3793,3491,PASS,finite_order_inverse
inverse:M:3493,M,M^6,3493,1897,3493,PASS,finite_order_inverse
inverse:M:3497,M,M^6,3497,949,3497,PASS,finite_order_inverse
inverse:M:3505,M,M^6,3505,475,3505,PASS,finite_order_inverse
inverse:M:3523,M,M^6,3523,3809,3523,PASS,finite_order_inverse
inverse:M:3525,M,M^6,3525,1905,3525,PASS,finite_order_inverse
inverse:M:3529,M,M^6,3529,953,3529,PASS,finite_order_inverse
inverse:M:3537,M,M^6,3537,477,3537,PASS,finite_order_inverse
inverse:M:3553,M,M^6,3553,239,3553,PASS,finite_order_inverse
inverse:M:3599,M,M^6,3599,3847,3599,PASS,finite_order_inverse
inverse:M:3607,M,M^6,3607,3851,3607,PASS,finite_order_inverse
inverse:M:3611,M,M^6,3611,3853,3611,PASS,finite_order_inverse
inverse:M:3613,M,M^6,3613,1927,3613,PASS,finite_order_inverse
inverse:M:3623,M,M^6,3623,3859,3623,PASS,finite_order_inverse
inverse:M:3627,M,M^6,3627,3861,3627,PASS,finite_order_inverse
inverse:M:3629,M,M^6,3629,1931,3629,PASS,finite_order_inverse
inverse:M:3635,M,M^6,3635,3865,3635,PASS,finite_order_inverse
inverse:M:3637,M,M^6,3637,1933,3637,PASS,finite_order_inverse
inverse:M:3641,M,M^6,3641,967,3641,PASS,finite_order_inverse
inverse:M:3655,M,M^6,3655,3875,3655,PASS,finite_order_inverse
inverse:M:3659,M,M^6,3659,3877,3659,PASS,finite_order_inverse
inverse:M:3661,M,M^6,3661,1939,3661,PASS,finite_order_inverse
inverse:M:3667,M,M^6,3667,3881,3667,PASS,finite_order_inverse
inverse:M:3669,M,M^6,3669,1941,3669,PASS,finite_order_inverse
inverse:M:3673,M,M^6,3673,971,3673,PASS,finite_order_inverse
inverse:M:3683,M,M^6,3683,3889,3683,PASS,finite_order_inverse
inverse:M:3685,M,M^6,3685,1945,3685,PASS,finite_order_inverse
inverse:M:3689,M,M^6,3689,973,3689,PASS,finite_order_inverse
inverse:M:3697,M,M^6,3697,487,3697,PASS,finite_order_inverse
inverse:M:3719,M,M^6,3719,3907,3719,PASS,finite_order_inverse
inverse:M:3723,M,M^6,3723,3909,3723,PASS,finite_order_inverse
inverse:M:3725,M,M^6,3725,1955,3725,PASS,finite_order_inverse
inverse:M:3731,M,M^6,3731,3913,3731,PASS,finite_order_inverse
inverse:M:3733,M,M^6,3733,1957,3733,PASS,finite_order_inverse
inverse:M:3737,M,M^6,3737,979,3737,PASS,finite_order_inverse
inverse:M:3747,M,M^6,3747,3921,3747,PASS,finite_order_inverse
inverse:M:3749,M,M^6,3749,1961,3749,PASS,finite_order_inverse
inverse:M:3753,M,M^6,3753,981,3753,PASS,finite_order_inverse
inverse:M:3761,M,M^6,3761,491,3761,PASS,finite_order_inverse
inverse:M:3779,M,M^6,3779,3937,3779,PASS,finite_order_inverse
inverse:M:3781,M,M^6,3781,1969,3781,PASS,finite_order_inverse
inverse:M:3785,M,M^6,3785,985,3785,PASS,finite_order_inverse
inverse:M:3793,M,M^6,3793,493,3793,PASS,finite_order_inverse
inverse:M:3809,M,M^6,3809,247,3809,PASS,finite_order_inverse
inverse:M:3847,M,M^6,3847,3971,3847,PASS,finite_order_inverse
inverse:M:3851,M,M^6,3851,3973,3851,PASS,finite_order_inverse
inverse:M:3853,M,M^6,3853,1987,3853,PASS,finite_order_inverse
inverse:M:3859,M,M^6,3859,3977,3859,PASS,finite_order_inverse
inverse:M:3861,M,M^6,3861,1989,3861,PASS,finite_order_inverse
inverse:M:3865,M,M^6,3865,995,3865,PASS,finite_order_inverse
inverse:M:3875,M,M^6,3875,3985,3875,PASS,finite_order_inverse
inverse:M:3877,M,M^6,3877,1993,3877,PASS,finite_order_inverse
inverse:M:3881,M,M^6,3881,997,3881,PASS,finite_order_inverse
inverse:M:3889,M,M^6,3889,499,3889,PASS,finite_order_inverse
inverse:M:3907,M,M^6,3907,4001,3907,PASS,finite_order_inverse
inverse:M:3909,M,M^6,3909,2001,3909,PASS,finite_order_inverse
inverse:M:3913,M,M^6,3913,1001,3913,PASS,finite_order_inverse
inverse:M:3921,M,M^6,3921,501,3921,PASS,finite_order_inverse
inverse:M:3937,M,M^6,3937,251,3937,PASS,finite_order_inverse
inverse:M:3971,M,M^6,3971,4033,3971,PASS,finite_order_inverse
inverse:M:3973,M,M^6,3973,2017,3973,PASS,finite_order_inverse
inverse:M:3977,M,M^6,3977,1009,3977,PASS,finite_order_inverse
inverse:M:3985,M,M^6,3985,505,3985,PASS,finite_order_inverse
inverse:M:4001,M,M^6,4001,253,4001,PASS,finite_order_inverse
inverse:M:4033,M,M^6,4033,127,4033,PASS,finite_order_inverse
inverse:R1:253,R1,L1,253,127,253,PASS,partial_inverse
inverse:R1:381,R1,L1,381,191,381,PASS,partial_inverse
inverse:R1:445,R1,L1,445,223,445,PASS,partial_inverse
inverse:R1:477,R1,L1,477,239,477,PASS,partial_inverse
inverse:R1:493,R1,L1,493,247,493,PASS,partial_inverse
inverse:R1:501,R1,L1,501,251,501,PASS,partial_inverse
inverse:R1:505,R1,L1,505,253,505,PASS,partial_inverse
inverse:R1:637,R1,L1,637,319,637,PASS,partial_inverse
inverse:R1:701,R1,L1,701,351,701,PASS,partial_inverse
inverse:R1:733,R1,L1,733,367,733,PASS,partial_inverse
inverse:R1:749,R1,L1,749,375,749,PASS,partial_inverse
inverse:R1:757,R1,L1,757,379,757,PASS,partial_inverse
inverse:R1:761,R1,L1,761,381,761,PASS,partial_inverse
inverse:R1:829,R1,L1,829,415,829,PASS,partial_inverse
inverse:R1:861,R1,L1,861,431,861,PASS,partial_inverse
inverse:R1:877,R1,L1,877,439,877,PASS,partial_inverse
inverse:R1:885,R1,L1,885,443,885,PASS,partial_inverse
inverse:R1:889,R1,L1,889,445,889,PASS,partial_inverse
inverse:R1:925,R1,L1,925,463,925,PASS,partial_inverse
inverse:R1:941,R1,L1,941,471,941,PASS,partial_inverse
inverse:R1:949,R1,L1,949,475,949,PASS,partial_inverse
inverse:R1:953,R1,L1,953,477,953,PASS,partial_inverse
inverse:R1:973,R1,L1,973,487,973,PASS,partial_inverse
inverse:R1:981,R1,L1,981,491,981,PASS,partial_inverse
inverse:R1:985,R1,L1,985,493,985,PASS,partial_inverse
inverse:R1:997,R1,L1,997,499,997,PASS,partial_inverse
inverse:R1:1001,R1,L1,1001,501,1001,PASS,partial_inverse
inverse:R1:1009,R1,L1,1009,505,1009,PASS,partial_inverse
inverse:R1:1149,R1,L1,1149,575,1149,PASS,partial_inverse
inverse:R1:1213,R1,L1,1213,607,1213,PASS,partial_inverse
inverse:R1:1245,R1,L1,1245,623,1245,PASS,partial_inverse
inverse:R1:1261,R1,L1,1261,631,1261,PASS,partial_inverse
inverse:R1:1269,R1,L1,1269,635,1269,PASS,partial_inverse
inverse:R1:1273,R1,L1,1273,637,1273,PASS,partial_inverse
inverse:R1:1341,R1,L1,1341,671,1341,PASS,partial_inverse
inverse:R1:1373,R1,L1,1373,687,1373,PASS,partial_inverse
inverse:R1:1389,R1,L1,1389,695,1389,PASS,partial_inverse
inverse:R1:1397,R1,L1,1397,699,1397,PASS,partial_inverse
inverse:R1:1401,R1,L1,1401,701,1401,PASS,partial_inverse
inverse:R1:1437,R1,L1,1437,719,1437,PASS,partial_inverse
inverse:R1:1453,R1,L1,1453,727,1453,PASS,partial_inverse
inverse:R1:1461,R1,L1,1461,731,1461,PASS,partial_inverse
inverse:R1:1465,R1,L1,1465,733,1465,PASS,partial_inverse
inverse:R1:1485,R1,L1,1485,743,1485,PASS,partial_inverse
inverse:R1:1493,R1,L1,1493,747,1493,PASS,partial_inverse
inverse:R1:1497,R1,L1,1497,749,1497,PASS,partial_inverse
inverse:R1:1509,R1,L1,1509,755,1509,PASS,partial_inverse
inverse:R1:1513,R1,L1,1513,757,1513,PASS,partial_inverse
inverse:R1:1521,R1,L1,1521,761,1521,PASS,partial_inverse
inverse:R1:1597,R1,L1,1597,799,1597,PASS,partial_inverse
inverse:R1:1629,R1,L1,1629,815,1629,PASS,partial_inverse
inverse:R1:1645,R1,L1,1645,823,1645,PASS,partial_inverse
inverse:R1:1653,R1,L1,1653,827,1653,PASS,partial_inverse
inverse:R1:1657,R1,L1,1657,829,1657,PASS,partial_inverse
inverse:R1:1693,R1,L1,1693,847,1693,PASS,partial_inverse
inverse:R1:1709,R1,L1,1709,855,1709,PASS,partial_inverse
inverse:R1:1717,R1,L1,1717,859,1717,PASS,partial_inverse
inverse:R1:1721,R1,L1,1721,861,1721,PASS,partial_inverse
inverse:R1:1741,R1,L1,1741,871,1741,PASS,partial_inverse
inverse:R1:1749,R1,L1,1749,875,1749,PASS,partial_inverse
inverse:R1:1753,R1,L1,1753,877,1753,PASS,partial_inverse
inverse:R1:1765,R1,L1,1765,883,1765,PASS,partial_inverse
inverse:R1:1769,R1,L1,1769,885,1769,PASS,partial_inverse
inverse:R1:1777,R1,L1,1777,889,1777,PASS,partial_inverse
inverse:R1:1821,R1,L1,1821,911,1821,PASS,partial_inverse
inverse:R1:1837,R1,L1,1837,919,1837,PASS,partial_inverse
inverse:R1:1845,R1,L1,1845,923,1845,PASS,partial_inverse
inverse:R1:1849,R1,L1,1849,925,1849,PASS,partial_inverse
inverse:R1:1869,R1,L1,1869,935,1869,PASS,partial_inverse
inverse:R1:1877,R1,L1,1877,939,1877,PASS,partial_inverse
inverse:R1:1881,R1,L1,1881,941,1881,PASS,partial_inverse
inverse:R1:1893,R1,L1,1893,947,1893,PASS,partial_inverse
inverse:R1:1897,R1,L1,1897,949,1897,PASS,partial_inverse
inverse:R1:1905,R1,L1,1905,953,1905,PASS,partial_inverse
inverse:R1:1933,R1,L1,1933,967,1933,PASS,partial_inverse
inverse:R1:1941,R1,L1,1941,971,1941,PASS,partial_inverse
inverse:R1:1945,R1,L1,1945,973,1945,PASS,partial_inverse
inverse:R1:1957,R1,L1,1957,979,1957,PASS,partial_inverse
inverse:R1:1961,R1,L1,1961,981,1961,PASS,partial_inverse
inverse:R1:1969,R1,L1,1969,985,1969,PASS,partial_inverse
inverse:R1:1989,R1,L1,1989,995,1989,PASS,partial_inverse
inverse:R1:1993,R1,L1,1993,997,1993,PASS,partial_inverse
inverse:R1:2001,R1,L1,2001,1001,2001,PASS,partial_inverse
inverse:R1:2017,R1,L1,2017,1009,2017,PASS,partial_inverse
inverse:R1:2173,R1,L1,2173,1087,2173,PASS,partial_inverse
inverse:R1:2237,R1,L1,2237,1119,2237,PASS,partial_inverse
inverse:R1:2269,R1,L1,2269,1135,2269,PASS,partial_inverse
inverse:R1:2285,R1,L1,2285,1143,2285,PASS,partial_inverse
inverse:R1:2293,R1,L1,2293,1147,2293,PASS,partial_inverse
inverse:R1:2297,R1,L1,2297,1149,2297,PASS,partial_inverse
inverse:R1:2365,R1,L1,2365,1183,2365,PASS,partial_inverse
inverse:R1:2397,R1,L1,2397,1199,2397,PASS,partial_inverse
inverse:R1:2413,R1,L1,2413,1207,2413,PASS,partial_inverse
inverse:R1:2421,R1,L1,2421,1211,2421,PASS,partial_inverse
inverse:R1:2425,R1,L1,2425,1213,2425,PASS,partial_inverse
inverse:R1:2461,R1,L1,2461,1231,2461,PASS,partial_inverse
inverse:R1:2477,R1,L1,2477,1239,2477,PASS,partial_inverse
inverse:R1:2485,R1,L1,2485,1243,2485,PASS,partial_inverse
inverse:R1:2489,R1,L1,2489,1245,2489,PASS,partial_inverse
inverse:R1:2509,R1,L1,2509,1255,2509,PASS,partial_inverse
inverse:R1:2517,R1,L1,2517,1259,2517,PASS,partial_inverse
inverse:R1:2521,R1,L1,2521,1261,2521,PASS,partial_inverse
inverse:R1:2533,R1,L1,2533,1267,2533,PASS,partial_inverse
inverse:R1:2537,R1,L1,2537,1269,2537,PASS,partial_inverse
inverse:R1:2545,R1,L1,2545,1273,2545,PASS,partial_inverse
inverse:R1:2621,R1,L1,2621,1311,2621,PASS,partial_inverse
inverse:R1:2653,R1,L1,2653,1327,2653,PASS,partial_inverse
inverse:R1:2669,R1,L1,2669,1335,2669,PASS,partial_inverse
inverse:R1:2677,R1,L1,2677,1339,2677,PASS,partial_inverse
inverse:R1:2681,R1,L1,2681,1341,2681,PASS,partial_inverse
inverse:R1:2717,R1,L1,2717,1359,2717,PASS,partial_inverse
inverse:R1:2733,R1,L1,2733,1367,2733,PASS,partial_inverse
inverse:R1:2741,R1,L1,2741,1371,2741,PASS,partial_inverse
inverse:R1:2745,R1,L1,2745,1373,2745,PASS,partial_inverse
inverse:R1:2765,R1,L1,2765,1383,2765,PASS,partial_inverse
inverse:R1:2773,R1,L1,2773,1387,2773,PASS,partial_inverse
inverse:R1:2777,R1,L1,2777,1389,2777,PASS,partial_inverse
inverse:R1:2789,R1,L1,2789,1395,2789,PASS,partial_inverse
inverse:R1:2793,R1,L1,2793,1397,2793,PASS,partial_inverse
inverse:R1:2801,R1,L1,2801,1401,2801,PASS,partial_inverse
inverse:R1:2845,R1,L1,2845,1423,2845,PASS,partial_inverse
inverse:R1:2861,R1,L1,2861,1431,2861,PASS,partial_inverse
inverse:R1:2869,R1,L1,2869,1435,2869,PASS,partial_inverse
inverse:R1:2873,R1,L1,2873,1437,2873,PASS,partial_inverse
inverse:R1:2893,R1,L1,2893,1447,2893,PASS,partial_inverse
inverse:R1:2901,R1,L1,2901,1451,2901,PASS,partial_inverse
inverse:R1:2905,R1,L1,2905,1453,2905,PASS,partial_inverse
inverse:R1:2917,R1,L1,2917,1459,2917,PASS,partial_inverse
inverse:R1:2921,R1,L1,2921,1461,2921,PASS,partial_inverse
inverse:R1:2929,R1,L1,2929,1465,2929,PASS,partial_inverse
inverse:R1:2957,R1,L1,2957,1479,2957,PASS,partial_inverse
inverse:R1:2965,R1,L1,2965,1483,2965,PASS,partial_inverse
inverse:R1:2969,R1,L1,2969,1485,2969,PASS,partial_inverse
inverse:R1:2981,R1,L1,2981,1491,2981,PASS,partial_inverse
inverse:R1:2985,R1,L1,2985,1493,2985,PASS,partial_inverse
inverse:R1:2993,R1,L1,2993,1497,2993,PASS,partial_inverse
inverse:R1:3013,R1,L1,3013,1507,3013,PASS,partial_inverse
inverse:R1:3017,R1,L1,3017,1509,3017,PASS,partial_inverse
inverse:R1:3025,R1,L1,3025,1513,3025,PASS,partial_inverse
inverse:R1:3041,R1,L1,3041,1521,3041,PASS,partial_inverse
inverse:R1:3133,R1,L1,3133,1567,3133,PASS,partial_inverse
inverse:R1:3165,R1,L1,3165,1583,3165,PASS,partial_inverse
inverse:R1:3181,R1,L1,3181,1591,3181,PASS,partial_inverse
inverse:R1:3189,R1,L1,3189,1595,3189,PASS,partial_inverse
inverse:R1:3193,R1,L1,3193,1597,3193,PASS,partial_inverse
inverse:R1:3229,R1,L1,3229,1615,3229,PASS,partial_inverse
inverse:R1:3245,R1,L1,3245,1623,3245,PASS,partial_inverse
inverse:R1:3253,R1,L1,3253,1627,3253,PASS,partial_inverse
inverse:R1:3257,R1,L1,3257,1629,3257,PASS,partial_inverse
inverse:R1:3277,R1,L1,3277,1639,3277,PASS,partial_inverse
inverse:R1:3285,R1,L1,3285,1643,3285,PASS,partial_inverse
inverse:R1:3289,R1,L1,3289,1645,3289,PASS,partial_inverse
inverse:R1:3301,R1,L1,3301,1651,3301,PASS,partial_inverse
inverse:R1:3305,R1,L1,3305,1653,3305,PASS,partial_inverse
inverse:R1:3313,R1,L1,3313,1657,3313,PASS,partial_inverse
inverse:R1:3357,R1,L1,3357,1679,3357,PASS,partial_inverse
inverse:R1:3373,R1,L1,3373,1687,3373,PASS,partial_inverse
inverse:R1:3381,R1,L1,3381,1691,3381,PASS,partial_inverse
inverse:R1:3385,R1,L1,3385,1693,3385,PASS,partial_inverse
inverse:R1:3405,R1,L1,3405,1703,3405,PASS,partial_inverse
inverse:R1:3413,R1,L1,3413,1707,3413,PASS,partial_inverse
inverse:R1:3417,R1,L1,3417,1709,3417,PASS,partial_inverse
inverse:R1:3429,R1,L1,3429,1715,3429,PASS,partial_inverse
inverse:R1:3433,R1,L1,3433,1717,3433,PASS,partial_inverse
inverse:R1:3441,R1,L1,3441,1721,3441,PASS,partial_inverse
inverse:R1:3469,R1,L1,3469,1735,3469,PASS,partial_inverse
inverse:R1:3477,R1,L1,3477,1739,3477,PASS,partial_inverse
inverse:R1:3481,R1,L1,3481,1741,3481,PASS,partial_inverse
inverse:R1:3493,R1,L1,3493,1747,3493,PASS,partial_inverse
inverse:R1:3497,R1,L1,3497,1749,3497,PASS,partial_inverse
inverse:R1:3505,R1,L1,3505,1753,3505,PASS,partial_inverse
inverse:R1:3525,R1,L1,3525,1763,3525,PASS,partial_inverse
inverse:R1:3529,R1,L1,3529,1765,3529,PASS,partial_inverse
inverse:R1:3537,R1,L1,3537,1769,3537,PASS,partial_inverse
inverse:R1:3553,R1,L1,3553,1777,3553,PASS,partial_inverse
inverse:R1:3613,R1,L1,3613,1807,3613,PASS,partial_inverse
inverse:R1:3629,R1,L1,3629,1815,3629,PASS,partial_inverse
inverse:R1:3637,R1,L1,3637,1819,3637,PASS,partial_inverse
inverse:R1:3641,R1,L1,3641,1821,3641,PASS,partial_inverse
inverse:R1:3661,R1,L1,3661,1831,3661,PASS,partial_inverse
inverse:R1:3669,R1,L1,3669,1835,3669,PASS,partial_inverse
inverse:R1:3673,R1,L1,3673,1837,3673,PASS,partial_inverse
inverse:R1:3685,R1,L1,3685,1843,3685,PASS,partial_inverse
inverse:R1:3689,R1,L1,3689,1845,3689,PASS,partial_inverse
inverse:R1:3697,R1,L1,3697,1849,3697,PASS,partial_inverse
inverse:R1:3725,R1,L1,3725,1863,3725,PASS,partial_inverse
inverse:R1:3733,R1,L1,3733,1867,3733,PASS,partial_inverse
inverse:R1:3737,R1,L1,3737,1869,3737,PASS,partial_inverse
inverse:R1:3749,R1,L1,3749,1875,3749,PASS,partial_inverse
inverse:R1:3753,R1,L1,3753,1877,3753,PASS,partial_inverse
inverse:R1:3761,R1,L1,3761,1881,3761,PASS,partial_inverse
inverse:R1:3781,R1,L1,3781,1891,3781,PASS,partial_inverse
inverse:R1:3785,R1,L1,3785,1893,3785,PASS,partial_inverse
inverse:R1:3793,R1,L1,3793,1897,3793,PASS,partial_inverse
inverse:R1:3809,R1,L1,3809,1905,3809,PASS,partial_inverse
inverse:R1:3853,R1,L1,3853,1927,3853,PASS,partial_inverse
inverse:R1:3861,R1,L1,3861,1931,3861,PASS,partial_inverse
inverse:R1:3865,R1,L1,3865,1933,3865,PASS,partial_inverse
inverse:R1:3877,R1,L1,3877,1939,3877,PASS,partial_inverse
inverse:R1:3881,R1,L1,3881,1941,3881,PASS,partial_inverse
inverse:R1:3889,R1,L1,3889,1945,3889,PASS,partial_inverse
inverse:R1:3909,R1,L1,3909,1955,3909,PASS,partial_inverse
inverse:R1:3913,R1,L1,3913,1957,3913,PASS,partial_inverse
inverse:R1:3921,R1,L1,3921,1961,3921,PASS,partial_inverse
inverse:R1:3937,R1,L1,3937,1969,3937,PASS,partial_inverse
inverse:R1:3973,R1,L1,3973,1987,3973,PASS,partial_inverse
inverse:R1:3977,R1,L1,3977,1989,3977,PASS,partial_inverse
inverse:R1:3985,R1,L1,3985,1993,3985,PASS,partial_inverse
inverse:R1:4001,R1,L1,4001,2001,4001,PASS,partial_inverse
inverse:R1:4033,R1,L1,4033,2017,4033,PASS,partial_inverse
inverse:L1:127,L1,R1,127,253,127,PASS,partial_inverse
inverse:L1:191,L1,R1,191,381,191,PASS,partial_inverse
inverse:L1:223,L1,R1,223,445,223,PASS,partial_inverse
inverse:L1:239,L1,R1,239,477,239,PASS,partial_inverse
inverse:L1:247,L1,R1,247,493,247,PASS,partial_inverse
inverse:L1:251,L1,R1,251,501,251,PASS,partial_inverse
inverse:L1:253,L1,R1,253,505,253,PASS,partial_inverse
inverse:L1:319,L1,R1,319,637,319,PASS,partial_inverse
inverse:L1:351,L1,R1,351,701,351,PASS,partial_inverse
inverse:L1:367,L1,R1,367,733,367,PASS,partial_inverse
inverse:L1:375,L1,R1,375,749,375,PASS,partial_inverse
inverse:L1:379,L1,R1,379,757,379,PASS,partial_inverse
inverse:L1:381,L1,R1,381,761,381,PASS,partial_inverse
inverse:L1:415,L1,R1,415,829,415,PASS,partial_inverse
inverse:L1:431,L1,R1,431,861,431,PASS,partial_inverse
inverse:L1:439,L1,R1,439,877,439,PASS,partial_inverse
inverse:L1:443,L1,R1,443,885,443,PASS,partial_inverse
inverse:L1:445,L1,R1,445,889,445,PASS,partial_inverse
inverse:L1:463,L1,R1,463,925,463,PASS,partial_inverse
inverse:L1:471,L1,R1,471,941,471,PASS,partial_inverse
inverse:L1:475,L1,R1,475,949,475,PASS,partial_inverse
inverse:L1:477,L1,R1,477,953,477,PASS,partial_inverse
inverse:L1:487,L1,R1,487,973,487,PASS,partial_inverse
inverse:L1:491,L1,R1,491,981,491,PASS,partial_inverse
inverse:L1:493,L1,R1,493,985,493,PASS,partial_inverse
inverse:L1:499,L1,R1,499,997,499,PASS,partial_inverse
inverse:L1:501,L1,R1,501,1001,501,PASS,partial_inverse
inverse:L1:505,L1,R1,505,1009,505,PASS,partial_inverse
inverse:L1:575,L1,R1,575,1149,575,PASS,partial_inverse
inverse:L1:607,L1,R1,607,1213,607,PASS,partial_inverse
inverse:L1:623,L1,R1,623,1245,623,PASS,partial_inverse
inverse:L1:631,L1,R1,631,1261,631,PASS,partial_inverse
inverse:L1:635,L1,R1,635,1269,635,PASS,partial_inverse
inverse:L1:637,L1,R1,637,1273,637,PASS,partial_inverse
inverse:L1:671,L1,R1,671,1341,671,PASS,partial_inverse
inverse:L1:687,L1,R1,687,1373,687,PASS,partial_inverse
inverse:L1:695,L1,R1,695,1389,695,PASS,partial_inverse
inverse:L1:699,L1,R1,699,1397,699,PASS,partial_inverse
inverse:L1:701,L1,R1,701,1401,701,PASS,partial_inverse
inverse:L1:719,L1,R1,719,1437,719,PASS,partial_inverse
inverse:L1:727,L1,R1,727,1453,727,PASS,partial_inverse
inverse:L1:731,L1,R1,731,1461,731,PASS,partial_inverse
inverse:L1:733,L1,R1,733,1465,733,PASS,partial_inverse
inverse:L1:743,L1,R1,743,1485,743,PASS,partial_inverse
inverse:L1:747,L1,R1,747,1493,747,PASS,partial_inverse
inverse:L1:749,L1,R1,749,1497,749,PASS,partial_inverse
inverse:L1:755,L1,R1,755,1509,755,PASS,partial_inverse
inverse:L1:757,L1,R1,757,1513,757,PASS,partial_inverse
inverse:L1:761,L1,R1,761,1521,761,PASS,partial_inverse
inverse:L1:799,L1,R1,799,1597,799,PASS,partial_inverse
inverse:L1:815,L1,R1,815,1629,815,PASS,partial_inverse
inverse:L1:823,L1,R1,823,1645,823,PASS,partial_inverse
inverse:L1:827,L1,R1,827,1653,827,PASS,partial_inverse
inverse:L1:829,L1,R1,829,1657,829,PASS,partial_inverse
inverse:L1:847,L1,R1,847,1693,847,PASS,partial_inverse
inverse:L1:855,L1,R1,855,1709,855,PASS,partial_inverse
inverse:L1:859,L1,R1,859,1717,859,PASS,partial_inverse
inverse:L1:861,L1,R1,861,1721,861,PASS,partial_inverse
inverse:L1:871,L1,R1,871,1741,871,PASS,partial_inverse
inverse:L1:875,L1,R1,875,1749,875,PASS,partial_inverse
inverse:L1:877,L1,R1,877,1753,877,PASS,partial_inverse
inverse:L1:883,L1,R1,883,1765,883,PASS,partial_inverse
inverse:L1:885,L1,R1,885,1769,885,PASS,partial_inverse
inverse:L1:889,L1,R1,889,1777,889,PASS,partial_inverse
inverse:L1:911,L1,R1,911,1821,911,PASS,partial_inverse
inverse:L1:919,L1,R1,919,1837,919,PASS,partial_inverse
inverse:L1:923,L1,R1,923,1845,923,PASS,partial_inverse
inverse:L1:925,L1,R1,925,1849,925,PASS,partial_inverse
inverse:L1:935,L1,R1,935,1869,935,PASS,partial_inverse
inverse:L1:939,L1,R1,939,1877,939,PASS,partial_inverse
inverse:L1:941,L1,R1,941,1881,941,PASS,partial_inverse
inverse:L1:947,L1,R1,947,1893,947,PASS,partial_inverse
inverse:L1:949,L1,R1,949,1897,949,PASS,partial_inverse
inverse:L1:953,L1,R1,953,1905,953,PASS,partial_inverse
inverse:L1:967,L1,R1,967,1933,967,PASS,partial_inverse
inverse:L1:971,L1,R1,971,1941,971,PASS,partial_inverse
inverse:L1:973,L1,R1,973,1945,973,PASS,partial_inverse
inverse:L1:979,L1,R1,979,1957,979,PASS,partial_inverse
inverse:L1:981,L1,R1,981,1961,981,PASS,partial_inverse
inverse:L1:985,L1,R1,985,1969,985,PASS,partial_inverse
inverse:L1:995,L1,R1,995,1989,995,PASS,partial_inverse
inverse:L1:997,L1,R1,997,1993,997,PASS,partial_inverse
inverse:L1:1001,L1,R1,1001,2001,1001,PASS,partial_inverse
inverse:L1:1009,L1,R1,1009,2017,1009,PASS,partial_inverse
inverse:L1:1087,L1,R1,1087,2173,1087,PASS,partial_inverse
inverse:L1:1119,L1,R1,1119,2237,1119,PASS,partial_inverse
inverse:L1:1135,L1,R1,1135,2269,1135,PASS,partial_inverse
inverse:L1:1143,L1,R1,1143,2285,1143,PASS,partial_inverse
inverse:L1:1147,L1,R1,1147,2293,1147,PASS,partial_inverse
inverse:L1:1149,L1,R1,1149,2297,1149,PASS,partial_inverse
inverse:L1:1183,L1,R1,1183,2365,1183,PASS,partial_inverse
inverse:L1:1199,L1,R1,1199,2397,1199,PASS,partial_inverse
inverse:L1:1207,L1,R1,1207,2413,1207,PASS,partial_inverse
inverse:L1:1211,L1,R1,1211,2421,1211,PASS,partial_inverse
inverse:L1:1213,L1,R1,1213,2425,1213,PASS,partial_inverse
inverse:L1:1231,L1,R1,1231,2461,1231,PASS,partial_inverse
inverse:L1:1239,L1,R1,1239,2477,1239,PASS,partial_inverse
inverse:L1:1243,L1,R1,1243,2485,1243,PASS,partial_inverse
inverse:L1:1245,L1,R1,1245,2489,1245,PASS,partial_inverse
inverse:L1:1255,L1,R1,1255,2509,1255,PASS,partial_inverse
inverse:L1:1259,L1,R1,1259,2517,1259,PASS,partial_inverse
inverse:L1:1261,L1,R1,1261,2521,1261,PASS,partial_inverse
inverse:L1:1267,L1,R1,1267,2533,1267,PASS,partial_inverse
inverse:L1:1269,L1,R1,1269,2537,1269,PASS,partial_inverse
inverse:L1:1273,L1,R1,1273,2545,1273,PASS,partial_inverse
inverse:L1:1311,L1,R1,1311,2621,1311,PASS,partial_inverse
inverse:L1:1327,L1,R1,1327,2653,1327,PASS,partial_inverse
inverse:L1:1335,L1,R1,1335,2669,1335,PASS,partial_inverse
inverse:L1:1339,L1,R1,1339,2677,1339,PASS,partial_inverse
inverse:L1:1341,L1,R1,1341,2681,1341,PASS,partial_inverse
inverse:L1:1359,L1,R1,1359,2717,1359,PASS,partial_inverse
inverse:L1:1367,L1,R1,1367,2733,1367,PASS,partial_inverse
inverse:L1:1371,L1,R1,1371,2741,1371,PASS,partial_inverse
inverse:L1:1373,L1,R1,1373,2745,1373,PASS,partial_inverse
inverse:L1:1383,L1,R1,1383,2765,1383,PASS,partial_inverse
inverse:L1:1387,L1,R1,1387,2773,1387,PASS,partial_inverse
inverse:L1:1389,L1,R1,1389,2777,1389,PASS,partial_inverse
inverse:L1:1395,L1,R1,1395,2789,1395,PASS,partial_inverse
inverse:L1:1397,L1,R1,1397,2793,1397,PASS,partial_inverse
inverse:L1:1401,L1,R1,1401,2801,1401,PASS,partial_inverse
inverse:L1:1423,L1,R1,1423,2845,1423,PASS,partial_inverse
inverse:L1:1431,L1,R1,1431,2861,1431,PASS,partial_inverse
inverse:L1:1435,L1,R1,1435,2869,1435,PASS,partial_inverse
inverse:L1:1437,L1,R1,1437,2873,1437,PASS,partial_inverse
inverse:L1:1447,L1,R1,1447,2893,1447,PASS,partial_inverse
inverse:L1:1451,L1,R1,1451,2901,1451,PASS,partial_inverse
inverse:L1:1453,L1,R1,1453,2905,1453,PASS,partial_inverse
inverse:L1:1459,L1,R1,1459,2917,1459,PASS,partial_inverse
inverse:L1:1461,L1,R1,1461,2921,1461,PASS,partial_inverse
inverse:L1:1465,L1,R1,1465,2929,1465,PASS,partial_inverse
inverse:L1:1479,L1,R1,1479,2957,1479,PASS,partial_inverse
inverse:L1:1483,L1,R1,1483,2965,1483,PASS,partial_inverse
inverse:L1:1485,L1,R1,1485,2969,1485,PASS,partial_inverse
inverse:L1:1491,L1,R1,1491,2981,1491,PASS,partial_inverse
inverse:L1:1493,L1,R1,1493,2985,1493,PASS,partial_inverse
inverse:L1:1497,L1,R1,1497,2993,1497,PASS,partial_inverse
inverse:L1:1507,L1,R1,1507,3013,1507,PASS,partial_inverse
inverse:L1:1509,L1,R1,1509,3017,1509,PASS,partial_inverse
inverse:L1:1513,L1,R1,1513,3025,1513,PASS,partial_inverse
inverse:L1:1521,L1,R1,1521,3041,1521,PASS,partial_inverse
inverse:L1:1567,L1,R1,1567,3133,1567,PASS,partial_inverse
inverse:L1:1583,L1,R1,1583,3165,1583,PASS,partial_inverse
inverse:L1:1591,L1,R1,1591,3181,1591,PASS,partial_inverse
inverse:L1:1595,L1,R1,1595,3189,1595,PASS,partial_inverse
inverse:L1:1597,L1,R1,1597,3193,1597,PASS,partial_inverse
inverse:L1:1615,L1,R1,1615,3229,1615,PASS,partial_inverse
inverse:L1:1623,L1,R1,1623,3245,1623,PASS,partial_inverse
inverse:L1:1627,L1,R1,1627,3253,1627,PASS,partial_inverse
inverse:L1:1629,L1,R1,1629,3257,1629,PASS,partial_inverse
inverse:L1:1639,L1,R1,1639,3277,1639,PASS,partial_inverse
inverse:L1:1643,L1,R1,1643,3285,1643,PASS,partial_inverse
inverse:L1:1645,L1,R1,1645,3289,1645,PASS,partial_inverse
inverse:L1:1651,L1,R1,1651,3301,1651,PASS,partial_inverse
inverse:L1:1653,L1,R1,1653,3305,1653,PASS,partial_inverse
inverse:L1:1657,L1,R1,1657,3313,1657,PASS,partial_inverse
inverse:L1:1679,L1,R1,1679,3357,1679,PASS,partial_inverse
inverse:L1:1687,L1,R1,1687,3373,1687,PASS,partial_inverse
inverse:L1:1691,L1,R1,1691,3381,1691,PASS,partial_inverse
inverse:L1:1693,L1,R1,1693,3385,1693,PASS,partial_inverse
inverse:L1:1703,L1,R1,1703,3405,1703,PASS,partial_inverse
inverse:L1:1707,L1,R1,1707,3413,1707,PASS,partial_inverse
inverse:L1:1709,L1,R1,1709,3417,1709,PASS,partial_inverse
inverse:L1:1715,L1,R1,1715,3429,1715,PASS,partial_inverse
inverse:L1:1717,L1,R1,1717,3433,1717,PASS,partial_inverse
inverse:L1:1721,L1,R1,1721,3441,1721,PASS,partial_inverse
inverse:L1:1735,L1,R1,1735,3469,1735,PASS,partial_inverse
inverse:L1:1739,L1,R1,1739,3477,1739,PASS,partial_inverse
inverse:L1:1741,L1,R1,1741,3481,1741,PASS,partial_inverse
inverse:L1:1747,L1,R1,1747,3493,1747,PASS,partial_inverse
inverse:L1:1749,L1,R1,1749,3497,1749,PASS,partial_inverse
inverse:L1:1753,L1,R1,1753,3505,1753,PASS,partial_inverse
inverse:L1:1763,L1,R1,1763,3525,1763,PASS,partial_inverse
inverse:L1:1765,L1,R1,1765,3529,1765,PASS,partial_inverse
inverse:L1:1769,L1,R1,1769,3537,1769,PASS,partial_inverse
inverse:L1:1777,L1,R1,1777,3553,1777,PASS,partial_inverse
inverse:L1:1807,L1,R1,1807,3613,1807,PASS,partial_inverse
inverse:L1:1815,L1,R1,1815,3629,1815,PASS,partial_inverse
inverse:L1:1819,L1,R1,1819,3637,1819,PASS,partial_inverse
inverse:L1:1821,L1,R1,1821,3641,1821,PASS,partial_inverse
inverse:L1:1831,L1,R1,1831,3661,1831,PASS,partial_inverse
inverse:L1:1835,L1,R1,1835,3669,1835,PASS,partial_inverse
inverse:L1:1837,L1,R1,1837,3673,1837,PASS,partial_inverse
inverse:L1:1843,L1,R1,1843,3685,1843,PASS,partial_inverse
inverse:L1:1845,L1,R1,1845,3689,1845,PASS,partial_inverse
inverse:L1:1849,L1,R1,1849,3697,1849,PASS,partial_inverse
inverse:L1:1863,L1,R1,1863,3725,1863,PASS,partial_inverse
inverse:L1:1867,L1,R1,1867,3733,1867,PASS,partial_inverse
inverse:L1:1869,L1,R1,1869,3737,1869,PASS,partial_inverse
inverse:L1:1875,L1,R1,1875,3749,1875,PASS,partial_inverse
inverse:L1:1877,L1,R1,1877,3753,1877,PASS,partial_inverse
inverse:L1:1881,L1,R1,1881,3761,1881,PASS,partial_inverse
inverse:L1:1891,L1,R1,1891,3781,1891,PASS,partial_inverse
inverse:L1:1893,L1,R1,1893,3785,1893,PASS,partial_inverse
inverse:L1:1897,L1,R1,1897,3793,1897,PASS,partial_inverse
inverse:L1:1905,L1,R1,1905,3809,1905,PASS,partial_inverse
inverse:L1:1927,L1,R1,1927,3853,1927,PASS,partial_inverse
inverse:L1:1931,L1,R1,1931,3861,1931,PASS,partial_inverse
inverse:L1:1933,L1,R1,1933,3865,1933,PASS,partial_inverse
inverse:L1:1939,L1,R1,1939,3877,1939,PASS,partial_inverse
inverse:L1:1941,L1,R1,1941,3881,1941,PASS,partial_inverse
inverse:L1:1945,L1,R1,1945,3889,1945,PASS,partial_inverse
inverse:L1:1955,L1,R1,1955,3909,1955,PASS,partial_inverse
inverse:L1:1957,L1,R1,1957,3913,1957,PASS,partial_inverse
inverse:L1:1961,L1,R1,1961,3921,1961,PASS,partial_inverse
inverse:L1:1969,L1,R1,1969,3937,1969,PASS,partial_inverse
inverse:L1:1987,L1,R1,1987,3973,1987,PASS,partial_inverse
inverse:L1:1989,L1,R1,1989,3977,1989,PASS,partial_inverse
inverse:L1:1993,L1,R1,1993,3985,1993,PASS,partial_inverse
inverse:L1:2001,L1,R1,2001,4001,2001,PASS,partial_inverse
inverse:L1:2017,L1,R1,2017,4033,2017,PASS,partial_inverse
inverse:R2:251,R2,L2,251,253,251,PASS,partial_inverse
inverse:R2:379,R2,L2,379,381,379,PASS,partial_inverse
inverse:R2:443,R2,L2,443,445,443,PASS,partial_inverse
inverse:R2:475,R2,L2,475,477,475,PASS,partial_inverse
inverse:R2:491,R2,L2,491,493,491,PASS,partial_inverse
inverse:R2:499,R2,L2,499,501,499,PASS,partial_inverse
inverse:R2:501,R2,L2,501,505,501,PASS,partial_inverse
inverse:R2:635,R2,L2,635,637,635,PASS,partial_inverse
inverse:R2:699,R2,L2,699,701,699,PASS,partial_inverse
inverse:R2:731,R2,L2,731,733,731,PASS,partial_inverse
inverse:R2:747,R2,L2,747,749,747,PASS,partial_inverse
inverse:R2:755,R2,L2,755,757,755,PASS,partial_inverse
inverse:R2:757,R2,L2,757,761,757,PASS,partial_inverse
inverse:R2:827,R2,L2,827,829,827,PASS,partial_inverse
inverse:R2:859,R2,L2,859,861,859,PASS,partial_inverse
inverse:R2:875,R2,L2,875,877,875,PASS,partial_inverse
inverse:R2:883,R2,L2,883,885,883,PASS,partial_inverse
inverse:R2:885,R2,L2,885,889,885,PASS,partial_inverse
inverse:R2:923,R2,L2,923,925,923,PASS,partial_inverse
inverse:R2:939,R2,L2,939,941,939,PASS,partial_inverse
inverse:R2:947,R2,L2,947,949,947,PASS,partial_inverse
inverse:R2:949,R2,L2,949,953,949,PASS,partial_inverse
inverse:R2:971,R2,L2,971,973,971,PASS,partial_inverse
inverse:R2:979,R2,L2,979,981,979,PASS,partial_inverse
inverse:R2:981,R2,L2,981,985,981,PASS,partial_inverse
inverse:R2:995,R2,L2,995,997,995,PASS,partial_inverse
inverse:R2:997,R2,L2,997,1001,997,PASS,partial_inverse
inverse:R2:1001,R2,L2,1001,1009,1001,PASS,partial_inverse
inverse:R2:1147,R2,L2,1147,1149,1147,PASS,partial_inverse
inverse:R2:1211,R2,L2,1211,1213,1211,PASS,partial_inverse
inverse:R2:1243,R2,L2,1243,1245,1243,PASS,partial_inverse
inverse:R2:1259,R2,L2,1259,1261,1259,PASS,partial_inverse
inverse:R2:1267,R2,L2,1267,1269,1267,PASS,partial_inverse
inverse:R2:1269,R2,L2,1269,1273,1269,PASS,partial_inverse
inverse:R2:1339,R2,L2,1339,1341,1339,PASS,partial_inverse
inverse:R2:1371,R2,L2,1371,1373,1371,PASS,partial_inverse
inverse:R2:1387,R2,L2,1387,1389,1387,PASS,partial_inverse
inverse:R2:1395,R2,L2,1395,1397,1395,PASS,partial_inverse
inverse:R2:1397,R2,L2,1397,1401,1397,PASS,partial_inverse
inverse:R2:1435,R2,L2,1435,1437,1435,PASS,partial_inverse
inverse:R2:1451,R2,L2,1451,1453,1451,PASS,partial_inverse
inverse:R2:1459,R2,L2,1459,1461,1459,PASS,partial_inverse
inverse:R2:1461,R2,L2,1461,1465,1461,PASS,partial_inverse
inverse:R2:1483,R2,L2,1483,1485,1483,PASS,partial_inverse
inverse:R2:1491,R2,L2,1491,1493,1491,PASS,partial_inverse
inverse:R2:1493,R2,L2,1493,1497,1493,PASS,partial_inverse
inverse:R2:1507,R2,L2,1507,1509,1507,PASS,partial_inverse
inverse:R2:1509,R2,L2,1509,1513,1509,PASS,partial_inverse
inverse:R2:1513,R2,L2,1513,1521,1513,PASS,partial_inverse
inverse:R2:1595,R2,L2,1595,1597,1595,PASS,partial_inverse
inverse:R2:1627,R2,L2,1627,1629,1627,PASS,partial_inverse
inverse:R2:1643,R2,L2,1643,1645,1643,PASS,partial_inverse
inverse:R2:1651,R2,L2,1651,1653,1651,PASS,partial_inverse
inverse:R2:1653,R2,L2,1653,1657,1653,PASS,partial_inverse
inverse:R2:1691,R2,L2,1691,1693,1691,PASS,partial_inverse
inverse:R2:1707,R2,L2,1707,1709,1707,PASS,partial_inverse
inverse:R2:1715,R2,L2,1715,1717,1715,PASS,partial_inverse
inverse:R2:1717,R2,L2,1717,1721,1717,PASS,partial_inverse
inverse:R2:1739,R2,L2,1739,1741,1739,PASS,partial_inverse
inverse:R2:1747,R2,L2,1747,1749,1747,PASS,partial_inverse
inverse:R2:1749,R2,L2,1749,1753,1749,PASS,partial_inverse
inverse:R2:1763,R2,L2,1763,1765,1763,PASS,partial_inverse
inverse:R2:1765,R2,L2,1765,1769,1765,PASS,partial_inverse
inverse:R2:1769,R2,L2,1769,1777,1769,PASS,partial_inverse
inverse:R2:1819,R2,L2,1819,1821,1819,PASS,partial_inverse
inverse:R2:1835,R2,L2,1835,1837,1835,PASS,partial_inverse
inverse:R2:1843,R2,L2,1843,1845,1843,PASS,partial_inverse
inverse:R2:1845,R2,L2,1845,1849,1845,PASS,partial_inverse
inverse:R2:1867,R2,L2,1867,1869,1867,PASS,partial_inverse
inverse:R2:1875,R2,L2,1875,1877,1875,PASS,partial_inverse
inverse:R2:1877,R2,L2,1877,1881,1877,PASS,partial_inverse
inverse:R2:1891,R2,L2,1891,1893,1891,PASS,partial_inverse
inverse:R2:1893,R2,L2,1893,1897,1893,PASS,partial_inverse
inverse:R2:1897,R2,L2,1897,1905,1897,PASS,partial_inverse
inverse:R2:1931,R2,L2,1931,1933,1931,PASS,partial_inverse
inverse:R2:1939,R2,L2,1939,1941,1939,PASS,partial_inverse
inverse:R2:1941,R2,L2,1941,1945,1941,PASS,partial_inverse
inverse:R2:1955,R2,L2,1955,1957,1955,PASS,partial_inverse
inverse:R2:1957,R2,L2,1957,1961,1957,PASS,partial_inverse
inverse:R2:1961,R2,L2,1961,1969,1961,PASS,partial_inverse
inverse:R2:1987,R2,L2,1987,1989,1987,PASS,partial_inverse
inverse:R2:1989,R2,L2,1989,1993,1989,PASS,partial_inverse
inverse:R2:1993,R2,L2,1993,2001,1993,PASS,partial_inverse
inverse:R2:2001,R2,L2,2001,2017,2001,PASS,partial_inverse
inverse:R2:2171,R2,L2,2171,2173,2171,PASS,partial_inverse
inverse:R2:2235,R2,L2,2235,2237,2235,PASS,partial_inverse
inverse:R2:2267,R2,L2,2267,2269,2267,PASS,partial_inverse
inverse:R2:2283,R2,L2,2283,2285,2283,PASS,partial_inverse
inverse:R2:2291,R2,L2,2291,2293,2291,PASS,partial_inverse
inverse:R2:2293,R2,L2,2293,2297,2293,PASS,partial_inverse
inverse:R2:2363,R2,L2,2363,2365,2363,PASS,partial_inverse
inverse:R2:2395,R2,L2,2395,2397,2395,PASS,partial_inverse
inverse:R2:2411,R2,L2,2411,2413,2411,PASS,partial_inverse
inverse:R2:2419,R2,L2,2419,2421,2419,PASS,partial_inverse
inverse:R2:2421,R2,L2,2421,2425,2421,PASS,partial_inverse
inverse:R2:2459,R2,L2,2459,2461,2459,PASS,partial_inverse
inverse:R2:2475,R2,L2,2475,2477,2475,PASS,partial_inverse
inverse:R2:2483,R2,L2,2483,2485,2483,PASS,partial_inverse
inverse:R2:2485,R2,L2,2485,2489,2485,PASS,partial_inverse
inverse:R2:2507,R2,L2,2507,2509,2507,PASS,partial_inverse
inverse:R2:2515,R2,L2,2515,2517,2515,PASS,partial_inverse
inverse:R2:2517,R2,L2,2517,2521,2517,PASS,partial_inverse
inverse:R2:2531,R2,L2,2531,2533,2531,PASS,partial_inverse
inverse:R2:2533,R2,L2,2533,2537,2533,PASS,partial_inverse
inverse:R2:2537,R2,L2,2537,2545,2537,PASS,partial_inverse
inverse:R2:2619,R2,L2,2619,2621,2619,PASS,partial_inverse
inverse:R2:2651,R2,L2,2651,2653,2651,PASS,partial_inverse
inverse:R2:2667,R2,L2,2667,2669,2667,PASS,partial_inverse
inverse:R2:2675,R2,L2,2675,2677,2675,PASS,partial_inverse
inverse:R2:2677,R2,L2,2677,2681,2677,PASS,partial_inverse
inverse:R2:2715,R2,L2,2715,2717,2715,PASS,partial_inverse
inverse:R2:2731,R2,L2,2731,2733,2731,PASS,partial_inverse
inverse:R2:2739,R2,L2,2739,2741,2739,PASS,partial_inverse
inverse:R2:2741,R2,L2,2741,2745,2741,PASS,partial_inverse
inverse:R2:2763,R2,L2,2763,2765,2763,PASS,partial_inverse
inverse:R2:2771,R2,L2,2771,2773,2771,PASS,partial_inverse
inverse:R2:2773,R2,L2,2773,2777,2773,PASS,partial_inverse
inverse:R2:2787,R2,L2,2787,2789,2787,PASS,partial_inverse
inverse:R2:2789,R2,L2,2789,2793,2789,PASS,partial_inverse
inverse:R2:2793,R2,L2,2793,2801,2793,PASS,partial_inverse
inverse:R2:2843,R2,L2,2843,2845,2843,PASS,partial_inverse
inverse:R2:2859,R2,L2,2859,2861,2859,PASS,partial_inverse
inverse:R2:2867,R2,L2,2867,2869,2867,PASS,partial_inverse
inverse:R2:2869,R2,L2,2869,2873,2869,PASS,partial_inverse
inverse:R2:2891,R2,L2,2891,2893,2891,PASS,partial_inverse
inverse:R2:2899,R2,L2,2899,2901,2899,PASS,partial_inverse
inverse:R2:2901,R2,L2,2901,2905,2901,PASS,partial_inverse
inverse:R2:2915,R2,L2,2915,2917,2915,PASS,partial_inverse
inverse:R2:2917,R2,L2,2917,2921,2917,PASS,partial_inverse
inverse:R2:2921,R2,L2,2921,2929,2921,PASS,partial_inverse
inverse:R2:2955,R2,L2,2955,2957,2955,PASS,partial_inverse
inverse:R2:2963,R2,L2,2963,2965,2963,PASS,partial_inverse
inverse:R2:2965,R2,L2,2965,2969,2965,PASS,partial_inverse
inverse:R2:2979,R2,L2,2979,2981,2979,PASS,partial_inverse
inverse:R2:2981,R2,L2,2981,2985,2981,PASS,partial_inverse
inverse:R2:2985,R2,L2,2985,2993,2985,PASS,partial_inverse
inverse:R2:3011,R2,L2,3011,3013,3011,PASS,partial_inverse
inverse:R2:3013,R2,L2,3013,3017,3013,PASS,partial_inverse
inverse:R2:3017,R2,L2,3017,3025,3017,PASS,partial_inverse
inverse:R2:3025,R2,L2,3025,3041,3025,PASS,partial_inverse
inverse:R2:3131,R2,L2,3131,3133,3131,PASS,partial_inverse
inverse:R2:3163,R2,L2,3163,3165,3163,PASS,partial_inverse
inverse:R2:3179,R2,L2,3179,3181,3179,PASS,partial_inverse
inverse:R2:3187,R2,L2,3187,3189,3187,PASS,partial_inverse
inverse:R2:3189,R2,L2,3189,3193,3189,PASS,partial_inverse
inverse:R2:3227,R2,L2,3227,3229,3227,PASS,partial_inverse
inverse:R2:3243,R2,L2,3243,3245,3243,PASS,partial_inverse
inverse:R2:3251,R2,L2,3251,3253,3251,PASS,partial_inverse
inverse:R2:3253,R2,L2,3253,3257,3253,PASS,partial_inverse
inverse:R2:3275,R2,L2,3275,3277,3275,PASS,partial_inverse
inverse:R2:3283,R2,L2,3283,3285,3283,PASS,partial_inverse
inverse:R2:3285,R2,L2,3285,3289,3285,PASS,partial_inverse
inverse:R2:3299,R2,L2,3299,3301,3299,PASS,partial_inverse
inverse:R2:3301,R2,L2,3301,3305,3301,PASS,partial_inverse
inverse:R2:3305,R2,L2,3305,3313,3305,PASS,partial_inverse
inverse:R2:3355,R2,L2,3355,3357,3355,PASS,partial_inverse
inverse:R2:3371,R2,L2,3371,3373,3371,PASS,partial_inverse
inverse:R2:3379,R2,L2,3379,3381,3379,PASS,partial_inverse
inverse:R2:3381,R2,L2,3381,3385,3381,PASS,partial_inverse
inverse:R2:3403,R2,L2,3403,3405,3403,PASS,partial_inverse
inverse:R2:3411,R2,L2,3411,3413,3411,PASS,partial_inverse
inverse:R2:3413,R2,L2,3413,3417,3413,PASS,partial_inverse
inverse:R2:3427,R2,L2,3427,3429,3427,PASS,partial_inverse
inverse:R2:3429,R2,L2,3429,3433,3429,PASS,partial_inverse
inverse:R2:3433,R2,L2,3433,3441,3433,PASS,partial_inverse
inverse:R2:3467,R2,L2,3467,3469,3467,PASS,partial_inverse
inverse:R2:3475,R2,L2,3475,3477,3475,PASS,partial_inverse
inverse:R2:3477,R2,L2,3477,3481,3477,PASS,partial_inverse
inverse:R2:3491,R2,L2,3491,3493,3491,PASS,partial_inverse
inverse:R2:3493,R2,L2,3493,3497,3493,PASS,partial_inverse
inverse:R2:3497,R2,L2,3497,3505,3497,PASS,partial_inverse
inverse:R2:3523,R2,L2,3523,3525,3523,PASS,partial_inverse
inverse:R2:3525,R2,L2,3525,3529,3525,PASS,partial_inverse
inverse:R2:3529,R2,L2,3529,3537,3529,PASS,partial_inverse
inverse:R2:3537,R2,L2,3537,3553,3537,PASS,partial_inverse
inverse:R2:3611,R2,L2,3611,3613,3611,PASS,partial_inverse
inverse:R2:3627,R2,L2,3627,3629,3627,PASS,partial_inverse
inverse:R2:3635,R2,L2,3635,3637,3635,PASS,partial_inverse
inverse:R2:3637,R2,L2,3637,3641,3637,PASS,partial_inverse
inverse:R2:3659,R2,L2,3659,3661,3659,PASS,partial_inverse
inverse:R2:3667,R2,L2,3667,3669,3667,PASS,partial_inverse
inverse:R2:3669,R2,L2,3669,3673,3669,PASS,partial_inverse
inverse:R2:3683,R2,L2,3683,3685,3683,PASS,partial_inverse
inverse:R2:3685,R2,L2,3685,3689,3685,PASS,partial_inverse
inverse:R2:3689,R2,L2,3689,3697,3689,PASS,partial_inverse
inverse:R2:3723,R2,L2,3723,3725,3723,PASS,partial_inverse
inverse:R2:3731,R2,L2,3731,3733,3731,PASS,partial_inverse
inverse:R2:3733,R2,L2,3733,3737,3733,PASS,partial_inverse
inverse:R2:3747,R2,L2,3747,3749,3747,PASS,partial_inverse
inverse:R2:3749,R2,L2,3749,3753,3749,PASS,partial_inverse
inverse:R2:3753,R2,L2,3753,3761,3753,PASS,partial_inverse
inverse:R2:3779,R2,L2,3779,3781,3779,PASS,partial_inverse
inverse:R2:3781,R2,L2,3781,3785,3781,PASS,partial_inverse
inverse:R2:3785,R2,L2,3785,3793,3785,PASS,partial_inverse
inverse:R2:3793,R2,L2,3793,3809,3793,PASS,partial_inverse
inverse:R2:3851,R2,L2,3851,3853,3851,PASS,partial_inverse
inverse:R2:3859,R2,L2,3859,3861,3859,PASS,partial_inverse
inverse:R2:3861,R2,L2,3861,3865,3861,PASS,partial_inverse
inverse:R2:3875,R2,L2,3875,3877,3875,PASS,partial_inverse
inverse:R2:3877,R2,L2,3877,3881,3877,PASS,partial_inverse
inverse:R2:3881,R2,L2,3881,3889,3881,PASS,partial_inverse
inverse:R2:3907,R2,L2,3907,3909,3907,PASS,partial_inverse
inverse:R2:3909,R2,L2,3909,3913,3909,PASS,partial_inverse
inverse:R2:3913,R2,L2,3913,3921,3913,PASS,partial_inverse
inverse:R2:3921,R2,L2,3921,3937,3921,PASS,partial_inverse
inverse:R2:3971,R2,L2,3971,3973,3971,PASS,partial_inverse
inverse:R2:3973,R2,L2,3973,3977,3973,PASS,partial_inverse
inverse:R2:3977,R2,L2,3977,3985,3977,PASS,partial_inverse
inverse:R2:3985,R2,L2,3985,4001,3985,PASS,partial_inverse
inverse:R2:4001,R2,L2,4001,4033,4001,PASS,partial_inverse
inverse:L2:253,L2,R2,253,251,253,PASS,partial_inverse
inverse:L2:381,L2,R2,381,379,381,PASS,partial_inverse
inverse:L2:445,L2,R2,445,443,445,PASS,partial_inverse
inverse:L2:477,L2,R2,477,475,477,PASS,partial_inverse
inverse:L2:493,L2,R2,493,491,493,PASS,partial_inverse
inverse:L2:501,L2,R2,501,499,501,PASS,partial_inverse
inverse:L2:505,L2,R2,505,501,505,PASS,partial_inverse
inverse:L2:637,L2,R2,637,635,637,PASS,partial_inverse
inverse:L2:701,L2,R2,701,699,701,PASS,partial_inverse
inverse:L2:733,L2,R2,733,731,733,PASS,partial_inverse
inverse:L2:749,L2,R2,749,747,749,PASS,partial_inverse
inverse:L2:757,L2,R2,757,755,757,PASS,partial_inverse
inverse:L2:761,L2,R2,761,757,761,PASS,partial_inverse
inverse:L2:829,L2,R2,829,827,829,PASS,partial_inverse
inverse:L2:861,L2,R2,861,859,861,PASS,partial_inverse
inverse:L2:877,L2,R2,877,875,877,PASS,partial_inverse
inverse:L2:885,L2,R2,885,883,885,PASS,partial_inverse
inverse:L2:889,L2,R2,889,885,889,PASS,partial_inverse
inverse:L2:925,L2,R2,925,923,925,PASS,partial_inverse
inverse:L2:941,L2,R2,941,939,941,PASS,partial_inverse
inverse:L2:949,L2,R2,949,947,949,PASS,partial_inverse
inverse:L2:953,L2,R2,953,949,953,PASS,partial_inverse
inverse:L2:973,L2,R2,973,971,973,PASS,partial_inverse
inverse:L2:981,L2,R2,981,979,981,PASS,partial_inverse
inverse:L2:985,L2,R2,985,981,985,PASS,partial_inverse
inverse:L2:997,L2,R2,997,995,997,PASS,partial_inverse
inverse:L2:1001,L2,R2,1001,997,1001,PASS,partial_inverse
inverse:L2:1009,L2,R2,1009,1001,1009,PASS,partial_inverse
inverse:L2:1149,L2,R2,1149,1147,1149,PASS,partial_inverse
inverse:L2:1213,L2,R2,1213,1211,1213,PASS,partial_inverse
inverse:L2:1245,L2,R2,1245,1243,1245,PASS,partial_inverse
inverse:L2:1261,L2,R2,1261,1259,1261,PASS,partial_inverse
inverse:L2:1269,L2,R2,1269,1267,1269,PASS,partial_inverse
inverse:L2:1273,L2,R2,1273,1269,1273,PASS,partial_inverse
inverse:L2:1341,L2,R2,1341,1339,1341,PASS,partial_inverse
inverse:L2:1373,L2,R2,1373,1371,1373,PASS,partial_inverse
inverse:L2:1389,L2,R2,1389,1387,1389,PASS,partial_inverse
inverse:L2:1397,L2,R2,1397,1395,1397,PASS,partial_inverse
inverse:L2:1401,L2,R2,1401,1397,1401,PASS,partial_inverse
inverse:L2:1437,L2,R2,1437,1435,1437,PASS,partial_inverse
inverse:L2:1453,L2,R2,1453,1451,1453,PASS,partial_inverse
inverse:L2:1461,L2,R2,1461,1459,1461,PASS,partial_inverse
inverse:L2:1465,L2,R2,1465,1461,1465,PASS,partial_inverse
inverse:L2:1485,L2,R2,1485,1483,1485,PASS,partial_inverse
inverse:L2:1493,L2,R2,1493,1491,1493,PASS,partial_inverse
inverse:L2:1497,L2,R2,1497,1493,1497,PASS,partial_inverse
inverse:L2:1509,L2,R2,1509,1507,1509,PASS,partial_inverse
inverse:L2:1513,L2,R2,1513,1509,1513,PASS,partial_inverse
inverse:L2:1521,L2,R2,1521,1513,1521,PASS,partial_inverse
inverse:L2:1597,L2,R2,1597,1595,1597,PASS,partial_inverse
inverse:L2:1629,L2,R2,1629,1627,1629,PASS,partial_inverse
inverse:L2:1645,L2,R2,1645,1643,1645,PASS,partial_inverse
inverse:L2:1653,L2,R2,1653,1651,1653,PASS,partial_inverse
inverse:L2:1657,L2,R2,1657,1653,1657,PASS,partial_inverse
inverse:L2:1693,L2,R2,1693,1691,1693,PASS,partial_inverse
inverse:L2:1709,L2,R2,1709,1707,1709,PASS,partial_inverse
inverse:L2:1717,L2,R2,1717,1715,1717,PASS,partial_inverse
inverse:L2:1721,L2,R2,1721,1717,1721,PASS,partial_inverse
inverse:L2:1741,L2,R2,1741,1739,1741,PASS,partial_inverse
inverse:L2:1749,L2,R2,1749,1747,1749,PASS,partial_inverse
inverse:L2:1753,L2,R2,1753,1749,1753,PASS,partial_inverse
inverse:L2:1765,L2,R2,1765,1763,1765,PASS,partial_inverse
inverse:L2:1769,L2,R2,1769,1765,1769,PASS,partial_inverse
inverse:L2:1777,L2,R2,1777,1769,1777,PASS,partial_inverse
inverse:L2:1821,L2,R2,1821,1819,1821,PASS,partial_inverse
inverse:L2:1837,L2,R2,1837,1835,1837,PASS,partial_inverse
inverse:L2:1845,L2,R2,1845,1843,1845,PASS,partial_inverse
inverse:L2:1849,L2,R2,1849,1845,1849,PASS,partial_inverse
inverse:L2:1869,L2,R2,1869,1867,1869,PASS,partial_inverse
inverse:L2:1877,L2,R2,1877,1875,1877,PASS,partial_inverse
inverse:L2:1881,L2,R2,1881,1877,1881,PASS,partial_inverse
inverse:L2:1893,L2,R2,1893,1891,1893,PASS,partial_inverse
inverse:L2:1897,L2,R2,1897,1893,1897,PASS,partial_inverse
inverse:L2:1905,L2,R2,1905,1897,1905,PASS,partial_inverse
inverse:L2:1933,L2,R2,1933,1931,1933,PASS,partial_inverse
inverse:L2:1941,L2,R2,1941,1939,1941,PASS,partial_inverse
inverse:L2:1945,L2,R2,1945,1941,1945,PASS,partial_inverse
inverse:L2:1957,L2,R2,1957,1955,1957,PASS,partial_inverse
inverse:L2:1961,L2,R2,1961,1957,1961,PASS,partial_inverse
inverse:L2:1969,L2,R2,1969,1961,1969,PASS,partial_inverse
inverse:L2:1989,L2,R2,1989,1987,1989,PASS,partial_inverse
inverse:L2:1993,L2,R2,1993,1989,1993,PASS,partial_inverse
inverse:L2:2001,L2,R2,2001,1993,2001,PASS,partial_inverse
inverse:L2:2017,L2,R2,2017,2001,2017,PASS,partial_inverse
inverse:L2:2173,L2,R2,2173,2171,2173,PASS,partial_inverse
inverse:L2:2237,L2,R2,2237,2235,2237,PASS,partial_inverse
inverse:L2:2269,L2,R2,2269,2267,2269,PASS,partial_inverse
inverse:L2:2285,L2,R2,2285,2283,2285,PASS,partial_inverse
inverse:L2:2293,L2,R2,2293,2291,2293,PASS,partial_inverse
inverse:L2:2297,L2,R2,2297,2293,2297,PASS,partial_inverse
inverse:L2:2365,L2,R2,2365,2363,2365,PASS,partial_inverse
inverse:L2:2397,L2,R2,2397,2395,2397,PASS,partial_inverse
inverse:L2:2413,L2,R2,2413,2411,2413,PASS,partial_inverse
inverse:L2:2421,L2,R2,2421,2419,2421,PASS,partial_inverse
inverse:L2:2425,L2,R2,2425,2421,2425,PASS,partial_inverse
inverse:L2:2461,L2,R2,2461,2459,2461,PASS,partial_inverse
inverse:L2:2477,L2,R2,2477,2475,2477,PASS,partial_inverse
inverse:L2:2485,L2,R2,2485,2483,2485,PASS,partial_inverse
inverse:L2:2489,L2,R2,2489,2485,2489,PASS,partial_inverse
inverse:L2:2509,L2,R2,2509,2507,2509,PASS,partial_inverse
inverse:L2:2517,L2,R2,2517,2515,2517,PASS,partial_inverse
inverse:L2:2521,L2,R2,2521,2517,2521,PASS,partial_inverse
inverse:L2:2533,L2,R2,2533,2531,2533,PASS,partial_inverse
inverse:L2:2537,L2,R2,2537,2533,2537,PASS,partial_inverse
inverse:L2:2545,L2,R2,2545,2537,2545,PASS,partial_inverse
inverse:L2:2621,L2,R2,2621,2619,2621,PASS,partial_inverse
inverse:L2:2653,L2,R2,2653,2651,2653,PASS,partial_inverse
inverse:L2:2669,L2,R2,2669,2667,2669,PASS,partial_inverse
inverse:L2:2677,L2,R2,2677,2675,2677,PASS,partial_inverse
inverse:L2:2681,L2,R2,2681,2677,2681,PASS,partial_inverse
inverse:L2:2717,L2,R2,2717,2715,2717,PASS,partial_inverse
inverse:L2:2733,L2,R2,2733,2731,2733,PASS,partial_inverse
inverse:L2:2741,L2,R2,2741,2739,2741,PASS,partial_inverse
inverse:L2:2745,L2,R2,2745,2741,2745,PASS,partial_inverse
inverse:L2:2765,L2,R2,2765,2763,2765,PASS,partial_inverse
inverse:L2:2773,L2,R2,2773,2771,2773,PASS,partial_inverse
inverse:L2:2777,L2,R2,2777,2773,2777,PASS,partial_inverse
inverse:L2:2789,L2,R2,2789,2787,2789,PASS,partial_inverse
inverse:L2:2793,L2,R2,2793,2789,2793,PASS,partial_inverse
inverse:L2:2801,L2,R2,2801,2793,2801,PASS,partial_inverse
inverse:L2:2845,L2,R2,2845,2843,2845,PASS,partial_inverse
inverse:L2:2861,L2,R2,2861,2859,2861,PASS,partial_inverse
inverse:L2:2869,L2,R2,2869,2867,2869,PASS,partial_inverse
inverse:L2:2873,L2,R2,2873,2869,2873,PASS,partial_inverse
inverse:L2:2893,L2,R2,2893,2891,2893,PASS,partial_inverse
inverse:L2:2901,L2,R2,2901,2899,2901,PASS,partial_inverse
inverse:L2:2905,L2,R2,2905,2901,2905,PASS,partial_inverse
inverse:L2:2917,L2,R2,2917,2915,2917,PASS,partial_inverse
inverse:L2:2921,L2,R2,2921,2917,2921,PASS,partial_inverse
inverse:L2:2929,L2,R2,2929,2921,2929,PASS,partial_inverse
inverse:L2:2957,L2,R2,2957,2955,2957,PASS,partial_inverse
inverse:L2:2965,L2,R2,2965,2963,2965,PASS,partial_inverse
inverse:L2:2969,L2,R2,2969,2965,2969,PASS,partial_inverse
inverse:L2:2981,L2,R2,2981,2979,2981,PASS,partial_inverse
inverse:L2:2985,L2,R2,2985,2981,2985,PASS,partial_inverse
inverse:L2:2993,L2,R2,2993,2985,2993,PASS,partial_inverse
inverse:L2:3013,L2,R2,3013,3011,3013,PASS,partial_inverse
inverse:L2:3017,L2,R2,3017,3013,3017,PASS,partial_inverse
inverse:L2:3025,L2,R2,3025,3017,3025,PASS,partial_inverse
inverse:L2:3041,L2,R2,3041,3025,3041,PASS,partial_inverse
inverse:L2:3133,L2,R2,3133,3131,3133,PASS,partial_inverse
inverse:L2:3165,L2,R2,3165,3163,3165,PASS,partial_inverse
inverse:L2:3181,L2,R2,3181,3179,3181,PASS,partial_inverse
inverse:L2:3189,L2,R2,3189,3187,3189,PASS,partial_inverse
inverse:L2:3193,L2,R2,3193,3189,3193,PASS,partial_inverse
inverse:L2:3229,L2,R2,3229,3227,3229,PASS,partial_inverse
inverse:L2:3245,L2,R2,3245,3243,3245,PASS,partial_inverse
inverse:L2:3253,L2,R2,3253,3251,3253,PASS,partial_inverse
inverse:L2:3257,L2,R2,3257,3253,3257,PASS,partial_inverse
inverse:L2:3277,L2,R2,3277,3275,3277,PASS,partial_inverse
inverse:L2:3285,L2,R2,3285,3283,3285,PASS,partial_inverse
inverse:L2:3289,L2,R2,3289,3285,3289,PASS,partial_inverse
inverse:L2:3301,L2,R2,3301,3299,3301,PASS,partial_inverse
inverse:L2:3305,L2,R2,3305,3301,3305,PASS,partial_inverse
inverse:L2:3313,L2,R2,3313,3305,3313,PASS,partial_inverse
inverse:L2:3357,L2,R2,3357,3355,3357,PASS,partial_inverse
inverse:L2:3373,L2,R2,3373,3371,3373,PASS,partial_inverse
inverse:L2:3381,L2,R2,3381,3379,3381,PASS,partial_inverse
inverse:L2:3385,L2,R2,3385,3381,3385,PASS,partial_inverse
inverse:L2:3405,L2,R2,3405,3403,3405,PASS,partial_inverse
inverse:L2:3413,L2,R2,3413,3411,3413,PASS,partial_inverse
inverse:L2:3417,L2,R2,3417,3413,3417,PASS,partial_inverse
inverse:L2:3429,L2,R2,3429,3427,3429,PASS,partial_inverse
inverse:L2:3433,L2,R2,3433,3429,3433,PASS,partial_inverse
inverse:L2:3441,L2,R2,3441,3433,3441,PASS,partial_inverse
inverse:L2:3469,L2,R2,3469,3467,3469,PASS,partial_inverse
inverse:L2:3477,L2,R2,3477,3475,3477,PASS,partial_inverse
inverse:L2:3481,L2,R2,3481,3477,3481,PASS,partial_inverse
inverse:L2:3493,L2,R2,3493,3491,3493,PASS,partial_inverse
inverse:L2:3497,L2,R2,3497,3493,3497,PASS,partial_inverse
inverse:L2:3505,L2,R2,3505,3497,3505,PASS,partial_inverse
inverse:L2:3525,L2,R2,3525,3523,3525,PASS,partial_inverse
inverse:L2:3529,L2,R2,3529,3525,3529,PASS,partial_inverse
inverse:L2:3537,L2,R2,3537,3529,3537,PASS,partial_inverse
inverse:L2:3553,L2,R2,3553,3537,3553,PASS,partial_inverse
inverse:L2:3613,L2,R2,3613,3611,3613,PASS,partial_inverse
inverse:L2:3629,L2,R2,3629,3627,3629,PASS,partial_inverse
inverse:L2:3637,L2,R2,3637,3635,3637,PASS,partial_inverse
inverse:L2:3641,L2,R2,3641,3637,3641,PASS,partial_inverse
inverse:L2:3661,L2,R2,3661,3659,3661,PASS,partial_inverse
inverse:L2:3669,L2,R2,3669,3667,3669,PASS,partial_inverse
inverse:L2:3673,L2,R2,3673,3669,3673,PASS,partial_inverse
inverse:L2:3685,L2,R2,3685,3683,3685,PASS,partial_inverse
inverse:L2:3689,L2,R2,3689,3685,3689,PASS,partial_inverse
inverse:L2:3697,L2,R2,3697,3689,3697,PASS,partial_inverse
inverse:L2:3725,L2,R2,3725,3723,3725,PASS,partial_inverse
inverse:L2:3733,L2,R2,3733,3731,3733,PASS,partial_inverse
inverse:L2:3737,L2,R2,3737,3733,3737,PASS,partial_inverse
inverse:L2:3749,L2,R2,3749,3747,3749,PASS,partial_inverse
inverse:L2:3753,L2,R2,3753,3749,3753,PASS,partial_inverse
inverse:L2:3761,L2,R2,3761,3753,3761,PASS,partial_inverse
inverse:L2:3781,L2,R2,3781,3779,3781,PASS,partial_inverse
inverse:L2:3785,L2,R2,3785,3781,3785,PASS,partial_inverse
inverse:L2:3793,L2,R2,3793,3785,3793,PASS,partial_inverse
inverse:L2:3809,L2,R2,3809,3793,3809,PASS,partial_inverse
inverse:L2:3853,L2,R2,3853,3851,3853,PASS,partial_inverse
inverse:L2:3861,L2,R2,3861,3859,3861,PASS,partial_inverse
inverse:L2:3865,L2,R2,3865,3861,3865,PASS,partial_inverse
inverse:L2:3877,L2,R2,3877,3875,3877,PASS,partial_inverse
inverse:L2:3881,L2,R2,3881,3877,3881,PASS,partial_inverse
inverse:L2:3889,L2,R2,3889,3881,3889,PASS,partial_inverse
inverse:L2:3909,L2,R2,3909,3907,3909,PASS,partial_inverse
inverse:L2:3913,L2,R2,3913,3909,3913,PASS,partial_inverse
inverse:L2:3921,L2,R2,3921,3913,3921,PASS,partial_inverse
inverse:L2:3937,L2,R2,3937,3921,3937,PASS,partial_inverse
inverse:L2:3973,L2,R2,3973,3971,3973,PASS,partial_inverse
inverse:L2:3977,L2,R2,3977,3973,3977,PASS,partial_inverse
inverse:L2:3985,L2,R2,3985,3977,3985,PASS,partial_inverse
inverse:L2:4001,L2,R2,4001,3985,4001,PASS,partial_inverse
inverse:L2:4033,L2,R2,4033,4001,4033,PASS,partial_inverse
inverse:R3:247,R3,L3,247,251,247,PASS,partial_inverse
inverse:R3:375,R3,L3,375,379,375,PASS,partial_inverse
inverse:R3:439,R3,L3,439,443,439,PASS,partial_inverse
inverse:R3:471,R3,L3,471,475,471,PASS,partial_inverse
inverse:R3:487,R3,L3,487,491,487,PASS,partial_inverse
inverse:R3:491,R3,L3,491,499,491,PASS,partial_inverse
inverse:R3:493,R3,L3,493,501,493,PASS,partial_inverse
inverse:R3:631,R3,L3,631,635,631,PASS,partial_inverse
inverse:R3:695,R3,L3,695,699,695,PASS,partial_inverse
inverse:R3:727,R3,L3,727,731,727,PASS,partial_inverse
inverse:R3:743,R3,L3,743,747,743,PASS,partial_inverse
inverse:R3:747,R3,L3,747,755,747,PASS,partial_inverse
inverse:R3:749,R3,L3,749,757,749,PASS,partial_inverse
inverse:R3:823,R3,L3,823,827,823,PASS,partial_inverse
inverse:R3:855,R3,L3,855,859,855,PASS,partial_inverse
inverse:R3:871,R3,L3,871,875,871,PASS,partial_inverse
inverse:R3:875,R3,L3,875,883,875,PASS,partial_inverse
inverse:R3:877,R3,L3,877,885,877,PASS,partial_inverse
inverse:R3:919,R3,L3,919,923,919,PASS,partial_inverse
inverse:R3:935,R3,L3,935,939,935,PASS,partial_inverse
inverse:R3:939,R3,L3,939,947,939,PASS,partial_inverse
inverse:R3:941,R3,L3,941,949,941,PASS,partial_inverse
inverse:R3:967,R3,L3,967,971,967,PASS,partial_inverse
inverse:R3:971,R3,L3,971,979,971,PASS,partial_inverse
inverse:R3:973,R3,L3,973,981,973,PASS,partial_inverse
inverse:R3:979,R3,L3,979,995,979,PASS,partial_inverse
inverse:R3:981,R3,L3,981,997,981,PASS,partial_inverse
inverse:R3:985,R3,L3,985,1001,985,PASS,partial_inverse
inverse:R3:1143,R3,L3,1143,1147,1143,PASS,partial_inverse
inverse:R3:1207,R3,L3,1207,1211,1207,PASS,partial_inverse
inverse:R3:1239,R3,L3,1239,1243,1239,PASS,partial_inverse
inverse:R3:1255,R3,L3,1255,1259,1255,PASS,partial_inverse
inverse:R3:1259,R3,L3,1259,1267,1259,PASS,partial_inverse
inverse:R3:1261,R3,L3,1261,1269,1261,PASS,partial_inverse
inverse:R3:1335,R3,L3,1335,1339,1335,PASS,partial_inverse
inverse:R3:1367,R3,L3,1367,1371,1367,PASS,partial_inverse
inverse:R3:1383,R3,L3,1383,1387,1383,PASS,partial_inverse
inverse:R3:1387,R3,L3,1387,1395,1387,PASS,partial_inverse
inverse:R3:1389,R3,L3,1389,1397,1389,PASS,partial_inverse
inverse:R3:1431,R3,L3,1431,1435,1431,PASS,partial_inverse
inverse:R3:1447,R3,L3,1447,1451,1447,PASS,partial_inverse
inverse:R3:1451,R3,L3,1451,1459,1451,PASS,partial_inverse
inverse:R3:1453,R3,L3,1453,1461,1453,PASS,partial_inverse
inverse:R3:1479,R3,L3,1479,1483,1479,PASS,partial_inverse
inverse:R3:1483,R3,L3,1483,1491,1483,PASS,partial_inverse
inverse:R3:1485,R3,L3,1485,1493,1485,PASS,partial_inverse
inverse:R3:1491,R3,L3,1491,1507,1491,PASS,partial_inverse
inverse:R3:1493,R3,L3,1493,1509,1493,PASS,partial_inverse
inverse:R3:1497,R3,L3,1497,1513,1497,PASS,partial_inverse
inverse:R3:1591,R3,L3,1591,1595,1591,PASS,partial_inverse
inverse:R3:1623,R3,L3,1623,1627,1623,PASS,partial_inverse
inverse:R3:1639,R3,L3,1639,1643,1639,PASS,partial_inverse
inverse:R3:1643,R3,L3,1643,1651,1643,PASS,partial_inverse
inverse:R3:1645,R3,L3,1645,1653,1645,PASS,partial_inverse
inverse:R3:1687,R3,L3,1687,1691,1687,PASS,partial_inverse
inverse:R3:1703,R3,L3,1703,1707,1703,PASS,partial_inverse
inverse:R3:1707,R3,L3,1707,1715,1707,PASS,partial_inverse
inverse:R3:1709,R3,L3,1709,1717,1709,PASS,partial_inverse
inverse:R3:1735,R3,L3,1735,1739,1735,PASS,partial_inverse
inverse:R3:1739,R3,L3,1739,1747,1739,PASS,partial_inverse
inverse:R3:1741,R3,L3,1741,1749,1741,PASS,partial_inverse
inverse:R3:1747,R3,L3,1747,1763,1747,PASS,partial_inverse
inverse:R3:1749,R3,L3,1749,1765,1749,PASS,partial_inverse
inverse:R3:1753,R3,L3,1753,1769,1753,PASS,partial_inverse
inverse:R3:1815,R3,L3,1815,1819,1815,PASS,partial_inverse
inverse:R3:1831,R3,L3,1831,1835,1831,PASS,partial_inverse
inverse:R3:1835,R3,L3,1835,1843,1835,PASS,partial_inverse
inverse:R3:1837,R3,L3,1837,1845,1837,PASS,partial_inverse
inverse:R3:1863,R3,L3,1863,1867,1863,PASS,partial_inverse
inverse:R3:1867,R3,L3,1867,1875,1867,PASS,partial_inverse
inverse:R3:1869,R3,L3,1869,1877,1869,PASS,partial_inverse
inverse:R3:1875,R3,L3,1875,1891,1875,PASS,partial_inverse
inverse:R3:1877,R3,L3,1877,1893,1877,PASS,partial_inverse
inverse:R3:1881,R3,L3,1881,1897,1881,PASS,partial_inverse
inverse:R3:1927,R3,L3,1927,1931,1927,PASS,partial_inverse
inverse:R3:1931,R3,L3,1931,1939,1931,PASS,partial_inverse
inverse:R3:1933,R3,L3,1933,1941,1933,PASS,partial_inverse
inverse:R3:1939,R3,L3,1939,1955,1939,PASS,partial_inverse
inverse:R3:1941,R3,L3,1941,1957,1941,PASS,partial_inverse
inverse:R3:1945,R3,L3,1945,1961,1945,PASS,partial_inverse
inverse:R3:1955,R3,L3,1955,1987,1955,PASS,partial_inverse
inverse:R3:1957,R3,L3,1957,1989,1957,PASS,partial_inverse
inverse:R3:1961,R3,L3,1961,1993,1961,PASS,partial_inverse
inverse:R3:1969,R3,L3,1969,2001,1969,PASS,partial_inverse
inverse:R3:2167,R3,L3,2167,2171,2167,PASS,partial_inverse
inverse:R3:2231,R3,L3,2231,2235,2231,PASS,partial_inverse
inverse:R3:2263,R3,L3,2263,2267,2263,PASS,partial_inverse
inverse:R3:2279,R3,L3,2279,2283,2279,PASS,partial_inverse
inverse:R3:2283,R3,L3,2283,2291,2283,PASS,partial_inverse
inverse:R3:2285,R3,L3,2285,2293,2285,PASS,partial_inverse
inverse:R3:2359,R3,L3,2359,2363,2359,PASS,partial_inverse
inverse:R3:2391,R3,L3,2391,2395,2391,PASS,partial_inverse
inverse:R3:2407,R3,L3,2407,2411,2407,PASS,partial_inverse
inverse:R3:2411,R3,L3,2411,2419,2411,PASS,partial_inverse
inverse:R3:2413,R3,L3,2413,2421,2413,PASS,partial_inverse
inverse:R3:2455,R3,L3,2455,2459,2455,PASS,partial_inverse
inverse:R3:2471,R3,L3,2471,2475,2471,PASS,partial_inverse
inverse:R3:2475,R3,L3,2475,2483,2475,PASS,partial_inverse
inverse:R3:2477,R3,L3,2477,2485,2477,PASS,partial_inverse
inverse:R3:2503,R3,L3,2503,2507,2503,PASS,partial_inverse
inverse:R3:2507,R3,L3,2507,2515,2507,PASS,partial_inverse
inverse:R3:2509,R3,L3,2509,2517,2509,PASS,partial_inverse
inverse:R3:2515,R3,L3,2515,2531,2515,PASS,partial_inverse
inverse:R3:2517,R3,L3,2517,2533,2517,PASS,partial_inverse
inverse:R3:2521,R3,L3,2521,2537,2521,PASS,partial_inverse
inverse:R3:2615,R3,L3,2615,2619,2615,PASS,partial_inverse
inverse:R3:2647,R3,L3,2647,2651,2647,PASS,partial_inverse
inverse:R3:2663,R3,L3,2663,2667,2663,PASS,partial_inverse
inverse:R3:2667,R3,L3,2667,2675,2667,PASS,partial_inverse
inverse:R3:2669,R3,L3,2669,2677,2669,PASS,partial_inverse
inverse:R3:2711,R3,L3,2711,2715,2711,PASS,partial_inverse
inverse:R3:2727,R3,L3,2727,2731,2727,PASS,partial_inverse
inverse:R3:2731,R3,L3,2731,2739,2731,PASS,partial_inverse
inverse:R3:2733,R3,L3,2733,2741,2733,PASS,partial_inverse
inverse:R3:2759,R3,L3,2759,2763,2759,PASS,partial_inverse
inverse:R3:2763,R3,L3,2763,2771,2763,PASS,partial_inverse
inverse:R3:2765,R3,L3,2765,2773,2765,PASS,partial_inverse
inverse:R3:2771,R3,L3,2771,2787,2771,PASS,partial_inverse
inverse:R3:2773,R3,L3,2773,2789,2773,PASS,partial_inverse
inverse:R3:2777,R3,L3,2777,2793,2777,PASS,partial_inverse
inverse:R3:2839,R3,L3,2839,2843,2839,PASS,partial_inverse
inverse:R3:2855,R3,L3,2855,2859,2855,PASS,partial_inverse
inverse:R3:2859,R3,L3,2859,2867,2859,PASS,partial_inverse
inverse:R3:2861,R3,L3,2861,2869,2861,PASS,partial_inverse
inverse:R3:2887,R3,L3,2887,2891,2887,PASS,partial_inverse
inverse:R3:2891,R3,L3,2891,2899,2891,PASS,partial_inverse
inverse:R3:2893,R3,L3,2893,2901,2893,PASS,partial_inverse
inverse:R3:2899,R3,L3,2899,2915,2899,PASS,partial_inverse
inverse:R3:2901,R3,L3,2901,2917,2901,PASS,partial_inverse
inverse:R3:2905,R3,L3,2905,2921,2905,PASS,partial_inverse
inverse:R3:2951,R3,L3,2951,2955,2951,PASS,partial_inverse
inverse:R3:2955,R3,L3,2955,2963,2955,PASS,partial_inverse
inverse:R3:2957,R3,L3,2957,2965,2957,PASS,partial_inverse
inverse:R3:2963,R3,L3,2963,2979,2963,PASS,partial_inverse
inverse:R3:2965,R3,L3,2965,2981,2965,PASS,partial_inverse
inverse:R3:2969,R3,L3,2969,2985,2969,PASS,partial_inverse
inverse:R3:2979,R3,L3,2979,3011,2979,PASS,partial_inverse
inverse:R3:2981,R3,L3,2981,3013,2981,PASS,partial_inverse
inverse:R3:2985,R3,L3,2985,3017,2985,PASS,partial_inverse
inverse:R3:2993,R3,L3,2993,3025,2993,PASS,partial_inverse
inverse:R3:3127,R3,L3,3127,3131,3127,PASS,partial_inverse
inverse:R3:3159,R3,L3,3159,3163,3159,PASS,partial_inverse
inverse:R3:3175,R3,L3,3175,3179,3175,PASS,partial_inverse
inverse:R3:3179,R3,L3,3179,3187,3179,PASS,partial_inverse
inverse:R3:3181,R3,L3,3181,3189,3181,PASS,partial_inverse
inverse:R3:3223,R3,L3,3223,3227,3223,PASS,partial_inverse
inverse:R3:3239,R3,L3,3239,3243,3239,PASS,partial_inverse
inverse:R3:3243,R3,L3,3243,3251,3243,PASS,partial_inverse
inverse:R3:3245,R3,L3,3245,3253,3245,PASS,partial_inverse
inverse:R3:3271,R3,L3,3271,3275,3271,PASS,partial_inverse
inverse:R3:3275,R3,L3,3275,3283,3275,PASS,partial_inverse
inverse:R3:3277,R3,L3,3277,3285,3277,PASS,partial_inverse
inverse:R3:3283,R3,L3,3283,3299,3283,PASS,partial_inverse
inverse:R3:3285,R3,L3,3285,3301,3285,PASS,partial_inverse
inverse:R3:3289,R3,L3,3289,3305,3289,PASS,partial_inverse
inverse:R3:3351,R3,L3,3351,3355,3351,PASS,partial_inverse
inverse:R3:3367,R3,L3,3367,3371,3367,PASS,partial_inverse
inverse:R3:3371,R3,L3,3371,3379,3371,PASS,partial_inverse
inverse:R3:3373,R3,L3,3373,3381,3373,PASS,partial_inverse
inverse:R3:3399,R3,L3,3399,3403,3399,PASS,partial_inverse
inverse:R3:3403,R3,L3,3403,3411,3403,PASS,partial_inverse
inverse:R3:3405,R3,L3,3405,3413,3405,PASS,partial_inverse
inverse:R3:3411,R3,L3,3411,3427,3411,PASS,partial_inverse
inverse:R3:3413,R3,L3,3413,3429,3413,PASS,partial_inverse
inverse:R3:3417,R3,L3,3417,3433,3417,PASS,partial_inverse
inverse:R3:3463,R3,L3,3463,3467,3463,PASS,partial_inverse
inverse:R3:3467,R3,L3,3467,3475,3467,PASS,partial_inverse
inverse:R3:3469,R3,L3,3469,3477,3469,PASS,partial_inverse
inverse:R3:3475,R3,L3,3475,3491,3475,PASS,partial_inverse
inverse:R3:3477,R3,L3,3477,3493,3477,PASS,partial_inverse
inverse:R3:3481,R3,L3,3481,3497,3481,PASS,partial_inverse
inverse:R3:3491,R3,L3,3491,3523,3491,PASS,partial_inverse
inverse:R3:3493,R3,L3,3493,3525,3493,PASS,partial_inverse
inverse:R3:3497,R3,L3,3497,3529,3497,PASS,partial_inverse
inverse:R3:3505,R3,L3,3505,3537,3505,PASS,partial_inverse
inverse:R3:3607,R3,L3,3607,3611,3607,PASS,partial_inverse
inverse:R3:3623,R3,L3,3623,3627,3623,PASS,partial_inverse
inverse:R3:3627,R3,L3,3627,3635,3627,PASS,partial_inverse
inverse:R3:3629,R3,L3,3629,3637,3629,PASS,partial_inverse
inverse:R3:3655,R3,L3,3655,3659,3655,PASS,partial_inverse
inverse:R3:3659,R3,L3,3659,3667,3659,PASS,partial_inverse
inverse:R3:3661,R3,L3,3661,3669,3661,PASS,partial_inverse
inverse:R3:3667,R3,L3,3667,3683,3667,PASS,partial_inverse
inverse:R3:3669,R3,L3,3669,3685,3669,PASS,partial_inverse
inverse:R3:3673,R3,L3,3673,3689,3673,PASS,partial_inverse
inverse:R3:3719,R3,L3,3719,3723,3719,PASS,partial_inverse
inverse:R3:3723,R3,L3,3723,3731,3723,PASS,partial_inverse
inverse:R3:3725,R3,L3,3725,3733,3725,PASS,partial_inverse
inverse:R3:3731,R3,L3,3731,3747,3731,PASS,partial_inverse
inverse:R3:3733,R3,L3,3733,3749,3733,PASS,partial_inverse
inverse:R3:3737,R3,L3,3737,3753,3737,PASS,partial_inverse
inverse:R3:3747,R3,L3,3747,3779,3747,PASS,partial_inverse
inverse:R3:3749,R3,L3,3749,3781,3749,PASS,partial_inverse
inverse:R3:3753,R3,L3,3753,3785,3753,PASS,partial_inverse
inverse:R3:3761,R3,L3,3761,3793,3761,PASS,partial_inverse
inverse:R3:3847,R3,L3,3847,3851,3847,PASS,partial_inverse
inverse:R3:3851,R3,L3,3851,3859,3851,PASS,partial_inverse
inverse:R3:3853,R3,L3,3853,3861,3853,PASS,partial_inverse
inverse:R3:3859,R3,L3,3859,3875,3859,PASS,partial_inverse
inverse:R3:3861,R3,L3,3861,3877,3861,PASS,partial_inverse
inverse:R3:3865,R3,L3,3865,3881,3865,PASS,partial_inverse
inverse:R3:3875,R3,L3,3875,3907,3875,PASS,partial_inverse
inverse:R3:3877,R3,L3,3877,3909,3877,PASS,partial_inverse
inverse:R3:3881,R3,L3,3881,3913,3881,PASS,partial_inverse
inverse:R3:3889,R3,L3,3889,3921,3889,PASS,partial_inverse
inverse:R3:3907,R3,L3,3907,3971,3907,PASS,partial_inverse
inverse:R3:3909,R3,L3,3909,3973,3909,PASS,partial_inverse
inverse:R3:3913,R3,L3,3913,3977,3913,PASS,partial_inverse
inverse:R3:3921,R3,L3,3921,3985,3921,PASS,partial_inverse
inverse:R3:3937,R3,L3,3937,4001,3937,PASS,partial_inverse
inverse:L3:251,L3,R3,251,247,251,PASS,partial_inverse
inverse:L3:379,L3,R3,379,375,379,PASS,partial_inverse
inverse:L3:443,L3,R3,443,439,443,PASS,partial_inverse
inverse:L3:475,L3,R3,475,471,475,PASS,partial_inverse
inverse:L3:491,L3,R3,491,487,491,PASS,partial_inverse
inverse:L3:499,L3,R3,499,491,499,PASS,partial_inverse
inverse:L3:501,L3,R3,501,493,501,PASS,partial_inverse
inverse:L3:635,L3,R3,635,631,635,PASS,partial_inverse
inverse:L3:699,L3,R3,699,695,699,PASS,partial_inverse
inverse:L3:731,L3,R3,731,727,731,PASS,partial_inverse
inverse:L3:747,L3,R3,747,743,747,PASS,partial_inverse
inverse:L3:755,L3,R3,755,747,755,PASS,partial_inverse
inverse:L3:757,L3,R3,757,749,757,PASS,partial_inverse
inverse:L3:827,L3,R3,827,823,827,PASS,partial_inverse
inverse:L3:859,L3,R3,859,855,859,PASS,partial_inverse
inverse:L3:875,L3,R3,875,871,875,PASS,partial_inverse
inverse:L3:883,L3,R3,883,875,883,PASS,partial_inverse
inverse:L3:885,L3,R3,885,877,885,PASS,partial_inverse
inverse:L3:923,L3,R3,923,919,923,PASS,partial_inverse
inverse:L3:939,L3,R3,939,935,939,PASS,partial_inverse
inverse:L3:947,L3,R3,947,939,947,PASS,partial_inverse
inverse:L3:949,L3,R3,949,941,949,PASS,partial_inverse
inverse:L3:971,L3,R3,971,967,971,PASS,partial_inverse
inverse:L3:979,L3,R3,979,971,979,PASS,partial_inverse
inverse:L3:981,L3,R3,981,973,981,PASS,partial_inverse
inverse:L3:995,L3,R3,995,979,995,PASS,partial_inverse
inverse:L3:997,L3,R3,997,981,997,PASS,partial_inverse
inverse:L3:1001,L3,R3,1001,985,1001,PASS,partial_inverse
inverse:L3:1147,L3,R3,1147,1143,1147,PASS,partial_inverse
inverse:L3:1211,L3,R3,1211,1207,1211,PASS,partial_inverse
inverse:L3:1243,L3,R3,1243,1239,1243,PASS,partial_inverse
inverse:L3:1259,L3,R3,1259,1255,1259,PASS,partial_inverse
inverse:L3:1267,L3,R3,1267,1259,1267,PASS,partial_inverse
inverse:L3:1269,L3,R3,1269,1261,1269,PASS,partial_inverse
inverse:L3:1339,L3,R3,1339,1335,1339,PASS,partial_inverse
inverse:L3:1371,L3,R3,1371,1367,1371,PASS,partial_inverse
inverse:L3:1387,L3,R3,1387,1383,1387,PASS,partial_inverse
inverse:L3:1395,L3,R3,1395,1387,1395,PASS,partial_inverse
inverse:L3:1397,L3,R3,1397,1389,1397,PASS,partial_inverse
inverse:L3:1435,L3,R3,1435,1431,1435,PASS,partial_inverse
inverse:L3:1451,L3,R3,1451,1447,1451,PASS,partial_inverse
inverse:L3:1459,L3,R3,1459,1451,1459,PASS,partial_inverse
inverse:L3:1461,L3,R3,1461,1453,1461,PASS,partial_inverse
inverse:L3:1483,L3,R3,1483,1479,1483,PASS,partial_inverse
inverse:L3:1491,L3,R3,1491,1483,1491,PASS,partial_inverse
inverse:L3:1493,L3,R3,1493,1485,1493,PASS,partial_inverse
inverse:L3:1507,L3,R3,1507,1491,1507,PASS,partial_inverse
inverse:L3:1509,L3,R3,1509,1493,1509,PASS,partial_inverse
inverse:L3:1513,L3,R3,1513,1497,1513,PASS,partial_inverse
inverse:L3:1595,L3,R3,1595,1591,1595,PASS,partial_inverse
inverse:L3:1627,L3,R3,1627,1623,1627,PASS,partial_inverse
inverse:L3:1643,L3,R3,1643,1639,1643,PASS,partial_inverse
inverse:L3:1651,L3,R3,1651,1643,1651,PASS,partial_inverse
inverse:L3:1653,L3,R3,1653,1645,1653,PASS,partial_inverse
inverse:L3:1691,L3,R3,1691,1687,1691,PASS,partial_inverse
inverse:L3:1707,L3,R3,1707,1703,1707,PASS,partial_inverse
inverse:L3:1715,L3,R3,1715,1707,1715,PASS,partial_inverse
inverse:L3:1717,L3,R3,1717,1709,1717,PASS,partial_inverse
inverse:L3:1739,L3,R3,1739,1735,1739,PASS,partial_inverse
inverse:L3:1747,L3,R3,1747,1739,1747,PASS,partial_inverse
inverse:L3:1749,L3,R3,1749,1741,1749,PASS,partial_inverse
inverse:L3:1763,L3,R3,1763,1747,1763,PASS,partial_inverse
inverse:L3:1765,L3,R3,1765,1749,1765,PASS,partial_inverse
inverse:L3:1769,L3,R3,1769,1753,1769,PASS,partial_inverse
inverse:L3:1819,L3,R3,1819,1815,1819,PASS,partial_inverse
inverse:L3:1835,L3,R3,1835,1831,1835,PASS,partial_inverse
inverse:L3:1843,L3,R3,1843,1835,1843,PASS,partial_inverse
inverse:L3:1845,L3,R3,1845,1837,1845,PASS,partial_inverse
inverse:L3:1867,L3,R3,1867,1863,1867,PASS,partial_inverse
inverse:L3:1875,L3,R3,1875,1867,1875,PASS,partial_inverse
inverse:L3:1877,L3,R3,1877,1869,1877,PASS,partial_inverse
inverse:L3:1891,L3,R3,1891,1875,1891,PASS,partial_inverse
inverse:L3:1893,L3,R3,1893,1877,1893,PASS,partial_inverse
inverse:L3:1897,L3,R3,1897,1881,1897,PASS,partial_inverse
inverse:L3:1931,L3,R3,1931,1927,1931,PASS,partial_inverse
inverse:L3:1939,L3,R3,1939,1931,1939,PASS,partial_inverse
inverse:L3:1941,L3,R3,1941,1933,1941,PASS,partial_inverse
inverse:L3:1955,L3,R3,1955,1939,1955,PASS,partial_inverse
inverse:L3:1957,L3,R3,1957,1941,1957,PASS,partial_inverse
inverse:L3:1961,L3,R3,1961,1945,1961,PASS,partial_inverse
inverse:L3:1987,L3,R3,1987,1955,1987,PASS,partial_inverse
inverse:L3:1989,L3,R3,1989,1957,1989,PASS,partial_inverse
inverse:L3:1993,L3,R3,1993,1961,1993,PASS,partial_inverse
inverse:L3:2001,L3,R3,2001,1969,2001,PASS,partial_inverse
inverse:L3:2171,L3,R3,2171,2167,2171,PASS,partial_inverse
inverse:L3:2235,L3,R3,2235,2231,2235,PASS,partial_inverse
inverse:L3:2267,L3,R3,2267,2263,2267,PASS,partial_inverse
inverse:L3:2283,L3,R3,2283,2279,2283,PASS,partial_inverse
inverse:L3:2291,L3,R3,2291,2283,2291,PASS,partial_inverse
inverse:L3:2293,L3,R3,2293,2285,2293,PASS,partial_inverse
inverse:L3:2363,L3,R3,2363,2359,2363,PASS,partial_inverse
inverse:L3:2395,L3,R3,2395,2391,2395,PASS,partial_inverse
inverse:L3:2411,L3,R3,2411,2407,2411,PASS,partial_inverse
inverse:L3:2419,L3,R3,2419,2411,2419,PASS,partial_inverse
inverse:L3:2421,L3,R3,2421,2413,2421,PASS,partial_inverse
inverse:L3:2459,L3,R3,2459,2455,2459,PASS,partial_inverse
inverse:L3:2475,L3,R3,2475,2471,2475,PASS,partial_inverse
inverse:L3:2483,L3,R3,2483,2475,2483,PASS,partial_inverse
inverse:L3:2485,L3,R3,2485,2477,2485,PASS,partial_inverse
inverse:L3:2507,L3,R3,2507,2503,2507,PASS,partial_inverse
inverse:L3:2515,L3,R3,2515,2507,2515,PASS,partial_inverse
inverse:L3:2517,L3,R3,2517,2509,2517,PASS,partial_inverse
inverse:L3:2531,L3,R3,2531,2515,2531,PASS,partial_inverse
inverse:L3:2533,L3,R3,2533,2517,2533,PASS,partial_inverse
inverse:L3:2537,L3,R3,2537,2521,2537,PASS,partial_inverse
inverse:L3:2619,L3,R3,2619,2615,2619,PASS,partial_inverse
inverse:L3:2651,L3,R3,2651,2647,2651,PASS,partial_inverse
inverse:L3:2667,L3,R3,2667,2663,2667,PASS,partial_inverse
inverse:L3:2675,L3,R3,2675,2667,2675,PASS,partial_inverse
inverse:L3:2677,L3,R3,2677,2669,2677,PASS,partial_inverse
inverse:L3:2715,L3,R3,2715,2711,2715,PASS,partial_inverse
inverse:L3:2731,L3,R3,2731,2727,2731,PASS,partial_inverse
inverse:L3:2739,L3,R3,2739,2731,2739,PASS,partial_inverse
inverse:L3:2741,L3,R3,2741,2733,2741,PASS,partial_inverse
inverse:L3:2763,L3,R3,2763,2759,2763,PASS,partial_inverse
inverse:L3:2771,L3,R3,2771,2763,2771,PASS,partial_inverse
inverse:L3:2773,L3,R3,2773,2765,2773,PASS,partial_inverse
inverse:L3:2787,L3,R3,2787,2771,2787,PASS,partial_inverse
inverse:L3:2789,L3,R3,2789,2773,2789,PASS,partial_inverse
inverse:L3:2793,L3,R3,2793,2777,2793,PASS,partial_inverse
inverse:L3:2843,L3,R3,2843,2839,2843,PASS,partial_inverse
inverse:L3:2859,L3,R3,2859,2855,2859,PASS,partial_inverse
inverse:L3:2867,L3,R3,2867,2859,2867,PASS,partial_inverse
inverse:L3:2869,L3,R3,2869,2861,2869,PASS,partial_inverse
inverse:L3:2891,L3,R3,2891,2887,2891,PASS,partial_inverse
inverse:L3:2899,L3,R3,2899,2891,2899,PASS,partial_inverse
inverse:L3:2901,L3,R3,2901,2893,2901,PASS,partial_inverse
inverse:L3:2915,L3,R3,2915,2899,2915,PASS,partial_inverse
inverse:L3:2917,L3,R3,2917,2901,2917,PASS,partial_inverse
inverse:L3:2921,L3,R3,2921,2905,2921,PASS,partial_inverse
inverse:L3:2955,L3,R3,2955,2951,2955,PASS,partial_inverse
inverse:L3:2963,L3,R3,2963,2955,2963,PASS,partial_inverse
inverse:L3:2965,L3,R3,2965,2957,2965,PASS,partial_inverse
inverse:L3:2979,L3,R3,2979,2963,2979,PASS,partial_inverse
inverse:L3:2981,L3,R3,2981,2965,2981,PASS,partial_inverse
inverse:L3:2985,L3,R3,2985,2969,2985,PASS,partial_inverse
inverse:L3:3011,L3,R3,3011,2979,3011,PASS,partial_inverse
inverse:L3:3013,L3,R3,3013,2981,3013,PASS,partial_inverse
inverse:L3:3017,L3,R3,3017,2985,3017,PASS,partial_inverse
inverse:L3:3025,L3,R3,3025,2993,3025,PASS,partial_inverse
inverse:L3:3131,L3,R3,3131,3127,3131,PASS,partial_inverse
inverse:L3:3163,L3,R3,3163,3159,3163,PASS,partial_inverse
inverse:L3:3179,L3,R3,3179,3175,3179,PASS,partial_inverse
inverse:L3:3187,L3,R3,3187,3179,3187,PASS,partial_inverse
inverse:L3:3189,L3,R3,3189,3181,3189,PASS,partial_inverse
inverse:L3:3227,L3,R3,3227,3223,3227,PASS,partial_inverse
inverse:L3:3243,L3,R3,3243,3239,3243,PASS,partial_inverse
inverse:L3:3251,L3,R3,3251,3243,3251,PASS,partial_inverse
inverse:L3:3253,L3,R3,3253,3245,3253,PASS,partial_inverse
inverse:L3:3275,L3,R3,3275,3271,3275,PASS,partial_inverse
inverse:L3:3283,L3,R3,3283,3275,3283,PASS,partial_inverse
inverse:L3:3285,L3,R3,3285,3277,3285,PASS,partial_inverse
inverse:L3:3299,L3,R3,3299,3283,3299,PASS,partial_inverse
inverse:L3:3301,L3,R3,3301,3285,3301,PASS,partial_inverse
inverse:L3:3305,L3,R3,3305,3289,3305,PASS,partial_inverse
inverse:L3:3355,L3,R3,3355,3351,3355,PASS,partial_inverse
inverse:L3:3371,L3,R3,3371,3367,3371,PASS,partial_inverse
inverse:L3:3379,L3,R3,3379,3371,3379,PASS,partial_inverse
inverse:L3:3381,L3,R3,3381,3373,3381,PASS,partial_inverse
inverse:L3:3403,L3,R3,3403,3399,3403,PASS,partial_inverse
inverse:L3:3411,L3,R3,3411,3403,3411,PASS,partial_inverse
inverse:L3:3413,L3,R3,3413,3405,3413,PASS,partial_inverse
inverse:L3:3427,L3,R3,3427,3411,3427,PASS,partial_inverse
inverse:L3:3429,L3,R3,3429,3413,3429,PASS,partial_inverse
inverse:L3:3433,L3,R3,3433,3417,3433,PASS,partial_inverse
inverse:L3:3467,L3,R3,3467,3463,3467,PASS,partial_inverse
inverse:L3:3475,L3,R3,3475,3467,3475,PASS,partial_inverse
inverse:L3:3477,L3,R3,3477,3469,3477,PASS,partial_inverse
inverse:L3:3491,L3,R3,3491,3475,3491,PASS,partial_inverse
inverse:L3:3493,L3,R3,3493,3477,3493,PASS,partial_inverse
inverse:L3:3497,L3,R3,3497,3481,3497,PASS,partial_inverse
inverse:L3:3523,L3,R3,3523,3491,3523,PASS,partial_inverse
inverse:L3:3525,L3,R3,3525,3493,3525,PASS,partial_inverse
inverse:L3:3529,L3,R3,3529,3497,3529,PASS,partial_inverse
inverse:L3:3537,L3,R3,3537,3505,3537,PASS,partial_inverse
inverse:L3:3611,L3,R3,3611,3607,3611,PASS,partial_inverse
inverse:L3:3627,L3,R3,3627,3623,3627,PASS,partial_inverse
inverse:L3:3635,L3,R3,3635,3627,3635,PASS,partial_inverse
inverse:L3:3637,L3,R3,3637,3629,3637,PASS,partial_inverse
inverse:L3:3659,L3,R3,3659,3655,3659,PASS,partial_inverse
inverse:L3:3667,L3,R3,3667,3659,3667,PASS,partial_inverse
inverse:L3:3669,L3,R3,3669,3661,3669,PASS,partial_inverse
inverse:L3:3683,L3,R3,3683,3667,3683,PASS,partial_inverse
inverse:L3:3685,L3,R3,3685,3669,3685,PASS,partial_inverse
inverse:L3:3689,L3,R3,3689,3673,3689,PASS,partial_inverse
inverse:L3:3723,L3,R3,3723,3719,3723,PASS,partial_inverse
inverse:L3:3731,L3,R3,3731,3723,3731,PASS,partial_inverse
inverse:L3:3733,L3,R3,3733,3725,3733,PASS,partial_inverse
inverse:L3:3747,L3,R3,3747,3731,3747,PASS,partial_inverse
inverse:L3:3749,L3,R3,3749,3733,3749,PASS,partial_inverse
inverse:L3:3753,L3,R3,3753,3737,3753,PASS,partial_inverse
inverse:L3:3779,L3,R3,3779,3747,3779,PASS,partial_inverse
inverse:L3:3781,L3,R3,3781,3749,3781,PASS,partial_inverse
inverse:L3:3785,L3,R3,3785,3753,3785,PASS,partial_inverse
inverse:L3:3793,L3,R3,3793,3761,3793,PASS,partial_inverse
inverse:L3:3851,L3,R3,3851,3847,3851,PASS,partial_inverse
inverse:L3:3859,L3,R3,3859,3851,3859,PASS,partial_inverse
inverse:L3:3861,L3,R3,3861,3853,3861,PASS,partial_inverse
inverse:L3:3875,L3,R3,3875,3859,3875,PASS,partial_inverse
inverse:L3:3877,L3,R3,3877,3861,3877,PASS,partial_inverse
inverse:L3:3881,L3,R3,3881,3865,3881,PASS,partial_inverse
inverse:L3:3907,L3,R3,3907,3875,3907,PASS,partial_inverse
inverse:L3:3909,L3,R3,3909,3877,3909,PASS,partial_inverse
inverse:L3:3913,L3,R3,3913,3881,3913,PASS,partial_inverse
inverse:L3:3921,L3,R3,3921,3889,3921,PASS,partial_inverse
inverse:L3:3971,L3,R3,3971,3907,3971,PASS,partial_inverse
inverse:L3:3973,L3,R3,3973,3909,3973,PASS,partial_inverse
inverse:L3:3977,L3,R3,3977,3913,3977,PASS,partial_inverse
inverse:L3:3985,L3,R3,3985,3921,3985,PASS,partial_inverse
inverse:L3:4001,L3,R3,4001,3937,4001,PASS,partial_inverse
inverse:R4:239,R4,L4,239,247,239,PASS,partial_inverse
inverse:R4:367,R4,L4,367,375,367,PASS,partial_inverse
inverse:R4:431,R4,L4,431,439,431,PASS,partial_inverse
inverse:R4:463,R4,L4,463,471,463,PASS,partial_inverse
inverse:R4:471,R4,L4,471,487,471,PASS,partial_inverse
inverse:R4:475,R4,L4,475,491,475,PASS,partial_inverse
inverse:R4:477,R4,L4,477,493,477,PASS,partial_inverse
inverse:R4:623,R4,L4,623,631,623,PASS,partial_inverse
inverse:R4:687,R4,L4,687,695,687,PASS,partial_inverse
inverse:R4:719,R4,L4,719,727,719,PASS,partial_inverse
inverse:R4:727,R4,L4,727,743,727,PASS,partial_inverse
inverse:R4:731,R4,L4,731,747,731,PASS,partial_inverse
inverse:R4:733,R4,L4,733,749,733,PASS,partial_inverse
inverse:R4:815,R4,L4,815,823,815,PASS,partial_inverse
inverse:R4:847,R4,L4,847,855,847,PASS,partial_inverse
inverse:R4:855,R4,L4,855,871,855,PASS,partial_inverse
inverse:R4:859,R4,L4,859,875,859,PASS,partial_inverse
inverse:R4:861,R4,L4,861,877,861,PASS,partial_inverse
inverse:R4:911,R4,L4,911,919,911,PASS,partial_inverse
inverse:R4:919,R4,L4,919,935,919,PASS,partial_inverse
inverse:R4:923,R4,L4,923,939,923,PASS,partial_inverse
inverse:R4:925,R4,L4,925,941,925,PASS,partial_inverse
inverse:R4:935,R4,L4,935,967,935,PASS,partial_inverse
inverse:R4:939,R4,L4,939,971,939,PASS,partial_inverse
inverse:R4:941,R4,L4,941,973,941,PASS,partial_inverse
inverse:R4:947,R4,L4,947,979,947,PASS,partial_inverse
inverse:R4:949,R4,L4,949,981,949,PASS,partial_inverse
inverse:R4:953,R4,L4,953,985,953,PASS,partial_inverse
inverse:R4:1135,R4,L4,1135,1143,1135,PASS,partial_inverse
inverse:R4:1199,R4,L4,1199,1207,1199,PASS,partial_inverse
inverse:R4:1231,R4,L4,1231,1239,1231,PASS,partial_inverse
inverse:R4:1239,R4,L4,1239,1255,1239,PASS,partial_inverse
inverse:R4:1243,R4,L4,1243,1259,1243,PASS,partial_inverse
inverse:R4:1245,R4,L4,1245,1261,1245,PASS,partial_inverse
inverse:R4:1327,R4,L4,1327,1335,1327,PASS,partial_inverse
inverse:R4:1359,R4,L4,1359,1367,1359,PASS,partial_inverse
inverse:R4:1367,R4,L4,1367,1383,1367,PASS,partial_inverse
inverse:R4:1371,R4,L4,1371,1387,1371,PASS,partial_inverse
inverse:R4:1373,R4,L4,1373,1389,1373,PASS,partial_inverse
inverse:R4:1423,R4,L4,1423,1431,1423,PASS,partial_inverse
inverse:R4:1431,R4,L4,1431,1447,1431,PASS,partial_inverse
inverse:R4:1435,R4,L4,1435,1451,1435,PASS,partial_inverse
inverse:R4:1437,R4,L4,1437,1453,1437,PASS,partial_inverse
inverse:R4:1447,R4,L4,1447,1479,1447,PASS,partial_inverse
inverse:R4:1451,R4,L4,1451,1483,1451,PASS,partial_inverse
inverse:R4:1453,R4,L4,1453,1485,1453,PASS,partial_inverse
inverse:R4:1459,R4,L4,1459,1491,1459,PASS,partial_inverse
inverse:R4:1461,R4,L4,1461,1493,1461,PASS,partial_inverse
inverse:R4:1465,R4,L4,1465,1497,1465,PASS,partial_inverse
inverse:R4:1583,R4,L4,1583,1591,1583,PASS,partial_inverse
inverse:R4:1615,R4,L4,1615,1623,1615,PASS,partial_inverse
inverse:R4:1623,R4,L4,1623,1639,1623,PASS,partial_inverse
inverse:R4:1627,R4,L4,1627,1643,1627,PASS,partial_inverse
inverse:R4:1629,R4,L4,1629,1645,1629,PASS,partial_inverse
inverse:R4:1679,R4,L4,1679,1687,1679,PASS,partial_inverse
inverse:R4:1687,R4,L4,1687,1703,1687,PASS,partial_inverse
inverse:R4:1691,R4,L4,1691,1707,1691,PASS,partial_inverse
inverse:R4:1693,R4,L4,1693,1709,1693,PASS,partial_inverse
inverse:R4:1703,R4,L4,1703,1735,1703,PASS,partial_inverse
inverse:R4:1707,R4,L4,1707,1739,1707,PASS,partial_inverse
inverse:R4:1709,R4,L4,1709,1741,1709,PASS,partial_inverse
inverse:R4:1715,R4,L4,1715,1747,1715,PASS,partial_inverse
inverse:R4:1717,R4,L4,1717,1749,1717,PASS,partial_inverse
inverse:R4:1721,R4,L4,1721,1753,1721,PASS,partial_inverse
inverse:R4:1807,R4,L4,1807,1815,1807,PASS,partial_inverse
inverse:R4:1815,R4,L4,1815,1831,1815,PASS,partial_inverse
inverse:R4:1819,R4,L4,1819,1835,1819,PASS,partial_inverse
inverse:R4:1821,R4,L4,1821,1837,1821,PASS,partial_inverse
inverse:R4:1831,R4,L4,1831,1863,1831,PASS,partial_inverse
inverse:R4:1835,R4,L4,1835,1867,1835,PASS,partial_inverse
inverse:R4:1837,R4,L4,1837,1869,1837,PASS,partial_inverse
inverse:R4:1843,R4,L4,1843,1875,1843,PASS,partial_inverse
inverse:R4:1845,R4,L4,1845,1877,1845,PASS,partial_inverse
inverse:R4:1849,R4,L4,1849,1881,1849,PASS,partial_inverse
inverse:R4:1863,R4,L4,1863,1927,1863,PASS,partial_inverse
inverse:R4:1867,R4,L4,1867,1931,1867,PASS,partial_inverse
inverse:R4:1869,R4,L4,1869,1933,1869,PASS,partial_inverse
inverse:R4:1875,R4,L4,1875,1939,1875,PASS,partial_inverse
inverse:R4:1877,R4,L4,1877,1941,1877,PASS,partial_inverse
inverse:R4:1881,R4,L4,1881,1945,1881,PASS,partial_inverse
inverse:R4:1891,R4,L4,1891,1955,1891,PASS,partial_inverse
inverse:R4:1893,R4,L4,1893,1957,1893,PASS,partial_inverse
inverse:R4:1897,R4,L4,1897,1961,1897,PASS,partial_inverse
inverse:R4:1905,R4,L4,1905,1969,1905,PASS,partial_inverse
inverse:R4:2159,R4,L4,2159,2167,2159,PASS,partial_inverse
inverse:R4:2223,R4,L4,2223,2231,2223,PASS,partial_inverse
inverse:R4:2255,R4,L4,2255,2263,2255,PASS,partial_inverse
inverse:R4:2263,R4,L4,2263,2279,2263,PASS,partial_inverse
inverse:R4:2267,R4,L4,2267,2283,2267,PASS,partial_inverse
inverse:R4:2269,R4,L4,2269,2285,2269,PASS,partial_inverse
inverse:R4:2351,R4,L4,2351,2359,2351,PASS,partial_inverse
inverse:R4:2383,R4,L4,2383,2391,2383,PASS,partial_inverse
inverse:R4:2391,R4,L4,2391,2407,2391,PASS,partial_inverse
inverse:R4:2395,R4,L4,2395,2411,2395,PASS,partial_inverse
inverse:R4:2397,R4,L4,2397,2413,2397,PASS,partial_inverse
inverse:R4:2447,R4,L4,2447,2455,2447,PASS,partial_inverse
inverse:R4:2455,R4,L4,2455,2471,2455,PASS,partial_inverse
inverse:R4:2459,R4,L4,2459,2475,2459,PASS,partial_inverse
inverse:R4:2461,R4,L4,2461,2477,2461,PASS,partial_inverse
inverse:R4:2471,R4,L4,2471,2503,2471,PASS,partial_inverse
inverse:R4:2475,R4,L4,2475,2507,2475,PASS,partial_inverse
inverse:R4:2477,R4,L4,2477,2509,2477,PASS,partial_inverse
inverse:R4:2483,R4,L4,2483,2515,2483,PASS,partial_inverse
inverse:R4:2485,R4,L4,2485,2517,2485,PASS,partial_inverse
inverse:R4:2489,R4,L4,2489,2521,2489,PASS,partial_inverse
inverse:R4:2607,R4,L4,2607,2615,2607,PASS,partial_inverse
inverse:R4:2639,R4,L4,2639,2647,2639,PASS,partial_inverse
inverse:R4:2647,R4,L4,2647,2663,2647,PASS,partial_inverse
inverse:R4:2651,R4,L4,2651,2667,2651,PASS,partial_inverse
inverse:R4:2653,R4,L4,2653,2669,2653,PASS,partial_inverse
inverse:R4:2703,R4,L4,2703,2711,2703,PASS,partial_inverse
inverse:R4:2711,R4,L4,2711,2727,2711,PASS,partial_inverse
inverse:R4:2715,R4,L4,2715,2731,2715,PASS,partial_inverse
inverse:R4:2717,R4,L4,2717,2733,2717,PASS,partial_inverse
inverse:R4:2727,R4,L4,2727,2759,2727,PASS,partial_inverse
inverse:R4:2731,R4,L4,2731,2763,2731,PASS,partial_inverse
inverse:R4:2733,R4,L4,2733,2765,2733,PASS,partial_inverse
inverse:R4:2739,R4,L4,2739,2771,2739,PASS,partial_inverse
inverse:R4:2741,R4,L4,2741,2773,2741,PASS,partial_inverse
inverse:R4:2745,R4,L4,2745,2777,2745,PASS,partial_inverse
inverse:R4:2831,R4,L4,2831,2839,2831,PASS,partial_inverse
inverse:R4:2839,R4,L4,2839,2855,2839,PASS,partial_inverse
inverse:R4:2843,R4,L4,2843,2859,2843,PASS,partial_inverse
inverse:R4:2845,R4,L4,2845,2861,2845,PASS,partial_inverse
inverse:R4:2855,R4,L4,2855,2887,2855,PASS,partial_inverse
inverse:R4:2859,R4,L4,2859,2891,2859,PASS,partial_inverse
inverse:R4:2861,R4,L4,2861,2893,2861,PASS,partial_inverse
inverse:R4:2867,R4,L4,2867,2899,2867,PASS,partial_inverse
inverse:R4:2869,R4,L4,2869,2901,2869,PASS,partial_inverse
inverse:R4:2873,R4,L4,2873,2905,2873,PASS,partial_inverse
inverse:R4:2887,R4,L4,2887,2951,2887,PASS,partial_inverse
inverse:R4:2891,R4,L4,2891,2955,2891,PASS,partial_inverse
inverse:R4:2893,R4,L4,2893,2957,2893,PASS,partial_inverse
inverse:R4:2899,R4,L4,2899,2963,2899,PASS,partial_inverse
inverse:R4:2901,R4,L4,2901,2965,2901,PASS,partial_inverse
inverse:R4:2905,R4,L4,2905,2969,2905,PASS,partial_inverse
inverse:R4:2915,R4,L4,2915,2979,2915,PASS,partial_inverse
inverse:R4:2917,R4,L4,2917,2981,2917,PASS,partial_inverse
inverse:R4:2921,R4,L4,2921,2985,2921,PASS,partial_inverse
inverse:R4:2929,R4,L4,2929,2993,2929,PASS,partial_inverse
inverse:R4:3119,R4,L4,3119,3127,3119,PASS,partial_inverse
inverse:R4:3151,R4,L4,3151,3159,3151,PASS,partial_inverse
inverse:R4:3159,R4,L4,3159,3175,3159,PASS,partial_inverse
inverse:R4:3163,R4,L4,3163,3179,3163,PASS,partial_inverse
inverse:R4:3165,R4,L4,3165,3181,3165,PASS,partial_inverse
inverse:R4:3215,R4,L4,3215,3223,3215,PASS,partial_inverse
inverse:R4:3223,R4,L4,3223,3239,3223,PASS,partial_inverse
inverse:R4:3227,R4,L4,3227,3243,3227,PASS,partial_inverse
inverse:R4:3229,R4,L4,3229,3245,3229,PASS,partial_inverse
inverse:R4:3239,R4,L4,3239,3271,3239,PASS,partial_inverse
inverse:R4:3243,R4,L4,3243,3275,3243,PASS,partial_inverse
inverse:R4:3245,R4,L4,3245,3277,3245,PASS,partial_inverse
inverse:R4:3251,R4,L4,3251,3283,3251,PASS,partial_inverse
inverse:R4:3253,R4,L4,3253,3285,3253,PASS,partial_inverse
inverse:R4:3257,R4,L4,3257,3289,3257,PASS,partial_inverse
inverse:R4:3343,R4,L4,3343,3351,3343,PASS,partial_inverse
inverse:R4:3351,R4,L4,3351,3367,3351,PASS,partial_inverse
inverse:R4:3355,R4,L4,3355,3371,3355,PASS,partial_inverse
inverse:R4:3357,R4,L4,3357,3373,3357,PASS,partial_inverse
inverse:R4:3367,R4,L4,3367,3399,3367,PASS,partial_inverse
inverse:R4:3371,R4,L4,3371,3403,3371,PASS,partial_inverse
inverse:R4:3373,R4,L4,3373,3405,3373,PASS,partial_inverse
inverse:R4:3379,R4,L4,3379,3411,3379,PASS,partial_inverse
inverse:R4:3381,R4,L4,3381,3413,3381,PASS,partial_inverse
inverse:R4:3385,R4,L4,3385,3417,3385,PASS,partial_inverse
inverse:R4:3399,R4,L4,3399,3463,3399,PASS,partial_inverse
inverse:R4:3403,R4,L4,3403,3467,3403,PASS,partial_inverse
inverse:R4:3405,R4,L4,3405,3469,3405,PASS,partial_inverse
inverse:R4:3411,R4,L4,3411,3475,3411,PASS,partial_inverse
inverse:R4:3413,R4,L4,3413,3477,3413,PASS,partial_inverse
inverse:R4:3417,R4,L4,3417,3481,3417,PASS,partial_inverse
inverse:R4:3427,R4,L4,3427,3491,3427,PASS,partial_inverse
inverse:R4:3429,R4,L4,3429,3493,3429,PASS,partial_inverse
inverse:R4:3433,R4,L4,3433,3497,3433,PASS,partial_inverse
inverse:R4:3441,R4,L4,3441,3505,3441,PASS,partial_inverse
inverse:R4:3599,R4,L4,3599,3607,3599,PASS,partial_inverse
inverse:R4:3607,R4,L4,3607,3623,3607,PASS,partial_inverse
inverse:R4:3611,R4,L4,3611,3627,3611,PASS,partial_inverse
inverse:R4:3613,R4,L4,3613,3629,3613,PASS,partial_inverse
inverse:R4:3623,R4,L4,3623,3655,3623,PASS,partial_inverse
inverse:R4:3627,R4,L4,3627,3659,3627,PASS,partial_inverse
inverse:R4:3629,R4,L4,3629,3661,3629,PASS,partial_inverse
inverse:R4:3635,R4,L4,3635,3667,3635,PASS,partial_inverse
inverse:R4:3637,R4,L4,3637,3669,3637,PASS,partial_inverse
inverse:R4:3641,R4,L4,3641,3673,3641,PASS,partial_inverse
inverse:R4:3655,R4,L4,3655,3719,3655,PASS,partial_inverse
inverse:R4:3659,R4,L4,3659,3723,3659,PASS,partial_inverse
inverse:R4:3661,R4,L4,3661,3725,3661,PASS,partial_inverse
inverse:R4:3667,R4,L4,3667,3731,3667,PASS,partial_inverse
inverse:R4:3669,R4,L4,3669,3733,3669,PASS,partial_inverse
inverse:R4:3673,R4,L4,3673,3737,3673,PASS,partial_inverse
inverse:R4:3683,R4,L4,3683,3747,3683,PASS,partial_inverse
inverse:R4:3685,R4,L4,3685,3749,3685,PASS,partial_inverse
inverse:R4:3689,R4,L4,3689,3753,3689,PASS,partial_inverse
inverse:R4:3697,R4,L4,3697,3761,3697,PASS,partial_inverse
inverse:R4:3719,R4,L4,3719,3847,3719,PASS,partial_inverse
inverse:R4:3723,R4,L4,3723,3851,3723,PASS,partial_inverse
inverse:R4:3725,R4,L4,3725,3853,3725,PASS,partial_inverse
inverse:R4:3731,R4,L4,3731,3859,3731,PASS,partial_inverse
inverse:R4:3733,R4,L4,3733,3861,3733,PASS,partial_inverse
inverse:R4:3737,R4,L4,3737,3865,3737,PASS,partial_inverse
inverse:R4:3747,R4,L4,3747,3875,3747,PASS,partial_inverse
inverse:R4:3749,R4,L4,3749,3877,3749,PASS,partial_inverse
inverse:R4:3753,R4,L4,3753,3881,3753,PASS,partial_inverse
inverse:R4:3761,R4,L4,3761,3889,3761,PASS,partial_inverse
inverse:R4:3779,R4,L4,3779,3907,3779,PASS,partial_inverse
inverse:R4:3781,R4,L4,3781,3909,3781,PASS,partial_inverse
inverse:R4:3785,R4,L4,3785,3913,3785,PASS,partial_inverse
inverse:R4:3793,R4,L4,3793,3921,3793,PASS,partial_inverse
inverse:R4:3809,R4,L4,3809,3937,3809,PASS,partial_inverse
inverse:L4:247,L4,R4,247,239,247,PASS,partial_inverse
inverse:L4:375,L4,R4,375,367,375,PASS,partial_inverse
inverse:L4:439,L4,R4,439,431,439,PASS,partial_inverse
inverse:L4:471,L4,R4,471,463,471,PASS,partial_inverse
inverse:L4:487,L4,R4,487,471,487,PASS,partial_inverse
inverse:L4:491,L4,R4,491,475,491,PASS,partial_inverse
inverse:L4:493,L4,R4,493,477,493,PASS,partial_inverse
inverse:L4:631,L4,R4,631,623,631,PASS,partial_inverse
inverse:L4:695,L4,R4,695,687,695,PASS,partial_inverse
inverse:L4:727,L4,R4,727,719,727,PASS,partial_inverse
inverse:L4:743,L4,R4,743,727,743,PASS,partial_inverse
inverse:L4:747,L4,R4,747,731,747,PASS,partial_inverse
inverse:L4:749,L4,R4,749,733,749,PASS,partial_inverse
inverse:L4:823,L4,R4,823,815,823,PASS,partial_inverse
inverse:L4:855,L4,R4,855,847,855,PASS,partial_inverse
inverse:L4:871,L4,R4,871,855,871,PASS,partial_inverse
inverse:L4:875,L4,R4,875,859,875,PASS,partial_inverse
inverse:L4:877,L4,R4,877,861,877,PASS,partial_inverse
inverse:L4:919,L4,R4,919,911,919,PASS,partial_inverse
inverse:L4:935,L4,R4,935,919,935,PASS,partial_inverse
inverse:L4:939,L4,R4,939,923,939,PASS,partial_inverse
inverse:L4:941,L4,R4,941,925,941,PASS,partial_inverse
inverse:L4:967,L4,R4,967,935,967,PASS,partial_inverse
inverse:L4:971,L4,R4,971,939,971,PASS,partial_inverse
inverse:L4:973,L4,R4,973,941,973,PASS,partial_inverse
inverse:L4:979,L4,R4,979,947,979,PASS,partial_inverse
inverse:L4:981,L4,R4,981,949,981,PASS,partial_inverse
inverse:L4:985,L4,R4,985,953,985,PASS,partial_inverse
inverse:L4:1143,L4,R4,1143,1135,1143,PASS,partial_inverse
inverse:L4:1207,L4,R4,1207,1199,1207,PASS,partial_inverse
inverse:L4:1239,L4,R4,1239,1231,1239,PASS,partial_inverse
inverse:L4:1255,L4,R4,1255,1239,1255,PASS,partial_inverse
inverse:L4:1259,L4,R4,1259,1243,1259,PASS,partial_inverse
inverse:L4:1261,L4,R4,1261,1245,1261,PASS,partial_inverse
inverse:L4:1335,L4,R4,1335,1327,1335,PASS,partial_inverse
inverse:L4:1367,L4,R4,1367,1359,1367,PASS,partial_inverse
inverse:L4:1383,L4,R4,1383,1367,1383,PASS,partial_inverse
inverse:L4:1387,L4,R4,1387,1371,1387,PASS,partial_inverse
inverse:L4:1389,L4,R4,1389,1373,1389,PASS,partial_inverse
inverse:L4:1431,L4,R4,1431,1423,1431,PASS,partial_inverse
inverse:L4:1447,L4,R4,1447,1431,1447,PASS,partial_inverse
inverse:L4:1451,L4,R4,1451,1435,1451,PASS,partial_inverse
inverse:L4:1453,L4,R4,1453,1437,1453,PASS,partial_inverse
inverse:L4:1479,L4,R4,1479,1447,1479,PASS,partial_inverse
inverse:L4:1483,L4,R4,1483,1451,1483,PASS,partial_inverse
inverse:L4:1485,L4,R4,1485,1453,1485,PASS,partial_inverse
inverse:L4:1491,L4,R4,1491,1459,1491,PASS,partial_inverse
inverse:L4:1493,L4,R4,1493,1461,1493,PASS,partial_inverse
inverse:L4:1497,L4,R4,1497,1465,1497,PASS,partial_inverse
inverse:L4:1591,L4,R4,1591,1583,1591,PASS,partial_inverse
inverse:L4:1623,L4,R4,1623,1615,1623,PASS,partial_inverse
inverse:L4:1639,L4,R4,1639,1623,1639,PASS,partial_inverse
inverse:L4:1643,L4,R4,1643,1627,1643,PASS,partial_inverse
inverse:L4:1645,L4,R4,1645,1629,1645,PASS,partial_inverse
inverse:L4:1687,L4,R4,1687,1679,1687,PASS,partial_inverse
inverse:L4:1703,L4,R4,1703,1687,1703,PASS,partial_inverse
inverse:L4:1707,L4,R4,1707,1691,1707,PASS,partial_inverse
inverse:L4:1709,L4,R4,1709,1693,1709,PASS,partial_inverse
inverse:L4:1735,L4,R4,1735,1703,1735,PASS,partial_inverse
inverse:L4:1739,L4,R4,1739,1707,1739,PASS,partial_inverse
inverse:L4:1741,L4,R4,1741,1709,1741,PASS,partial_inverse
inverse:L4:1747,L4,R4,1747,1715,1747,PASS,partial_inverse
inverse:L4:1749,L4,R4,1749,1717,1749,PASS,partial_inverse
inverse:L4:1753,L4,R4,1753,1721,1753,PASS,partial_inverse
inverse:L4:1815,L4,R4,1815,1807,1815,PASS,partial_inverse
inverse:L4:1831,L4,R4,1831,1815,1831,PASS,partial_inverse
inverse:L4:1835,L4,R4,1835,1819,1835,PASS,partial_inverse
inverse:L4:1837,L4,R4,1837,1821,1837,PASS,partial_inverse
inverse:L4:1863,L4,R4,1863,1831,1863,PASS,partial_inverse
inverse:L4:1867,L4,R4,1867,1835,1867,PASS,partial_inverse
inverse:L4:1869,L4,R4,1869,1837,1869,PASS,partial_inverse
inverse:L4:1875,L4,R4,1875,1843,1875,PASS,partial_inverse
inverse:L4:1877,L4,R4,1877,1845,1877,PASS,partial_inverse
inverse:L4:1881,L4,R4,1881,1849,1881,PASS,partial_inverse
inverse:L4:1927,L4,R4,1927,1863,1927,PASS,partial_inverse
inverse:L4:1931,L4,R4,1931,1867,1931,PASS,partial_inverse
inverse:L4:1933,L4,R4,1933,1869,1933,PASS,partial_inverse
inverse:L4:1939,L4,R4,1939,1875,1939,PASS,partial_inverse
inverse:L4:1941,L4,R4,1941,1877,1941,PASS,partial_inverse
inverse:L4:1945,L4,R4,1945,1881,1945,PASS,partial_inverse
inverse:L4:1955,L4,R4,1955,1891,1955,PASS,partial_inverse
inverse:L4:1957,L4,R4,1957,1893,1957,PASS,partial_inverse
inverse:L4:1961,L4,R4,1961,1897,1961,PASS,partial_inverse
inverse:L4:1969,L4,R4,1969,1905,1969,PASS,partial_inverse
inverse:L4:2167,L4,R4,2167,2159,2167,PASS,partial_inverse
inverse:L4:2231,L4,R4,2231,2223,2231,PASS,partial_inverse
inverse:L4:2263,L4,R4,2263,2255,2263,PASS,partial_inverse
inverse:L4:2279,L4,R4,2279,2263,2279,PASS,partial_inverse
inverse:L4:2283,L4,R4,2283,2267,2283,PASS,partial_inverse
inverse:L4:2285,L4,R4,2285,2269,2285,PASS,partial_inverse
inverse:L4:2359,L4,R4,2359,2351,2359,PASS,partial_inverse
inverse:L4:2391,L4,R4,2391,2383,2391,PASS,partial_inverse
inverse:L4:2407,L4,R4,2407,2391,2407,PASS,partial_inverse
inverse:L4:2411,L4,R4,2411,2395,2411,PASS,partial_inverse
inverse:L4:2413,L4,R4,2413,2397,2413,PASS,partial_inverse
inverse:L4:2455,L4,R4,2455,2447,2455,PASS,partial_inverse
inverse:L4:2471,L4,R4,2471,2455,2471,PASS,partial_inverse
inverse:L4:2475,L4,R4,2475,2459,2475,PASS,partial_inverse
inverse:L4:2477,L4,R4,2477,2461,2477,PASS,partial_inverse
inverse:L4:2503,L4,R4,2503,2471,2503,PASS,partial_inverse
inverse:L4:2507,L4,R4,2507,2475,2507,PASS,partial_inverse
inverse:L4:2509,L4,R4,2509,2477,2509,PASS,partial_inverse
inverse:L4:2515,L4,R4,2515,2483,2515,PASS,partial_inverse
inverse:L4:2517,L4,R4,2517,2485,2517,PASS,partial_inverse
inverse:L4:2521,L4,R4,2521,2489,2521,PASS,partial_inverse
inverse:L4:2615,L4,R4,2615,2607,2615,PASS,partial_inverse
inverse:L4:2647,L4,R4,2647,2639,2647,PASS,partial_inverse
inverse:L4:2663,L4,R4,2663,2647,2663,PASS,partial_inverse
inverse:L4:2667,L4,R4,2667,2651,2667,PASS,partial_inverse
inverse:L4:2669,L4,R4,2669,2653,2669,PASS,partial_inverse
inverse:L4:2711,L4,R4,2711,2703,2711,PASS,partial_inverse
inverse:L4:2727,L4,R4,2727,2711,2727,PASS,partial_inverse
inverse:L4:2731,L4,R4,2731,2715,2731,PASS,partial_inverse
inverse:L4:2733,L4,R4,2733,2717,2733,PASS,partial_inverse
inverse:L4:2759,L4,R4,2759,2727,2759,PASS,partial_inverse
inverse:L4:2763,L4,R4,2763,2731,2763,PASS,partial_inverse
inverse:L4:2765,L4,R4,2765,2733,2765,PASS,partial_inverse
inverse:L4:2771,L4,R4,2771,2739,2771,PASS,partial_inverse
inverse:L4:2773,L4,R4,2773,2741,2773,PASS,partial_inverse
inverse:L4:2777,L4,R4,2777,2745,2777,PASS,partial_inverse
inverse:L4:2839,L4,R4,2839,2831,2839,PASS,partial_inverse
inverse:L4:2855,L4,R4,2855,2839,2855,PASS,partial_inverse
inverse:L4:2859,L4,R4,2859,2843,2859,PASS,partial_inverse
inverse:L4:2861,L4,R4,2861,2845,2861,PASS,partial_inverse
inverse:L4:2887,L4,R4,2887,2855,2887,PASS,partial_inverse
inverse:L4:2891,L4,R4,2891,2859,2891,PASS,partial_inverse
inverse:L4:2893,L4,R4,2893,2861,2893,PASS,partial_inverse
inverse:L4:2899,L4,R4,2899,2867,2899,PASS,partial_inverse
inverse:L4:2901,L4,R4,2901,2869,2901,PASS,partial_inverse
inverse:L4:2905,L4,R4,2905,2873,2905,PASS,partial_inverse
inverse:L4:2951,L4,R4,2951,2887,2951,PASS,partial_inverse
inverse:L4:2955,L4,R4,2955,2891,2955,PASS,partial_inverse
inverse:L4:2957,L4,R4,2957,2893,2957,PASS,partial_inverse
inverse:L4:2963,L4,R4,2963,2899,2963,PASS,partial_inverse
inverse:L4:2965,L4,R4,2965,2901,2965,PASS,partial_inverse
inverse:L4:2969,L4,R4,2969,2905,2969,PASS,partial_inverse
inverse:L4:2979,L4,R4,2979,2915,2979,PASS,partial_inverse
inverse:L4:2981,L4,R4,2981,2917,2981,PASS,partial_inverse
inverse:L4:2985,L4,R4,2985,2921,2985,PASS,partial_inverse
inverse:L4:2993,L4,R4,2993,2929,2993,PASS,partial_inverse
inverse:L4:3127,L4,R4,3127,3119,3127,PASS,partial_inverse
inverse:L4:3159,L4,R4,3159,3151,3159,PASS,partial_inverse
inverse:L4:3175,L4,R4,3175,3159,3175,PASS,partial_inverse
inverse:L4:3179,L4,R4,3179,3163,3179,PASS,partial_inverse
inverse:L4:3181,L4,R4,3181,3165,3181,PASS,partial_inverse
inverse:L4:3223,L4,R4,3223,3215,3223,PASS,partial_inverse
inverse:L4:3239,L4,R4,3239,3223,3239,PASS,partial_inverse
inverse:L4:3243,L4,R4,3243,3227,3243,PASS,partial_inverse
inverse:L4:3245,L4,R4,3245,3229,3245,PASS,partial_inverse
inverse:L4:3271,L4,R4,3271,3239,3271,PASS,partial_inverse
inverse:L4:3275,L4,R4,3275,3243,3275,PASS,partial_inverse
inverse:L4:3277,L4,R4,3277,3245,3277,PASS,partial_inverse
inverse:L4:3283,L4,R4,3283,3251,3283,PASS,partial_inverse
inverse:L4:3285,L4,R4,3285,3253,3285,PASS,partial_inverse
inverse:L4:3289,L4,R4,3289,3257,3289,PASS,partial_inverse
inverse:L4:3351,L4,R4,3351,3343,3351,PASS,partial_inverse
inverse:L4:3367,L4,R4,3367,3351,3367,PASS,partial_inverse
inverse:L4:3371,L4,R4,3371,3355,3371,PASS,partial_inverse
inverse:L4:3373,L4,R4,3373,3357,3373,PASS,partial_inverse
inverse:L4:3399,L4,R4,3399,3367,3399,PASS,partial_inverse
inverse:L4:3403,L4,R4,3403,3371,3403,PASS,partial_inverse
inverse:L4:3405,L4,R4,3405,3373,3405,PASS,partial_inverse
inverse:L4:3411,L4,R4,3411,3379,3411,PASS,partial_inverse
inverse:L4:3413,L4,R4,3413,3381,3413,PASS,partial_inverse
inverse:L4:3417,L4,R4,3417,3385,3417,PASS,partial_inverse
inverse:L4:3463,L4,R4,3463,3399,3463,PASS,partial_inverse
inverse:L4:3467,L4,R4,3467,3403,3467,PASS,partial_inverse
inverse:L4:3469,L4,R4,3469,3405,3469,PASS,partial_inverse
inverse:L4:3475,L4,R4,3475,3411,3475,PASS,partial_inverse
inverse:L4:3477,L4,R4,3477,3413,3477,PASS,partial_inverse
inverse:L4:3481,L4,R4,3481,3417,3481,PASS,partial_inverse
inverse:L4:3491,L4,R4,3491,3427,3491,PASS,partial_inverse
inverse:L4:3493,L4,R4,3493,3429,3493,PASS,partial_inverse
inverse:L4:3497,L4,R4,3497,3433,3497,PASS,partial_inverse
inverse:L4:3505,L4,R4,3505,3441,3505,PASS,partial_inverse
inverse:L4:3607,L4,R4,3607,3599,3607,PASS,partial_inverse
inverse:L4:3623,L4,R4,3623,3607,3623,PASS,partial_inverse
inverse:L4:3627,L4,R4,3627,3611,3627,PASS,partial_inverse
inverse:L4:3629,L4,R4,3629,3613,3629,PASS,partial_inverse
inverse:L4:3655,L4,R4,3655,3623,3655,PASS,partial_inverse
inverse:L4:3659,L4,R4,3659,3627,3659,PASS,partial_inverse
inverse:L4:3661,L4,R4,3661,3629,3661,PASS,partial_inverse
inverse:L4:3667,L4,R4,3667,3635,3667,PASS,partial_inverse
inverse:L4:3669,L4,R4,3669,3637,3669,PASS,partial_inverse
inverse:L4:3673,L4,R4,3673,3641,3673,PASS,partial_inverse
inverse:L4:3719,L4,R4,3719,3655,3719,PASS,partial_inverse
inverse:L4:3723,L4,R4,3723,3659,3723,PASS,partial_inverse
inverse:L4:3725,L4,R4,3725,3661,3725,PASS,partial_inverse
inverse:L4:3731,L4,R4,3731,3667,3731,PASS,partial_inverse
inverse:L4:3733,L4,R4,3733,3669,3733,PASS,partial_inverse
inverse:L4:3737,L4,R4,3737,3673,3737,PASS,partial_inverse
inverse:L4:3747,L4,R4,3747,3683,3747,PASS,partial_inverse
inverse:L4:3749,L4,R4,3749,3685,3749,PASS,partial_inverse
inverse:L4:3753,L4,R4,3753,3689,3753,PASS,partial_inverse
inverse:L4:3761,L4,R4,3761,3697,3761,PASS,partial_inverse
inverse:L4:3847,L4,R4,3847,3719,3847,PASS,partial_inverse
inverse:L4:3851,L4,R4,3851,3723,3851,PASS,partial_inverse
inverse:L4:3853,L4,R4,3853,3725,3853,PASS,partial_inverse
inverse:L4:3859,L4,R4,3859,3731,3859,PASS,partial_inverse
inverse:L4:3861,L4,R4,3861,3733,3861,PASS,partial_inverse
inverse:L4:3865,L4,R4,3865,3737,3865,PASS,partial_inverse
inverse:L4:3875,L4,R4,3875,3747,3875,PASS,partial_inverse
inverse:L4:3877,L4,R4,3877,3749,3877,PASS,partial_inverse
inverse:L4:3881,L4,R4,3881,3753,3881,PASS,partial_inverse
inverse:L4:3889,L4,R4,3889,3761,3889,PASS,partial_inverse
inverse:L4:3907,L4,R4,3907,3779,3907,PASS,partial_inverse
inverse:L4:3909,L4,R4,3909,3781,3909,PASS,partial_inverse
inverse:L4:3913,L4,R4,3913,3785,3913,PASS,partial_inverse
inverse:L4:3921,L4,R4,3921,3793,3921,PASS,partial_inverse
inverse:L4:3937,L4,R4,3937,3809,3937,PASS,partial_inverse
inverse:R5:223,R5,L5,223,239,223,PASS,partial_inverse
inverse:R5:351,R5,L5,351,367,351,PASS,partial_inverse
inverse:R5:415,R5,L5,415,431,415,PASS,partial_inverse
inverse:R5:431,R5,L5,431,463,431,PASS,partial_inverse
inverse:R5:439,R5,L5,439,471,439,PASS,partial_inverse
inverse:R5:443,R5,L5,443,475,443,PASS,partial_inverse
inverse:R5:445,R5,L5,445,477,445,PASS,partial_inverse
inverse:R5:607,R5,L5,607,623,607,PASS,partial_inverse
inverse:R5:671,R5,L5,671,687,671,PASS,partial_inverse
inverse:R5:687,R5,L5,687,719,687,PASS,partial_inverse
inverse:R5:695,R5,L5,695,727,695,PASS,partial_inverse
inverse:R5:699,R5,L5,699,731,699,PASS,partial_inverse
inverse:R5:701,R5,L5,701,733,701,PASS,partial_inverse
inverse:R5:799,R5,L5,799,815,799,PASS,partial_inverse
inverse:R5:815,R5,L5,815,847,815,PASS,partial_inverse
inverse:R5:823,R5,L5,823,855,823,PASS,partial_inverse
inverse:R5:827,R5,L5,827,859,827,PASS,partial_inverse
inverse:R5:829,R5,L5,829,861,829,PASS,partial_inverse
inverse:R5:847,R5,L5,847,911,847,PASS,partial_inverse
inverse:R5:855,R5,L5,855,919,855,PASS,partial_inverse
inverse:R5:859,R5,L5,859,923,859,PASS,partial_inverse
inverse:R5:861,R5,L5,861,925,861,PASS,partial_inverse
inverse:R5:871,R5,L5,871,935,871,PASS,partial_inverse
inverse:R5:875,R5,L5,875,939,875,PASS,partial_inverse
inverse:R5:877,R5,L5,877,941,877,PASS,partial_inverse
inverse:R5:883,R5,L5,883,947,883,PASS,partial_inverse
inverse:R5:885,R5,L5,885,949,885,PASS,partial_inverse
inverse:R5:889,R5,L5,889,953,889,PASS,partial_inverse
inverse:R5:1119,R5,L5,1119,1135,1119,PASS,partial_inverse
inverse:R5:1183,R5,L5,1183,1199,1183,PASS,partial_inverse
inverse:R5:1199,R5,L5,1199,1231,1199,PASS,partial_inverse
inverse:R5:1207,R5,L5,1207,1239,1207,PASS,partial_inverse
inverse:R5:1211,R5,L5,1211,1243,1211,PASS,partial_inverse
inverse:R5:1213,R5,L5,1213,1245,1213,PASS,partial_inverse
inverse:R5:1311,R5,L5,1311,1327,1311,PASS,partial_inverse
inverse:R5:1327,R5,L5,1327,1359,1327,PASS,partial_inverse
inverse:R5:1335,R5,L5,1335,1367,1335,PASS,partial_inverse
inverse:R5:1339,R5,L5,1339,1371,1339,PASS,partial_inverse
inverse:R5:1341,R5,L5,1341,1373,1341,PASS,partial_inverse
inverse:R5:1359,R5,L5,1359,1423,1359,PASS,partial_inverse
inverse:R5:1367,R5,L5,1367,1431,1367,PASS,partial_inverse
inverse:R5:1371,R5,L5,1371,1435,1371,PASS,partial_inverse
inverse:R5:1373,R5,L5,1373,1437,1373,PASS,partial_inverse
inverse:R5:1383,R5,L5,1383,1447,1383,PASS,partial_inverse
inverse:R5:1387,R5,L5,1387,1451,1387,PASS,partial_inverse
inverse:R5:1389,R5,L5,1389,1453,1389,PASS,partial_inverse
inverse:R5:1395,R5,L5,1395,1459,1395,PASS,partial_inverse
inverse:R5:1397,R5,L5,1397,1461,1397,PASS,partial_inverse
inverse:R5:1401,R5,L5,1401,1465,1401,PASS,partial_inverse
inverse:R5:1567,R5,L5,1567,1583,1567,PASS,partial_inverse
inverse:R5:1583,R5,L5,1583,1615,1583,PASS,partial_inverse
inverse:R5:1591,R5,L5,1591,1623,1591,PASS,partial_inverse
inverse:R5:1595,R5,L5,1595,1627,1595,PASS,partial_inverse
inverse:R5:1597,R5,L5,1597,1629,1597,PASS,partial_inverse
inverse:R5:1615,R5,L5,1615,1679,1615,PASS,partial_inverse
inverse:R5:1623,R5,L5,1623,1687,1623,PASS,partial_inverse
inverse:R5:1627,R5,L5,1627,1691,1627,PASS,partial_inverse
inverse:R5:1629,R5,L5,1629,1693,1629,PASS,partial_inverse
inverse:R5:1639,R5,L5,1639,1703,1639,PASS,partial_inverse
inverse:R5:1643,R5,L5,1643,1707,1643,PASS,partial_inverse
inverse:R5:1645,R5,L5,1645,1709,1645,PASS,partial_inverse
inverse:R5:1651,R5,L5,1651,1715,1651,PASS,partial_inverse
inverse:R5:1653,R5,L5,1653,1717,1653,PASS,partial_inverse
inverse:R5:1657,R5,L5,1657,1721,1657,PASS,partial_inverse
inverse:R5:1679,R5,L5,1679,1807,1679,PASS,partial_inverse
inverse:R5:1687,R5,L5,1687,1815,1687,PASS,partial_inverse
inverse:R5:1691,R5,L5,1691,1819,1691,PASS,partial_inverse
inverse:R5:1693,R5,L5,1693,1821,1693,PASS,partial_inverse
inverse:R5:1703,R5,L5,1703,1831,1703,PASS,partial_inverse
inverse:R5:1707,R5,L5,1707,1835,1707,PASS,partial_inverse
inverse:R5:1709,R5,L5,1709,1837,1709,PASS,partial_inverse
inverse:R5:1715,R5,L5,1715,1843,1715,PASS,partial_inverse
inverse:R5:1717,R5,L5,1717,1845,1717,PASS,partial_inverse
inverse:R5:1721,R5,L5,1721,1849,1721,PASS,partial_inverse
inverse:R5:1735,R5,L5,1735,1863,1735,PASS,partial_inverse
inverse:R5:1739,R5,L5,1739,1867,1739,PASS,partial_inverse
inverse:R5:1741,R5,L5,1741,1869,1741,PASS,partial_inverse
inverse:R5:1747,R5,L5,1747,1875,1747,PASS,partial_inverse
inverse:R5:1749,R5,L5,1749,1877,1749,PASS,partial_inverse
inverse:R5:1753,R5,L5,1753,1881,1753,PASS,partial_inverse
inverse:R5:1763,R5,L5,1763,1891,1763,PASS,partial_inverse
inverse:R5:1765,R5,L5,1765,1893,1765,PASS,partial_inverse
inverse:R5:1769,R5,L5,1769,1897,1769,PASS,partial_inverse
inverse:R5:1777,R5,L5,1777,1905,1777,PASS,partial_inverse
inverse:R5:2143,R5,L5,2143,2159,2143,PASS,partial_inverse
inverse:R5:2207,R5,L5,2207,2223,2207,PASS,partial_inverse
inverse:R5:2223,R5,L5,2223,2255,2223,PASS,partial_inverse
inverse:R5:2231,R5,L5,2231,2263,2231,PASS,partial_inverse
inverse:R5:2235,R5,L5,2235,2267,2235,PASS,partial_inverse
inverse:R5:2237,R5,L5,2237,2269,2237,PASS,partial_inverse
inverse:R5:2335,R5,L5,2335,2351,2335,PASS,partial_inverse
inverse:R5:2351,R5,L5,2351,2383,2351,PASS,partial_inverse
inverse:R5:2359,R5,L5,2359,2391,2359,PASS,partial_inverse
inverse:R5:2363,R5,L5,2363,2395,2363,PASS,partial_inverse
inverse:R5:2365,R5,L5,2365,2397,2365,PASS,partial_inverse
inverse:R5:2383,R5,L5,2383,2447,2383,PASS,partial_inverse
inverse:R5:2391,R5,L5,2391,2455,2391,PASS,partial_inverse
inverse:R5:2395,R5,L5,2395,2459,2395,PASS,partial_inverse
inverse:R5:2397,R5,L5,2397,2461,2397,PASS,partial_inverse
inverse:R5:2407,R5,L5,2407,2471,2407,PASS,partial_inverse
inverse:R5:2411,R5,L5,2411,2475,2411,PASS,partial_inverse
inverse:R5:2413,R5,L5,2413,2477,2413,PASS,partial_inverse
inverse:R5:2419,R5,L5,2419,2483,2419,PASS,partial_inverse
inverse:R5:2421,R5,L5,2421,2485,2421,PASS,partial_inverse
inverse:R5:2425,R5,L5,2425,2489,2425,PASS,partial_inverse
inverse:R5:2591,R5,L5,2591,2607,2591,PASS,partial_inverse
inverse:R5:2607,R5,L5,2607,2639,2607,PASS,partial_inverse
inverse:R5:2615,R5,L5,2615,2647,2615,PASS,partial_inverse
inverse:R5:2619,R5,L5,2619,2651,2619,PASS,partial_inverse
inverse:R5:2621,R5,L5,2621,2653,2621,PASS,partial_inverse
inverse:R5:2639,R5,L5,2639,2703,2639,PASS,partial_inverse
inverse:R5:2647,R5,L5,2647,2711,2647,PASS,partial_inverse
inverse:R5:2651,R5,L5,2651,2715,2651,PASS,partial_inverse
inverse:R5:2653,R5,L5,2653,2717,2653,PASS,partial_inverse
inverse:R5:2663,R5,L5,2663,2727,2663,PASS,partial_inverse
inverse:R5:2667,R5,L5,2667,2731,2667,PASS,partial_inverse
inverse:R5:2669,R5,L5,2669,2733,2669,PASS,partial_inverse
inverse:R5:2675,R5,L5,2675,2739,2675,PASS,partial_inverse
inverse:R5:2677,R5,L5,2677,2741,2677,PASS,partial_inverse
inverse:R5:2681,R5,L5,2681,2745,2681,PASS,partial_inverse
inverse:R5:2703,R5,L5,2703,2831,2703,PASS,partial_inverse
inverse:R5:2711,R5,L5,2711,2839,2711,PASS,partial_inverse
inverse:R5:2715,R5,L5,2715,2843,2715,PASS,partial_inverse
inverse:R5:2717,R5,L5,2717,2845,2717,PASS,partial_inverse
inverse:R5:2727,R5,L5,2727,2855,2727,PASS,partial_inverse
inverse:R5:2731,R5,L5,2731,2859,2731,PASS,partial_inverse
inverse:R5:2733,R5,L5,2733,2861,2733,PASS,partial_inverse
inverse:R5:2739,R5,L5,2739,2867,2739,PASS,partial_inverse
inverse:R5:2741,R5,L5,2741,2869,2741,PASS,partial_inverse
inverse:R5:2745,R5,L5,2745,2873,2745,PASS,partial_inverse
inverse:R5:2759,R5,L5,2759,2887,2759,PASS,partial_inverse
inverse:R5:2763,R5,L5,2763,2891,2763,PASS,partial_inverse
inverse:R5:2765,R5,L5,2765,2893,2765,PASS,partial_inverse
inverse:R5:2771,R5,L5,2771,2899,2771,PASS,partial_inverse
inverse:R5:2773,R5,L5,2773,2901,2773,PASS,partial_inverse
inverse:R5:2777,R5,L5,2777,2905,2777,PASS,partial_inverse
inverse:R5:2787,R5,L5,2787,2915,2787,PASS,partial_inverse
inverse:R5:2789,R5,L5,2789,2917,2789,PASS,partial_inverse
inverse:R5:2793,R5,L5,2793,2921,2793,PASS,partial_inverse
inverse:R5:2801,R5,L5,2801,2929,2801,PASS,partial_inverse
inverse:R5:3103,R5,L5,3103,3119,3103,PASS,partial_inverse
inverse:R5:3119,R5,L5,3119,3151,3119,PASS,partial_inverse
inverse:R5:3127,R5,L5,3127,3159,3127,PASS,partial_inverse
inverse:R5:3131,R5,L5,3131,3163,3131,PASS,partial_inverse
inverse:R5:3133,R5,L5,3133,3165,3133,PASS,partial_inverse
inverse:R5:3151,R5,L5,3151,3215,3151,PASS,partial_inverse
inverse:R5:3159,R5,L5,3159,3223,3159,PASS,partial_inverse
inverse:R5:3163,R5,L5,3163,3227,3163,PASS,partial_inverse
inverse:R5:3165,R5,L5,3165,3229,3165,PASS,partial_inverse
inverse:R5:3175,R5,L5,3175,3239,3175,PASS,partial_inverse
inverse:R5:3179,R5,L5,3179,3243,3179,PASS,partial_inverse
inverse:R5:3181,R5,L5,3181,3245,3181,PASS,partial_inverse
inverse:R5:3187,R5,L5,3187,3251,3187,PASS,partial_inverse
inverse:R5:3189,R5,L5,3189,3253,3189,PASS,partial_inverse
inverse:R5:3193,R5,L5,3193,3257,3193,PASS,partial_inverse
inverse:R5:3215,R5,L5,3215,3343,3215,PASS,partial_inverse
inverse:R5:3223,R5,L5,3223,3351,3223,PASS,partial_inverse
inverse:R5:3227,R5,L5,3227,3355,3227,PASS,partial_inverse
inverse:R5:3229,R5,L5,3229,3357,3229,PASS,partial_inverse
inverse:R5:3239,R5,L5,3239,3367,3239,PASS,partial_inverse
inverse:R5:3243,R5,L5,3243,3371,3243,PASS,partial_inverse
inverse:R5:3245,R5,L5,3245,3373,3245,PASS,partial_inverse
inverse:R5:3251,R5,L5,3251,3379,3251,PASS,partial_inverse
inverse:R5:3253,R5,L5,3253,3381,3253,PASS,partial_inverse
inverse:R5:3257,R5,L5,3257,3385,3257,PASS,partial_inverse
inverse:R5:3271,R5,L5,3271,3399,3271,PASS,partial_inverse
inverse:R5:3275,R5,L5,3275,3403,3275,PASS,partial_inverse
inverse:R5:3277,R5,L5,3277,3405,3277,PASS,partial_inverse
inverse:R5:3283,R5,L5,3283,3411,3283,PASS,partial_inverse
inverse:R5:3285,R5,L5,3285,3413,3285,PASS,partial_inverse
inverse:R5:3289,R5,L5,3289,3417,3289,PASS,partial_inverse
inverse:R5:3299,R5,L5,3299,3427,3299,PASS,partial_inverse
inverse:R5:3301,R5,L5,3301,3429,3301,PASS,partial_inverse
inverse:R5:3305,R5,L5,3305,3433,3305,PASS,partial_inverse
inverse:R5:3313,R5,L5,3313,3441,3313,PASS,partial_inverse
inverse:R5:3343,R5,L5,3343,3599,3343,PASS,partial_inverse
inverse:R5:3351,R5,L5,3351,3607,3351,PASS,partial_inverse
inverse:R5:3355,R5,L5,3355,3611,3355,PASS,partial_inverse
inverse:R5:3357,R5,L5,3357,3613,3357,PASS,partial_inverse
inverse:R5:3367,R5,L5,3367,3623,3367,PASS,partial_inverse
inverse:R5:3371,R5,L5,3371,3627,3371,PASS,partial_inverse
inverse:R5:3373,R5,L5,3373,3629,3373,PASS,partial_inverse
inverse:R5:3379,R5,L5,3379,3635,3379,PASS,partial_inverse
inverse:R5:3381,R5,L5,3381,3637,3381,PASS,partial_inverse
inverse:R5:3385,R5,L5,3385,3641,3385,PASS,partial_inverse
inverse:R5:3399,R5,L5,3399,3655,3399,PASS,partial_inverse
inverse:R5:3403,R5,L5,3403,3659,3403,PASS,partial_inverse
inverse:R5:3405,R5,L5,3405,3661,3405,PASS,partial_inverse
inverse:R5:3411,R5,L5,3411,3667,3411,PASS,partial_inverse
inverse:R5:3413,R5,L5,3413,3669,3413,PASS,partial_inverse
inverse:R5:3417,R5,L5,3417,3673,3417,PASS,partial_inverse
inverse:R5:3427,R5,L5,3427,3683,3427,PASS,partial_inverse
inverse:R5:3429,R5,L5,3429,3685,3429,PASS,partial_inverse
inverse:R5:3433,R5,L5,3433,3689,3433,PASS,partial_inverse
inverse:R5:3441,R5,L5,3441,3697,3441,PASS,partial_inverse
inverse:R5:3463,R5,L5,3463,3719,3463,PASS,partial_inverse
inverse:R5:3467,R5,L5,3467,3723,3467,PASS,partial_inverse
inverse:R5:3469,R5,L5,3469,3725,3469,PASS,partial_inverse
inverse:R5:3475,R5,L5,3475,3731,3475,PASS,partial_inverse
inverse:R5:3477,R5,L5,3477,3733,3477,PASS,partial_inverse
inverse:R5:3481,R5,L5,3481,3737,3481,PASS,partial_inverse
inverse:R5:3491,R5,L5,3491,3747,3491,PASS,partial_inverse
inverse:R5:3493,R5,L5,3493,3749,3493,PASS,partial_inverse
inverse:R5:3497,R5,L5,3497,3753,3497,PASS,partial_inverse
inverse:R5:3505,R5,L5,3505,3761,3505,PASS,partial_inverse
inverse:R5:3523,R5,L5,3523,3779,3523,PASS,partial_inverse
inverse:R5:3525,R5,L5,3525,3781,3525,PASS,partial_inverse
inverse:R5:3529,R5,L5,3529,3785,3529,PASS,partial_inverse
inverse:R5:3537,R5,L5,3537,3793,3537,PASS,partial_inverse
inverse:R5:3553,R5,L5,3553,3809,3553,PASS,partial_inverse
inverse:L5:239,L5,R5,239,223,239,PASS,partial_inverse
inverse:L5:367,L5,R5,367,351,367,PASS,partial_inverse
inverse:L5:431,L5,R5,431,415,431,PASS,partial_inverse
inverse:L5:463,L5,R5,463,431,463,PASS,partial_inverse
inverse:L5:471,L5,R5,471,439,471,PASS,partial_inverse
inverse:L5:475,L5,R5,475,443,475,PASS,partial_inverse
inverse:L5:477,L5,R5,477,445,477,PASS,partial_inverse
inverse:L5:623,L5,R5,623,607,623,PASS,partial_inverse
inverse:L5:687,L5,R5,687,671,687,PASS,partial_inverse
inverse:L5:719,L5,R5,719,687,719,PASS,partial_inverse
inverse:L5:727,L5,R5,727,695,727,PASS,partial_inverse
inverse:L5:731,L5,R5,731,699,731,PASS,partial_inverse
inverse:L5:733,L5,R5,733,701,733,PASS,partial_inverse
inverse:L5:815,L5,R5,815,799,815,PASS,partial_inverse
inverse:L5:847,L5,R5,847,815,847,PASS,partial_inverse
inverse:L5:855,L5,R5,855,823,855,PASS,partial_inverse
inverse:L5:859,L5,R5,859,827,859,PASS,partial_inverse
inverse:L5:861,L5,R5,861,829,861,PASS,partial_inverse
inverse:L5:911,L5,R5,911,847,911,PASS,partial_inverse
inverse:L5:919,L5,R5,919,855,919,PASS,partial_inverse
inverse:L5:923,L5,R5,923,859,923,PASS,partial_inverse
inverse:L5:925,L5,R5,925,861,925,PASS,partial_inverse
inverse:L5:935,L5,R5,935,871,935,PASS,partial_inverse
inverse:L5:939,L5,R5,939,875,939,PASS,partial_inverse
inverse:L5:941,L5,R5,941,877,941,PASS,partial_inverse
inverse:L5:947,L5,R5,947,883,947,PASS,partial_inverse
inverse:L5:949,L5,R5,949,885,949,PASS,partial_inverse
inverse:L5:953,L5,R5,953,889,953,PASS,partial_inverse
inverse:L5:1135,L5,R5,1135,1119,1135,PASS,partial_inverse
inverse:L5:1199,L5,R5,1199,1183,1199,PASS,partial_inverse
inverse:L5:1231,L5,R5,1231,1199,1231,PASS,partial_inverse
inverse:L5:1239,L5,R5,1239,1207,1239,PASS,partial_inverse
inverse:L5:1243,L5,R5,1243,1211,1243,PASS,partial_inverse
inverse:L5:1245,L5,R5,1245,1213,1245,PASS,partial_inverse
inverse:L5:1327,L5,R5,1327,1311,1327,PASS,partial_inverse
inverse:L5:1359,L5,R5,1359,1327,1359,PASS,partial_inverse
inverse:L5:1367,L5,R5,1367,1335,1367,PASS,partial_inverse
inverse:L5:1371,L5,R5,1371,1339,1371,PASS,partial_inverse
inverse:L5:1373,L5,R5,1373,1341,1373,PASS,partial_inverse
inverse:L5:1423,L5,R5,1423,1359,1423,PASS,partial_inverse
inverse:L5:1431,L5,R5,1431,1367,1431,PASS,partial_inverse
inverse:L5:1435,L5,R5,1435,1371,1435,PASS,partial_inverse
inverse:L5:1437,L5,R5,1437,1373,1437,PASS,partial_inverse
inverse:L5:1447,L5,R5,1447,1383,1447,PASS,partial_inverse
inverse:L5:1451,L5,R5,1451,1387,1451,PASS,partial_inverse
inverse:L5:1453,L5,R5,1453,1389,1453,PASS,partial_inverse
inverse:L5:1459,L5,R5,1459,1395,1459,PASS,partial_inverse
inverse:L5:1461,L5,R5,1461,1397,1461,PASS,partial_inverse
inverse:L5:1465,L5,R5,1465,1401,1465,PASS,partial_inverse
inverse:L5:1583,L5,R5,1583,1567,1583,PASS,partial_inverse
inverse:L5:1615,L5,R5,1615,1583,1615,PASS,partial_inverse
inverse:L5:1623,L5,R5,1623,1591,1623,PASS,partial_inverse
inverse:L5:1627,L5,R5,1627,1595,1627,PASS,partial_inverse
inverse:L5:1629,L5,R5,1629,1597,1629,PASS,partial_inverse
inverse:L5:1679,L5,R5,1679,1615,1679,PASS,partial_inverse
inverse:L5:1687,L5,R5,1687,1623,1687,PASS,partial_inverse
inverse:L5:1691,L5,R5,1691,1627,1691,PASS,partial_inverse
inverse:L5:1693,L5,R5,1693,1629,1693,PASS,partial_inverse
inverse:L5:1703,L5,R5,1703,1639,1703,PASS,partial_inverse
inverse:L5:1707,L5,R5,1707,1643,1707,PASS,partial_inverse
inverse:L5:1709,L5,R5,1709,1645,1709,PASS,partial_inverse
inverse:L5:1715,L5,R5,1715,1651,1715,PASS,partial_inverse
inverse:L5:1717,L5,R5,1717,1653,1717,PASS,partial_inverse
inverse:L5:1721,L5,R5,1721,1657,1721,PASS,partial_inverse
inverse:L5:1807,L5,R5,1807,1679,1807,PASS,partial_inverse
inverse:L5:1815,L5,R5,1815,1687,1815,PASS,partial_inverse
inverse:L5:1819,L5,R5,1819,1691,1819,PASS,partial_inverse
inverse:L5:1821,L5,R5,1821,1693,1821,PASS,partial_inverse
inverse:L5:1831,L5,R5,1831,1703,1831,PASS,partial_inverse
inverse:L5:1835,L5,R5,1835,1707,1835,PASS,partial_inverse
inverse:L5:1837,L5,R5,1837,1709,1837,PASS,partial_inverse
inverse:L5:1843,L5,R5,1843,1715,1843,PASS,partial_inverse
inverse:L5:1845,L5,R5,1845,1717,1845,PASS,partial_inverse
inverse:L5:1849,L5,R5,1849,1721,1849,PASS,partial_inverse
inverse:L5:1863,L5,R5,1863,1735,1863,PASS,partial_inverse
inverse:L5:1867,L5,R5,1867,1739,1867,PASS,partial_inverse
inverse:L5:1869,L5,R5,1869,1741,1869,PASS,partial_inverse
inverse:L5:1875,L5,R5,1875,1747,1875,PASS,partial_inverse
inverse:L5:1877,L5,R5,1877,1749,1877,PASS,partial_inverse
inverse:L5:1881,L5,R5,1881,1753,1881,PASS,partial_inverse
inverse:L5:1891,L5,R5,1891,1763,1891,PASS,partial_inverse
inverse:L5:1893,L5,R5,1893,1765,1893,PASS,partial_inverse
inverse:L5:1897,L5,R5,1897,1769,1897,PASS,partial_inverse
inverse:L5:1905,L5,R5,1905,1777,1905,PASS,partial_inverse
inverse:L5:2159,L5,R5,2159,2143,2159,PASS,partial_inverse
inverse:L5:2223,L5,R5,2223,2207,2223,PASS,partial_inverse
inverse:L5:2255,L5,R5,2255,2223,2255,PASS,partial_inverse
inverse:L5:2263,L5,R5,2263,2231,2263,PASS,partial_inverse
inverse:L5:2267,L5,R5,2267,2235,2267,PASS,partial_inverse
inverse:L5:2269,L5,R5,2269,2237,2269,PASS,partial_inverse
inverse:L5:2351,L5,R5,2351,2335,2351,PASS,partial_inverse
inverse:L5:2383,L5,R5,2383,2351,2383,PASS,partial_inverse
inverse:L5:2391,L5,R5,2391,2359,2391,PASS,partial_inverse
inverse:L5:2395,L5,R5,2395,2363,2395,PASS,partial_inverse
inverse:L5:2397,L5,R5,2397,2365,2397,PASS,partial_inverse
inverse:L5:2447,L5,R5,2447,2383,2447,PASS,partial_inverse
inverse:L5:2455,L5,R5,2455,2391,2455,PASS,partial_inverse
inverse:L5:2459,L5,R5,2459,2395,2459,PASS,partial_inverse
inverse:L5:2461,L5,R5,2461,2397,2461,PASS,partial_inverse
inverse:L5:2471,L5,R5,2471,2407,2471,PASS,partial_inverse
inverse:L5:2475,L5,R5,2475,2411,2475,PASS,partial_inverse
inverse:L5:2477,L5,R5,2477,2413,2477,PASS,partial_inverse
inverse:L5:2483,L5,R5,2483,2419,2483,PASS,partial_inverse
inverse:L5:2485,L5,R5,2485,2421,2485,PASS,partial_inverse
inverse:L5:2489,L5,R5,2489,2425,2489,PASS,partial_inverse
inverse:L5:2607,L5,R5,2607,2591,2607,PASS,partial_inverse
inverse:L5:2639,L5,R5,2639,2607,2639,PASS,partial_inverse
inverse:L5:2647,L5,R5,2647,2615,2647,PASS,partial_inverse
inverse:L5:2651,L5,R5,2651,2619,2651,PASS,partial_inverse
inverse:L5:2653,L5,R5,2653,2621,2653,PASS,partial_inverse
inverse:L5:2703,L5,R5,2703,2639,2703,PASS,partial_inverse
inverse:L5:2711,L5,R5,2711,2647,2711,PASS,partial_inverse
inverse:L5:2715,L5,R5,2715,2651,2715,PASS,partial_inverse
inverse:L5:2717,L5,R5,2717,2653,2717,PASS,partial_inverse
inverse:L5:2727,L5,R5,2727,2663,2727,PASS,partial_inverse
inverse:L5:2731,L5,R5,2731,2667,2731,PASS,partial_inverse
inverse:L5:2733,L5,R5,2733,2669,2733,PASS,partial_inverse
inverse:L5:2739,L5,R5,2739,2675,2739,PASS,partial_inverse
inverse:L5:2741,L5,R5,2741,2677,2741,PASS,partial_inverse
inverse:L5:2745,L5,R5,2745,2681,2745,PASS,partial_inverse
inverse:L5:2831,L5,R5,2831,2703,2831,PASS,partial_inverse
inverse:L5:2839,L5,R5,2839,2711,2839,PASS,partial_inverse
inverse:L5:2843,L5,R5,2843,2715,2843,PASS,partial_inverse
inverse:L5:2845,L5,R5,2845,2717,2845,PASS,partial_inverse
inverse:L5:2855,L5,R5,2855,2727,2855,PASS,partial_inverse
inverse:L5:2859,L5,R5,2859,2731,2859,PASS,partial_inverse
inverse:L5:2861,L5,R5,2861,2733,2861,PASS,partial_inverse
inverse:L5:2867,L5,R5,2867,2739,2867,PASS,partial_inverse
inverse:L5:2869,L5,R5,2869,2741,2869,PASS,partial_inverse
inverse:L5:2873,L5,R5,2873,2745,2873,PASS,partial_inverse
inverse:L5:2887,L5,R5,2887,2759,2887,PASS,partial_inverse
inverse:L5:2891,L5,R5,2891,2763,2891,PASS,partial_inverse
inverse:L5:2893,L5,R5,2893,2765,2893,PASS,partial_inverse
inverse:L5:2899,L5,R5,2899,2771,2899,PASS,partial_inverse
inverse:L5:2901,L5,R5,2901,2773,2901,PASS,partial_inverse
inverse:L5:2905,L5,R5,2905,2777,2905,PASS,partial_inverse
inverse:L5:2915,L5,R5,2915,2787,2915,PASS,partial_inverse
inverse:L5:2917,L5,R5,2917,2789,2917,PASS,partial_inverse
inverse:L5:2921,L5,R5,2921,2793,2921,PASS,partial_inverse
inverse:L5:2929,L5,R5,2929,2801,2929,PASS,partial_inverse
inverse:L5:3119,L5,R5,3119,3103,3119,PASS,partial_inverse
inverse:L5:3151,L5,R5,3151,3119,3151,PASS,partial_inverse
inverse:L5:3159,L5,R5,3159,3127,3159,PASS,partial_inverse
inverse:L5:3163,L5,R5,3163,3131,3163,PASS,partial_inverse
inverse:L5:3165,L5,R5,3165,3133,3165,PASS,partial_inverse
inverse:L5:3215,L5,R5,3215,3151,3215,PASS,partial_inverse
inverse:L5:3223,L5,R5,3223,3159,3223,PASS,partial_inverse
inverse:L5:3227,L5,R5,3227,3163,3227,PASS,partial_inverse
inverse:L5:3229,L5,R5,3229,3165,3229,PASS,partial_inverse
inverse:L5:3239,L5,R5,3239,3175,3239,PASS,partial_inverse
inverse:L5:3243,L5,R5,3243,3179,3243,PASS,partial_inverse
inverse:L5:3245,L5,R5,3245,3181,3245,PASS,partial_inverse
inverse:L5:3251,L5,R5,3251,3187,3251,PASS,partial_inverse
inverse:L5:3253,L5,R5,3253,3189,3253,PASS,partial_inverse
inverse:L5:3257,L5,R5,3257,3193,3257,PASS,partial_inverse
inverse:L5:3343,L5,R5,3343,3215,3343,PASS,partial_inverse
inverse:L5:3351,L5,R5,3351,3223,3351,PASS,partial_inverse
inverse:L5:3355,L5,R5,3355,3227,3355,PASS,partial_inverse
inverse:L5:3357,L5,R5,3357,3229,3357,PASS,partial_inverse
inverse:L5:3367,L5,R5,3367,3239,3367,PASS,partial_inverse
inverse:L5:3371,L5,R5,3371,3243,3371,PASS,partial_inverse
inverse:L5:3373,L5,R5,3373,3245,3373,PASS,partial_inverse
inverse:L5:3379,L5,R5,3379,3251,3379,PASS,partial_inverse
inverse:L5:3381,L5,R5,3381,3253,3381,PASS,partial_inverse
inverse:L5:3385,L5,R5,3385,3257,3385,PASS,partial_inverse
inverse:L5:3399,L5,R5,3399,3271,3399,PASS,partial_inverse
inverse:L5:3403,L5,R5,3403,3275,3403,PASS,partial_inverse
inverse:L5:3405,L5,R5,3405,3277,3405,PASS,partial_inverse
inverse:L5:3411,L5,R5,3411,3283,3411,PASS,partial_inverse
inverse:L5:3413,L5,R5,3413,3285,3413,PASS,partial_inverse
inverse:L5:3417,L5,R5,3417,3289,3417,PASS,partial_inverse
inverse:L5:3427,L5,R5,3427,3299,3427,PASS,partial_inverse
inverse:L5:3429,L5,R5,3429,3301,3429,PASS,partial_inverse
inverse:L5:3433,L5,R5,3433,3305,3433,PASS,partial_inverse
inverse:L5:3441,L5,R5,3441,3313,3441,PASS,partial_inverse
inverse:L5:3599,L5,R5,3599,3343,3599,PASS,partial_inverse
inverse:L5:3607,L5,R5,3607,3351,3607,PASS,partial_inverse
inverse:L5:3611,L5,R5,3611,3355,3611,PASS,partial_inverse
inverse:L5:3613,L5,R5,3613,3357,3613,PASS,partial_inverse
inverse:L5:3623,L5,R5,3623,3367,3623,PASS,partial_inverse
inverse:L5:3627,L5,R5,3627,3371,3627,PASS,partial_inverse
inverse:L5:3629,L5,R5,3629,3373,3629,PASS,partial_inverse
inverse:L5:3635,L5,R5,3635,3379,3635,PASS,partial_inverse
inverse:L5:3637,L5,R5,3637,3381,3637,PASS,partial_inverse
inverse:L5:3641,L5,R5,3641,3385,3641,PASS,partial_inverse
inverse:L5:3655,L5,R5,3655,3399,3655,PASS,partial_inverse
inverse:L5:3659,L5,R5,3659,3403,3659,PASS,partial_inverse
inverse:L5:3661,L5,R5,3661,3405,3661,PASS,partial_inverse
inverse:L5:3667,L5,R5,3667,3411,3667,PASS,partial_inverse
inverse:L5:3669,L5,R5,3669,3413,3669,PASS,partial_inverse
inverse:L5:3673,L5,R5,3673,3417,3673,PASS,partial_inverse
inverse:L5:3683,L5,R5,3683,3427,3683,PASS,partial_inverse
inverse:L5:3685,L5,R5,3685,3429,3685,PASS,partial_inverse
inverse:L5:3689,L5,R5,3689,3433,3689,PASS,partial_inverse
inverse:L5:3697,L5,R5,3697,3441,3697,PASS,partial_inverse
inverse:L5:3719,L5,R5,3719,3463,3719,PASS,partial_inverse
inverse:L5:3723,L5,R5,3723,3467,3723,PASS,partial_inverse
inverse:L5:3725,L5,R5,3725,3469,3725,PASS,partial_inverse
inverse:L5:3731,L5,R5,3731,3475,3731,PASS,partial_inverse
inverse:L5:3733,L5,R5,3733,3477,3733,PASS,partial_inverse
inverse:L5:3737,L5,R5,3737,3481,3737,PASS,partial_inverse
inverse:L5:3747,L5,R5,3747,3491,3747,PASS,partial_inverse
inverse:L5:3749,L5,R5,3749,3493,3749,PASS,partial_inverse
inverse:L5:3753,L5,R5,3753,3497,3753,PASS,partial_inverse
inverse:L5:3761,L5,R5,3761,3505,3761,PASS,partial_inverse
inverse:L5:3779,L5,R5,3779,3523,3779,PASS,partial_inverse
inverse:L5:3781,L5,R5,3781,3525,3781,PASS,partial_inverse
inverse:L5:3785,L5,R5,3785,3529,3785,PASS,partial_inverse
inverse:L5:3793,L5,R5,3793,3537,3793,PASS,partial_inverse
inverse:L5:3809,L5,R5,3809,3553,3809,PASS,partial_inverse
inverse:R6:191,R6,L6,191,223,191,PASS,partial_inverse
inverse:R6:319,R6,L6,319,351,319,PASS,partial_inverse
inverse:R6:351,R6,L6,351,415,351,PASS,partial_inverse
inverse:R6:367,R6,L6,367,431,367,PASS,partial_inverse
inverse:R6:375,R6,L6,375,439,375,PASS,partial_inverse
inverse:R6:379,R6,L6,379,443,379,PASS,partial_inverse
inverse:R6:381,R6,L6,381,445,381,PASS,partial_inverse
inverse:R6:575,R6,L6,575,607,575,PASS,partial_inverse
inverse:R6:607,R6,L6,607,671,607,PASS,partial_inverse
inverse:R6:623,R6,L6,623,687,623,PASS,partial_inverse
inverse:R6:631,R6,L6,631,695,631,PASS,partial_inverse
inverse:R6:635,R6,L6,635,699,635,PASS,partial_inverse
inverse:R6:637,R6,L6,637,701,637,PASS,partial_inverse
inverse:R6:671,R6,L6,671,799,671,PASS,partial_inverse
inverse:R6:687,R6,L6,687,815,687,PASS,partial_inverse
inverse:R6:695,R6,L6,695,823,695,PASS,partial_inverse
inverse:R6:699,R6,L6,699,827,699,PASS,partial_inverse
inverse:R6:701,R6,L6,701,829,701,PASS,partial_inverse
inverse:R6:719,R6,L6,719,847,719,PASS,partial_inverse
inverse:R6:727,R6,L6,727,855,727,PASS,partial_inverse
inverse:R6:731,R6,L6,731,859,731,PASS,partial_inverse
inverse:R6:733,R6,L6,733,861,733,PASS,partial_inverse
inverse:R6:743,R6,L6,743,871,743,PASS,partial_inverse
inverse:R6:747,R6,L6,747,875,747,PASS,partial_inverse
inverse:R6:749,R6,L6,749,877,749,PASS,partial_inverse
inverse:R6:755,R6,L6,755,883,755,PASS,partial_inverse
inverse:R6:757,R6,L6,757,885,757,PASS,partial_inverse
inverse:R6:761,R6,L6,761,889,761,PASS,partial_inverse
inverse:R6:1087,R6,L6,1087,1119,1087,PASS,partial_inverse
inverse:R6:1119,R6,L6,1119,1183,1119,PASS,partial_inverse
inverse:R6:1135,R6,L6,1135,1199,1135,PASS,partial_inverse
inverse:R6:1143,R6,L6,1143,1207,1143,PASS,partial_inverse
inverse:R6:1147,R6,L6,1147,1211,1147,PASS,partial_inverse
inverse:R6:1149,R6,L6,1149,1213,1149,PASS,partial_inverse
inverse:R6:1183,R6,L6,1183,1311,1183,PASS,partial_inverse
inverse:R6:1199,R6,L6,1199,1327,1199,PASS,partial_inverse
inverse:R6:1207,R6,L6,1207,1335,1207,PASS,partial_inverse
inverse:R6:1211,R6,L6,1211,1339,1211,PASS,partial_inverse
inverse:R6:1213,R6,L6,1213,1341,1213,PASS,partial_inverse
inverse:R6:1231,R6,L6,1231,1359,1231,PASS,partial_inverse
inverse:R6:1239,R6,L6,1239,1367,1239,PASS,partial_inverse
inverse:R6:1243,R6,L6,1243,1371,1243,PASS,partial_inverse
inverse:R6:1245,R6,L6,1245,1373,1245,PASS,partial_inverse
inverse:R6:1255,R6,L6,1255,1383,1255,PASS,partial_inverse
inverse:R6:1259,R6,L6,1259,1387,1259,PASS,partial_inverse
inverse:R6:1261,R6,L6,1261,1389,1261,PASS,partial_inverse
inverse:R6:1267,R6,L6,1267,1395,1267,PASS,partial_inverse
inverse:R6:1269,R6,L6,1269,1397,1269,PASS,partial_inverse
inverse:R6:1273,R6,L6,1273,1401,1273,PASS,partial_inverse
inverse:R6:1311,R6,L6,1311,1567,1311,PASS,partial_inverse
inverse:R6:1327,R6,L6,1327,1583,1327,PASS,partial_inverse
inverse:R6:1335,R6,L6,1335,1591,1335,PASS,partial_inverse
inverse:R6:1339,R6,L6,1339,1595,1339,PASS,partial_inverse
inverse:R6:1341,R6,L6,1341,1597,1341,PASS,partial_inverse
inverse:R6:1359,R6,L6,1359,1615,1359,PASS,partial_inverse
inverse:R6:1367,R6,L6,1367,1623,1367,PASS,partial_inverse
inverse:R6:1371,R6,L6,1371,1627,1371,PASS,partial_inverse
inverse:R6:1373,R6,L6,1373,1629,1373,PASS,partial_inverse
inverse:R6:1383,R6,L6,1383,1639,1383,PASS,partial_inverse
inverse:R6:1387,R6,L6,1387,1643,1387,PASS,partial_inverse
inverse:R6:1389,R6,L6,1389,1645,1389,PASS,partial_inverse
inverse:R6:1395,R6,L6,1395,1651,1395,PASS,partial_inverse
inverse:R6:1397,R6,L6,1397,1653,1397,PASS,partial_inverse
inverse:R6:1401,R6,L6,1401,1657,1401,PASS,partial_inverse
inverse:R6:1423,R6,L6,1423,1679,1423,PASS,partial_inverse
inverse:R6:1431,R6,L6,1431,1687,1431,PASS,partial_inverse
inverse:R6:1435,R6,L6,1435,1691,1435,PASS,partial_inverse
inverse:R6:1437,R6,L6,1437,1693,1437,PASS,partial_inverse
inverse:R6:1447,R6,L6,1447,1703,1447,PASS,partial_inverse
inverse:R6:1451,R6,L6,1451,1707,1451,PASS,partial_inverse
inverse:R6:1453,R6,L6,1453,1709,1453,PASS,partial_inverse
inverse:R6:1459,R6,L6,1459,1715,1459,PASS,partial_inverse
inverse:R6:1461,R6,L6,1461,1717,1461,PASS,partial_inverse
inverse:R6:1465,R6,L6,1465,1721,1465,PASS,partial_inverse
inverse:R6:1479,R6,L6,1479,1735,1479,PASS,partial_inverse
inverse:R6:1483,R6,L6,1483,1739,1483,PASS,partial_inverse
inverse:R6:1485,R6,L6,1485,1741,1485,PASS,partial_inverse
inverse:R6:1491,R6,L6,1491,1747,1491,PASS,partial_inverse
inverse:R6:1493,R6,L6,1493,1749,1493,PASS,partial_inverse
inverse:R6:1497,R6,L6,1497,1753,1497,PASS,partial_inverse
inverse:R6:1507,R6,L6,1507,1763,1507,PASS,partial_inverse
inverse:R6:1509,R6,L6,1509,1765,1509,PASS,partial_inverse
inverse:R6:1513,R6,L6,1513,1769,1513,PASS,partial_inverse
inverse:R6:1521,R6,L6,1521,1777,1521,PASS,partial_inverse
inverse:R6:2111,R6,L6,2111,2143,2111,PASS,partial_inverse
inverse:R6:2143,R6,L6,2143,2207,2143,PASS,partial_inverse
inverse:R6:2159,R6,L6,2159,2223,2159,PASS,partial_inverse
inverse:R6:2167,R6,L6,2167,2231,2167,PASS,partial_inverse
inverse:R6:2171,R6,L6,2171,2235,2171,PASS,partial_inverse
inverse:R6:2173,R6,L6,2173,2237,2173,PASS,partial_inverse
inverse:R6:2207,R6,L6,2207,2335,2207,PASS,partial_inverse
inverse:R6:2223,R6,L6,2223,2351,2223,PASS,partial_inverse
inverse:R6:2231,R6,L6,2231,2359,2231,PASS,partial_inverse
inverse:R6:2235,R6,L6,2235,2363,2235,PASS,partial_inverse
inverse:R6:2237,R6,L6,2237,2365,2237,PASS,partial_inverse
inverse:R6:2255,R6,L6,2255,2383,2255,PASS,partial_inverse
inverse:R6:2263,R6,L6,2263,2391,2263,PASS,partial_inverse
inverse:R6:2267,R6,L6,2267,2395,2267,PASS,partial_inverse
inverse:R6:2269,R6,L6,2269,2397,2269,PASS,partial_inverse
inverse:R6:2279,R6,L6,2279,2407,2279,PASS,partial_inverse
inverse:R6:2283,R6,L6,2283,2411,2283,PASS,partial_inverse
inverse:R6:2285,R6,L6,2285,2413,2285,PASS,partial_inverse
inverse:R6:2291,R6,L6,2291,2419,2291,PASS,partial_inverse
inverse:R6:2293,R6,L6,2293,2421,2293,PASS,partial_inverse
inverse:R6:2297,R6,L6,2297,2425,2297,PASS,partial_inverse
inverse:R6:2335,R6,L6,2335,2591,2335,PASS,partial_inverse
inverse:R6:2351,R6,L6,2351,2607,2351,PASS,partial_inverse
inverse:R6:2359,R6,L6,2359,2615,2359,PASS,partial_inverse
inverse:R6:2363,R6,L6,2363,2619,2363,PASS,partial_inverse
inverse:R6:2365,R6,L6,2365,2621,2365,PASS,partial_inverse
inverse:R6:2383,R6,L6,2383,2639,2383,PASS,partial_inverse
inverse:R6:2391,R6,L6,2391,2647,2391,PASS,partial_inverse
inverse:R6:2395,R6,L6,2395,2651,2395,PASS,partial_inverse
inverse:R6:2397,R6,L6,2397,2653,2397,PASS,partial_inverse
inverse:R6:2407,R6,L6,2407,2663,2407,PASS,partial_inverse
inverse:R6:2411,R6,L6,2411,2667,2411,PASS,partial_inverse
inverse:R6:2413,R6,L6,2413,2669,2413,PASS,partial_inverse
inverse:R6:2419,R6,L6,2419,2675,2419,PASS,partial_inverse
inverse:R6:2421,R6,L6,2421,2677,2421,PASS,partial_inverse
inverse:R6:2425,R6,L6,2425,2681,2425,PASS,partial_inverse
inverse:R6:2447,R6,L6,2447,2703,2447,PASS,partial_inverse
inverse:R6:2455,R6,L6,2455,2711,2455,PASS,partial_inverse
inverse:R6:2459,R6,L6,2459,2715,2459,PASS,partial_inverse
inverse:R6:2461,R6,L6,2461,2717,2461,PASS,partial_inverse
inverse:R6:2471,R6,L6,2471,2727,2471,PASS,partial_inverse
inverse:R6:2475,R6,L6,2475,2731,2475,PASS,partial_inverse
inverse:R6:2477,R6,L6,2477,2733,2477,PASS,partial_inverse
inverse:R6:2483,R6,L6,2483,2739,2483,PASS,partial_inverse
inverse:R6:2485,R6,L6,2485,2741,2485,PASS,partial_inverse
inverse:R6:2489,R6,L6,2489,2745,2489,PASS,partial_inverse
inverse:R6:2503,R6,L6,2503,2759,2503,PASS,partial_inverse
inverse:R6:2507,R6,L6,2507,2763,2507,PASS,partial_inverse
inverse:R6:2509,R6,L6,2509,2765,2509,PASS,partial_inverse
inverse:R6:2515,R6,L6,2515,2771,2515,PASS,partial_inverse
inverse:R6:2517,R6,L6,2517,2773,2517,PASS,partial_inverse
inverse:R6:2521,R6,L6,2521,2777,2521,PASS,partial_inverse
inverse:R6:2531,R6,L6,2531,2787,2531,PASS,partial_inverse
inverse:R6:2533,R6,L6,2533,2789,2533,PASS,partial_inverse
inverse:R6:2537,R6,L6,2537,2793,2537,PASS,partial_inverse
inverse:R6:2545,R6,L6,2545,2801,2545,PASS,partial_inverse
inverse:R6:2591,R6,L6,2591,3103,2591,PASS,partial_inverse
inverse:R6:2607,R6,L6,2607,3119,2607,PASS,partial_inverse
inverse:R6:2615,R6,L6,2615,3127,2615,PASS,partial_inverse
inverse:R6:2619,R6,L6,2619,3131,2619,PASS,partial_inverse
inverse:R6:2621,R6,L6,2621,3133,2621,PASS,partial_inverse
inverse:R6:2639,R6,L6,2639,3151,2639,PASS,partial_inverse
inverse:R6:2647,R6,L6,2647,3159,2647,PASS,partial_inverse
inverse:R6:2651,R6,L6,2651,3163,2651,PASS,partial_inverse
inverse:R6:2653,R6,L6,2653,3165,2653,PASS,partial_inverse
inverse:R6:2663,R6,L6,2663,3175,2663,PASS,partial_inverse
inverse:R6:2667,R6,L6,2667,3179,2667,PASS,partial_inverse
inverse:R6:2669,R6,L6,2669,3181,2669,PASS,partial_inverse
inverse:R6:2675,R6,L6,2675,3187,2675,PASS,partial_inverse
inverse:R6:2677,R6,L6,2677,3189,2677,PASS,partial_inverse
inverse:R6:2681,R6,L6,2681,3193,2681,PASS,partial_inverse
inverse:R6:2703,R6,L6,2703,3215,2703,PASS,partial_inverse
inverse:R6:2711,R6,L6,2711,3223,2711,PASS,partial_inverse
inverse:R6:2715,R6,L6,2715,3227,2715,PASS,partial_inverse
inverse:R6:2717,R6,L6,2717,3229,2717,PASS,partial_inverse
inverse:R6:2727,R6,L6,2727,3239,2727,PASS,partial_inverse
inverse:R6:2731,R6,L6,2731,3243,2731,PASS,partial_inverse
inverse:R6:2733,R6,L6,2733,3245,2733,PASS,partial_inverse
inverse:R6:2739,R6,L6,2739,3251,2739,PASS,partial_inverse
inverse:R6:2741,R6,L6,2741,3253,2741,PASS,partial_inverse
inverse:R6:2745,R6,L6,2745,3257,2745,PASS,partial_inverse
inverse:R6:2759,R6,L6,2759,3271,2759,PASS,partial_inverse
inverse:R6:2763,R6,L6,2763,3275,2763,PASS,partial_inverse
inverse:R6:2765,R6,L6,2765,3277,2765,PASS,partial_inverse
inverse:R6:2771,R6,L6,2771,3283,2771,PASS,partial_inverse
inverse:R6:2773,R6,L6,2773,3285,2773,PASS,partial_inverse
inverse:R6:2777,R6,L6,2777,3289,2777,PASS,partial_inverse
inverse:R6:2787,R6,L6,2787,3299,2787,PASS,partial_inverse
inverse:R6:2789,R6,L6,2789,3301,2789,PASS,partial_inverse
inverse:R6:2793,R6,L6,2793,3305,2793,PASS,partial_inverse
inverse:R6:2801,R6,L6,2801,3313,2801,PASS,partial_inverse
inverse:R6:2831,R6,L6,2831,3343,2831,PASS,partial_inverse
inverse:R6:2839,R6,L6,2839,3351,2839,PASS,partial_inverse
inverse:R6:2843,R6,L6,2843,3355,2843,PASS,partial_inverse
inverse:R6:2845,R6,L6,2845,3357,2845,PASS,partial_inverse
inverse:R6:2855,R6,L6,2855,3367,2855,PASS,partial_inverse
inverse:R6:2859,R6,L6,2859,3371,2859,PASS,partial_inverse
inverse:R6:2861,R6,L6,2861,3373,2861,PASS,partial_inverse
inverse:R6:2867,R6,L6,2867,3379,2867,PASS,partial_inverse
inverse:R6:2869,R6,L6,2869,3381,2869,PASS,partial_inverse
inverse:R6:2873,R6,L6,2873,3385,2873,PASS,partial_inverse
inverse:R6:2887,R6,L6,2887,3399,2887,PASS,partial_inverse
inverse:R6:2891,R6,L6,2891,3403,2891,PASS,partial_inverse
inverse:R6:2893,R6,L6,2893,3405,2893,PASS,partial_inverse
inverse:R6:2899,R6,L6,2899,3411,2899,PASS,partial_inverse
inverse:R6:2901,R6,L6,2901,3413,2901,PASS,partial_inverse
inverse:R6:2905,R6,L6,2905,3417,2905,PASS,partial_inverse
inverse:R6:2915,R6,L6,2915,3427,2915,PASS,partial_inverse
inverse:R6:2917,R6,L6,2917,3429,2917,PASS,partial_inverse
inverse:R6:2921,R6,L6,2921,3433,2921,PASS,partial_inverse
inverse:R6:2929,R6,L6,2929,3441,2929,PASS,partial_inverse
inverse:R6:2951,R6,L6,2951,3463,2951,PASS,partial_inverse
inverse:R6:2955,R6,L6,2955,3467,2955,PASS,partial_inverse
inverse:R6:2957,R6,L6,2957,3469,2957,PASS,partial_inverse
inverse:R6:2963,R6,L6,2963,3475,2963,PASS,partial_inverse
inverse:R6:2965,R6,L6,2965,3477,2965,PASS,partial_inverse
inverse:R6:2969,R6,L6,2969,3481,2969,PASS,partial_inverse
inverse:R6:2979,R6,L6,2979,3491,2979,PASS,partial_inverse
inverse:R6:2981,R6,L6,2981,3493,2981,PASS,partial_inverse
inverse:R6:2985,R6,L6,2985,3497,2985,PASS,partial_inverse
inverse:R6:2993,R6,L6,2993,3505,2993,PASS,partial_inverse
inverse:R6:3011,R6,L6,3011,3523,3011,PASS,partial_inverse
inverse:R6:3013,R6,L6,3013,3525,3013,PASS,partial_inverse
inverse:R6:3017,R6,L6,3017,3529,3017,PASS,partial_inverse
inverse:R6:3025,R6,L6,3025,3537,3025,PASS,partial_inverse
inverse:R6:3041,R6,L6,3041,3553,3041,PASS,partial_inverse
inverse:L6:223,L6,R6,223,191,223,PASS,partial_inverse
inverse:L6:351,L6,R6,351,319,351,PASS,partial_inverse
inverse:L6:415,L6,R6,415,351,415,PASS,partial_inverse
inverse:L6:431,L6,R6,431,367,431,PASS,partial_inverse
inverse:L6:439,L6,R6,439,375,439,PASS,partial_inverse
inverse:L6:443,L6,R6,443,379,443,PASS,partial_inverse
inverse:L6:445,L6,R6,445,381,445,PASS,partial_inverse
inverse:L6:607,L6,R6,607,575,607,PASS,partial_inverse
inverse:L6:671,L6,R6,671,607,671,PASS,partial_inverse
inverse:L6:687,L6,R6,687,623,687,PASS,partial_inverse
inverse:L6:695,L6,R6,695,631,695,PASS,partial_inverse
inverse:L6:699,L6,R6,699,635,699,PASS,partial_inverse
inverse:L6:701,L6,R6,701,637,701,PASS,partial_inverse
inverse:L6:799,L6,R6,799,671,799,PASS,partial_inverse
inverse:L6:815,L6,R6,815,687,815,PASS,partial_inverse
inverse:L6:823,L6,R6,823,695,823,PASS,partial_inverse
inverse:L6:827,L6,R6,827,699,827,PASS,partial_inverse
inverse:L6:829,L6,R6,829,701,829,PASS,partial_inverse
inverse:L6:847,L6,R6,847,719,847,PASS,partial_inverse
inverse:L6:855,L6,R6,855,727,855,PASS,partial_inverse
inverse:L6:859,L6,R6,859,731,859,PASS,partial_inverse
inverse:L6:861,L6,R6,861,733,861,PASS,partial_inverse
inverse:L6:871,L6,R6,871,743,871,PASS,partial_inverse
inverse:L6:875,L6,R6,875,747,875,PASS,partial_inverse
inverse:L6:877,L6,R6,877,749,877,PASS,partial_inverse
inverse:L6:883,L6,R6,883,755,883,PASS,partial_inverse
inverse:L6:885,L6,R6,885,757,885,PASS,partial_inverse
inverse:L6:889,L6,R6,889,761,889,PASS,partial_inverse
inverse:L6:1119,L6,R6,1119,1087,1119,PASS,partial_inverse
inverse:L6:1183,L6,R6,1183,1119,1183,PASS,partial_inverse
inverse:L6:1199,L6,R6,1199,1135,1199,PASS,partial_inverse
inverse:L6:1207,L6,R6,1207,1143,1207,PASS,partial_inverse
inverse:L6:1211,L6,R6,1211,1147,1211,PASS,partial_inverse
inverse:L6:1213,L6,R6,1213,1149,1213,PASS,partial_inverse
inverse:L6:1311,L6,R6,1311,1183,1311,PASS,partial_inverse
inverse:L6:1327,L6,R6,1327,1199,1327,PASS,partial_inverse
inverse:L6:1335,L6,R6,1335,1207,1335,PASS,partial_inverse
inverse:L6:1339,L6,R6,1339,1211,1339,PASS,partial_inverse
inverse:L6:1341,L6,R6,1341,1213,1341,PASS,partial_inverse
inverse:L6:1359,L6,R6,1359,1231,1359,PASS,partial_inverse
inverse:L6:1367,L6,R6,1367,1239,1367,PASS,partial_inverse
inverse:L6:1371,L6,R6,1371,1243,1371,PASS,partial_inverse
inverse:L6:1373,L6,R6,1373,1245,1373,PASS,partial_inverse
inverse:L6:1383,L6,R6,1383,1255,1383,PASS,partial_inverse
inverse:L6:1387,L6,R6,1387,1259,1387,PASS,partial_inverse
inverse:L6:1389,L6,R6,1389,1261,1389,PASS,partial_inverse
inverse:L6:1395,L6,R6,1395,1267,1395,PASS,partial_inverse
inverse:L6:1397,L6,R6,1397,1269,1397,PASS,partial_inverse
inverse:L6:1401,L6,R6,1401,1273,1401,PASS,partial_inverse
inverse:L6:1567,L6,R6,1567,1311,1567,PASS,partial_inverse
inverse:L6:1583,L6,R6,1583,1327,1583,PASS,partial_inverse
inverse:L6:1591,L6,R6,1591,1335,1591,PASS,partial_inverse
inverse:L6:1595,L6,R6,1595,1339,1595,PASS,partial_inverse
inverse:L6:1597,L6,R6,1597,1341,1597,PASS,partial_inverse
inverse:L6:1615,L6,R6,1615,1359,1615,PASS,partial_inverse
inverse:L6:1623,L6,R6,1623,1367,1623,PASS,partial_inverse
inverse:L6:1627,L6,R6,1627,1371,1627,PASS,partial_inverse
inverse:L6:1629,L6,R6,1629,1373,1629,PASS,partial_inverse
inverse:L6:1639,L6,R6,1639,1383,1639,PASS,partial_inverse
inverse:L6:1643,L6,R6,1643,1387,1643,PASS,partial_inverse
inverse:L6:1645,L6,R6,1645,1389,1645,PASS,partial_inverse
inverse:L6:1651,L6,R6,1651,1395,1651,PASS,partial_inverse
inverse:L6:1653,L6,R6,1653,1397,1653,PASS,partial_inverse
inverse:L6:1657,L6,R6,1657,1401,1657,PASS,partial_inverse
inverse:L6:1679,L6,R6,1679,1423,1679,PASS,partial_inverse
inverse:L6:1687,L6,R6,1687,1431,1687,PASS,partial_inverse
inverse:L6:1691,L6,R6,1691,1435,1691,PASS,partial_inverse
inverse:L6:1693,L6,R6,1693,1437,1693,PASS,partial_inverse
inverse:L6:1703,L6,R6,1703,1447,1703,PASS,partial_inverse
inverse:L6:1707,L6,R6,1707,1451,1707,PASS,partial_inverse
inverse:L6:1709,L6,R6,1709,1453,1709,PASS,partial_inverse
inverse:L6:1715,L6,R6,1715,1459,1715,PASS,partial_inverse
inverse:L6:1717,L6,R6,1717,1461,1717,PASS,partial_inverse
inverse:L6:1721,L6,R6,1721,1465,1721,PASS,partial_inverse
inverse:L6:1735,L6,R6,1735,1479,1735,PASS,partial_inverse
inverse:L6:1739,L6,R6,1739,1483,1739,PASS,partial_inverse
inverse:L6:1741,L6,R6,1741,1485,1741,PASS,partial_inverse
inverse:L6:1747,L6,R6,1747,1491,1747,PASS,partial_inverse
inverse:L6:1749,L6,R6,1749,1493,1749,PASS,partial_inverse
inverse:L6:1753,L6,R6,1753,1497,1753,PASS,partial_inverse
inverse:L6:1763,L6,R6,1763,1507,1763,PASS,partial_inverse
inverse:L6:1765,L6,R6,1765,1509,1765,PASS,partial_inverse
inverse:L6:1769,L6,R6,1769,1513,1769,PASS,partial_inverse
inverse:L6:1777,L6,R6,1777,1521,1777,PASS,partial_inverse
inverse:L6:2143,L6,R6,2143,2111,2143,PASS,partial_inverse
inverse:L6:2207,L6,R6,2207,2143,2207,PASS,partial_inverse
inverse:L6:2223,L6,R6,2223,2159,2223,PASS,partial_inverse
inverse:L6:2231,L6,R6,2231,2167,2231,PASS,partial_inverse
inverse:L6:2235,L6,R6,2235,2171,2235,PASS,partial_inverse
inverse:L6:2237,L6,R6,2237,2173,2237,PASS,partial_inverse
inverse:L6:2335,L6,R6,2335,2207,2335,PASS,partial_inverse
inverse:L6:2351,L6,R6,2351,2223,2351,PASS,partial_inverse
inverse:L6:2359,L6,R6,2359,2231,2359,PASS,partial_inverse
inverse:L6:2363,L6,R6,2363,2235,2363,PASS,partial_inverse
inverse:L6:2365,L6,R6,2365,2237,2365,PASS,partial_inverse
inverse:L6:2383,L6,R6,2383,2255,2383,PASS,partial_inverse
inverse:L6:2391,L6,R6,2391,2263,2391,PASS,partial_inverse
inverse:L6:2395,L6,R6,2395,2267,2395,PASS,partial_inverse
inverse:L6:2397,L6,R6,2397,2269,2397,PASS,partial_inverse
inverse:L6:2407,L6,R6,2407,2279,2407,PASS,partial_inverse
inverse:L6:2411,L6,R6,2411,2283,2411,PASS,partial_inverse
inverse:L6:2413,L6,R6,2413,2285,2413,PASS,partial_inverse
inverse:L6:2419,L6,R6,2419,2291,2419,PASS,partial_inverse
inverse:L6:2421,L6,R6,2421,2293,2421,PASS,partial_inverse
inverse:L6:2425,L6,R6,2425,2297,2425,PASS,partial_inverse
inverse:L6:2591,L6,R6,2591,2335,2591,PASS,partial_inverse
inverse:L6:2607,L6,R6,2607,2351,2607,PASS,partial_inverse
inverse:L6:2615,L6,R6,2615,2359,2615,PASS,partial_inverse
inverse:L6:2619,L6,R6,2619,2363,2619,PASS,partial_inverse
inverse:L6:2621,L6,R6,2621,2365,2621,PASS,partial_inverse
inverse:L6:2639,L6,R6,2639,2383,2639,PASS,partial_inverse
inverse:L6:2647,L6,R6,2647,2391,2647,PASS,partial_inverse
inverse:L6:2651,L6,R6,2651,2395,2651,PASS,partial_inverse
inverse:L6:2653,L6,R6,2653,2397,2653,PASS,partial_inverse
inverse:L6:2663,L6,R6,2663,2407,2663,PASS,partial_inverse
inverse:L6:2667,L6,R6,2667,2411,2667,PASS,partial_inverse
inverse:L6:2669,L6,R6,2669,2413,2669,PASS,partial_inverse
inverse:L6:2675,L6,R6,2675,2419,2675,PASS,partial_inverse
inverse:L6:2677,L6,R6,2677,2421,2677,PASS,partial_inverse
inverse:L6:2681,L6,R6,2681,2425,2681,PASS,partial_inverse
inverse:L6:2703,L6,R6,2703,2447,2703,PASS,partial_inverse
inverse:L6:2711,L6,R6,2711,2455,2711,PASS,partial_inverse
inverse:L6:2715,L6,R6,2715,2459,2715,PASS,partial_inverse
inverse:L6:2717,L6,R6,2717,2461,2717,PASS,partial_inverse
inverse:L6:2727,L6,R6,2727,2471,2727,PASS,partial_inverse
inverse:L6:2731,L6,R6,2731,2475,2731,PASS,partial_inverse
inverse:L6:2733,L6,R6,2733,2477,2733,PASS,partial_inverse
inverse:L6:2739,L6,R6,2739,2483,2739,PASS,partial_inverse
inverse:L6:2741,L6,R6,2741,2485,2741,PASS,partial_inverse
inverse:L6:2745,L6,R6,2745,2489,2745,PASS,partial_inverse
inverse:L6:2759,L6,R6,2759,2503,2759,PASS,partial_inverse
inverse:L6:2763,L6,R6,2763,2507,2763,PASS,partial_inverse
inverse:L6:2765,L6,R6,2765,2509,2765,PASS,partial_inverse
inverse:L6:2771,L6,R6,2771,2515,2771,PASS,partial_inverse
inverse:L6:2773,L6,R6,2773,2517,2773,PASS,partial_inverse
inverse:L6:2777,L6,R6,2777,2521,2777,PASS,partial_inverse
inverse:L6:2787,L6,R6,2787,2531,2787,PASS,partial_inverse
inverse:L6:2789,L6,R6,2789,2533,2789,PASS,partial_inverse
inverse:L6:2793,L6,R6,2793,2537,2793,PASS,partial_inverse
inverse:L6:2801,L6,R6,2801,2545,2801,PASS,partial_inverse
inverse:L6:3103,L6,R6,3103,2591,3103,PASS,partial_inverse
inverse:L6:3119,L6,R6,3119,2607,3119,PASS,partial_inverse
inverse:L6:3127,L6,R6,3127,2615,3127,PASS,partial_inverse
inverse:L6:3131,L6,R6,3131,2619,3131,PASS,partial_inverse
inverse:L6:3133,L6,R6,3133,2621,3133,PASS,partial_inverse
inverse:L6:3151,L6,R6,3151,2639,3151,PASS,partial_inverse
inverse:L6:3159,L6,R6,3159,2647,3159,PASS,partial_inverse
inverse:L6:3163,L6,R6,3163,2651,3163,PASS,partial_inverse
inverse:L6:3165,L6,R6,3165,2653,3165,PASS,partial_inverse
inverse:L6:3175,L6,R6,3175,2663,3175,PASS,partial_inverse
inverse:L6:3179,L6,R6,3179,2667,3179,PASS,partial_inverse
inverse:L6:3181,L6,R6,3181,2669,3181,PASS,partial_inverse
inverse:L6:3187,L6,R6,3187,2675,3187,PASS,partial_inverse
inverse:L6:3189,L6,R6,3189,2677,3189,PASS,partial_inverse
inverse:L6:3193,L6,R6,3193,2681,3193,PASS,partial_inverse
inverse:L6:3215,L6,R6,3215,2703,3215,PASS,partial_inverse
inverse:L6:3223,L6,R6,3223,2711,3223,PASS,partial_inverse
inverse:L6:3227,L6,R6,3227,2715,3227,PASS,partial_inverse
inverse:L6:3229,L6,R6,3229,2717,3229,PASS,partial_inverse
inverse:L6:3239,L6,R6,3239,2727,3239,PASS,partial_inverse
inverse:L6:3243,L6,R6,3243,2731,3243,PASS,partial_inverse
inverse:L6:3245,L6,R6,3245,2733,3245,PASS,partial_inverse
inverse:L6:3251,L6,R6,3251,2739,3251,PASS,partial_inverse
inverse:L6:3253,L6,R6,3253,2741,3253,PASS,partial_inverse
inverse:L6:3257,L6,R6,3257,2745,3257,PASS,partial_inverse
inverse:L6:3271,L6,R6,3271,2759,3271,PASS,partial_inverse
inverse:L6:3275,L6,R6,3275,2763,3275,PASS,partial_inverse
inverse:L6:3277,L6,R6,3277,2765,3277,PASS,partial_inverse
inverse:L6:3283,L6,R6,3283,2771,3283,PASS,partial_inverse
inverse:L6:3285,L6,R6,3285,2773,3285,PASS,partial_inverse
inverse:L6:3289,L6,R6,3289,2777,3289,PASS,partial_inverse
inverse:L6:3299,L6,R6,3299,2787,3299,PASS,partial_inverse
inverse:L6:3301,L6,R6,3301,2789,3301,PASS,partial_inverse
inverse:L6:3305,L6,R6,3305,2793,3305,PASS,partial_inverse
inverse:L6:3313,L6,R6,3313,2801,3313,PASS,partial_inverse
inverse:L6:3343,L6,R6,3343,2831,3343,PASS,partial_inverse
inverse:L6:3351,L6,R6,3351,2839,3351,PASS,partial_inverse
inverse:L6:3355,L6,R6,3355,2843,3355,PASS,partial_inverse
inverse:L6:3357,L6,R6,3357,2845,3357,PASS,partial_inverse
inverse:L6:3367,L6,R6,3367,2855,3367,PASS,partial_inverse
inverse:L6:3371,L6,R6,3371,2859,3371,PASS,partial_inverse
inverse:L6:3373,L6,R6,3373,2861,3373,PASS,partial_inverse
inverse:L6:3379,L6,R6,3379,2867,3379,PASS,partial_inverse
inverse:L6:3381,L6,R6,3381,2869,3381,PASS,partial_inverse
inverse:L6:3385,L6,R6,3385,2873,3385,PASS,partial_inverse
inverse:L6:3399,L6,R6,3399,2887,3399,PASS,partial_inverse
inverse:L6:3403,L6,R6,3403,2891,3403,PASS,partial_inverse
inverse:L6:3405,L6,R6,3405,2893,3405,PASS,partial_inverse
inverse:L6:3411,L6,R6,3411,2899,3411,PASS,partial_inverse
inverse:L6:3413,L6,R6,3413,2901,3413,PASS,partial_inverse
inverse:L6:3417,L6,R6,3417,2905,3417,PASS,partial_inverse
inverse:L6:3427,L6,R6,3427,2915,3427,PASS,partial_inverse
inverse:L6:3429,L6,R6,3429,2917,3429,PASS,partial_inverse
inverse:L6:3433,L6,R6,3433,2921,3433,PASS,partial_inverse
inverse:L6:3441,L6,R6,3441,2929,3441,PASS,partial_inverse
inverse:L6:3463,L6,R6,3463,2951,3463,PASS,partial_inverse
inverse:L6:3467,L6,R6,3467,2955,3467,PASS,partial_inverse
inverse:L6:3469,L6,R6,3469,2957,3469,PASS,partial_inverse
inverse:L6:3475,L6,R6,3475,2963,3475,PASS,partial_inverse
inverse:L6:3477,L6,R6,3477,2965,3477,PASS,partial_inverse
inverse:L6:3481,L6,R6,3481,2969,3481,PASS,partial_inverse
inverse:L6:3491,L6,R6,3491,2979,3491,PASS,partial_inverse
inverse:L6:3493,L6,R6,3493,2981,3493,PASS,partial_inverse
inverse:L6:3497,L6,R6,3497,2985,3497,PASS,partial_inverse
inverse:L6:3505,L6,R6,3505,2993,3505,PASS,partial_inverse
inverse:L6:3523,L6,R6,3523,3011,3523,PASS,partial_inverse
inverse:L6:3525,L6,R6,3525,3013,3525,PASS,partial_inverse
inverse:L6:3529,L6,R6,3529,3017,3529,PASS,partial_inverse
inverse:L6:3537,L6,R6,3537,3025,3537,PASS,partial_inverse
inverse:L6:3553,L6,R6,3553,3041,3553,PASS,partial_inverse
inverse:R7:127,R7,L7,127,191,127,PASS,partial_inverse
inverse:R7:191,R7,L7,191,319,191,PASS,partial_inverse
inverse:R7:223,R7,L7,223,351,223,PASS,partial_inverse
inverse:R7:239,R7,L7,239,367,239,PASS,partial_inverse
inverse:R7:247,R7,L7,247,375,247,PASS,partial_inverse
inverse:R7:251,R7,L7,251,379,251,PASS,partial_inverse
inverse:R7:253,R7,L7,253,381,253,PASS,partial_inverse
inverse:R7:319,R7,L7,319,575,319,PASS,partial_inverse
inverse:R7:351,R7,L7,351,607,351,PASS,partial_inverse
inverse:R7:367,R7,L7,367,623,367,PASS,partial_inverse
inverse:R7:375,R7,L7,375,631,375,PASS,partial_inverse
inverse:R7:379,R7,L7,379,635,379,PASS,partial_inverse
inverse:R7:381,R7,L7,381,637,381,PASS,partial_inverse
inverse:R7:415,R7,L7,415,671,415,PASS,partial_inverse
inverse:R7:431,R7,L7,431,687,431,PASS,partial_inverse
inverse:R7:439,R7,L7,439,695,439,PASS,partial_inverse
inverse:R7:443,R7,L7,443,699,443,PASS,partial_inverse
inverse:R7:445,R7,L7,445,701,445,PASS,partial_inverse
inverse:R7:463,R7,L7,463,719,463,PASS,partial_inverse
inverse:R7:471,R7,L7,471,727,471,PASS,partial_inverse
inverse:R7:475,R7,L7,475,731,475,PASS,partial_inverse
inverse:R7:477,R7,L7,477,733,477,PASS,partial_inverse
inverse:R7:487,R7,L7,487,743,487,PASS,partial_inverse
inverse:R7:491,R7,L7,491,747,491,PASS,partial_inverse
inverse:R7:493,R7,L7,493,749,493,PASS,partial_inverse
inverse:R7:499,R7,L7,499,755,499,PASS,partial_inverse
inverse:R7:501,R7,L7,501,757,501,PASS,partial_inverse
inverse:R7:505,R7,L7,505,761,505,PASS,partial_inverse
inverse:R7:575,R7,L7,575,1087,575,PASS,partial_inverse
inverse:R7:607,R7,L7,607,1119,607,PASS,partial_inverse
inverse:R7:623,R7,L7,623,1135,623,PASS,partial_inverse
inverse:R7:631,R7,L7,631,1143,631,PASS,partial_inverse
inverse:R7:635,R7,L7,635,1147,635,PASS,partial_inverse
inverse:R7:637,R7,L7,637,1149,637,PASS,partial_inverse
inverse:R7:671,R7,L7,671,1183,671,PASS,partial_inverse
inverse:R7:687,R7,L7,687,1199,687,PASS,partial_inverse
inverse:R7:695,R7,L7,695,1207,695,PASS,partial_inverse
inverse:R7:699,R7,L7,699,1211,699,PASS,partial_inverse
inverse:R7:701,R7,L7,701,1213,701,PASS,partial_inverse
inverse:R7:719,R7,L7,719,1231,719,PASS,partial_inverse
inverse:R7:727,R7,L7,727,1239,727,PASS,partial_inverse
inverse:R7:731,R7,L7,731,1243,731,PASS,partial_inverse
inverse:R7:733,R7,L7,733,1245,733,PASS,partial_inverse
inverse:R7:743,R7,L7,743,1255,743,PASS,partial_inverse
inverse:R7:747,R7,L7,747,1259,747,PASS,partial_inverse
inverse:R7:749,R7,L7,749,1261,749,PASS,partial_inverse
inverse:R7:755,R7,L7,755,1267,755,PASS,partial_inverse
inverse:R7:757,R7,L7,757,1269,757,PASS,partial_inverse
inverse:R7:761,R7,L7,761,1273,761,PASS,partial_inverse
inverse:R7:799,R7,L7,799,1311,799,PASS,partial_inverse
inverse:R7:815,R7,L7,815,1327,815,PASS,partial_inverse
inverse:R7:823,R7,L7,823,1335,823,PASS,partial_inverse
inverse:R7:827,R7,L7,827,1339,827,PASS,partial_inverse
inverse:R7:829,R7,L7,829,1341,829,PASS,partial_inverse
inverse:R7:847,R7,L7,847,1359,847,PASS,partial_inverse
inverse:R7:855,R7,L7,855,1367,855,PASS,partial_inverse
inverse:R7:859,R7,L7,859,1371,859,PASS,partial_inverse
inverse:R7:861,R7,L7,861,1373,861,PASS,partial_inverse
inverse:R7:871,R7,L7,871,1383,871,PASS,partial_inverse
inverse:R7:875,R7,L7,875,1387,875,PASS,partial_inverse
inverse:R7:877,R7,L7,877,1389,877,PASS,partial_inverse
inverse:R7:883,R7,L7,883,1395,883,PASS,partial_inverse
inverse:R7:885,R7,L7,885,1397,885,PASS,partial_inverse
inverse:R7:889,R7,L7,889,1401,889,PASS,partial_inverse
inverse:R7:911,R7,L7,911,1423,911,PASS,partial_inverse
inverse:R7:919,R7,L7,919,1431,919,PASS,partial_inverse
inverse:R7:923,R7,L7,923,1435,923,PASS,partial_inverse
inverse:R7:925,R7,L7,925,1437,925,PASS,partial_inverse
inverse:R7:935,R7,L7,935,1447,935,PASS,partial_inverse
inverse:R7:939,R7,L7,939,1451,939,PASS,partial_inverse
inverse:R7:941,R7,L7,941,1453,941,PASS,partial_inverse
inverse:R7:947,R7,L7,947,1459,947,PASS,partial_inverse
inverse:R7:949,R7,L7,949,1461,949,PASS,partial_inverse
inverse:R7:953,R7,L7,953,1465,953,PASS,partial_inverse
inverse:R7:967,R7,L7,967,1479,967,PASS,partial_inverse
inverse:R7:971,R7,L7,971,1483,971,PASS,partial_inverse
inverse:R7:973,R7,L7,973,1485,973,PASS,partial_inverse
inverse:R7:979,R7,L7,979,1491,979,PASS,partial_inverse
inverse:R7:981,R7,L7,981,1493,981,PASS,partial_inverse
inverse:R7:985,R7,L7,985,1497,985,PASS,partial_inverse
inverse:R7:995,R7,L7,995,1507,995,PASS,partial_inverse
inverse:R7:997,R7,L7,997,1509,997,PASS,partial_inverse
inverse:R7:1001,R7,L7,1001,1513,1001,PASS,partial_inverse
inverse:R7:1009,R7,L7,1009,1521,1009,PASS,partial_inverse
inverse:R7:1087,R7,L7,1087,2111,1087,PASS,partial_inverse
inverse:R7:1119,R7,L7,1119,2143,1119,PASS,partial_inverse
inverse:R7:1135,R7,L7,1135,2159,1135,PASS,partial_inverse
inverse:R7:1143,R7,L7,1143,2167,1143,PASS,partial_inverse
inverse:R7:1147,R7,L7,1147,2171,1147,PASS,partial_inverse
inverse:R7:1149,R7,L7,1149,2173,1149,PASS,partial_inverse
inverse:R7:1183,R7,L7,1183,2207,1183,PASS,partial_inverse
inverse:R7:1199,R7,L7,1199,2223,1199,PASS,partial_inverse
inverse:R7:1207,R7,L7,1207,2231,1207,PASS,partial_inverse
inverse:R7:1211,R7,L7,1211,2235,1211,PASS,partial_inverse
inverse:R7:1213,R7,L7,1213,2237,1213,PASS,partial_inverse
inverse:R7:1231,R7,L7,1231,2255,1231,PASS,partial_inverse
inverse:R7:1239,R7,L7,1239,2263,1239,PASS,partial_inverse
inverse:R7:1243,R7,L7,1243,2267,1243,PASS,partial_inverse
inverse:R7:1245,R7,L7,1245,2269,1245,PASS,partial_inverse
inverse:R7:1255,R7,L7,1255,2279,1255,PASS,partial_inverse
inverse:R7:1259,R7,L7,1259,2283,1259,PASS,partial_inverse
inverse:R7:1261,R7,L7,1261,2285,1261,PASS,partial_inverse
inverse:R7:1267,R7,L7,1267,2291,1267,PASS,partial_inverse
inverse:R7:1269,R7,L7,1269,2293,1269,PASS,partial_inverse
inverse:R7:1273,R7,L7,1273,2297,1273,PASS,partial_inverse
inverse:R7:1311,R7,L7,1311,2335,1311,PASS,partial_inverse
inverse:R7:1327,R7,L7,1327,2351,1327,PASS,partial_inverse
inverse:R7:1335,R7,L7,1335,2359,1335,PASS,partial_inverse
inverse:R7:1339,R7,L7,1339,2363,1339,PASS,partial_inverse
inverse:R7:1341,R7,L7,1341,2365,1341,PASS,partial_inverse
inverse:R7:1359,R7,L7,1359,2383,1359,PASS,partial_inverse
inverse:R7:1367,R7,L7,1367,2391,1367,PASS,partial_inverse
inverse:R7:1371,R7,L7,1371,2395,1371,PASS,partial_inverse
inverse:R7:1373,R7,L7,1373,2397,1373,PASS,partial_inverse
inverse:R7:1383,R7,L7,1383,2407,1383,PASS,partial_inverse
inverse:R7:1387,R7,L7,1387,2411,1387,PASS,partial_inverse
inverse:R7:1389,R7,L7,1389,2413,1389,PASS,partial_inverse
inverse:R7:1395,R7,L7,1395,2419,1395,PASS,partial_inverse
inverse:R7:1397,R7,L7,1397,2421,1397,PASS,partial_inverse
inverse:R7:1401,R7,L7,1401,2425,1401,PASS,partial_inverse
inverse:R7:1423,R7,L7,1423,2447,1423,PASS,partial_inverse
inverse:R7:1431,R7,L7,1431,2455,1431,PASS,partial_inverse
inverse:R7:1435,R7,L7,1435,2459,1435,PASS,partial_inverse
inverse:R7:1437,R7,L7,1437,2461,1437,PASS,partial_inverse
inverse:R7:1447,R7,L7,1447,2471,1447,PASS,partial_inverse
inverse:R7:1451,R7,L7,1451,2475,1451,PASS,partial_inverse
inverse:R7:1453,R7,L7,1453,2477,1453,PASS,partial_inverse
inverse:R7:1459,R7,L7,1459,2483,1459,PASS,partial_inverse
inverse:R7:1461,R7,L7,1461,2485,1461,PASS,partial_inverse
inverse:R7:1465,R7,L7,1465,2489,1465,PASS,partial_inverse
inverse:R7:1479,R7,L7,1479,2503,1479,PASS,partial_inverse
inverse:R7:1483,R7,L7,1483,2507,1483,PASS,partial_inverse
inverse:R7:1485,R7,L7,1485,2509,1485,PASS,partial_inverse
inverse:R7:1491,R7,L7,1491,2515,1491,PASS,partial_inverse
inverse:R7:1493,R7,L7,1493,2517,1493,PASS,partial_inverse
inverse:R7:1497,R7,L7,1497,2521,1497,PASS,partial_inverse
inverse:R7:1507,R7,L7,1507,2531,1507,PASS,partial_inverse
inverse:R7:1509,R7,L7,1509,2533,1509,PASS,partial_inverse
inverse:R7:1513,R7,L7,1513,2537,1513,PASS,partial_inverse
inverse:R7:1521,R7,L7,1521,2545,1521,PASS,partial_inverse
inverse:R7:1567,R7,L7,1567,2591,1567,PASS,partial_inverse
inverse:R7:1583,R7,L7,1583,2607,1583,PASS,partial_inverse
inverse:R7:1591,R7,L7,1591,2615,1591,PASS,partial_inverse
inverse:R7:1595,R7,L7,1595,2619,1595,PASS,partial_inverse
inverse:R7:1597,R7,L7,1597,2621,1597,PASS,partial_inverse
inverse:R7:1615,R7,L7,1615,2639,1615,PASS,partial_inverse
inverse:R7:1623,R7,L7,1623,2647,1623,PASS,partial_inverse
inverse:R7:1627,R7,L7,1627,2651,1627,PASS,partial_inverse
inverse:R7:1629,R7,L7,1629,2653,1629,PASS,partial_inverse
inverse:R7:1639,R7,L7,1639,2663,1639,PASS,partial_inverse
inverse:R7:1643,R7,L7,1643,2667,1643,PASS,partial_inverse
inverse:R7:1645,R7,L7,1645,2669,1645,PASS,partial_inverse
inverse:R7:1651,R7,L7,1651,2675,1651,PASS,partial_inverse
inverse:R7:1653,R7,L7,1653,2677,1653,PASS,partial_inverse
inverse:R7:1657,R7,L7,1657,2681,1657,PASS,partial_inverse
inverse:R7:1679,R7,L7,1679,2703,1679,PASS,partial_inverse
inverse:R7:1687,R7,L7,1687,2711,1687,PASS,partial_inverse
inverse:R7:1691,R7,L7,1691,2715,1691,PASS,partial_inverse
inverse:R7:1693,R7,L7,1693,2717,1693,PASS,partial_inverse
inverse:R7:1703,R7,L7,1703,2727,1703,PASS,partial_inverse
inverse:R7:1707,R7,L7,1707,2731,1707,PASS,partial_inverse
inverse:R7:1709,R7,L7,1709,2733,1709,PASS,partial_inverse
inverse:R7:1715,R7,L7,1715,2739,1715,PASS,partial_inverse
inverse:R7:1717,R7,L7,1717,2741,1717,PASS,partial_inverse
inverse:R7:1721,R7,L7,1721,2745,1721,PASS,partial_inverse
inverse:R7:1735,R7,L7,1735,2759,1735,PASS,partial_inverse
inverse:R7:1739,R7,L7,1739,2763,1739,PASS,partial_inverse
inverse:R7:1741,R7,L7,1741,2765,1741,PASS,partial_inverse
inverse:R7:1747,R7,L7,1747,2771,1747,PASS,partial_inverse
inverse:R7:1749,R7,L7,1749,2773,1749,PASS,partial_inverse
inverse:R7:1753,R7,L7,1753,2777,1753,PASS,partial_inverse
inverse:R7:1763,R7,L7,1763,2787,1763,PASS,partial_inverse
inverse:R7:1765,R7,L7,1765,2789,1765,PASS,partial_inverse
inverse:R7:1769,R7,L7,1769,2793,1769,PASS,partial_inverse
inverse:R7:1777,R7,L7,1777,2801,1777,PASS,partial_inverse
inverse:R7:1807,R7,L7,1807,2831,1807,PASS,partial_inverse
inverse:R7:1815,R7,L7,1815,2839,1815,PASS,partial_inverse
inverse:R7:1819,R7,L7,1819,2843,1819,PASS,partial_inverse
inverse:R7:1821,R7,L7,1821,2845,1821,PASS,partial_inverse
inverse:R7:1831,R7,L7,1831,2855,1831,PASS,partial_inverse
inverse:R7:1835,R7,L7,1835,2859,1835,PASS,partial_inverse
inverse:R7:1837,R7,L7,1837,2861,1837,PASS,partial_inverse
inverse:R7:1843,R7,L7,1843,2867,1843,PASS,partial_inverse
inverse:R7:1845,R7,L7,1845,2869,1845,PASS,partial_inverse
inverse:R7:1849,R7,L7,1849,2873,1849,PASS,partial_inverse
inverse:R7:1863,R7,L7,1863,2887,1863,PASS,partial_inverse
inverse:R7:1867,R7,L7,1867,2891,1867,PASS,partial_inverse
inverse:R7:1869,R7,L7,1869,2893,1869,PASS,partial_inverse
inverse:R7:1875,R7,L7,1875,2899,1875,PASS,partial_inverse
inverse:R7:1877,R7,L7,1877,2901,1877,PASS,partial_inverse
inverse:R7:1881,R7,L7,1881,2905,1881,PASS,partial_inverse
inverse:R7:1891,R7,L7,1891,2915,1891,PASS,partial_inverse
inverse:R7:1893,R7,L7,1893,2917,1893,PASS,partial_inverse
inverse:R7:1897,R7,L7,1897,2921,1897,PASS,partial_inverse
inverse:R7:1905,R7,L7,1905,2929,1905,PASS,partial_inverse
inverse:R7:1927,R7,L7,1927,2951,1927,PASS,partial_inverse
inverse:R7:1931,R7,L7,1931,2955,1931,PASS,partial_inverse
inverse:R7:1933,R7,L7,1933,2957,1933,PASS,partial_inverse
inverse:R7:1939,R7,L7,1939,2963,1939,PASS,partial_inverse
inverse:R7:1941,R7,L7,1941,2965,1941,PASS,partial_inverse
inverse:R7:1945,R7,L7,1945,2969,1945,PASS,partial_inverse
inverse:R7:1955,R7,L7,1955,2979,1955,PASS,partial_inverse
inverse:R7:1957,R7,L7,1957,2981,1957,PASS,partial_inverse
inverse:R7:1961,R7,L7,1961,2985,1961,PASS,partial_inverse
inverse:R7:1969,R7,L7,1969,2993,1969,PASS,partial_inverse
inverse:R7:1987,R7,L7,1987,3011,1987,PASS,partial_inverse
inverse:R7:1989,R7,L7,1989,3013,1989,PASS,partial_inverse
inverse:R7:1993,R7,L7,1993,3017,1993,PASS,partial_inverse
inverse:R7:2001,R7,L7,2001,3025,2001,PASS,partial_inverse
inverse:R7:2017,R7,L7,2017,3041,2017,PASS,partial_inverse
inverse:L7:191,L7,R7,191,127,191,PASS,partial_inverse
inverse:L7:319,L7,R7,319,191,319,PASS,partial_inverse
inverse:L7:351,L7,R7,351,223,351,PASS,partial_inverse
inverse:L7:367,L7,R7,367,239,367,PASS,partial_inverse
inverse:L7:375,L7,R7,375,247,375,PASS,partial_inverse
inverse:L7:379,L7,R7,379,251,379,PASS,partial_inverse
inverse:L7:381,L7,R7,381,253,381,PASS,partial_inverse
inverse:L7:575,L7,R7,575,319,575,PASS,partial_inverse
inverse:L7:607,L7,R7,607,351,607,PASS,partial_inverse
inverse:L7:623,L7,R7,623,367,623,PASS,partial_inverse
inverse:L7:631,L7,R7,631,375,631,PASS,partial_inverse
inverse:L7:635,L7,R7,635,379,635,PASS,partial_inverse
inverse:L7:637,L7,R7,637,381,637,PASS,partial_inverse
inverse:L7:671,L7,R7,671,415,671,PASS,partial_inverse
inverse:L7:687,L7,R7,687,431,687,PASS,partial_inverse
inverse:L7:695,L7,R7,695,439,695,PASS,partial_inverse
inverse:L7:699,L7,R7,699,443,699,PASS,partial_inverse
inverse:L7:701,L7,R7,701,445,701,PASS,partial_inverse
inverse:L7:719,L7,R7,719,463,719,PASS,partial_inverse
inverse:L7:727,L7,R7,727,471,727,PASS,partial_inverse
inverse:L7:731,L7,R7,731,475,731,PASS,partial_inverse
inverse:L7:733,L7,R7,733,477,733,PASS,partial_inverse
inverse:L7:743,L7,R7,743,487,743,PASS,partial_inverse
inverse:L7:747,L7,R7,747,491,747,PASS,partial_inverse
inverse:L7:749,L7,R7,749,493,749,PASS,partial_inverse
inverse:L7:755,L7,R7,755,499,755,PASS,partial_inverse
inverse:L7:757,L7,R7,757,501,757,PASS,partial_inverse
inverse:L7:761,L7,R7,761,505,761,PASS,partial_inverse
inverse:L7:1087,L7,R7,1087,575,1087,PASS,partial_inverse
inverse:L7:1119,L7,R7,1119,607,1119,PASS,partial_inverse
inverse:L7:1135,L7,R7,1135,623,1135,PASS,partial_inverse
inverse:L7:1143,L7,R7,1143,631,1143,PASS,partial_inverse
inverse:L7:1147,L7,R7,1147,635,1147,PASS,partial_inverse
inverse:L7:1149,L7,R7,1149,637,1149,PASS,partial_inverse
inverse:L7:1183,L7,R7,1183,671,1183,PASS,partial_inverse
inverse:L7:1199,L7,R7,1199,687,1199,PASS,partial_inverse
inverse:L7:1207,L7,R7,1207,695,1207,PASS,partial_inverse
inverse:L7:1211,L7,R7,1211,699,1211,PASS,partial_inverse
inverse:L7:1213,L7,R7,1213,701,1213,PASS,partial_inverse
inverse:L7:1231,L7,R7,1231,719,1231,PASS,partial_inverse
inverse:L7:1239,L7,R7,1239,727,1239,PASS,partial_inverse
inverse:L7:1243,L7,R7,1243,731,1243,PASS,partial_inverse
inverse:L7:1245,L7,R7,1245,733,1245,PASS,partial_inverse
inverse:L7:1255,L7,R7,1255,743,1255,PASS,partial_inverse
inverse:L7:1259,L7,R7,1259,747,1259,PASS,partial_inverse
inverse:L7:1261,L7,R7,1261,749,1261,PASS,partial_inverse
inverse:L7:1267,L7,R7,1267,755,1267,PASS,partial_inverse
inverse:L7:1269,L7,R7,1269,757,1269,PASS,partial_inverse
inverse:L7:1273,L7,R7,1273,761,1273,PASS,partial_inverse
inverse:L7:1311,L7,R7,1311,799,1311,PASS,partial_inverse
inverse:L7:1327,L7,R7,1327,815,1327,PASS,partial_inverse
inverse:L7:1335,L7,R7,1335,823,1335,PASS,partial_inverse
inverse:L7:1339,L7,R7,1339,827,1339,PASS,partial_inverse
inverse:L7:1341,L7,R7,1341,829,1341,PASS,partial_inverse
inverse:L7:1359,L7,R7,1359,847,1359,PASS,partial_inverse
inverse:L7:1367,L7,R7,1367,855,1367,PASS,partial_inverse
inverse:L7:1371,L7,R7,1371,859,1371,PASS,partial_inverse
inverse:L7:1373,L7,R7,1373,861,1373,PASS,partial_inverse
inverse:L7:1383,L7,R7,1383,871,1383,PASS,partial_inverse
inverse:L7:1387,L7,R7,1387,875,1387,PASS,partial_inverse
inverse:L7:1389,L7,R7,1389,877,1389,PASS,partial_inverse
inverse:L7:1395,L7,R7,1395,883,1395,PASS,partial_inverse
inverse:L7:1397,L7,R7,1397,885,1397,PASS,partial_inverse
inverse:L7:1401,L7,R7,1401,889,1401,PASS,partial_inverse
inverse:L7:1423,L7,R7,1423,911,1423,PASS,partial_inverse
inverse:L7:1431,L7,R7,1431,919,1431,PASS,partial_inverse
inverse:L7:1435,L7,R7,1435,923,1435,PASS,partial_inverse
inverse:L7:1437,L7,R7,1437,925,1437,PASS,partial_inverse
inverse:L7:1447,L7,R7,1447,935,1447,PASS,partial_inverse
inverse:L7:1451,L7,R7,1451,939,1451,PASS,partial_inverse
inverse:L7:1453,L7,R7,1453,941,1453,PASS,partial_inverse
inverse:L7:1459,L7,R7,1459,947,1459,PASS,partial_inverse
inverse:L7:1461,L7,R7,1461,949,1461,PASS,partial_inverse
inverse:L7:1465,L7,R7,1465,953,1465,PASS,partial_inverse
inverse:L7:1479,L7,R7,1479,967,1479,PASS,partial_inverse
inverse:L7:1483,L7,R7,1483,971,1483,PASS,partial_inverse
inverse:L7:1485,L7,R7,1485,973,1485,PASS,partial_inverse
inverse:L7:1491,L7,R7,1491,979,1491,PASS,partial_inverse
inverse:L7:1493,L7,R7,1493,981,1493,PASS,partial_inverse
inverse:L7:1497,L7,R7,1497,985,1497,PASS,partial_inverse
inverse:L7:1507,L7,R7,1507,995,1507,PASS,partial_inverse
inverse:L7:1509,L7,R7,1509,997,1509,PASS,partial_inverse
inverse:L7:1513,L7,R7,1513,1001,1513,PASS,partial_inverse
inverse:L7:1521,L7,R7,1521,1009,1521,PASS,partial_inverse
inverse:L7:2111,L7,R7,2111,1087,2111,PASS,partial_inverse
inverse:L7:2143,L7,R7,2143,1119,2143,PASS,partial_inverse
inverse:L7:2159,L7,R7,2159,1135,2159,PASS,partial_inverse
inverse:L7:2167,L7,R7,2167,1143,2167,PASS,partial_inverse
inverse:L7:2171,L7,R7,2171,1147,2171,PASS,partial_inverse
inverse:L7:2173,L7,R7,2173,1149,2173,PASS,partial_inverse
inverse:L7:2207,L7,R7,2207,1183,2207,PASS,partial_inverse
inverse:L7:2223,L7,R7,2223,1199,2223,PASS,partial_inverse
inverse:L7:2231,L7,R7,2231,1207,2231,PASS,partial_inverse
inverse:L7:2235,L7,R7,2235,1211,2235,PASS,partial_inverse
inverse:L7:2237,L7,R7,2237,1213,2237,PASS,partial_inverse
inverse:L7:2255,L7,R7,2255,1231,2255,PASS,partial_inverse
inverse:L7:2263,L7,R7,2263,1239,2263,PASS,partial_inverse
inverse:L7:2267,L7,R7,2267,1243,2267,PASS,partial_inverse
inverse:L7:2269,L7,R7,2269,1245,2269,PASS,partial_inverse
inverse:L7:2279,L7,R7,2279,1255,2279,PASS,partial_inverse
inverse:L7:2283,L7,R7,2283,1259,2283,PASS,partial_inverse
inverse:L7:2285,L7,R7,2285,1261,2285,PASS,partial_inverse
inverse:L7:2291,L7,R7,2291,1267,2291,PASS,partial_inverse
inverse:L7:2293,L7,R7,2293,1269,2293,PASS,partial_inverse
inverse:L7:2297,L7,R7,2297,1273,2297,PASS,partial_inverse
inverse:L7:2335,L7,R7,2335,1311,2335,PASS,partial_inverse
inverse:L7:2351,L7,R7,2351,1327,2351,PASS,partial_inverse
inverse:L7:2359,L7,R7,2359,1335,2359,PASS,partial_inverse
inverse:L7:2363,L7,R7,2363,1339,2363,PASS,partial_inverse
inverse:L7:2365,L7,R7,2365,1341,2365,PASS,partial_inverse
inverse:L7:2383,L7,R7,2383,1359,2383,PASS,partial_inverse
inverse:L7:2391,L7,R7,2391,1367,2391,PASS,partial_inverse
inverse:L7:2395,L7,R7,2395,1371,2395,PASS,partial_inverse
inverse:L7:2397,L7,R7,2397,1373,2397,PASS,partial_inverse
inverse:L7:2407,L7,R7,2407,1383,2407,PASS,partial_inverse
inverse:L7:2411,L7,R7,2411,1387,2411,PASS,partial_inverse
inverse:L7:2413,L7,R7,2413,1389,2413,PASS,partial_inverse
inverse:L7:2419,L7,R7,2419,1395,2419,PASS,partial_inverse
inverse:L7:2421,L7,R7,2421,1397,2421,PASS,partial_inverse
inverse:L7:2425,L7,R7,2425,1401,2425,PASS,partial_inverse
inverse:L7:2447,L7,R7,2447,1423,2447,PASS,partial_inverse
inverse:L7:2455,L7,R7,2455,1431,2455,PASS,partial_inverse
inverse:L7:2459,L7,R7,2459,1435,2459,PASS,partial_inverse
inverse:L7:2461,L7,R7,2461,1437,2461,PASS,partial_inverse
inverse:L7:2471,L7,R7,2471,1447,2471,PASS,partial_inverse
inverse:L7:2475,L7,R7,2475,1451,2475,PASS,partial_inverse
inverse:L7:2477,L7,R7,2477,1453,2477,PASS,partial_inverse
inverse:L7:2483,L7,R7,2483,1459,2483,PASS,partial_inverse
inverse:L7:2485,L7,R7,2485,1461,2485,PASS,partial_inverse
inverse:L7:2489,L7,R7,2489,1465,2489,PASS,partial_inverse
inverse:L7:2503,L7,R7,2503,1479,2503,PASS,partial_inverse
inverse:L7:2507,L7,R7,2507,1483,2507,PASS,partial_inverse
inverse:L7:2509,L7,R7,2509,1485,2509,PASS,partial_inverse
inverse:L7:2515,L7,R7,2515,1491,2515,PASS,partial_inverse
inverse:L7:2517,L7,R7,2517,1493,2517,PASS,partial_inverse
inverse:L7:2521,L7,R7,2521,1497,2521,PASS,partial_inverse
inverse:L7:2531,L7,R7,2531,1507,2531,PASS,partial_inverse
inverse:L7:2533,L7,R7,2533,1509,2533,PASS,partial_inverse
inverse:L7:2537,L7,R7,2537,1513,2537,PASS,partial_inverse
inverse:L7:2545,L7,R7,2545,1521,2545,PASS,partial_inverse
inverse:L7:2591,L7,R7,2591,1567,2591,PASS,partial_inverse
inverse:L7:2607,L7,R7,2607,1583,2607,PASS,partial_inverse
inverse:L7:2615,L7,R7,2615,1591,2615,PASS,partial_inverse
inverse:L7:2619,L7,R7,2619,1595,2619,PASS,partial_inverse
inverse:L7:2621,L7,R7,2621,1597,2621,PASS,partial_inverse
inverse:L7:2639,L7,R7,2639,1615,2639,PASS,partial_inverse
inverse:L7:2647,L7,R7,2647,1623,2647,PASS,partial_inverse
inverse:L7:2651,L7,R7,2651,1627,2651,PASS,partial_inverse
inverse:L7:2653,L7,R7,2653,1629,2653,PASS,partial_inverse
inverse:L7:2663,L7,R7,2663,1639,2663,PASS,partial_inverse
inverse:L7:2667,L7,R7,2667,1643,2667,PASS,partial_inverse
inverse:L7:2669,L7,R7,2669,1645,2669,PASS,partial_inverse
inverse:L7:2675,L7,R7,2675,1651,2675,PASS,partial_inverse
inverse:L7:2677,L7,R7,2677,1653,2677,PASS,partial_inverse
inverse:L7:2681,L7,R7,2681,1657,2681,PASS,partial_inverse
inverse:L7:2703,L7,R7,2703,1679,2703,PASS,partial_inverse
inverse:L7:2711,L7,R7,2711,1687,2711,PASS,partial_inverse
inverse:L7:2715,L7,R7,2715,1691,2715,PASS,partial_inverse
inverse:L7:2717,L7,R7,2717,1693,2717,PASS,partial_inverse
inverse:L7:2727,L7,R7,2727,1703,2727,PASS,partial_inverse
inverse:L7:2731,L7,R7,2731,1707,2731,PASS,partial_inverse
inverse:L7:2733,L7,R7,2733,1709,2733,PASS,partial_inverse
inverse:L7:2739,L7,R7,2739,1715,2739,PASS,partial_inverse
inverse:L7:2741,L7,R7,2741,1717,2741,PASS,partial_inverse
inverse:L7:2745,L7,R7,2745,1721,2745,PASS,partial_inverse
inverse:L7:2759,L7,R7,2759,1735,2759,PASS,partial_inverse
inverse:L7:2763,L7,R7,2763,1739,2763,PASS,partial_inverse
inverse:L7:2765,L7,R7,2765,1741,2765,PASS,partial_inverse
inverse:L7:2771,L7,R7,2771,1747,2771,PASS,partial_inverse
inverse:L7:2773,L7,R7,2773,1749,2773,PASS,partial_inverse
inverse:L7:2777,L7,R7,2777,1753,2777,PASS,partial_inverse
inverse:L7:2787,L7,R7,2787,1763,2787,PASS,partial_inverse
inverse:L7:2789,L7,R7,2789,1765,2789,PASS,partial_inverse
inverse:L7:2793,L7,R7,2793,1769,2793,PASS,partial_inverse
inverse:L7:2801,L7,R7,2801,1777,2801,PASS,partial_inverse
inverse:L7:2831,L7,R7,2831,1807,2831,PASS,partial_inverse
inverse:L7:2839,L7,R7,2839,1815,2839,PASS,partial_inverse
inverse:L7:2843,L7,R7,2843,1819,2843,PASS,partial_inverse
inverse:L7:2845,L7,R7,2845,1821,2845,PASS,partial_inverse
inverse:L7:2855,L7,R7,2855,1831,2855,PASS,partial_inverse
inverse:L7:2859,L7,R7,2859,1835,2859,PASS,partial_inverse
inverse:L7:2861,L7,R7,2861,1837,2861,PASS,partial_inverse
inverse:L7:2867,L7,R7,2867,1843,2867,PASS,partial_inverse
inverse:L7:2869,L7,R7,2869,1845,2869,PASS,partial_inverse
inverse:L7:2873,L7,R7,2873,1849,2873,PASS,partial_inverse
inverse:L7:2887,L7,R7,2887,1863,2887,PASS,partial_inverse
inverse:L7:2891,L7,R7,2891,1867,2891,PASS,partial_inverse
inverse:L7:2893,L7,R7,2893,1869,2893,PASS,partial_inverse
inverse:L7:2899,L7,R7,2899,1875,2899,PASS,partial_inverse
inverse:L7:2901,L7,R7,2901,1877,2901,PASS,partial_inverse
inverse:L7:2905,L7,R7,2905,1881,2905,PASS,partial_inverse
inverse:L7:2915,L7,R7,2915,1891,2915,PASS,partial_inverse
inverse:L7:2917,L7,R7,2917,1893,2917,PASS,partial_inverse
inverse:L7:2921,L7,R7,2921,1897,2921,PASS,partial_inverse
inverse:L7:2929,L7,R7,2929,1905,2929,PASS,partial_inverse
inverse:L7:2951,L7,R7,2951,1927,2951,PASS,partial_inverse
inverse:L7:2955,L7,R7,2955,1931,2955,PASS,partial_inverse
inverse:L7:2957,L7,R7,2957,1933,2957,PASS,partial_inverse
inverse:L7:2963,L7,R7,2963,1939,2963,PASS,partial_inverse
inverse:L7:2965,L7,R7,2965,1941,2965,PASS,partial_inverse
inverse:L7:2969,L7,R7,2969,1945,2969,PASS,partial_inverse
inverse:L7:2979,L7,R7,2979,1955,2979,PASS,partial_inverse
inverse:L7:2981,L7,R7,2981,1957,2981,PASS,partial_inverse
inverse:L7:2985,L7,R7,2985,1961,2985,PASS,partial_inverse
inverse:L7:2993,L7,R7,2993,1969,2993,PASS,partial_inverse
inverse:L7:3011,L7,R7,3011,1987,3011,PASS,partial_inverse
inverse:L7:3013,L7,R7,3013,1989,3013,PASS,partial_inverse
inverse:L7:3017,L7,R7,3017,1993,3017,PASS,partial_inverse
inverse:L7:3025,L7,R7,3025,2001,3025,PASS,partial_inverse
inverse:L7:3041,L7,R7,3041,2017,3041,PASS,partial_inverse
