witness_id,source_id,operator_id,conjugate_operator_id,left_path,right_path,left_defined,right_defined,left_target_id,right_target_id,domain_matches,target_matches,result
covariance:R1:127,127,R1,R7,R1;M,M;R7,false,false,,,true,true,PASS
covariance:R1:191,191,R1,R7,R1;M,M;R7,false,false,,,true,true,PASS
covariance:R1:223,223,R1,R7,R1;M,M;R7,false,false,,,true,true,PASS
covariance:R1:239,239,R1,R7,R1;M,M;R7,false,false,,,true,true,PASS
covariance:R1:247,247,R1,R7,R1;M,M;R7,false,false,,,true,true,PASS
covariance:R1:251,251,R1,R7,R1;M,M;R7,false,false,,,true,true,PASS
covariance:R1:253,253,R1,R7,R1;M,M;R7,true,true,2111,2111,true,true,PASS
covariance:R1:319,319,R1,R7,R1;M,M;R7,false,false,,,true,true,PASS
covariance:R1:351,351,R1,R7,R1;M,M;R7,false,false,,,true,true,PASS
covariance:R1:367,367,R1,R7,R1;M,M;R7,false,false,,,true,true,PASS
covariance:R1:375,375,R1,R7,R1;M,M;R7,false,false,,,true,true,PASS
covariance:R1:379,379,R1,R7,R1;M,M;R7,false,false,,,true,true,PASS
covariance:R1:381,381,R1,R7,R1;M,M;R7,true,true,2143,2143,true,true,PASS
covariance:R1:415,415,R1,R7,R1;M,M;R7,false,false,,,true,true,PASS
covariance:R1:431,431,R1,R7,R1;M,M;R7,false,false,,,true,true,PASS
covariance:R1:439,439,R1,R7,R1;M,M;R7,false,false,,,true,true,PASS
covariance:R1:443,443,R1,R7,R1;M,M;R7,false,false,,,true,true,PASS
covariance:R1:445,445,R1,R7,R1;M,M;R7,true,true,2159,2159,true,true,PASS
covariance:R1:463,463,R1,R7,R1;M,M;R7,false,false,,,true,true,PASS
covariance:R1:471,471,R1,R7,R1;M,M;R7,false,false,,,true,true,PASS
covariance:R1:475,475,R1,R7,R1;M,M;R7,false,false,,,true,true,PASS
covariance:R1:477,477,R1,R7,R1;M,M;R7,true,true,2167,2167,true,true,PASS
covariance:R1:487,487,R1,R7,R1;M,M;R7,false,false,,,true,true,PASS
covariance:R1:491,491,R1,R7,R1;M,M;R7,false,false,,,true,true,PASS
covariance:R1:493,493,R1,R7,R1;M,M;R7,true,true,2171,2171,true,true,PASS
covariance:R1:499,499,R1,R7,R1;M,M;R7,false,false,,,true,true,PASS
covariance:R1:501,501,R1,R7,R1;M,M;R7,true,true,2173,2173,true,true,PASS
covariance:R1:505,505,R1,R7,R1;M,M;R7,true,true,1087,1087,true,true,PASS
covariance:R1:575,575,R1,R7,R1;M,M;R7,false,false,,,true,true,PASS
covariance:R1:607,607,R1,R7,R1;M,M;R7,false,false,,,true,true,PASS
covariance:R1:623,623,R1,R7,R1;M,M;R7,false,false,,,true,true,PASS
covariance:R1:631,631,R1,R7,R1;M,M;R7,false,false,,,true,true,PASS
covariance:R1:635,635,R1,R7,R1;M,M;R7,false,false,,,true,true,PASS
covariance:R1:637,637,R1,R7,R1;M,M;R7,true,true,2207,2207,true,true,PASS
covariance:R1:671,671,R1,R7,R1;M,M;R7,false,false,,,true,true,PASS
covariance:R1:687,687,R1,R7,R1;M,M;R7,false,false,,,true,true,PASS
covariance:R1:695,695,R1,R7,R1;M,M;R7,false,false,,,true,true,PASS
covariance:R1:699,699,R1,R7,R1;M,M;R7,false,false,,,true,true,PASS
covariance:R1:701,701,R1,R7,R1;M,M;R7,true,true,2223,2223,true,true,PASS
covariance:R1:719,719,R1,R7,R1;M,M;R7,false,false,,,true,true,PASS
covariance:R1:727,727,R1,R7,R1;M,M;R7,false,false,,,true,true,PASS
covariance:R1:731,731,R1,R7,R1;M,M;R7,false,false,,,true,true,PASS
covariance:R1:733,733,R1,R7,R1;M,M;R7,true,true,2231,2231,true,true,PASS
covariance:R1:743,743,R1,R7,R1;M,M;R7,false,false,,,true,true,PASS
covariance:R1:747,747,R1,R7,R1;M,M;R7,false,false,,,true,true,PASS
covariance:R1:749,749,R1,R7,R1;M,M;R7,true,true,2235,2235,true,true,PASS
covariance:R1:755,755,R1,R7,R1;M,M;R7,false,false,,,true,true,PASS
covariance:R1:757,757,R1,R7,R1;M,M;R7,true,true,2237,2237,true,true,PASS
covariance:R1:761,761,R1,R7,R1;M,M;R7,true,true,1119,1119,true,true,PASS
covariance:R1:799,799,R1,R7,R1;M,M;R7,false,false,,,true,true,PASS
covariance:R1:815,815,R1,R7,R1;M,M;R7,false,false,,,true,true,PASS
covariance:R1:823,823,R1,R7,R1;M,M;R7,false,false,,,true,true,PASS
covariance:R1:827,827,R1,R7,R1;M,M;R7,false,false,,,true,true,PASS
covariance:R1:829,829,R1,R7,R1;M,M;R7,true,true,2255,2255,true,true,PASS
covariance:R1:847,847,R1,R7,R1;M,M;R7,false,false,,,true,true,PASS
covariance:R1:855,855,R1,R7,R1;M,M;R7,false,false,,,true,true,PASS
covariance:R1:859,859,R1,R7,R1;M,M;R7,false,false,,,true,true,PASS
covariance:R1:861,861,R1,R7,R1;M,M;R7,true,true,2263,2263,true,true,PASS
covariance:R1:871,871,R1,R7,R1;M,M;R7,false,false,,,true,true,PASS
covariance:R1:875,875,R1,R7,R1;M,M;R7,false,false,,,true,true,PASS
covariance:R1:877,877,R1,R7,R1;M,M;R7,true,true,2267,2267,true,true,PASS
covariance:R1:883,883,R1,R7,R1;M,M;R7,false,false,,,true,true,PASS
covariance:R1:885,885,R1,R7,R1;M,M;R7,true,true,2269,2269,true,true,PASS
covariance:R1:889,889,R1,R7,R1;M,M;R7,true,true,1135,1135,true,true,PASS
covariance:R1:911,911,R1,R7,R1;M,M;R7,false,false,,,true,true,PASS
covariance:R1:919,919,R1,R7,R1;M,M;R7,false,false,,,true,true,PASS
covariance:R1:923,923,R1,R7,R1;M,M;R7,false,false,,,true,true,PASS
covariance:R1:925,925,R1,R7,R1;M,M;R7,true,true,2279,2279,true,true,PASS
covariance:R1:935,935,R1,R7,R1;M,M;R7,false,false,,,true,true,PASS
covariance:R1:939,939,R1,R7,R1;M,M;R7,false,false,,,true,true,PASS
covariance:R1:941,941,R1,R7,R1;M,M;R7,true,true,2283,2283,true,true,PASS
covariance:R1:947,947,R1,R7,R1;M,M;R7,false,false,,,true,true,PASS
covariance:R1:949,949,R1,R7,R1;M,M;R7,true,true,2285,2285,true,true,PASS
covariance:R1:953,953,R1,R7,R1;M,M;R7,true,true,1143,1143,true,true,PASS
covariance:R1:967,967,R1,R7,R1;M,M;R7,false,false,,,true,true,PASS
covariance:R1:971,971,R1,R7,R1;M,M;R7,false,false,,,true,true,PASS
covariance:R1:973,973,R1,R7,R1;M,M;R7,true,true,2291,2291,true,true,PASS
covariance:R1:979,979,R1,R7,R1;M,M;R7,false,false,,,true,true,PASS
covariance:R1:981,981,R1,R7,R1;M,M;R7,true,true,2293,2293,true,true,PASS
covariance:R1:985,985,R1,R7,R1;M,M;R7,true,true,1147,1147,true,true,PASS
covariance:R1:995,995,R1,R7,R1;M,M;R7,false,false,,,true,true,PASS
covariance:R1:997,997,R1,R7,R1;M,M;R7,true,true,2297,2297,true,true,PASS
covariance:R1:1001,1001,R1,R7,R1;M,M;R7,true,true,1149,1149,true,true,PASS
covariance:R1:1009,1009,R1,R7,R1;M,M;R7,true,true,575,575,true,true,PASS
covariance:R1:1087,1087,R1,R7,R1;M,M;R7,false,false,,,true,true,PASS
covariance:R1:1119,1119,R1,R7,R1;M,M;R7,false,false,,,true,true,PASS
covariance:R1:1135,1135,R1,R7,R1;M,M;R7,false,false,,,true,true,PASS
covariance:R1:1143,1143,R1,R7,R1;M,M;R7,false,false,,,true,true,PASS
covariance:R1:1147,1147,R1,R7,R1;M,M;R7,false,false,,,true,true,PASS
covariance:R1:1149,1149,R1,R7,R1;M,M;R7,true,true,2335,2335,true,true,PASS
covariance:R1:1183,1183,R1,R7,R1;M,M;R7,false,false,,,true,true,PASS
covariance:R1:1199,1199,R1,R7,R1;M,M;R7,false,false,,,true,true,PASS
covariance:R1:1207,1207,R1,R7,R1;M,M;R7,false,false,,,true,true,PASS
covariance:R1:1211,1211,R1,R7,R1;M,M;R7,false,false,,,true,true,PASS
covariance:R1:1213,1213,R1,R7,R1;M,M;R7,true,true,2351,2351,true,true,PASS
covariance:R1:1231,1231,R1,R7,R1;M,M;R7,false,false,,,true,true,PASS
covariance:R1:1239,1239,R1,R7,R1;M,M;R7,false,false,,,true,true,PASS
covariance:R1:1243,1243,R1,R7,R1;M,M;R7,false,false,,,true,true,PASS
covariance:R1:1245,1245,R1,R7,R1;M,M;R7,true,true,2359,2359,true,true,PASS
covariance:R1:1255,1255,R1,R7,R1;M,M;R7,false,false,,,true,true,PASS
covariance:R1:1259,1259,R1,R7,R1;M,M;R7,false,false,,,true,true,PASS
covariance:R1:1261,1261,R1,R7,R1;M,M;R7,true,true,2363,2363,true,true,PASS
covariance:R1:1267,1267,R1,R7,R1;M,M;R7,false,false,,,true,true,PASS
covariance:R1:1269,1269,R1,R7,R1;M,M;R7,true,true,2365,2365,true,true,PASS
covariance:R1:1273,1273,R1,R7,R1;M,M;R7,true,true,1183,1183,true,true,PASS
covariance:R1:1311,1311,R1,R7,R1;M,M;R7,false,false,,,true,true,PASS
covariance:R1:1327,1327,R1,R7,R1;M,M;R7,false,false,,,true,true,PASS
covariance:R1:1335,1335,R1,R7,R1;M,M;R7,false,false,,,true,true,PASS
covariance:R1:1339,1339,R1,R7,R1;M,M;R7,false,false,,,true,true,PASS
covariance:R1:1341,1341,R1,R7,R1;M,M;R7,true,true,2383,2383,true,true,PASS
covariance:R1:1359,1359,R1,R7,R1;M,M;R7,false,false,,,true,true,PASS
covariance:R1:1367,1367,R1,R7,R1;M,M;R7,false,false,,,true,true,PASS
covariance:R1:1371,1371,R1,R7,R1;M,M;R7,false,false,,,true,true,PASS
covariance:R1:1373,1373,R1,R7,R1;M,M;R7,true,true,2391,2391,true,true,PASS
covariance:R1:1383,1383,R1,R7,R1;M,M;R7,false,false,,,true,true,PASS
covariance:R1:1387,1387,R1,R7,R1;M,M;R7,false,false,,,true,true,PASS
covariance:R1:1389,1389,R1,R7,R1;M,M;R7,true,true,2395,2395,true,true,PASS
covariance:R1:1395,1395,R1,R7,R1;M,M;R7,false,false,,,true,true,PASS
covariance:R1:1397,1397,R1,R7,R1;M,M;R7,true,true,2397,2397,true,true,PASS
covariance:R1:1401,1401,R1,R7,R1;M,M;R7,true,true,1199,1199,true,true,PASS
covariance:R1:1423,1423,R1,R7,R1;M,M;R7,false,false,,,true,true,PASS
covariance:R1:1431,1431,R1,R7,R1;M,M;R7,false,false,,,true,true,PASS
covariance:R1:1435,1435,R1,R7,R1;M,M;R7,false,false,,,true,true,PASS
covariance:R1:1437,1437,R1,R7,R1;M,M;R7,true,true,2407,2407,true,true,PASS
covariance:R1:1447,1447,R1,R7,R1;M,M;R7,false,false,,,true,true,PASS
covariance:R1:1451,1451,R1,R7,R1;M,M;R7,false,false,,,true,true,PASS
covariance:R1:1453,1453,R1,R7,R1;M,M;R7,true,true,2411,2411,true,true,PASS
covariance:R1:1459,1459,R1,R7,R1;M,M;R7,false,false,,,true,true,PASS
covariance:R1:1461,1461,R1,R7,R1;M,M;R7,true,true,2413,2413,true,true,PASS
covariance:R1:1465,1465,R1,R7,R1;M,M;R7,true,true,1207,1207,true,true,PASS
covariance:R1:1479,1479,R1,R7,R1;M,M;R7,false,false,,,true,true,PASS
covariance:R1:1483,1483,R1,R7,R1;M,M;R7,false,false,,,true,true,PASS
covariance:R1:1485,1485,R1,R7,R1;M,M;R7,true,true,2419,2419,true,true,PASS
covariance:R1:1491,1491,R1,R7,R1;M,M;R7,false,false,,,true,true,PASS
covariance:R1:1493,1493,R1,R7,R1;M,M;R7,true,true,2421,2421,true,true,PASS
covariance:R1:1497,1497,R1,R7,R1;M,M;R7,true,true,1211,1211,true,true,PASS
covariance:R1:1507,1507,R1,R7,R1;M,M;R7,false,false,,,true,true,PASS
covariance:R1:1509,1509,R1,R7,R1;M,M;R7,true,true,2425,2425,true,true,PASS
covariance:R1:1513,1513,R1,R7,R1;M,M;R7,true,true,1213,1213,true,true,PASS
covariance:R1:1521,1521,R1,R7,R1;M,M;R7,true,true,607,607,true,true,PASS
covariance:R1:1567,1567,R1,R7,R1;M,M;R7,false,false,,,true,true,PASS
covariance:R1:1583,1583,R1,R7,R1;M,M;R7,false,false,,,true,true,PASS
covariance:R1:1591,1591,R1,R7,R1;M,M;R7,false,false,,,true,true,PASS
covariance:R1:1595,1595,R1,R7,R1;M,M;R7,false,false,,,true,true,PASS
covariance:R1:1597,1597,R1,R7,R1;M,M;R7,true,true,2447,2447,true,true,PASS
covariance:R1:1615,1615,R1,R7,R1;M,M;R7,false,false,,,true,true,PASS
covariance:R1:1623,1623,R1,R7,R1;M,M;R7,false,false,,,true,true,PASS
covariance:R1:1627,1627,R1,R7,R1;M,M;R7,false,false,,,true,true,PASS
covariance:R1:1629,1629,R1,R7,R1;M,M;R7,true,true,2455,2455,true,true,PASS
covariance:R1:1639,1639,R1,R7,R1;M,M;R7,false,false,,,true,true,PASS
covariance:R1:1643,1643,R1,R7,R1;M,M;R7,false,false,,,true,true,PASS
covariance:R1:1645,1645,R1,R7,R1;M,M;R7,true,true,2459,2459,true,true,PASS
covariance:R1:1651,1651,R1,R7,R1;M,M;R7,false,false,,,true,true,PASS
covariance:R1:1653,1653,R1,R7,R1;M,M;R7,true,true,2461,2461,true,true,PASS
covariance:R1:1657,1657,R1,R7,R1;M,M;R7,true,true,1231,1231,true,true,PASS
covariance:R1:1679,1679,R1,R7,R1;M,M;R7,false,false,,,true,true,PASS
covariance:R1:1687,1687,R1,R7,R1;M,M;R7,false,false,,,true,true,PASS
covariance:R1:1691,1691,R1,R7,R1;M,M;R7,false,false,,,true,true,PASS
covariance:R1:1693,1693,R1,R7,R1;M,M;R7,true,true,2471,2471,true,true,PASS
covariance:R1:1703,1703,R1,R7,R1;M,M;R7,false,false,,,true,true,PASS
covariance:R1:1707,1707,R1,R7,R1;M,M;R7,false,false,,,true,true,PASS
covariance:R1:1709,1709,R1,R7,R1;M,M;R7,true,true,2475,2475,true,true,PASS
covariance:R1:1715,1715,R1,R7,R1;M,M;R7,false,false,,,true,true,PASS
covariance:R1:1717,1717,R1,R7,R1;M,M;R7,true,true,2477,2477,true,true,PASS
covariance:R1:1721,1721,R1,R7,R1;M,M;R7,true,true,1239,1239,true,true,PASS
covariance:R1:1735,1735,R1,R7,R1;M,M;R7,false,false,,,true,true,PASS
covariance:R1:1739,1739,R1,R7,R1;M,M;R7,false,false,,,true,true,PASS
covariance:R1:1741,1741,R1,R7,R1;M,M;R7,true,true,2483,2483,true,true,PASS
covariance:R1:1747,1747,R1,R7,R1;M,M;R7,false,false,,,true,true,PASS
covariance:R1:1749,1749,R1,R7,R1;M,M;R7,true,true,2485,2485,true,true,PASS
covariance:R1:1753,1753,R1,R7,R1;M,M;R7,true,true,1243,1243,true,true,PASS
covariance:R1:1763,1763,R1,R7,R1;M,M;R7,false,false,,,true,true,PASS
covariance:R1:1765,1765,R1,R7,R1;M,M;R7,true,true,2489,2489,true,true,PASS
covariance:R1:1769,1769,R1,R7,R1;M,M;R7,true,true,1245,1245,true,true,PASS
covariance:R1:1777,1777,R1,R7,R1;M,M;R7,true,true,623,623,true,true,PASS
covariance:R1:1807,1807,R1,R7,R1;M,M;R7,false,false,,,true,true,PASS
covariance:R1:1815,1815,R1,R7,R1;M,M;R7,false,false,,,true,true,PASS
covariance:R1:1819,1819,R1,R7,R1;M,M;R7,false,false,,,true,true,PASS
covariance:R1:1821,1821,R1,R7,R1;M,M;R7,true,true,2503,2503,true,true,PASS
covariance:R1:1831,1831,R1,R7,R1;M,M;R7,false,false,,,true,true,PASS
covariance:R1:1835,1835,R1,R7,R1;M,M;R7,false,false,,,true,true,PASS
covariance:R1:1837,1837,R1,R7,R1;M,M;R7,true,true,2507,2507,true,true,PASS
covariance:R1:1843,1843,R1,R7,R1;M,M;R7,false,false,,,true,true,PASS
covariance:R1:1845,1845,R1,R7,R1;M,M;R7,true,true,2509,2509,true,true,PASS
covariance:R1:1849,1849,R1,R7,R1;M,M;R7,true,true,1255,1255,true,true,PASS
covariance:R1:1863,1863,R1,R7,R1;M,M;R7,false,false,,,true,true,PASS
covariance:R1:1867,1867,R1,R7,R1;M,M;R7,false,false,,,true,true,PASS
covariance:R1:1869,1869,R1,R7,R1;M,M;R7,true,true,2515,2515,true,true,PASS
covariance:R1:1875,1875,R1,R7,R1;M,M;R7,false,false,,,true,true,PASS
covariance:R1:1877,1877,R1,R7,R1;M,M;R7,true,true,2517,2517,true,true,PASS
covariance:R1:1881,1881,R1,R7,R1;M,M;R7,true,true,1259,1259,true,true,PASS
covariance:R1:1891,1891,R1,R7,R1;M,M;R7,false,false,,,true,true,PASS
covariance:R1:1893,1893,R1,R7,R1;M,M;R7,true,true,2521,2521,true,true,PASS
covariance:R1:1897,1897,R1,R7,R1;M,M;R7,true,true,1261,1261,true,true,PASS
covariance:R1:1905,1905,R1,R7,R1;M,M;R7,true,true,631,631,true,true,PASS
covariance:R1:1927,1927,R1,R7,R1;M,M;R7,false,false,,,true,true,PASS
covariance:R1:1931,1931,R1,R7,R1;M,M;R7,false,false,,,true,true,PASS
covariance:R1:1933,1933,R1,R7,R1;M,M;R7,true,true,2531,2531,true,true,PASS
covariance:R1:1939,1939,R1,R7,R1;M,M;R7,false,false,,,true,true,PASS
covariance:R1:1941,1941,R1,R7,R1;M,M;R7,true,true,2533,2533,true,true,PASS
covariance:R1:1945,1945,R1,R7,R1;M,M;R7,true,true,1267,1267,true,true,PASS
covariance:R1:1955,1955,R1,R7,R1;M,M;R7,false,false,,,true,true,PASS
covariance:R1:1957,1957,R1,R7,R1;M,M;R7,true,true,2537,2537,true,true,PASS
covariance:R1:1961,1961,R1,R7,R1;M,M;R7,true,true,1269,1269,true,true,PASS
covariance:R1:1969,1969,R1,R7,R1;M,M;R7,true,true,635,635,true,true,PASS
covariance:R1:1987,1987,R1,R7,R1;M,M;R7,false,false,,,true,true,PASS
covariance:R1:1989,1989,R1,R7,R1;M,M;R7,true,true,2545,2545,true,true,PASS
covariance:R1:1993,1993,R1,R7,R1;M,M;R7,true,true,1273,1273,true,true,PASS
covariance:R1:2001,2001,R1,R7,R1;M,M;R7,true,true,637,637,true,true,PASS
covariance:R1:2017,2017,R1,R7,R1;M,M;R7,true,true,319,319,true,true,PASS
covariance:R1:2111,2111,R1,R7,R1;M,M;R7,false,false,,,true,true,PASS
covariance:R1:2143,2143,R1,R7,R1;M,M;R7,false,false,,,true,true,PASS
covariance:R1:2159,2159,R1,R7,R1;M,M;R7,false,false,,,true,true,PASS
covariance:R1:2167,2167,R1,R7,R1;M,M;R7,false,false,,,true,true,PASS
covariance:R1:2171,2171,R1,R7,R1;M,M;R7,false,false,,,true,true,PASS
covariance:R1:2173,2173,R1,R7,R1;M,M;R7,true,true,2591,2591,true,true,PASS
covariance:R1:2207,2207,R1,R7,R1;M,M;R7,false,false,,,true,true,PASS
covariance:R1:2223,2223,R1,R7,R1;M,M;R7,false,false,,,true,true,PASS
covariance:R1:2231,2231,R1,R7,R1;M,M;R7,false,false,,,true,true,PASS
covariance:R1:2235,2235,R1,R7,R1;M,M;R7,false,false,,,true,true,PASS
covariance:R1:2237,2237,R1,R7,R1;M,M;R7,true,true,2607,2607,true,true,PASS
covariance:R1:2255,2255,R1,R7,R1;M,M;R7,false,false,,,true,true,PASS
covariance:R1:2263,2263,R1,R7,R1;M,M;R7,false,false,,,true,true,PASS
covariance:R1:2267,2267,R1,R7,R1;M,M;R7,false,false,,,true,true,PASS
covariance:R1:2269,2269,R1,R7,R1;M,M;R7,true,true,2615,2615,true,true,PASS
covariance:R1:2279,2279,R1,R7,R1;M,M;R7,false,false,,,true,true,PASS
covariance:R1:2283,2283,R1,R7,R1;M,M;R7,false,false,,,true,true,PASS
covariance:R1:2285,2285,R1,R7,R1;M,M;R7,true,true,2619,2619,true,true,PASS
covariance:R1:2291,2291,R1,R7,R1;M,M;R7,false,false,,,true,true,PASS
covariance:R1:2293,2293,R1,R7,R1;M,M;R7,true,true,2621,2621,true,true,PASS
covariance:R1:2297,2297,R1,R7,R1;M,M;R7,true,true,1311,1311,true,true,PASS
covariance:R1:2335,2335,R1,R7,R1;M,M;R7,false,false,,,true,true,PASS
covariance:R1:2351,2351,R1,R7,R1;M,M;R7,false,false,,,true,true,PASS
covariance:R1:2359,2359,R1,R7,R1;M,M;R7,false,false,,,true,true,PASS
covariance:R1:2363,2363,R1,R7,R1;M,M;R7,false,false,,,true,true,PASS
covariance:R1:2365,2365,R1,R7,R1;M,M;R7,true,true,2639,2639,true,true,PASS
covariance:R1:2383,2383,R1,R7,R1;M,M;R7,false,false,,,true,true,PASS
covariance:R1:2391,2391,R1,R7,R1;M,M;R7,false,false,,,true,true,PASS
covariance:R1:2395,2395,R1,R7,R1;M,M;R7,false,false,,,true,true,PASS
covariance:R1:2397,2397,R1,R7,R1;M,M;R7,true,true,2647,2647,true,true,PASS
covariance:R1:2407,2407,R1,R7,R1;M,M;R7,false,false,,,true,true,PASS
covariance:R1:2411,2411,R1,R7,R1;M,M;R7,false,false,,,true,true,PASS
covariance:R1:2413,2413,R1,R7,R1;M,M;R7,true,true,2651,2651,true,true,PASS
covariance:R1:2419,2419,R1,R7,R1;M,M;R7,false,false,,,true,true,PASS
covariance:R1:2421,2421,R1,R7,R1;M,M;R7,true,true,2653,2653,true,true,PASS
covariance:R1:2425,2425,R1,R7,R1;M,M;R7,true,true,1327,1327,true,true,PASS
covariance:R1:2447,2447,R1,R7,R1;M,M;R7,false,false,,,true,true,PASS
covariance:R1:2455,2455,R1,R7,R1;M,M;R7,false,false,,,true,true,PASS
covariance:R1:2459,2459,R1,R7,R1;M,M;R7,false,false,,,true,true,PASS
covariance:R1:2461,2461,R1,R7,R1;M,M;R7,true,true,2663,2663,true,true,PASS
covariance:R1:2471,2471,R1,R7,R1;M,M;R7,false,false,,,true,true,PASS
covariance:R1:2475,2475,R1,R7,R1;M,M;R7,false,false,,,true,true,PASS
covariance:R1:2477,2477,R1,R7,R1;M,M;R7,true,true,2667,2667,true,true,PASS
covariance:R1:2483,2483,R1,R7,R1;M,M;R7,false,false,,,true,true,PASS
covariance:R1:2485,2485,R1,R7,R1;M,M;R7,true,true,2669,2669,true,true,PASS
covariance:R1:2489,2489,R1,R7,R1;M,M;R7,true,true,1335,1335,true,true,PASS
covariance:R1:2503,2503,R1,R7,R1;M,M;R7,false,false,,,true,true,PASS
covariance:R1:2507,2507,R1,R7,R1;M,M;R7,false,false,,,true,true,PASS
covariance:R1:2509,2509,R1,R7,R1;M,M;R7,true,true,2675,2675,true,true,PASS
covariance:R1:2515,2515,R1,R7,R1;M,M;R7,false,false,,,true,true,PASS
covariance:R1:2517,2517,R1,R7,R1;M,M;R7,true,true,2677,2677,true,true,PASS
covariance:R1:2521,2521,R1,R7,R1;M,M;R7,true,true,1339,1339,true,true,PASS
covariance:R1:2531,2531,R1,R7,R1;M,M;R7,false,false,,,true,true,PASS
covariance:R1:2533,2533,R1,R7,R1;M,M;R7,true,true,2681,2681,true,true,PASS
covariance:R1:2537,2537,R1,R7,R1;M,M;R7,true,true,1341,1341,true,true,PASS
covariance:R1:2545,2545,R1,R7,R1;M,M;R7,true,true,671,671,true,true,PASS
covariance:R1:2591,2591,R1,R7,R1;M,M;R7,false,false,,,true,true,PASS
covariance:R1:2607,2607,R1,R7,R1;M,M;R7,false,false,,,true,true,PASS
covariance:R1:2615,2615,R1,R7,R1;M,M;R7,false,false,,,true,true,PASS
covariance:R1:2619,2619,R1,R7,R1;M,M;R7,false,false,,,true,true,PASS
covariance:R1:2621,2621,R1,R7,R1;M,M;R7,true,true,2703,2703,true,true,PASS
covariance:R1:2639,2639,R1,R7,R1;M,M;R7,false,false,,,true,true,PASS
covariance:R1:2647,2647,R1,R7,R1;M,M;R7,false,false,,,true,true,PASS
covariance:R1:2651,2651,R1,R7,R1;M,M;R7,false,false,,,true,true,PASS
covariance:R1:2653,2653,R1,R7,R1;M,M;R7,true,true,2711,2711,true,true,PASS
covariance:R1:2663,2663,R1,R7,R1;M,M;R7,false,false,,,true,true,PASS
covariance:R1:2667,2667,R1,R7,R1;M,M;R7,false,false,,,true,true,PASS
covariance:R1:2669,2669,R1,R7,R1;M,M;R7,true,true,2715,2715,true,true,PASS
covariance:R1:2675,2675,R1,R7,R1;M,M;R7,false,false,,,true,true,PASS
covariance:R1:2677,2677,R1,R7,R1;M,M;R7,true,true,2717,2717,true,true,PASS
covariance:R1:2681,2681,R1,R7,R1;M,M;R7,true,true,1359,1359,true,true,PASS
covariance:R1:2703,2703,R1,R7,R1;M,M;R7,false,false,,,true,true,PASS
covariance:R1:2711,2711,R1,R7,R1;M,M;R7,false,false,,,true,true,PASS
covariance:R1:2715,2715,R1,R7,R1;M,M;R7,false,false,,,true,true,PASS
covariance:R1:2717,2717,R1,R7,R1;M,M;R7,true,true,2727,2727,true,true,PASS
covariance:R1:2727,2727,R1,R7,R1;M,M;R7,false,false,,,true,true,PASS
covariance:R1:2731,2731,R1,R7,R1;M,M;R7,false,false,,,true,true,PASS
covariance:R1:2733,2733,R1,R7,R1;M,M;R7,true,true,2731,2731,true,true,PASS
covariance:R1:2739,2739,R1,R7,R1;M,M;R7,false,false,,,true,true,PASS
covariance:R1:2741,2741,R1,R7,R1;M,M;R7,true,true,2733,2733,true,true,PASS
covariance:R1:2745,2745,R1,R7,R1;M,M;R7,true,true,1367,1367,true,true,PASS
covariance:R1:2759,2759,R1,R7,R1;M,M;R7,false,false,,,true,true,PASS
covariance:R1:2763,2763,R1,R7,R1;M,M;R7,false,false,,,true,true,PASS
covariance:R1:2765,2765,R1,R7,R1;M,M;R7,true,true,2739,2739,true,true,PASS
covariance:R1:2771,2771,R1,R7,R1;M,M;R7,false,false,,,true,true,PASS
covariance:R1:2773,2773,R1,R7,R1;M,M;R7,true,true,2741,2741,true,true,PASS
covariance:R1:2777,2777,R1,R7,R1;M,M;R7,true,true,1371,1371,true,true,PASS
covariance:R1:2787,2787,R1,R7,R1;M,M;R7,false,false,,,true,true,PASS
covariance:R1:2789,2789,R1,R7,R1;M,M;R7,true,true,2745,2745,true,true,PASS
covariance:R1:2793,2793,R1,R7,R1;M,M;R7,true,true,1373,1373,true,true,PASS
covariance:R1:2801,2801,R1,R7,R1;M,M;R7,true,true,687,687,true,true,PASS
covariance:R1:2831,2831,R1,R7,R1;M,M;R7,false,false,,,true,true,PASS
covariance:R1:2839,2839,R1,R7,R1;M,M;R7,false,false,,,true,true,PASS
covariance:R1:2843,2843,R1,R7,R1;M,M;R7,false,false,,,true,true,PASS
covariance:R1:2845,2845,R1,R7,R1;M,M;R7,true,true,2759,2759,true,true,PASS
covariance:R1:2855,2855,R1,R7,R1;M,M;R7,false,false,,,true,true,PASS
covariance:R1:2859,2859,R1,R7,R1;M,M;R7,false,false,,,true,true,PASS
covariance:R1:2861,2861,R1,R7,R1;M,M;R7,true,true,2763,2763,true,true,PASS
covariance:R1:2867,2867,R1,R7,R1;M,M;R7,false,false,,,true,true,PASS
covariance:R1:2869,2869,R1,R7,R1;M,M;R7,true,true,2765,2765,true,true,PASS
covariance:R1:2873,2873,R1,R7,R1;M,M;R7,true,true,1383,1383,true,true,PASS
covariance:R1:2887,2887,R1,R7,R1;M,M;R7,false,false,,,true,true,PASS
covariance:R1:2891,2891,R1,R7,R1;M,M;R7,false,false,,,true,true,PASS
covariance:R1:2893,2893,R1,R7,R1;M,M;R7,true,true,2771,2771,true,true,PASS
covariance:R1:2899,2899,R1,R7,R1;M,M;R7,false,false,,,true,true,PASS
covariance:R1:2901,2901,R1,R7,R1;M,M;R7,true,true,2773,2773,true,true,PASS
covariance:R1:2905,2905,R1,R7,R1;M,M;R7,true,true,1387,1387,true,true,PASS
covariance:R1:2915,2915,R1,R7,R1;M,M;R7,false,false,,,true,true,PASS
covariance:R1:2917,2917,R1,R7,R1;M,M;R7,true,true,2777,2777,true,true,PASS
covariance:R1:2921,2921,R1,R7,R1;M,M;R7,true,true,1389,1389,true,true,PASS
covariance:R1:2929,2929,R1,R7,R1;M,M;R7,true,true,695,695,true,true,PASS
covariance:R1:2951,2951,R1,R7,R1;M,M;R7,false,false,,,true,true,PASS
covariance:R1:2955,2955,R1,R7,R1;M,M;R7,false,false,,,true,true,PASS
covariance:R1:2957,2957,R1,R7,R1;M,M;R7,true,true,2787,2787,true,true,PASS
covariance:R1:2963,2963,R1,R7,R1;M,M;R7,false,false,,,true,true,PASS
covariance:R1:2965,2965,R1,R7,R1;M,M;R7,true,true,2789,2789,true,true,PASS
covariance:R1:2969,2969,R1,R7,R1;M,M;R7,true,true,1395,1395,true,true,PASS
covariance:R1:2979,2979,R1,R7,R1;M,M;R7,false,false,,,true,true,PASS
covariance:R1:2981,2981,R1,R7,R1;M,M;R7,true,true,2793,2793,true,true,PASS
covariance:R1:2985,2985,R1,R7,R1;M,M;R7,true,true,1397,1397,true,true,PASS
covariance:R1:2993,2993,R1,R7,R1;M,M;R7,true,true,699,699,true,true,PASS
covariance:R1:3011,3011,R1,R7,R1;M,M;R7,false,false,,,true,true,PASS
covariance:R1:3013,3013,R1,R7,R1;M,M;R7,true,true,2801,2801,true,true,PASS
covariance:R1:3017,3017,R1,R7,R1;M,M;R7,true,true,1401,1401,true,true,PASS
covariance:R1:3025,3025,R1,R7,R1;M,M;R7,true,true,701,701,true,true,PASS
covariance:R1:3041,3041,R1,R7,R1;M,M;R7,true,true,351,351,true,true,PASS
covariance:R1:3103,3103,R1,R7,R1;M,M;R7,false,false,,,true,true,PASS
covariance:R1:3119,3119,R1,R7,R1;M,M;R7,false,false,,,true,true,PASS
covariance:R1:3127,3127,R1,R7,R1;M,M;R7,false,false,,,true,true,PASS
covariance:R1:3131,3131,R1,R7,R1;M,M;R7,false,false,,,true,true,PASS
covariance:R1:3133,3133,R1,R7,R1;M,M;R7,true,true,2831,2831,true,true,PASS
covariance:R1:3151,3151,R1,R7,R1;M,M;R7,false,false,,,true,true,PASS
covariance:R1:3159,3159,R1,R7,R1;M,M;R7,false,false,,,true,true,PASS
covariance:R1:3163,3163,R1,R7,R1;M,M;R7,false,false,,,true,true,PASS
covariance:R1:3165,3165,R1,R7,R1;M,M;R7,true,true,2839,2839,true,true,PASS
covariance:R1:3175,3175,R1,R7,R1;M,M;R7,false,false,,,true,true,PASS
covariance:R1:3179,3179,R1,R7,R1;M,M;R7,false,false,,,true,true,PASS
covariance:R1:3181,3181,R1,R7,R1;M,M;R7,true,true,2843,2843,true,true,PASS
covariance:R1:3187,3187,R1,R7,R1;M,M;R7,false,false,,,true,true,PASS
covariance:R1:3189,3189,R1,R7,R1;M,M;R7,true,true,2845,2845,true,true,PASS
covariance:R1:3193,3193,R1,R7,R1;M,M;R7,true,true,1423,1423,true,true,PASS
covariance:R1:3215,3215,R1,R7,R1;M,M;R7,false,false,,,true,true,PASS
covariance:R1:3223,3223,R1,R7,R1;M,M;R7,false,false,,,true,true,PASS
covariance:R1:3227,3227,R1,R7,R1;M,M;R7,false,false,,,true,true,PASS
covariance:R1:3229,3229,R1,R7,R1;M,M;R7,true,true,2855,2855,true,true,PASS
covariance:R1:3239,3239,R1,R7,R1;M,M;R7,false,false,,,true,true,PASS
covariance:R1:3243,3243,R1,R7,R1;M,M;R7,false,false,,,true,true,PASS
covariance:R1:3245,3245,R1,R7,R1;M,M;R7,true,true,2859,2859,true,true,PASS
covariance:R1:3251,3251,R1,R7,R1;M,M;R7,false,false,,,true,true,PASS
covariance:R1:3253,3253,R1,R7,R1;M,M;R7,true,true,2861,2861,true,true,PASS
covariance:R1:3257,3257,R1,R7,R1;M,M;R7,true,true,1431,1431,true,true,PASS
covariance:R1:3271,3271,R1,R7,R1;M,M;R7,false,false,,,true,true,PASS
covariance:R1:3275,3275,R1,R7,R1;M,M;R7,false,false,,,true,true,PASS
covariance:R1:3277,3277,R1,R7,R1;M,M;R7,true,true,2867,2867,true,true,PASS
covariance:R1:3283,3283,R1,R7,R1;M,M;R7,false,false,,,true,true,PASS
covariance:R1:3285,3285,R1,R7,R1;M,M;R7,true,true,2869,2869,true,true,PASS
covariance:R1:3289,3289,R1,R7,R1;M,M;R7,true,true,1435,1435,true,true,PASS
covariance:R1:3299,3299,R1,R7,R1;M,M;R7,false,false,,,true,true,PASS
covariance:R1:3301,3301,R1,R7,R1;M,M;R7,true,true,2873,2873,true,true,PASS
covariance:R1:3305,3305,R1,R7,R1;M,M;R7,true,true,1437,1437,true,true,PASS
covariance:R1:3313,3313,R1,R7,R1;M,M;R7,true,true,719,719,true,true,PASS
covariance:R1:3343,3343,R1,R7,R1;M,M;R7,false,false,,,true,true,PASS
covariance:R1:3351,3351,R1,R7,R1;M,M;R7,false,false,,,true,true,PASS
covariance:R1:3355,3355,R1,R7,R1;M,M;R7,false,false,,,true,true,PASS
covariance:R1:3357,3357,R1,R7,R1;M,M;R7,true,true,2887,2887,true,true,PASS
covariance:R1:3367,3367,R1,R7,R1;M,M;R7,false,false,,,true,true,PASS
covariance:R1:3371,3371,R1,R7,R1;M,M;R7,false,false,,,true,true,PASS
covariance:R1:3373,3373,R1,R7,R1;M,M;R7,true,true,2891,2891,true,true,PASS
covariance:R1:3379,3379,R1,R7,R1;M,M;R7,false,false,,,true,true,PASS
covariance:R1:3381,3381,R1,R7,R1;M,M;R7,true,true,2893,2893,true,true,PASS
covariance:R1:3385,3385,R1,R7,R1;M,M;R7,true,true,1447,1447,true,true,PASS
covariance:R1:3399,3399,R1,R7,R1;M,M;R7,false,false,,,true,true,PASS
covariance:R1:3403,3403,R1,R7,R1;M,M;R7,false,false,,,true,true,PASS
covariance:R1:3405,3405,R1,R7,R1;M,M;R7,true,true,2899,2899,true,true,PASS
covariance:R1:3411,3411,R1,R7,R1;M,M;R7,false,false,,,true,true,PASS
covariance:R1:3413,3413,R1,R7,R1;M,M;R7,true,true,2901,2901,true,true,PASS
covariance:R1:3417,3417,R1,R7,R1;M,M;R7,true,true,1451,1451,true,true,PASS
covariance:R1:3427,3427,R1,R7,R1;M,M;R7,false,false,,,true,true,PASS
covariance:R1:3429,3429,R1,R7,R1;M,M;R7,true,true,2905,2905,true,true,PASS
covariance:R1:3433,3433,R1,R7,R1;M,M;R7,true,true,1453,1453,true,true,PASS
covariance:R1:3441,3441,R1,R7,R1;M,M;R7,true,true,727,727,true,true,PASS
covariance:R1:3463,3463,R1,R7,R1;M,M;R7,false,false,,,true,true,PASS
covariance:R1:3467,3467,R1,R7,R1;M,M;R7,false,false,,,true,true,PASS
covariance:R1:3469,3469,R1,R7,R1;M,M;R7,true,true,2915,2915,true,true,PASS
covariance:R1:3475,3475,R1,R7,R1;M,M;R7,false,false,,,true,true,PASS
covariance:R1:3477,3477,R1,R7,R1;M,M;R7,true,true,2917,2917,true,true,PASS
covariance:R1:3481,3481,R1,R7,R1;M,M;R7,true,true,1459,1459,true,true,PASS
covariance:R1:3491,3491,R1,R7,R1;M,M;R7,false,false,,,true,true,PASS
covariance:R1:3493,3493,R1,R7,R1;M,M;R7,true,true,2921,2921,true,true,PASS
covariance:R1:3497,3497,R1,R7,R1;M,M;R7,true,true,1461,1461,true,true,PASS
covariance:R1:3505,3505,R1,R7,R1;M,M;R7,true,true,731,731,true,true,PASS
covariance:R1:3523,3523,R1,R7,R1;M,M;R7,false,false,,,true,true,PASS
covariance:R1:3525,3525,R1,R7,R1;M,M;R7,true,true,2929,2929,true,true,PASS
covariance:R1:3529,3529,R1,R7,R1;M,M;R7,true,true,1465,1465,true,true,PASS
covariance:R1:3537,3537,R1,R7,R1;M,M;R7,true,true,733,733,true,true,PASS
covariance:R1:3553,3553,R1,R7,R1;M,M;R7,true,true,367,367,true,true,PASS
covariance:R1:3599,3599,R1,R7,R1;M,M;R7,false,false,,,true,true,PASS
covariance:R1:3607,3607,R1,R7,R1;M,M;R7,false,false,,,true,true,PASS
covariance:R1:3611,3611,R1,R7,R1;M,M;R7,false,false,,,true,true,PASS
covariance:R1:3613,3613,R1,R7,R1;M,M;R7,true,true,2951,2951,true,true,PASS
covariance:R1:3623,3623,R1,R7,R1;M,M;R7,false,false,,,true,true,PASS
covariance:R1:3627,3627,R1,R7,R1;M,M;R7,false,false,,,true,true,PASS
covariance:R1:3629,3629,R1,R7,R1;M,M;R7,true,true,2955,2955,true,true,PASS
covariance:R1:3635,3635,R1,R7,R1;M,M;R7,false,false,,,true,true,PASS
covariance:R1:3637,3637,R1,R7,R1;M,M;R7,true,true,2957,2957,true,true,PASS
covariance:R1:3641,3641,R1,R7,R1;M,M;R7,true,true,1479,1479,true,true,PASS
covariance:R1:3655,3655,R1,R7,R1;M,M;R7,false,false,,,true,true,PASS
covariance:R1:3659,3659,R1,R7,R1;M,M;R7,false,false,,,true,true,PASS
covariance:R1:3661,3661,R1,R7,R1;M,M;R7,true,true,2963,2963,true,true,PASS
covariance:R1:3667,3667,R1,R7,R1;M,M;R7,false,false,,,true,true,PASS
covariance:R1:3669,3669,R1,R7,R1;M,M;R7,true,true,2965,2965,true,true,PASS
covariance:R1:3673,3673,R1,R7,R1;M,M;R7,true,true,1483,1483,true,true,PASS
covariance:R1:3683,3683,R1,R7,R1;M,M;R7,false,false,,,true,true,PASS
covariance:R1:3685,3685,R1,R7,R1;M,M;R7,true,true,2969,2969,true,true,PASS
covariance:R1:3689,3689,R1,R7,R1;M,M;R7,true,true,1485,1485,true,true,PASS
covariance:R1:3697,3697,R1,R7,R1;M,M;R7,true,true,743,743,true,true,PASS
covariance:R1:3719,3719,R1,R7,R1;M,M;R7,false,false,,,true,true,PASS
covariance:R1:3723,3723,R1,R7,R1;M,M;R7,false,false,,,true,true,PASS
covariance:R1:3725,3725,R1,R7,R1;M,M;R7,true,true,2979,2979,true,true,PASS
covariance:R1:3731,3731,R1,R7,R1;M,M;R7,false,false,,,true,true,PASS
covariance:R1:3733,3733,R1,R7,R1;M,M;R7,true,true,2981,2981,true,true,PASS
covariance:R1:3737,3737,R1,R7,R1;M,M;R7,true,true,1491,1491,true,true,PASS
covariance:R1:3747,3747,R1,R7,R1;M,M;R7,false,false,,,true,true,PASS
covariance:R1:3749,3749,R1,R7,R1;M,M;R7,true,true,2985,2985,true,true,PASS
covariance:R1:3753,3753,R1,R7,R1;M,M;R7,true,true,1493,1493,true,true,PASS
covariance:R1:3761,3761,R1,R7,R1;M,M;R7,true,true,747,747,true,true,PASS
covariance:R1:3779,3779,R1,R7,R1;M,M;R7,false,false,,,true,true,PASS
covariance:R1:3781,3781,R1,R7,R1;M,M;R7,true,true,2993,2993,true,true,PASS
covariance:R1:3785,3785,R1,R7,R1;M,M;R7,true,true,1497,1497,true,true,PASS
covariance:R1:3793,3793,R1,R7,R1;M,M;R7,true,true,749,749,true,true,PASS
covariance:R1:3809,3809,R1,R7,R1;M,M;R7,true,true,375,375,true,true,PASS
covariance:R1:3847,3847,R1,R7,R1;M,M;R7,false,false,,,true,true,PASS
covariance:R1:3851,3851,R1,R7,R1;M,M;R7,false,false,,,true,true,PASS
covariance:R1:3853,3853,R1,R7,R1;M,M;R7,true,true,3011,3011,true,true,PASS
covariance:R1:3859,3859,R1,R7,R1;M,M;R7,false,false,,,true,true,PASS
covariance:R1:3861,3861,R1,R7,R1;M,M;R7,true,true,3013,3013,true,true,PASS
covariance:R1:3865,3865,R1,R7,R1;M,M;R7,true,true,1507,1507,true,true,PASS
covariance:R1:3875,3875,R1,R7,R1;M,M;R7,false,false,,,true,true,PASS
covariance:R1:3877,3877,R1,R7,R1;M,M;R7,true,true,3017,3017,true,true,PASS
covariance:R1:3881,3881,R1,R7,R1;M,M;R7,true,true,1509,1509,true,true,PASS
covariance:R1:3889,3889,R1,R7,R1;M,M;R7,true,true,755,755,true,true,PASS
covariance:R1:3907,3907,R1,R7,R1;M,M;R7,false,false,,,true,true,PASS
covariance:R1:3909,3909,R1,R7,R1;M,M;R7,true,true,3025,3025,true,true,PASS
covariance:R1:3913,3913,R1,R7,R1;M,M;R7,true,true,1513,1513,true,true,PASS
covariance:R1:3921,3921,R1,R7,R1;M,M;R7,true,true,757,757,true,true,PASS
covariance:R1:3937,3937,R1,R7,R1;M,M;R7,true,true,379,379,true,true,PASS
covariance:R1:3971,3971,R1,R7,R1;M,M;R7,false,false,,,true,true,PASS
covariance:R1:3973,3973,R1,R7,R1;M,M;R7,true,true,3041,3041,true,true,PASS
covariance:R1:3977,3977,R1,R7,R1;M,M;R7,true,true,1521,1521,true,true,PASS
covariance:R1:3985,3985,R1,R7,R1;M,M;R7,true,true,761,761,true,true,PASS
covariance:R1:4001,4001,R1,R7,R1;M,M;R7,true,true,381,381,true,true,PASS
covariance:R1:4033,4033,R1,R7,R1;M,M;R7,true,true,191,191,true,true,PASS
covariance:L1:127,127,L1,L7,L1;M,M;L7,true,true,1087,1087,true,true,PASS
covariance:L1:191,191,L1,L7,L1;M,M;L7,true,true,1119,1119,true,true,PASS
covariance:L1:223,223,L1,L7,L1;M,M;L7,true,true,1135,1135,true,true,PASS
covariance:L1:239,239,L1,L7,L1;M,M;L7,true,true,1143,1143,true,true,PASS
covariance:L1:247,247,L1,L7,L1;M,M;L7,true,true,1147,1147,true,true,PASS
covariance:L1:251,251,L1,L7,L1;M,M;L7,true,true,1149,1149,true,true,PASS
covariance:L1:253,253,L1,L7,L1;M,M;L7,true,true,575,575,true,true,PASS
covariance:L1:319,319,L1,L7,L1;M,M;L7,true,true,1183,1183,true,true,PASS
covariance:L1:351,351,L1,L7,L1;M,M;L7,true,true,1199,1199,true,true,PASS
covariance:L1:367,367,L1,L7,L1;M,M;L7,true,true,1207,1207,true,true,PASS
covariance:L1:375,375,L1,L7,L1;M,M;L7,true,true,1211,1211,true,true,PASS
covariance:L1:379,379,L1,L7,L1;M,M;L7,true,true,1213,1213,true,true,PASS
covariance:L1:381,381,L1,L7,L1;M,M;L7,true,true,607,607,true,true,PASS
covariance:L1:415,415,L1,L7,L1;M,M;L7,true,true,1231,1231,true,true,PASS
covariance:L1:431,431,L1,L7,L1;M,M;L7,true,true,1239,1239,true,true,PASS
covariance:L1:439,439,L1,L7,L1;M,M;L7,true,true,1243,1243,true,true,PASS
covariance:L1:443,443,L1,L7,L1;M,M;L7,true,true,1245,1245,true,true,PASS
covariance:L1:445,445,L1,L7,L1;M,M;L7,true,true,623,623,true,true,PASS
covariance:L1:463,463,L1,L7,L1;M,M;L7,true,true,1255,1255,true,true,PASS
covariance:L1:471,471,L1,L7,L1;M,M;L7,true,true,1259,1259,true,true,PASS
covariance:L1:475,475,L1,L7,L1;M,M;L7,true,true,1261,1261,true,true,PASS
covariance:L1:477,477,L1,L7,L1;M,M;L7,true,true,631,631,true,true,PASS
covariance:L1:487,487,L1,L7,L1;M,M;L7,true,true,1267,1267,true,true,PASS
covariance:L1:491,491,L1,L7,L1;M,M;L7,true,true,1269,1269,true,true,PASS
covariance:L1:493,493,L1,L7,L1;M,M;L7,true,true,635,635,true,true,PASS
covariance:L1:499,499,L1,L7,L1;M,M;L7,true,true,1273,1273,true,true,PASS
covariance:L1:501,501,L1,L7,L1;M,M;L7,true,true,637,637,true,true,PASS
covariance:L1:505,505,L1,L7,L1;M,M;L7,true,true,319,319,true,true,PASS
covariance:L1:575,575,L1,L7,L1;M,M;L7,true,true,1311,1311,true,true,PASS
covariance:L1:607,607,L1,L7,L1;M,M;L7,true,true,1327,1327,true,true,PASS
covariance:L1:623,623,L1,L7,L1;M,M;L7,true,true,1335,1335,true,true,PASS
covariance:L1:631,631,L1,L7,L1;M,M;L7,true,true,1339,1339,true,true,PASS
covariance:L1:635,635,L1,L7,L1;M,M;L7,true,true,1341,1341,true,true,PASS
covariance:L1:637,637,L1,L7,L1;M,M;L7,true,true,671,671,true,true,PASS
covariance:L1:671,671,L1,L7,L1;M,M;L7,true,true,1359,1359,true,true,PASS
covariance:L1:687,687,L1,L7,L1;M,M;L7,true,true,1367,1367,true,true,PASS
covariance:L1:695,695,L1,L7,L1;M,M;L7,true,true,1371,1371,true,true,PASS
covariance:L1:699,699,L1,L7,L1;M,M;L7,true,true,1373,1373,true,true,PASS
covariance:L1:701,701,L1,L7,L1;M,M;L7,true,true,687,687,true,true,PASS
covariance:L1:719,719,L1,L7,L1;M,M;L7,true,true,1383,1383,true,true,PASS
covariance:L1:727,727,L1,L7,L1;M,M;L7,true,true,1387,1387,true,true,PASS
covariance:L1:731,731,L1,L7,L1;M,M;L7,true,true,1389,1389,true,true,PASS
covariance:L1:733,733,L1,L7,L1;M,M;L7,true,true,695,695,true,true,PASS
covariance:L1:743,743,L1,L7,L1;M,M;L7,true,true,1395,1395,true,true,PASS
covariance:L1:747,747,L1,L7,L1;M,M;L7,true,true,1397,1397,true,true,PASS
covariance:L1:749,749,L1,L7,L1;M,M;L7,true,true,699,699,true,true,PASS
covariance:L1:755,755,L1,L7,L1;M,M;L7,true,true,1401,1401,true,true,PASS
covariance:L1:757,757,L1,L7,L1;M,M;L7,true,true,701,701,true,true,PASS
covariance:L1:761,761,L1,L7,L1;M,M;L7,true,true,351,351,true,true,PASS
covariance:L1:799,799,L1,L7,L1;M,M;L7,true,true,1423,1423,true,true,PASS
covariance:L1:815,815,L1,L7,L1;M,M;L7,true,true,1431,1431,true,true,PASS
covariance:L1:823,823,L1,L7,L1;M,M;L7,true,true,1435,1435,true,true,PASS
covariance:L1:827,827,L1,L7,L1;M,M;L7,true,true,1437,1437,true,true,PASS
covariance:L1:829,829,L1,L7,L1;M,M;L7,true,true,719,719,true,true,PASS
covariance:L1:847,847,L1,L7,L1;M,M;L7,true,true,1447,1447,true,true,PASS
covariance:L1:855,855,L1,L7,L1;M,M;L7,true,true,1451,1451,true,true,PASS
covariance:L1:859,859,L1,L7,L1;M,M;L7,true,true,1453,1453,true,true,PASS
covariance:L1:861,861,L1,L7,L1;M,M;L7,true,true,727,727,true,true,PASS
covariance:L1:871,871,L1,L7,L1;M,M;L7,true,true,1459,1459,true,true,PASS
covariance:L1:875,875,L1,L7,L1;M,M;L7,true,true,1461,1461,true,true,PASS
covariance:L1:877,877,L1,L7,L1;M,M;L7,true,true,731,731,true,true,PASS
covariance:L1:883,883,L1,L7,L1;M,M;L7,true,true,1465,1465,true,true,PASS
covariance:L1:885,885,L1,L7,L1;M,M;L7,true,true,733,733,true,true,PASS
covariance:L1:889,889,L1,L7,L1;M,M;L7,true,true,367,367,true,true,PASS
covariance:L1:911,911,L1,L7,L1;M,M;L7,true,true,1479,1479,true,true,PASS
covariance:L1:919,919,L1,L7,L1;M,M;L7,true,true,1483,1483,true,true,PASS
covariance:L1:923,923,L1,L7,L1;M,M;L7,true,true,1485,1485,true,true,PASS
covariance:L1:925,925,L1,L7,L1;M,M;L7,true,true,743,743,true,true,PASS
covariance:L1:935,935,L1,L7,L1;M,M;L7,true,true,1491,1491,true,true,PASS
covariance:L1:939,939,L1,L7,L1;M,M;L7,true,true,1493,1493,true,true,PASS
covariance:L1:941,941,L1,L7,L1;M,M;L7,true,true,747,747,true,true,PASS
covariance:L1:947,947,L1,L7,L1;M,M;L7,true,true,1497,1497,true,true,PASS
covariance:L1:949,949,L1,L7,L1;M,M;L7,true,true,749,749,true,true,PASS
covariance:L1:953,953,L1,L7,L1;M,M;L7,true,true,375,375,true,true,PASS
covariance:L1:967,967,L1,L7,L1;M,M;L7,true,true,1507,1507,true,true,PASS
covariance:L1:971,971,L1,L7,L1;M,M;L7,true,true,1509,1509,true,true,PASS
covariance:L1:973,973,L1,L7,L1;M,M;L7,true,true,755,755,true,true,PASS
covariance:L1:979,979,L1,L7,L1;M,M;L7,true,true,1513,1513,true,true,PASS
covariance:L1:981,981,L1,L7,L1;M,M;L7,true,true,757,757,true,true,PASS
covariance:L1:985,985,L1,L7,L1;M,M;L7,true,true,379,379,true,true,PASS
covariance:L1:995,995,L1,L7,L1;M,M;L7,true,true,1521,1521,true,true,PASS
covariance:L1:997,997,L1,L7,L1;M,M;L7,true,true,761,761,true,true,PASS
covariance:L1:1001,1001,L1,L7,L1;M,M;L7,true,true,381,381,true,true,PASS
covariance:L1:1009,1009,L1,L7,L1;M,M;L7,true,true,191,191,true,true,PASS
covariance:L1:1087,1087,L1,L7,L1;M,M;L7,true,true,1567,1567,true,true,PASS
covariance:L1:1119,1119,L1,L7,L1;M,M;L7,true,true,1583,1583,true,true,PASS
covariance:L1:1135,1135,L1,L7,L1;M,M;L7,true,true,1591,1591,true,true,PASS
covariance:L1:1143,1143,L1,L7,L1;M,M;L7,true,true,1595,1595,true,true,PASS
covariance:L1:1147,1147,L1,L7,L1;M,M;L7,true,true,1597,1597,true,true,PASS
covariance:L1:1149,1149,L1,L7,L1;M,M;L7,true,true,799,799,true,true,PASS
covariance:L1:1183,1183,L1,L7,L1;M,M;L7,true,true,1615,1615,true,true,PASS
covariance:L1:1199,1199,L1,L7,L1;M,M;L7,true,true,1623,1623,true,true,PASS
covariance:L1:1207,1207,L1,L7,L1;M,M;L7,true,true,1627,1627,true,true,PASS
covariance:L1:1211,1211,L1,L7,L1;M,M;L7,true,true,1629,1629,true,true,PASS
covariance:L1:1213,1213,L1,L7,L1;M,M;L7,true,true,815,815,true,true,PASS
covariance:L1:1231,1231,L1,L7,L1;M,M;L7,true,true,1639,1639,true,true,PASS
covariance:L1:1239,1239,L1,L7,L1;M,M;L7,true,true,1643,1643,true,true,PASS
covariance:L1:1243,1243,L1,L7,L1;M,M;L7,true,true,1645,1645,true,true,PASS
covariance:L1:1245,1245,L1,L7,L1;M,M;L7,true,true,823,823,true,true,PASS
covariance:L1:1255,1255,L1,L7,L1;M,M;L7,true,true,1651,1651,true,true,PASS
covariance:L1:1259,1259,L1,L7,L1;M,M;L7,true,true,1653,1653,true,true,PASS
covariance:L1:1261,1261,L1,L7,L1;M,M;L7,true,true,827,827,true,true,PASS
covariance:L1:1267,1267,L1,L7,L1;M,M;L7,true,true,1657,1657,true,true,PASS
covariance:L1:1269,1269,L1,L7,L1;M,M;L7,true,true,829,829,true,true,PASS
covariance:L1:1273,1273,L1,L7,L1;M,M;L7,true,true,415,415,true,true,PASS
covariance:L1:1311,1311,L1,L7,L1;M,M;L7,true,true,1679,1679,true,true,PASS
covariance:L1:1327,1327,L1,L7,L1;M,M;L7,true,true,1687,1687,true,true,PASS
covariance:L1:1335,1335,L1,L7,L1;M,M;L7,true,true,1691,1691,true,true,PASS
covariance:L1:1339,1339,L1,L7,L1;M,M;L7,true,true,1693,1693,true,true,PASS
covariance:L1:1341,1341,L1,L7,L1;M,M;L7,true,true,847,847,true,true,PASS
covariance:L1:1359,1359,L1,L7,L1;M,M;L7,true,true,1703,1703,true,true,PASS
covariance:L1:1367,1367,L1,L7,L1;M,M;L7,true,true,1707,1707,true,true,PASS
covariance:L1:1371,1371,L1,L7,L1;M,M;L7,true,true,1709,1709,true,true,PASS
covariance:L1:1373,1373,L1,L7,L1;M,M;L7,true,true,855,855,true,true,PASS
covariance:L1:1383,1383,L1,L7,L1;M,M;L7,true,true,1715,1715,true,true,PASS
covariance:L1:1387,1387,L1,L7,L1;M,M;L7,true,true,1717,1717,true,true,PASS
covariance:L1:1389,1389,L1,L7,L1;M,M;L7,true,true,859,859,true,true,PASS
covariance:L1:1395,1395,L1,L7,L1;M,M;L7,true,true,1721,1721,true,true,PASS
covariance:L1:1397,1397,L1,L7,L1;M,M;L7,true,true,861,861,true,true,PASS
covariance:L1:1401,1401,L1,L7,L1;M,M;L7,true,true,431,431,true,true,PASS
covariance:L1:1423,1423,L1,L7,L1;M,M;L7,true,true,1735,1735,true,true,PASS
covariance:L1:1431,1431,L1,L7,L1;M,M;L7,true,true,1739,1739,true,true,PASS
covariance:L1:1435,1435,L1,L7,L1;M,M;L7,true,true,1741,1741,true,true,PASS
covariance:L1:1437,1437,L1,L7,L1;M,M;L7,true,true,871,871,true,true,PASS
covariance:L1:1447,1447,L1,L7,L1;M,M;L7,true,true,1747,1747,true,true,PASS
covariance:L1:1451,1451,L1,L7,L1;M,M;L7,true,true,1749,1749,true,true,PASS
covariance:L1:1453,1453,L1,L7,L1;M,M;L7,true,true,875,875,true,true,PASS
covariance:L1:1459,1459,L1,L7,L1;M,M;L7,true,true,1753,1753,true,true,PASS
covariance:L1:1461,1461,L1,L7,L1;M,M;L7,true,true,877,877,true,true,PASS
covariance:L1:1465,1465,L1,L7,L1;M,M;L7,true,true,439,439,true,true,PASS
covariance:L1:1479,1479,L1,L7,L1;M,M;L7,true,true,1763,1763,true,true,PASS
covariance:L1:1483,1483,L1,L7,L1;M,M;L7,true,true,1765,1765,true,true,PASS
covariance:L1:1485,1485,L1,L7,L1;M,M;L7,true,true,883,883,true,true,PASS
covariance:L1:1491,1491,L1,L7,L1;M,M;L7,true,true,1769,1769,true,true,PASS
covariance:L1:1493,1493,L1,L7,L1;M,M;L7,true,true,885,885,true,true,PASS
covariance:L1:1497,1497,L1,L7,L1;M,M;L7,true,true,443,443,true,true,PASS
covariance:L1:1507,1507,L1,L7,L1;M,M;L7,true,true,1777,1777,true,true,PASS
covariance:L1:1509,1509,L1,L7,L1;M,M;L7,true,true,889,889,true,true,PASS
covariance:L1:1513,1513,L1,L7,L1;M,M;L7,true,true,445,445,true,true,PASS
covariance:L1:1521,1521,L1,L7,L1;M,M;L7,true,true,223,223,true,true,PASS
covariance:L1:1567,1567,L1,L7,L1;M,M;L7,true,true,1807,1807,true,true,PASS
covariance:L1:1583,1583,L1,L7,L1;M,M;L7,true,true,1815,1815,true,true,PASS
covariance:L1:1591,1591,L1,L7,L1;M,M;L7,true,true,1819,1819,true,true,PASS
covariance:L1:1595,1595,L1,L7,L1;M,M;L7,true,true,1821,1821,true,true,PASS
covariance:L1:1597,1597,L1,L7,L1;M,M;L7,true,true,911,911,true,true,PASS
covariance:L1:1615,1615,L1,L7,L1;M,M;L7,true,true,1831,1831,true,true,PASS
covariance:L1:1623,1623,L1,L7,L1;M,M;L7,true,true,1835,1835,true,true,PASS
covariance:L1:1627,1627,L1,L7,L1;M,M;L7,true,true,1837,1837,true,true,PASS
covariance:L1:1629,1629,L1,L7,L1;M,M;L7,true,true,919,919,true,true,PASS
covariance:L1:1639,1639,L1,L7,L1;M,M;L7,true,true,1843,1843,true,true,PASS
covariance:L1:1643,1643,L1,L7,L1;M,M;L7,true,true,1845,1845,true,true,PASS
covariance:L1:1645,1645,L1,L7,L1;M,M;L7,true,true,923,923,true,true,PASS
covariance:L1:1651,1651,L1,L7,L1;M,M;L7,true,true,1849,1849,true,true,PASS
covariance:L1:1653,1653,L1,L7,L1;M,M;L7,true,true,925,925,true,true,PASS
covariance:L1:1657,1657,L1,L7,L1;M,M;L7,true,true,463,463,true,true,PASS
covariance:L1:1679,1679,L1,L7,L1;M,M;L7,true,true,1863,1863,true,true,PASS
covariance:L1:1687,1687,L1,L7,L1;M,M;L7,true,true,1867,1867,true,true,PASS
covariance:L1:1691,1691,L1,L7,L1;M,M;L7,true,true,1869,1869,true,true,PASS
covariance:L1:1693,1693,L1,L7,L1;M,M;L7,true,true,935,935,true,true,PASS
covariance:L1:1703,1703,L1,L7,L1;M,M;L7,true,true,1875,1875,true,true,PASS
covariance:L1:1707,1707,L1,L7,L1;M,M;L7,true,true,1877,1877,true,true,PASS
covariance:L1:1709,1709,L1,L7,L1;M,M;L7,true,true,939,939,true,true,PASS
covariance:L1:1715,1715,L1,L7,L1;M,M;L7,true,true,1881,1881,true,true,PASS
covariance:L1:1717,1717,L1,L7,L1;M,M;L7,true,true,941,941,true,true,PASS
covariance:L1:1721,1721,L1,L7,L1;M,M;L7,true,true,471,471,true,true,PASS
covariance:L1:1735,1735,L1,L7,L1;M,M;L7,true,true,1891,1891,true,true,PASS
covariance:L1:1739,1739,L1,L7,L1;M,M;L7,true,true,1893,1893,true,true,PASS
covariance:L1:1741,1741,L1,L7,L1;M,M;L7,true,true,947,947,true,true,PASS
covariance:L1:1747,1747,L1,L7,L1;M,M;L7,true,true,1897,1897,true,true,PASS
covariance:L1:1749,1749,L1,L7,L1;M,M;L7,true,true,949,949,true,true,PASS
covariance:L1:1753,1753,L1,L7,L1;M,M;L7,true,true,475,475,true,true,PASS
covariance:L1:1763,1763,L1,L7,L1;M,M;L7,true,true,1905,1905,true,true,PASS
covariance:L1:1765,1765,L1,L7,L1;M,M;L7,true,true,953,953,true,true,PASS
covariance:L1:1769,1769,L1,L7,L1;M,M;L7,true,true,477,477,true,true,PASS
covariance:L1:1777,1777,L1,L7,L1;M,M;L7,true,true,239,239,true,true,PASS
covariance:L1:1807,1807,L1,L7,L1;M,M;L7,true,true,1927,1927,true,true,PASS
covariance:L1:1815,1815,L1,L7,L1;M,M;L7,true,true,1931,1931,true,true,PASS
covariance:L1:1819,1819,L1,L7,L1;M,M;L7,true,true,1933,1933,true,true,PASS
covariance:L1:1821,1821,L1,L7,L1;M,M;L7,true,true,967,967,true,true,PASS
covariance:L1:1831,1831,L1,L7,L1;M,M;L7,true,true,1939,1939,true,true,PASS
covariance:L1:1835,1835,L1,L7,L1;M,M;L7,true,true,1941,1941,true,true,PASS
covariance:L1:1837,1837,L1,L7,L1;M,M;L7,true,true,971,971,true,true,PASS
covariance:L1:1843,1843,L1,L7,L1;M,M;L7,true,true,1945,1945,true,true,PASS
covariance:L1:1845,1845,L1,L7,L1;M,M;L7,true,true,973,973,true,true,PASS
covariance:L1:1849,1849,L1,L7,L1;M,M;L7,true,true,487,487,true,true,PASS
covariance:L1:1863,1863,L1,L7,L1;M,M;L7,true,true,1955,1955,true,true,PASS
covariance:L1:1867,1867,L1,L7,L1;M,M;L7,true,true,1957,1957,true,true,PASS
covariance:L1:1869,1869,L1,L7,L1;M,M;L7,true,true,979,979,true,true,PASS
covariance:L1:1875,1875,L1,L7,L1;M,M;L7,true,true,1961,1961,true,true,PASS
covariance:L1:1877,1877,L1,L7,L1;M,M;L7,true,true,981,981,true,true,PASS
covariance:L1:1881,1881,L1,L7,L1;M,M;L7,true,true,491,491,true,true,PASS
covariance:L1:1891,1891,L1,L7,L1;M,M;L7,true,true,1969,1969,true,true,PASS
covariance:L1:1893,1893,L1,L7,L1;M,M;L7,true,true,985,985,true,true,PASS
covariance:L1:1897,1897,L1,L7,L1;M,M;L7,true,true,493,493,true,true,PASS
covariance:L1:1905,1905,L1,L7,L1;M,M;L7,true,true,247,247,true,true,PASS
covariance:L1:1927,1927,L1,L7,L1;M,M;L7,true,true,1987,1987,true,true,PASS
covariance:L1:1931,1931,L1,L7,L1;M,M;L7,true,true,1989,1989,true,true,PASS
covariance:L1:1933,1933,L1,L7,L1;M,M;L7,true,true,995,995,true,true,PASS
covariance:L1:1939,1939,L1,L7,L1;M,M;L7,true,true,1993,1993,true,true,PASS
covariance:L1:1941,1941,L1,L7,L1;M,M;L7,true,true,997,997,true,true,PASS
covariance:L1:1945,1945,L1,L7,L1;M,M;L7,true,true,499,499,true,true,PASS
covariance:L1:1955,1955,L1,L7,L1;M,M;L7,true,true,2001,2001,true,true,PASS
covariance:L1:1957,1957,L1,L7,L1;M,M;L7,true,true,1001,1001,true,true,PASS
covariance:L1:1961,1961,L1,L7,L1;M,M;L7,true,true,501,501,true,true,PASS
covariance:L1:1969,1969,L1,L7,L1;M,M;L7,true,true,251,251,true,true,PASS
covariance:L1:1987,1987,L1,L7,L1;M,M;L7,true,true,2017,2017,true,true,PASS
covariance:L1:1989,1989,L1,L7,L1;M,M;L7,true,true,1009,1009,true,true,PASS
covariance:L1:1993,1993,L1,L7,L1;M,M;L7,true,true,505,505,true,true,PASS
covariance:L1:2001,2001,L1,L7,L1;M,M;L7,true,true,253,253,true,true,PASS
covariance:L1:2017,2017,L1,L7,L1;M,M;L7,true,true,127,127,true,true,PASS
covariance:L1:2111,2111,L1,L7,L1;M,M;L7,false,false,,,true,true,PASS
covariance:L1:2143,2143,L1,L7,L1;M,M;L7,false,false,,,true,true,PASS
covariance:L1:2159,2159,L1,L7,L1;M,M;L7,false,false,,,true,true,PASS
covariance:L1:2167,2167,L1,L7,L1;M,M;L7,false,false,,,true,true,PASS
covariance:L1:2171,2171,L1,L7,L1;M,M;L7,false,false,,,true,true,PASS
covariance:L1:2173,2173,L1,L7,L1;M,M;L7,false,false,,,true,true,PASS
covariance:L1:2207,2207,L1,L7,L1;M,M;L7,false,false,,,true,true,PASS
covariance:L1:2223,2223,L1,L7,L1;M,M;L7,false,false,,,true,true,PASS
covariance:L1:2231,2231,L1,L7,L1;M,M;L7,false,false,,,true,true,PASS
covariance:L1:2235,2235,L1,L7,L1;M,M;L7,false,false,,,true,true,PASS
covariance:L1:2237,2237,L1,L7,L1;M,M;L7,false,false,,,true,true,PASS
covariance:L1:2255,2255,L1,L7,L1;M,M;L7,false,false,,,true,true,PASS
covariance:L1:2263,2263,L1,L7,L1;M,M;L7,false,false,,,true,true,PASS
covariance:L1:2267,2267,L1,L7,L1;M,M;L7,false,false,,,true,true,PASS
covariance:L1:2269,2269,L1,L7,L1;M,M;L7,false,false,,,true,true,PASS
covariance:L1:2279,2279,L1,L7,L1;M,M;L7,false,false,,,true,true,PASS
covariance:L1:2283,2283,L1,L7,L1;M,M;L7,false,false,,,true,true,PASS
covariance:L1:2285,2285,L1,L7,L1;M,M;L7,false,false,,,true,true,PASS
covariance:L1:2291,2291,L1,L7,L1;M,M;L7,false,false,,,true,true,PASS
covariance:L1:2293,2293,L1,L7,L1;M,M;L7,false,false,,,true,true,PASS
covariance:L1:2297,2297,L1,L7,L1;M,M;L7,false,false,,,true,true,PASS
covariance:L1:2335,2335,L1,L7,L1;M,M;L7,false,false,,,true,true,PASS
covariance:L1:2351,2351,L1,L7,L1;M,M;L7,false,false,,,true,true,PASS
covariance:L1:2359,2359,L1,L7,L1;M,M;L7,false,false,,,true,true,PASS
covariance:L1:2363,2363,L1,L7,L1;M,M;L7,false,false,,,true,true,PASS
covariance:L1:2365,2365,L1,L7,L1;M,M;L7,false,false,,,true,true,PASS
covariance:L1:2383,2383,L1,L7,L1;M,M;L7,false,false,,,true,true,PASS
covariance:L1:2391,2391,L1,L7,L1;M,M;L7,false,false,,,true,true,PASS
covariance:L1:2395,2395,L1,L7,L1;M,M;L7,false,false,,,true,true,PASS
covariance:L1:2397,2397,L1,L7,L1;M,M;L7,false,false,,,true,true,PASS
covariance:L1:2407,2407,L1,L7,L1;M,M;L7,false,false,,,true,true,PASS
covariance:L1:2411,2411,L1,L7,L1;M,M;L7,false,false,,,true,true,PASS
covariance:L1:2413,2413,L1,L7,L1;M,M;L7,false,false,,,true,true,PASS
covariance:L1:2419,2419,L1,L7,L1;M,M;L7,false,false,,,true,true,PASS
covariance:L1:2421,2421,L1,L7,L1;M,M;L7,false,false,,,true,true,PASS
covariance:L1:2425,2425,L1,L7,L1;M,M;L7,false,false,,,true,true,PASS
covariance:L1:2447,2447,L1,L7,L1;M,M;L7,false,false,,,true,true,PASS
covariance:L1:2455,2455,L1,L7,L1;M,M;L7,false,false,,,true,true,PASS
covariance:L1:2459,2459,L1,L7,L1;M,M;L7,false,false,,,true,true,PASS
covariance:L1:2461,2461,L1,L7,L1;M,M;L7,false,false,,,true,true,PASS
covariance:L1:2471,2471,L1,L7,L1;M,M;L7,false,false,,,true,true,PASS
covariance:L1:2475,2475,L1,L7,L1;M,M;L7,false,false,,,true,true,PASS
covariance:L1:2477,2477,L1,L7,L1;M,M;L7,false,false,,,true,true,PASS
covariance:L1:2483,2483,L1,L7,L1;M,M;L7,false,false,,,true,true,PASS
covariance:L1:2485,2485,L1,L7,L1;M,M;L7,false,false,,,true,true,PASS
covariance:L1:2489,2489,L1,L7,L1;M,M;L7,false,false,,,true,true,PASS
covariance:L1:2503,2503,L1,L7,L1;M,M;L7,false,false,,,true,true,PASS
covariance:L1:2507,2507,L1,L7,L1;M,M;L7,false,false,,,true,true,PASS
covariance:L1:2509,2509,L1,L7,L1;M,M;L7,false,false,,,true,true,PASS
covariance:L1:2515,2515,L1,L7,L1;M,M;L7,false,false,,,true,true,PASS
covariance:L1:2517,2517,L1,L7,L1;M,M;L7,false,false,,,true,true,PASS
covariance:L1:2521,2521,L1,L7,L1;M,M;L7,false,false,,,true,true,PASS
covariance:L1:2531,2531,L1,L7,L1;M,M;L7,false,false,,,true,true,PASS
covariance:L1:2533,2533,L1,L7,L1;M,M;L7,false,false,,,true,true,PASS
covariance:L1:2537,2537,L1,L7,L1;M,M;L7,false,false,,,true,true,PASS
covariance:L1:2545,2545,L1,L7,L1;M,M;L7,false,false,,,true,true,PASS
covariance:L1:2591,2591,L1,L7,L1;M,M;L7,false,false,,,true,true,PASS
covariance:L1:2607,2607,L1,L7,L1;M,M;L7,false,false,,,true,true,PASS
covariance:L1:2615,2615,L1,L7,L1;M,M;L7,false,false,,,true,true,PASS
covariance:L1:2619,2619,L1,L7,L1;M,M;L7,false,false,,,true,true,PASS
covariance:L1:2621,2621,L1,L7,L1;M,M;L7,false,false,,,true,true,PASS
covariance:L1:2639,2639,L1,L7,L1;M,M;L7,false,false,,,true,true,PASS
covariance:L1:2647,2647,L1,L7,L1;M,M;L7,false,false,,,true,true,PASS
covariance:L1:2651,2651,L1,L7,L1;M,M;L7,false,false,,,true,true,PASS
covariance:L1:2653,2653,L1,L7,L1;M,M;L7,false,false,,,true,true,PASS
covariance:L1:2663,2663,L1,L7,L1;M,M;L7,false,false,,,true,true,PASS
covariance:L1:2667,2667,L1,L7,L1;M,M;L7,false,false,,,true,true,PASS
covariance:L1:2669,2669,L1,L7,L1;M,M;L7,false,false,,,true,true,PASS
covariance:L1:2675,2675,L1,L7,L1;M,M;L7,false,false,,,true,true,PASS
covariance:L1:2677,2677,L1,L7,L1;M,M;L7,false,false,,,true,true,PASS
covariance:L1:2681,2681,L1,L7,L1;M,M;L7,false,false,,,true,true,PASS
covariance:L1:2703,2703,L1,L7,L1;M,M;L7,false,false,,,true,true,PASS
covariance:L1:2711,2711,L1,L7,L1;M,M;L7,false,false,,,true,true,PASS
covariance:L1:2715,2715,L1,L7,L1;M,M;L7,false,false,,,true,true,PASS
covariance:L1:2717,2717,L1,L7,L1;M,M;L7,false,false,,,true,true,PASS
covariance:L1:2727,2727,L1,L7,L1;M,M;L7,false,false,,,true,true,PASS
covariance:L1:2731,2731,L1,L7,L1;M,M;L7,false,false,,,true,true,PASS
covariance:L1:2733,2733,L1,L7,L1;M,M;L7,false,false,,,true,true,PASS
covariance:L1:2739,2739,L1,L7,L1;M,M;L7,false,false,,,true,true,PASS
covariance:L1:2741,2741,L1,L7,L1;M,M;L7,false,false,,,true,true,PASS
covariance:L1:2745,2745,L1,L7,L1;M,M;L7,false,false,,,true,true,PASS
covariance:L1:2759,2759,L1,L7,L1;M,M;L7,false,false,,,true,true,PASS
covariance:L1:2763,2763,L1,L7,L1;M,M;L7,false,false,,,true,true,PASS
covariance:L1:2765,2765,L1,L7,L1;M,M;L7,false,false,,,true,true,PASS
covariance:L1:2771,2771,L1,L7,L1;M,M;L7,false,false,,,true,true,PASS
covariance:L1:2773,2773,L1,L7,L1;M,M;L7,false,false,,,true,true,PASS
covariance:L1:2777,2777,L1,L7,L1;M,M;L7,false,false,,,true,true,PASS
covariance:L1:2787,2787,L1,L7,L1;M,M;L7,false,false,,,true,true,PASS
covariance:L1:2789,2789,L1,L7,L1;M,M;L7,false,false,,,true,true,PASS
covariance:L1:2793,2793,L1,L7,L1;M,M;L7,false,false,,,true,true,PASS
covariance:L1:2801,2801,L1,L7,L1;M,M;L7,false,false,,,true,true,PASS
covariance:L1:2831,2831,L1,L7,L1;M,M;L7,false,false,,,true,true,PASS
covariance:L1:2839,2839,L1,L7,L1;M,M;L7,false,false,,,true,true,PASS
covariance:L1:2843,2843,L1,L7,L1;M,M;L7,false,false,,,true,true,PASS
covariance:L1:2845,2845,L1,L7,L1;M,M;L7,false,false,,,true,true,PASS
covariance:L1:2855,2855,L1,L7,L1;M,M;L7,false,false,,,true,true,PASS
covariance:L1:2859,2859,L1,L7,L1;M,M;L7,false,false,,,true,true,PASS
covariance:L1:2861,2861,L1,L7,L1;M,M;L7,false,false,,,true,true,PASS
covariance:L1:2867,2867,L1,L7,L1;M,M;L7,false,false,,,true,true,PASS
covariance:L1:2869,2869,L1,L7,L1;M,M;L7,false,false,,,true,true,PASS
covariance:L1:2873,2873,L1,L7,L1;M,M;L7,false,false,,,true,true,PASS
covariance:L1:2887,2887,L1,L7,L1;M,M;L7,false,false,,,true,true,PASS
covariance:L1:2891,2891,L1,L7,L1;M,M;L7,false,false,,,true,true,PASS
covariance:L1:2893,2893,L1,L7,L1;M,M;L7,false,false,,,true,true,PASS
covariance:L1:2899,2899,L1,L7,L1;M,M;L7,false,false,,,true,true,PASS
covariance:L1:2901,2901,L1,L7,L1;M,M;L7,false,false,,,true,true,PASS
covariance:L1:2905,2905,L1,L7,L1;M,M;L7,false,false,,,true,true,PASS
covariance:L1:2915,2915,L1,L7,L1;M,M;L7,false,false,,,true,true,PASS
covariance:L1:2917,2917,L1,L7,L1;M,M;L7,false,false,,,true,true,PASS
covariance:L1:2921,2921,L1,L7,L1;M,M;L7,false,false,,,true,true,PASS
covariance:L1:2929,2929,L1,L7,L1;M,M;L7,false,false,,,true,true,PASS
covariance:L1:2951,2951,L1,L7,L1;M,M;L7,false,false,,,true,true,PASS
covariance:L1:2955,2955,L1,L7,L1;M,M;L7,false,false,,,true,true,PASS
covariance:L1:2957,2957,L1,L7,L1;M,M;L7,false,false,,,true,true,PASS
covariance:L1:2963,2963,L1,L7,L1;M,M;L7,false,false,,,true,true,PASS
covariance:L1:2965,2965,L1,L7,L1;M,M;L7,false,false,,,true,true,PASS
covariance:L1:2969,2969,L1,L7,L1;M,M;L7,false,false,,,true,true,PASS
covariance:L1:2979,2979,L1,L7,L1;M,M;L7,false,false,,,true,true,PASS
covariance:L1:2981,2981,L1,L7,L1;M,M;L7,false,false,,,true,true,PASS
covariance:L1:2985,2985,L1,L7,L1;M,M;L7,false,false,,,true,true,PASS
covariance:L1:2993,2993,L1,L7,L1;M,M;L7,false,false,,,true,true,PASS
covariance:L1:3011,3011,L1,L7,L1;M,M;L7,false,false,,,true,true,PASS
covariance:L1:3013,3013,L1,L7,L1;M,M;L7,false,false,,,true,true,PASS
covariance:L1:3017,3017,L1,L7,L1;M,M;L7,false,false,,,true,true,PASS
covariance:L1:3025,3025,L1,L7,L1;M,M;L7,false,false,,,true,true,PASS
covariance:L1:3041,3041,L1,L7,L1;M,M;L7,false,false,,,true,true,PASS
covariance:L1:3103,3103,L1,L7,L1;M,M;L7,false,false,,,true,true,PASS
covariance:L1:3119,3119,L1,L7,L1;M,M;L7,false,false,,,true,true,PASS
covariance:L1:3127,3127,L1,L7,L1;M,M;L7,false,false,,,true,true,PASS
covariance:L1:3131,3131,L1,L7,L1;M,M;L7,false,false,,,true,true,PASS
covariance:L1:3133,3133,L1,L7,L1;M,M;L7,false,false,,,true,true,PASS
covariance:L1:3151,3151,L1,L7,L1;M,M;L7,false,false,,,true,true,PASS
covariance:L1:3159,3159,L1,L7,L1;M,M;L7,false,false,,,true,true,PASS
covariance:L1:3163,3163,L1,L7,L1;M,M;L7,false,false,,,true,true,PASS
covariance:L1:3165,3165,L1,L7,L1;M,M;L7,false,false,,,true,true,PASS
covariance:L1:3175,3175,L1,L7,L1;M,M;L7,false,false,,,true,true,PASS
covariance:L1:3179,3179,L1,L7,L1;M,M;L7,false,false,,,true,true,PASS
covariance:L1:3181,3181,L1,L7,L1;M,M;L7,false,false,,,true,true,PASS
covariance:L1:3187,3187,L1,L7,L1;M,M;L7,false,false,,,true,true,PASS
covariance:L1:3189,3189,L1,L7,L1;M,M;L7,false,false,,,true,true,PASS
covariance:L1:3193,3193,L1,L7,L1;M,M;L7,false,false,,,true,true,PASS
covariance:L1:3215,3215,L1,L7,L1;M,M;L7,false,false,,,true,true,PASS
covariance:L1:3223,3223,L1,L7,L1;M,M;L7,false,false,,,true,true,PASS
covariance:L1:3227,3227,L1,L7,L1;M,M;L7,false,false,,,true,true,PASS
covariance:L1:3229,3229,L1,L7,L1;M,M;L7,false,false,,,true,true,PASS
covariance:L1:3239,3239,L1,L7,L1;M,M;L7,false,false,,,true,true,PASS
covariance:L1:3243,3243,L1,L7,L1;M,M;L7,false,false,,,true,true,PASS
covariance:L1:3245,3245,L1,L7,L1;M,M;L7,false,false,,,true,true,PASS
covariance:L1:3251,3251,L1,L7,L1;M,M;L7,false,false,,,true,true,PASS
covariance:L1:3253,3253,L1,L7,L1;M,M;L7,false,false,,,true,true,PASS
covariance:L1:3257,3257,L1,L7,L1;M,M;L7,false,false,,,true,true,PASS
covariance:L1:3271,3271,L1,L7,L1;M,M;L7,false,false,,,true,true,PASS
covariance:L1:3275,3275,L1,L7,L1;M,M;L7,false,false,,,true,true,PASS
covariance:L1:3277,3277,L1,L7,L1;M,M;L7,false,false,,,true,true,PASS
covariance:L1:3283,3283,L1,L7,L1;M,M;L7,false,false,,,true,true,PASS
covariance:L1:3285,3285,L1,L7,L1;M,M;L7,false,false,,,true,true,PASS
covariance:L1:3289,3289,L1,L7,L1;M,M;L7,false,false,,,true,true,PASS
covariance:L1:3299,3299,L1,L7,L1;M,M;L7,false,false,,,true,true,PASS
covariance:L1:3301,3301,L1,L7,L1;M,M;L7,false,false,,,true,true,PASS
covariance:L1:3305,3305,L1,L7,L1;M,M;L7,false,false,,,true,true,PASS
covariance:L1:3313,3313,L1,L7,L1;M,M;L7,false,false,,,true,true,PASS
covariance:L1:3343,3343,L1,L7,L1;M,M;L7,false,false,,,true,true,PASS
covariance:L1:3351,3351,L1,L7,L1;M,M;L7,false,false,,,true,true,PASS
covariance:L1:3355,3355,L1,L7,L1;M,M;L7,false,false,,,true,true,PASS
covariance:L1:3357,3357,L1,L7,L1;M,M;L7,false,false,,,true,true,PASS
covariance:L1:3367,3367,L1,L7,L1;M,M;L7,false,false,,,true,true,PASS
covariance:L1:3371,3371,L1,L7,L1;M,M;L7,false,false,,,true,true,PASS
covariance:L1:3373,3373,L1,L7,L1;M,M;L7,false,false,,,true,true,PASS
covariance:L1:3379,3379,L1,L7,L1;M,M;L7,false,false,,,true,true,PASS
covariance:L1:3381,3381,L1,L7,L1;M,M;L7,false,false,,,true,true,PASS
covariance:L1:3385,3385,L1,L7,L1;M,M;L7,false,false,,,true,true,PASS
covariance:L1:3399,3399,L1,L7,L1;M,M;L7,false,false,,,true,true,PASS
covariance:L1:3403,3403,L1,L7,L1;M,M;L7,false,false,,,true,true,PASS
covariance:L1:3405,3405,L1,L7,L1;M,M;L7,false,false,,,true,true,PASS
covariance:L1:3411,3411,L1,L7,L1;M,M;L7,false,false,,,true,true,PASS
covariance:L1:3413,3413,L1,L7,L1;M,M;L7,false,false,,,true,true,PASS
covariance:L1:3417,3417,L1,L7,L1;M,M;L7,false,false,,,true,true,PASS
covariance:L1:3427,3427,L1,L7,L1;M,M;L7,false,false,,,true,true,PASS
covariance:L1:3429,3429,L1,L7,L1;M,M;L7,false,false,,,true,true,PASS
covariance:L1:3433,3433,L1,L7,L1;M,M;L7,false,false,,,true,true,PASS
covariance:L1:3441,3441,L1,L7,L1;M,M;L7,false,false,,,true,true,PASS
covariance:L1:3463,3463,L1,L7,L1;M,M;L7,false,false,,,true,true,PASS
covariance:L1:3467,3467,L1,L7,L1;M,M;L7,false,false,,,true,true,PASS
covariance:L1:3469,3469,L1,L7,L1;M,M;L7,false,false,,,true,true,PASS
covariance:L1:3475,3475,L1,L7,L1;M,M;L7,false,false,,,true,true,PASS
covariance:L1:3477,3477,L1,L7,L1;M,M;L7,false,false,,,true,true,PASS
covariance:L1:3481,3481,L1,L7,L1;M,M;L7,false,false,,,true,true,PASS
covariance:L1:3491,3491,L1,L7,L1;M,M;L7,false,false,,,true,true,PASS
covariance:L1:3493,3493,L1,L7,L1;M,M;L7,false,false,,,true,true,PASS
covariance:L1:3497,3497,L1,L7,L1;M,M;L7,false,false,,,true,true,PASS
covariance:L1:3505,3505,L1,L7,L1;M,M;L7,false,false,,,true,true,PASS
covariance:L1:3523,3523,L1,L7,L1;M,M;L7,false,false,,,true,true,PASS
covariance:L1:3525,3525,L1,L7,L1;M,M;L7,false,false,,,true,true,PASS
covariance:L1:3529,3529,L1,L7,L1;M,M;L7,false,false,,,true,true,PASS
covariance:L1:3537,3537,L1,L7,L1;M,M;L7,false,false,,,true,true,PASS
covariance:L1:3553,3553,L1,L7,L1;M,M;L7,false,false,,,true,true,PASS
covariance:L1:3599,3599,L1,L7,L1;M,M;L7,false,false,,,true,true,PASS
covariance:L1:3607,3607,L1,L7,L1;M,M;L7,false,false,,,true,true,PASS
covariance:L1:3611,3611,L1,L7,L1;M,M;L7,false,false,,,true,true,PASS
covariance:L1:3613,3613,L1,L7,L1;M,M;L7,false,false,,,true,true,PASS
covariance:L1:3623,3623,L1,L7,L1;M,M;L7,false,false,,,true,true,PASS
covariance:L1:3627,3627,L1,L7,L1;M,M;L7,false,false,,,true,true,PASS
covariance:L1:3629,3629,L1,L7,L1;M,M;L7,false,false,,,true,true,PASS
covariance:L1:3635,3635,L1,L7,L1;M,M;L7,false,false,,,true,true,PASS
covariance:L1:3637,3637,L1,L7,L1;M,M;L7,false,false,,,true,true,PASS
covariance:L1:3641,3641,L1,L7,L1;M,M;L7,false,false,,,true,true,PASS
covariance:L1:3655,3655,L1,L7,L1;M,M;L7,false,false,,,true,true,PASS
covariance:L1:3659,3659,L1,L7,L1;M,M;L7,false,false,,,true,true,PASS
covariance:L1:3661,3661,L1,L7,L1;M,M;L7,false,false,,,true,true,PASS
covariance:L1:3667,3667,L1,L7,L1;M,M;L7,false,false,,,true,true,PASS
covariance:L1:3669,3669,L1,L7,L1;M,M;L7,false,false,,,true,true,PASS
covariance:L1:3673,3673,L1,L7,L1;M,M;L7,false,false,,,true,true,PASS
covariance:L1:3683,3683,L1,L7,L1;M,M;L7,false,false,,,true,true,PASS
covariance:L1:3685,3685,L1,L7,L1;M,M;L7,false,false,,,true,true,PASS
covariance:L1:3689,3689,L1,L7,L1;M,M;L7,false,false,,,true,true,PASS
covariance:L1:3697,3697,L1,L7,L1;M,M;L7,false,false,,,true,true,PASS
covariance:L1:3719,3719,L1,L7,L1;M,M;L7,false,false,,,true,true,PASS
covariance:L1:3723,3723,L1,L7,L1;M,M;L7,false,false,,,true,true,PASS
covariance:L1:3725,3725,L1,L7,L1;M,M;L7,false,false,,,true,true,PASS
covariance:L1:3731,3731,L1,L7,L1;M,M;L7,false,false,,,true,true,PASS
covariance:L1:3733,3733,L1,L7,L1;M,M;L7,false,false,,,true,true,PASS
covariance:L1:3737,3737,L1,L7,L1;M,M;L7,false,false,,,true,true,PASS
covariance:L1:3747,3747,L1,L7,L1;M,M;L7,false,false,,,true,true,PASS
covariance:L1:3749,3749,L1,L7,L1;M,M;L7,false,false,,,true,true,PASS
covariance:L1:3753,3753,L1,L7,L1;M,M;L7,false,false,,,true,true,PASS
covariance:L1:3761,3761,L1,L7,L1;M,M;L7,false,false,,,true,true,PASS
covariance:L1:3779,3779,L1,L7,L1;M,M;L7,false,false,,,true,true,PASS
covariance:L1:3781,3781,L1,L7,L1;M,M;L7,false,false,,,true,true,PASS
covariance:L1:3785,3785,L1,L7,L1;M,M;L7,false,false,,,true,true,PASS
covariance:L1:3793,3793,L1,L7,L1;M,M;L7,false,false,,,true,true,PASS
covariance:L1:3809,3809,L1,L7,L1;M,M;L7,false,false,,,true,true,PASS
covariance:L1:3847,3847,L1,L7,L1;M,M;L7,false,false,,,true,true,PASS
covariance:L1:3851,3851,L1,L7,L1;M,M;L7,false,false,,,true,true,PASS
covariance:L1:3853,3853,L1,L7,L1;M,M;L7,false,false,,,true,true,PASS
covariance:L1:3859,3859,L1,L7,L1;M,M;L7,false,false,,,true,true,PASS
covariance:L1:3861,3861,L1,L7,L1;M,M;L7,false,false,,,true,true,PASS
covariance:L1:3865,3865,L1,L7,L1;M,M;L7,false,false,,,true,true,PASS
covariance:L1:3875,3875,L1,L7,L1;M,M;L7,false,false,,,true,true,PASS
covariance:L1:3877,3877,L1,L7,L1;M,M;L7,false,false,,,true,true,PASS
covariance:L1:3881,3881,L1,L7,L1;M,M;L7,false,false,,,true,true,PASS
covariance:L1:3889,3889,L1,L7,L1;M,M;L7,false,false,,,true,true,PASS
covariance:L1:3907,3907,L1,L7,L1;M,M;L7,false,false,,,true,true,PASS
covariance:L1:3909,3909,L1,L7,L1;M,M;L7,false,false,,,true,true,PASS
covariance:L1:3913,3913,L1,L7,L1;M,M;L7,false,false,,,true,true,PASS
covariance:L1:3921,3921,L1,L7,L1;M,M;L7,false,false,,,true,true,PASS
covariance:L1:3937,3937,L1,L7,L1;M,M;L7,false,false,,,true,true,PASS
covariance:L1:3971,3971,L1,L7,L1;M,M;L7,false,false,,,true,true,PASS
covariance:L1:3973,3973,L1,L7,L1;M,M;L7,false,false,,,true,true,PASS
covariance:L1:3977,3977,L1,L7,L1;M,M;L7,false,false,,,true,true,PASS
covariance:L1:3985,3985,L1,L7,L1;M,M;L7,false,false,,,true,true,PASS
covariance:L1:4001,4001,L1,L7,L1;M,M;L7,false,false,,,true,true,PASS
covariance:L1:4033,4033,L1,L7,L1;M,M;L7,false,false,,,true,true,PASS
covariance:R2:127,127,R2,R1,R2;M,M;R1,false,false,,,true,true,PASS
covariance:R2:191,191,R2,R1,R2;M,M;R1,false,false,,,true,true,PASS
covariance:R2:223,223,R2,R1,R2;M,M;R1,false,false,,,true,true,PASS
covariance:R2:239,239,R2,R1,R2;M,M;R1,false,false,,,true,true,PASS
covariance:R2:247,247,R2,R1,R2;M,M;R1,false,false,,,true,true,PASS
covariance:R2:251,251,R2,R1,R2;M,M;R1,true,true,1087,1087,true,true,PASS
covariance:R2:253,253,R2,R1,R2;M,M;R1,false,false,,,true,true,PASS
covariance:R2:319,319,R2,R1,R2;M,M;R1,false,false,,,true,true,PASS
covariance:R2:351,351,R2,R1,R2;M,M;R1,false,false,,,true,true,PASS
covariance:R2:367,367,R2,R1,R2;M,M;R1,false,false,,,true,true,PASS
covariance:R2:375,375,R2,R1,R2;M,M;R1,false,false,,,true,true,PASS
covariance:R2:379,379,R2,R1,R2;M,M;R1,true,true,1119,1119,true,true,PASS
covariance:R2:381,381,R2,R1,R2;M,M;R1,false,false,,,true,true,PASS
covariance:R2:415,415,R2,R1,R2;M,M;R1,false,false,,,true,true,PASS
covariance:R2:431,431,R2,R1,R2;M,M;R1,false,false,,,true,true,PASS
covariance:R2:439,439,R2,R1,R2;M,M;R1,false,false,,,true,true,PASS
covariance:R2:443,443,R2,R1,R2;M,M;R1,true,true,1135,1135,true,true,PASS
covariance:R2:445,445,R2,R1,R2;M,M;R1,false,false,,,true,true,PASS
covariance:R2:463,463,R2,R1,R2;M,M;R1,false,false,,,true,true,PASS
covariance:R2:471,471,R2,R1,R2;M,M;R1,false,false,,,true,true,PASS
covariance:R2:475,475,R2,R1,R2;M,M;R1,true,true,1143,1143,true,true,PASS
covariance:R2:477,477,R2,R1,R2;M,M;R1,false,false,,,true,true,PASS
covariance:R2:487,487,R2,R1,R2;M,M;R1,false,false,,,true,true,PASS
covariance:R2:491,491,R2,R1,R2;M,M;R1,true,true,1147,1147,true,true,PASS
covariance:R2:493,493,R2,R1,R2;M,M;R1,false,false,,,true,true,PASS
covariance:R2:499,499,R2,R1,R2;M,M;R1,true,true,1149,1149,true,true,PASS
covariance:R2:501,501,R2,R1,R2;M,M;R1,true,true,575,575,true,true,PASS
covariance:R2:505,505,R2,R1,R2;M,M;R1,false,false,,,true,true,PASS
covariance:R2:575,575,R2,R1,R2;M,M;R1,false,false,,,true,true,PASS
covariance:R2:607,607,R2,R1,R2;M,M;R1,false,false,,,true,true,PASS
covariance:R2:623,623,R2,R1,R2;M,M;R1,false,false,,,true,true,PASS
covariance:R2:631,631,R2,R1,R2;M,M;R1,false,false,,,true,true,PASS
covariance:R2:635,635,R2,R1,R2;M,M;R1,true,true,1183,1183,true,true,PASS
covariance:R2:637,637,R2,R1,R2;M,M;R1,false,false,,,true,true,PASS
covariance:R2:671,671,R2,R1,R2;M,M;R1,false,false,,,true,true,PASS
covariance:R2:687,687,R2,R1,R2;M,M;R1,false,false,,,true,true,PASS
covariance:R2:695,695,R2,R1,R2;M,M;R1,false,false,,,true,true,PASS
covariance:R2:699,699,R2,R1,R2;M,M;R1,true,true,1199,1199,true,true,PASS
covariance:R2:701,701,R2,R1,R2;M,M;R1,false,false,,,true,true,PASS
covariance:R2:719,719,R2,R1,R2;M,M;R1,false,false,,,true,true,PASS
covariance:R2:727,727,R2,R1,R2;M,M;R1,false,false,,,true,true,PASS
covariance:R2:731,731,R2,R1,R2;M,M;R1,true,true,1207,1207,true,true,PASS
covariance:R2:733,733,R2,R1,R2;M,M;R1,false,false,,,true,true,PASS
covariance:R2:743,743,R2,R1,R2;M,M;R1,false,false,,,true,true,PASS
covariance:R2:747,747,R2,R1,R2;M,M;R1,true,true,1211,1211,true,true,PASS
covariance:R2:749,749,R2,R1,R2;M,M;R1,false,false,,,true,true,PASS
covariance:R2:755,755,R2,R1,R2;M,M;R1,true,true,1213,1213,true,true,PASS
covariance:R2:757,757,R2,R1,R2;M,M;R1,true,true,607,607,true,true,PASS
covariance:R2:761,761,R2,R1,R2;M,M;R1,false,false,,,true,true,PASS
covariance:R2:799,799,R2,R1,R2;M,M;R1,false,false,,,true,true,PASS
covariance:R2:815,815,R2,R1,R2;M,M;R1,false,false,,,true,true,PASS
covariance:R2:823,823,R2,R1,R2;M,M;R1,false,false,,,true,true,PASS
covariance:R2:827,827,R2,R1,R2;M,M;R1,true,true,1231,1231,true,true,PASS
covariance:R2:829,829,R2,R1,R2;M,M;R1,false,false,,,true,true,PASS
covariance:R2:847,847,R2,R1,R2;M,M;R1,false,false,,,true,true,PASS
covariance:R2:855,855,R2,R1,R2;M,M;R1,false,false,,,true,true,PASS
covariance:R2:859,859,R2,R1,R2;M,M;R1,true,true,1239,1239,true,true,PASS
covariance:R2:861,861,R2,R1,R2;M,M;R1,false,false,,,true,true,PASS
covariance:R2:871,871,R2,R1,R2;M,M;R1,false,false,,,true,true,PASS
covariance:R2:875,875,R2,R1,R2;M,M;R1,true,true,1243,1243,true,true,PASS
covariance:R2:877,877,R2,R1,R2;M,M;R1,false,false,,,true,true,PASS
covariance:R2:883,883,R2,R1,R2;M,M;R1,true,true,1245,1245,true,true,PASS
covariance:R2:885,885,R2,R1,R2;M,M;R1,true,true,623,623,true,true,PASS
covariance:R2:889,889,R2,R1,R2;M,M;R1,false,false,,,true,true,PASS
covariance:R2:911,911,R2,R1,R2;M,M;R1,false,false,,,true,true,PASS
covariance:R2:919,919,R2,R1,R2;M,M;R1,false,false,,,true,true,PASS
covariance:R2:923,923,R2,R1,R2;M,M;R1,true,true,1255,1255,true,true,PASS
covariance:R2:925,925,R2,R1,R2;M,M;R1,false,false,,,true,true,PASS
covariance:R2:935,935,R2,R1,R2;M,M;R1,false,false,,,true,true,PASS
covariance:R2:939,939,R2,R1,R2;M,M;R1,true,true,1259,1259,true,true,PASS
covariance:R2:941,941,R2,R1,R2;M,M;R1,false,false,,,true,true,PASS
covariance:R2:947,947,R2,R1,R2;M,M;R1,true,true,1261,1261,true,true,PASS
covariance:R2:949,949,R2,R1,R2;M,M;R1,true,true,631,631,true,true,PASS
covariance:R2:953,953,R2,R1,R2;M,M;R1,false,false,,,true,true,PASS
covariance:R2:967,967,R2,R1,R2;M,M;R1,false,false,,,true,true,PASS
covariance:R2:971,971,R2,R1,R2;M,M;R1,true,true,1267,1267,true,true,PASS
covariance:R2:973,973,R2,R1,R2;M,M;R1,false,false,,,true,true,PASS
covariance:R2:979,979,R2,R1,R2;M,M;R1,true,true,1269,1269,true,true,PASS
covariance:R2:981,981,R2,R1,R2;M,M;R1,true,true,635,635,true,true,PASS
covariance:R2:985,985,R2,R1,R2;M,M;R1,false,false,,,true,true,PASS
covariance:R2:995,995,R2,R1,R2;M,M;R1,true,true,1273,1273,true,true,PASS
covariance:R2:997,997,R2,R1,R2;M,M;R1,true,true,637,637,true,true,PASS
covariance:R2:1001,1001,R2,R1,R2;M,M;R1,true,true,319,319,true,true,PASS
covariance:R2:1009,1009,R2,R1,R2;M,M;R1,false,false,,,true,true,PASS
covariance:R2:1087,1087,R2,R1,R2;M,M;R1,false,false,,,true,true,PASS
covariance:R2:1119,1119,R2,R1,R2;M,M;R1,false,false,,,true,true,PASS
covariance:R2:1135,1135,R2,R1,R2;M,M;R1,false,false,,,true,true,PASS
covariance:R2:1143,1143,R2,R1,R2;M,M;R1,false,false,,,true,true,PASS
covariance:R2:1147,1147,R2,R1,R2;M,M;R1,true,true,1311,1311,true,true,PASS
covariance:R2:1149,1149,R2,R1,R2;M,M;R1,false,false,,,true,true,PASS
covariance:R2:1183,1183,R2,R1,R2;M,M;R1,false,false,,,true,true,PASS
covariance:R2:1199,1199,R2,R1,R2;M,M;R1,false,false,,,true,true,PASS
covariance:R2:1207,1207,R2,R1,R2;M,M;R1,false,false,,,true,true,PASS
covariance:R2:1211,1211,R2,R1,R2;M,M;R1,true,true,1327,1327,true,true,PASS
covariance:R2:1213,1213,R2,R1,R2;M,M;R1,false,false,,,true,true,PASS
covariance:R2:1231,1231,R2,R1,R2;M,M;R1,false,false,,,true,true,PASS
covariance:R2:1239,1239,R2,R1,R2;M,M;R1,false,false,,,true,true,PASS
covariance:R2:1243,1243,R2,R1,R2;M,M;R1,true,true,1335,1335,true,true,PASS
covariance:R2:1245,1245,R2,R1,R2;M,M;R1,false,false,,,true,true,PASS
covariance:R2:1255,1255,R2,R1,R2;M,M;R1,false,false,,,true,true,PASS
covariance:R2:1259,1259,R2,R1,R2;M,M;R1,true,true,1339,1339,true,true,PASS
covariance:R2:1261,1261,R2,R1,R2;M,M;R1,false,false,,,true,true,PASS
covariance:R2:1267,1267,R2,R1,R2;M,M;R1,true,true,1341,1341,true,true,PASS
covariance:R2:1269,1269,R2,R1,R2;M,M;R1,true,true,671,671,true,true,PASS
covariance:R2:1273,1273,R2,R1,R2;M,M;R1,false,false,,,true,true,PASS
covariance:R2:1311,1311,R2,R1,R2;M,M;R1,false,false,,,true,true,PASS
covariance:R2:1327,1327,R2,R1,R2;M,M;R1,false,false,,,true,true,PASS
covariance:R2:1335,1335,R2,R1,R2;M,M;R1,false,false,,,true,true,PASS
covariance:R2:1339,1339,R2,R1,R2;M,M;R1,true,true,1359,1359,true,true,PASS
covariance:R2:1341,1341,R2,R1,R2;M,M;R1,false,false,,,true,true,PASS
covariance:R2:1359,1359,R2,R1,R2;M,M;R1,false,false,,,true,true,PASS
covariance:R2:1367,1367,R2,R1,R2;M,M;R1,false,false,,,true,true,PASS
covariance:R2:1371,1371,R2,R1,R2;M,M;R1,true,true,1367,1367,true,true,PASS
covariance:R2:1373,1373,R2,R1,R2;M,M;R1,false,false,,,true,true,PASS
covariance:R2:1383,1383,R2,R1,R2;M,M;R1,false,false,,,true,true,PASS
covariance:R2:1387,1387,R2,R1,R2;M,M;R1,true,true,1371,1371,true,true,PASS
covariance:R2:1389,1389,R2,R1,R2;M,M;R1,false,false,,,true,true,PASS
covariance:R2:1395,1395,R2,R1,R2;M,M;R1,true,true,1373,1373,true,true,PASS
covariance:R2:1397,1397,R2,R1,R2;M,M;R1,true,true,687,687,true,true,PASS
covariance:R2:1401,1401,R2,R1,R2;M,M;R1,false,false,,,true,true,PASS
covariance:R2:1423,1423,R2,R1,R2;M,M;R1,false,false,,,true,true,PASS
covariance:R2:1431,1431,R2,R1,R2;M,M;R1,false,false,,,true,true,PASS
covariance:R2:1435,1435,R2,R1,R2;M,M;R1,true,true,1383,1383,true,true,PASS
covariance:R2:1437,1437,R2,R1,R2;M,M;R1,false,false,,,true,true,PASS
covariance:R2:1447,1447,R2,R1,R2;M,M;R1,false,false,,,true,true,PASS
covariance:R2:1451,1451,R2,R1,R2;M,M;R1,true,true,1387,1387,true,true,PASS
covariance:R2:1453,1453,R2,R1,R2;M,M;R1,false,false,,,true,true,PASS
covariance:R2:1459,1459,R2,R1,R2;M,M;R1,true,true,1389,1389,true,true,PASS
covariance:R2:1461,1461,R2,R1,R2;M,M;R1,true,true,695,695,true,true,PASS
covariance:R2:1465,1465,R2,R1,R2;M,M;R1,false,false,,,true,true,PASS
covariance:R2:1479,1479,R2,R1,R2;M,M;R1,false,false,,,true,true,PASS
covariance:R2:1483,1483,R2,R1,R2;M,M;R1,true,true,1395,1395,true,true,PASS
covariance:R2:1485,1485,R2,R1,R2;M,M;R1,false,false,,,true,true,PASS
covariance:R2:1491,1491,R2,R1,R2;M,M;R1,true,true,1397,1397,true,true,PASS
covariance:R2:1493,1493,R2,R1,R2;M,M;R1,true,true,699,699,true,true,PASS
covariance:R2:1497,1497,R2,R1,R2;M,M;R1,false,false,,,true,true,PASS
covariance:R2:1507,1507,R2,R1,R2;M,M;R1,true,true,1401,1401,true,true,PASS
covariance:R2:1509,1509,R2,R1,R2;M,M;R1,true,true,701,701,true,true,PASS
covariance:R2:1513,1513,R2,R1,R2;M,M;R1,true,true,351,351,true,true,PASS
covariance:R2:1521,1521,R2,R1,R2;M,M;R1,false,false,,,true,true,PASS
covariance:R2:1567,1567,R2,R1,R2;M,M;R1,false,false,,,true,true,PASS
covariance:R2:1583,1583,R2,R1,R2;M,M;R1,false,false,,,true,true,PASS
covariance:R2:1591,1591,R2,R1,R2;M,M;R1,false,false,,,true,true,PASS
covariance:R2:1595,1595,R2,R1,R2;M,M;R1,true,true,1423,1423,true,true,PASS
covariance:R2:1597,1597,R2,R1,R2;M,M;R1,false,false,,,true,true,PASS
covariance:R2:1615,1615,R2,R1,R2;M,M;R1,false,false,,,true,true,PASS
covariance:R2:1623,1623,R2,R1,R2;M,M;R1,false,false,,,true,true,PASS
covariance:R2:1627,1627,R2,R1,R2;M,M;R1,true,true,1431,1431,true,true,PASS
covariance:R2:1629,1629,R2,R1,R2;M,M;R1,false,false,,,true,true,PASS
covariance:R2:1639,1639,R2,R1,R2;M,M;R1,false,false,,,true,true,PASS
covariance:R2:1643,1643,R2,R1,R2;M,M;R1,true,true,1435,1435,true,true,PASS
covariance:R2:1645,1645,R2,R1,R2;M,M;R1,false,false,,,true,true,PASS
covariance:R2:1651,1651,R2,R1,R2;M,M;R1,true,true,1437,1437,true,true,PASS
covariance:R2:1653,1653,R2,R1,R2;M,M;R1,true,true,719,719,true,true,PASS
covariance:R2:1657,1657,R2,R1,R2;M,M;R1,false,false,,,true,true,PASS
covariance:R2:1679,1679,R2,R1,R2;M,M;R1,false,false,,,true,true,PASS
covariance:R2:1687,1687,R2,R1,R2;M,M;R1,false,false,,,true,true,PASS
covariance:R2:1691,1691,R2,R1,R2;M,M;R1,true,true,1447,1447,true,true,PASS
covariance:R2:1693,1693,R2,R1,R2;M,M;R1,false,false,,,true,true,PASS
covariance:R2:1703,1703,R2,R1,R2;M,M;R1,false,false,,,true,true,PASS
covariance:R2:1707,1707,R2,R1,R2;M,M;R1,true,true,1451,1451,true,true,PASS
covariance:R2:1709,1709,R2,R1,R2;M,M;R1,false,false,,,true,true,PASS
covariance:R2:1715,1715,R2,R1,R2;M,M;R1,true,true,1453,1453,true,true,PASS
covariance:R2:1717,1717,R2,R1,R2;M,M;R1,true,true,727,727,true,true,PASS
covariance:R2:1721,1721,R2,R1,R2;M,M;R1,false,false,,,true,true,PASS
covariance:R2:1735,1735,R2,R1,R2;M,M;R1,false,false,,,true,true,PASS
covariance:R2:1739,1739,R2,R1,R2;M,M;R1,true,true,1459,1459,true,true,PASS
covariance:R2:1741,1741,R2,R1,R2;M,M;R1,false,false,,,true,true,PASS
covariance:R2:1747,1747,R2,R1,R2;M,M;R1,true,true,1461,1461,true,true,PASS
covariance:R2:1749,1749,R2,R1,R2;M,M;R1,true,true,731,731,true,true,PASS
covariance:R2:1753,1753,R2,R1,R2;M,M;R1,false,false,,,true,true,PASS
covariance:R2:1763,1763,R2,R1,R2;M,M;R1,true,true,1465,1465,true,true,PASS
covariance:R2:1765,1765,R2,R1,R2;M,M;R1,true,true,733,733,true,true,PASS
covariance:R2:1769,1769,R2,R1,R2;M,M;R1,true,true,367,367,true,true,PASS
covariance:R2:1777,1777,R2,R1,R2;M,M;R1,false,false,,,true,true,PASS
covariance:R2:1807,1807,R2,R1,R2;M,M;R1,false,false,,,true,true,PASS
covariance:R2:1815,1815,R2,R1,R2;M,M;R1,false,false,,,true,true,PASS
covariance:R2:1819,1819,R2,R1,R2;M,M;R1,true,true,1479,1479,true,true,PASS
covariance:R2:1821,1821,R2,R1,R2;M,M;R1,false,false,,,true,true,PASS
covariance:R2:1831,1831,R2,R1,R2;M,M;R1,false,false,,,true,true,PASS
covariance:R2:1835,1835,R2,R1,R2;M,M;R1,true,true,1483,1483,true,true,PASS
covariance:R2:1837,1837,R2,R1,R2;M,M;R1,false,false,,,true,true,PASS
covariance:R2:1843,1843,R2,R1,R2;M,M;R1,true,true,1485,1485,true,true,PASS
covariance:R2:1845,1845,R2,R1,R2;M,M;R1,true,true,743,743,true,true,PASS
covariance:R2:1849,1849,R2,R1,R2;M,M;R1,false,false,,,true,true,PASS
covariance:R2:1863,1863,R2,R1,R2;M,M;R1,false,false,,,true,true,PASS
covariance:R2:1867,1867,R2,R1,R2;M,M;R1,true,true,1491,1491,true,true,PASS
covariance:R2:1869,1869,R2,R1,R2;M,M;R1,false,false,,,true,true,PASS
covariance:R2:1875,1875,R2,R1,R2;M,M;R1,true,true,1493,1493,true,true,PASS
covariance:R2:1877,1877,R2,R1,R2;M,M;R1,true,true,747,747,true,true,PASS
covariance:R2:1881,1881,R2,R1,R2;M,M;R1,false,false,,,true,true,PASS
covariance:R2:1891,1891,R2,R1,R2;M,M;R1,true,true,1497,1497,true,true,PASS
covariance:R2:1893,1893,R2,R1,R2;M,M;R1,true,true,749,749,true,true,PASS
covariance:R2:1897,1897,R2,R1,R2;M,M;R1,true,true,375,375,true,true,PASS
covariance:R2:1905,1905,R2,R1,R2;M,M;R1,false,false,,,true,true,PASS
covariance:R2:1927,1927,R2,R1,R2;M,M;R1,false,false,,,true,true,PASS
covariance:R2:1931,1931,R2,R1,R2;M,M;R1,true,true,1507,1507,true,true,PASS
covariance:R2:1933,1933,R2,R1,R2;M,M;R1,false,false,,,true,true,PASS
covariance:R2:1939,1939,R2,R1,R2;M,M;R1,true,true,1509,1509,true,true,PASS
covariance:R2:1941,1941,R2,R1,R2;M,M;R1,true,true,755,755,true,true,PASS
covariance:R2:1945,1945,R2,R1,R2;M,M;R1,false,false,,,true,true,PASS
covariance:R2:1955,1955,R2,R1,R2;M,M;R1,true,true,1513,1513,true,true,PASS
covariance:R2:1957,1957,R2,R1,R2;M,M;R1,true,true,757,757,true,true,PASS
covariance:R2:1961,1961,R2,R1,R2;M,M;R1,true,true,379,379,true,true,PASS
covariance:R2:1969,1969,R2,R1,R2;M,M;R1,false,false,,,true,true,PASS
covariance:R2:1987,1987,R2,R1,R2;M,M;R1,true,true,1521,1521,true,true,PASS
covariance:R2:1989,1989,R2,R1,R2;M,M;R1,true,true,761,761,true,true,PASS
covariance:R2:1993,1993,R2,R1,R2;M,M;R1,true,true,381,381,true,true,PASS
covariance:R2:2001,2001,R2,R1,R2;M,M;R1,true,true,191,191,true,true,PASS
covariance:R2:2017,2017,R2,R1,R2;M,M;R1,false,false,,,true,true,PASS
covariance:R2:2111,2111,R2,R1,R2;M,M;R1,false,false,,,true,true,PASS
covariance:R2:2143,2143,R2,R1,R2;M,M;R1,false,false,,,true,true,PASS
covariance:R2:2159,2159,R2,R1,R2;M,M;R1,false,false,,,true,true,PASS
covariance:R2:2167,2167,R2,R1,R2;M,M;R1,false,false,,,true,true,PASS
covariance:R2:2171,2171,R2,R1,R2;M,M;R1,true,true,1567,1567,true,true,PASS
covariance:R2:2173,2173,R2,R1,R2;M,M;R1,false,false,,,true,true,PASS
covariance:R2:2207,2207,R2,R1,R2;M,M;R1,false,false,,,true,true,PASS
covariance:R2:2223,2223,R2,R1,R2;M,M;R1,false,false,,,true,true,PASS
covariance:R2:2231,2231,R2,R1,R2;M,M;R1,false,false,,,true,true,PASS
covariance:R2:2235,2235,R2,R1,R2;M,M;R1,true,true,1583,1583,true,true,PASS
covariance:R2:2237,2237,R2,R1,R2;M,M;R1,false,false,,,true,true,PASS
covariance:R2:2255,2255,R2,R1,R2;M,M;R1,false,false,,,true,true,PASS
covariance:R2:2263,2263,R2,R1,R2;M,M;R1,false,false,,,true,true,PASS
covariance:R2:2267,2267,R2,R1,R2;M,M;R1,true,true,1591,1591,true,true,PASS
covariance:R2:2269,2269,R2,R1,R2;M,M;R1,false,false,,,true,true,PASS
covariance:R2:2279,2279,R2,R1,R2;M,M;R1,false,false,,,true,true,PASS
covariance:R2:2283,2283,R2,R1,R2;M,M;R1,true,true,1595,1595,true,true,PASS
covariance:R2:2285,2285,R2,R1,R2;M,M;R1,false,false,,,true,true,PASS
covariance:R2:2291,2291,R2,R1,R2;M,M;R1,true,true,1597,1597,true,true,PASS
covariance:R2:2293,2293,R2,R1,R2;M,M;R1,true,true,799,799,true,true,PASS
covariance:R2:2297,2297,R2,R1,R2;M,M;R1,false,false,,,true,true,PASS
covariance:R2:2335,2335,R2,R1,R2;M,M;R1,false,false,,,true,true,PASS
covariance:R2:2351,2351,R2,R1,R2;M,M;R1,false,false,,,true,true,PASS
covariance:R2:2359,2359,R2,R1,R2;M,M;R1,false,false,,,true,true,PASS
covariance:R2:2363,2363,R2,R1,R2;M,M;R1,true,true,1615,1615,true,true,PASS
covariance:R2:2365,2365,R2,R1,R2;M,M;R1,false,false,,,true,true,PASS
covariance:R2:2383,2383,R2,R1,R2;M,M;R1,false,false,,,true,true,PASS
covariance:R2:2391,2391,R2,R1,R2;M,M;R1,false,false,,,true,true,PASS
covariance:R2:2395,2395,R2,R1,R2;M,M;R1,true,true,1623,1623,true,true,PASS
covariance:R2:2397,2397,R2,R1,R2;M,M;R1,false,false,,,true,true,PASS
covariance:R2:2407,2407,R2,R1,R2;M,M;R1,false,false,,,true,true,PASS
covariance:R2:2411,2411,R2,R1,R2;M,M;R1,true,true,1627,1627,true,true,PASS
covariance:R2:2413,2413,R2,R1,R2;M,M;R1,false,false,,,true,true,PASS
covariance:R2:2419,2419,R2,R1,R2;M,M;R1,true,true,1629,1629,true,true,PASS
covariance:R2:2421,2421,R2,R1,R2;M,M;R1,true,true,815,815,true,true,PASS
covariance:R2:2425,2425,R2,R1,R2;M,M;R1,false,false,,,true,true,PASS
covariance:R2:2447,2447,R2,R1,R2;M,M;R1,false,false,,,true,true,PASS
covariance:R2:2455,2455,R2,R1,R2;M,M;R1,false,false,,,true,true,PASS
covariance:R2:2459,2459,R2,R1,R2;M,M;R1,true,true,1639,1639,true,true,PASS
covariance:R2:2461,2461,R2,R1,R2;M,M;R1,false,false,,,true,true,PASS
covariance:R2:2471,2471,R2,R1,R2;M,M;R1,false,false,,,true,true,PASS
covariance:R2:2475,2475,R2,R1,R2;M,M;R1,true,true,1643,1643,true,true,PASS
covariance:R2:2477,2477,R2,R1,R2;M,M;R1,false,false,,,true,true,PASS
covariance:R2:2483,2483,R2,R1,R2;M,M;R1,true,true,1645,1645,true,true,PASS
covariance:R2:2485,2485,R2,R1,R2;M,M;R1,true,true,823,823,true,true,PASS
covariance:R2:2489,2489,R2,R1,R2;M,M;R1,false,false,,,true,true,PASS
covariance:R2:2503,2503,R2,R1,R2;M,M;R1,false,false,,,true,true,PASS
covariance:R2:2507,2507,R2,R1,R2;M,M;R1,true,true,1651,1651,true,true,PASS
covariance:R2:2509,2509,R2,R1,R2;M,M;R1,false,false,,,true,true,PASS
covariance:R2:2515,2515,R2,R1,R2;M,M;R1,true,true,1653,1653,true,true,PASS
covariance:R2:2517,2517,R2,R1,R2;M,M;R1,true,true,827,827,true,true,PASS
covariance:R2:2521,2521,R2,R1,R2;M,M;R1,false,false,,,true,true,PASS
covariance:R2:2531,2531,R2,R1,R2;M,M;R1,true,true,1657,1657,true,true,PASS
covariance:R2:2533,2533,R2,R1,R2;M,M;R1,true,true,829,829,true,true,PASS
covariance:R2:2537,2537,R2,R1,R2;M,M;R1,true,true,415,415,true,true,PASS
covariance:R2:2545,2545,R2,R1,R2;M,M;R1,false,false,,,true,true,PASS
covariance:R2:2591,2591,R2,R1,R2;M,M;R1,false,false,,,true,true,PASS
covariance:R2:2607,2607,R2,R1,R2;M,M;R1,false,false,,,true,true,PASS
covariance:R2:2615,2615,R2,R1,R2;M,M;R1,false,false,,,true,true,PASS
covariance:R2:2619,2619,R2,R1,R2;M,M;R1,true,true,1679,1679,true,true,PASS
covariance:R2:2621,2621,R2,R1,R2;M,M;R1,false,false,,,true,true,PASS
covariance:R2:2639,2639,R2,R1,R2;M,M;R1,false,false,,,true,true,PASS
covariance:R2:2647,2647,R2,R1,R2;M,M;R1,false,false,,,true,true,PASS
covariance:R2:2651,2651,R2,R1,R2;M,M;R1,true,true,1687,1687,true,true,PASS
covariance:R2:2653,2653,R2,R1,R2;M,M;R1,false,false,,,true,true,PASS
covariance:R2:2663,2663,R2,R1,R2;M,M;R1,false,false,,,true,true,PASS
covariance:R2:2667,2667,R2,R1,R2;M,M;R1,true,true,1691,1691,true,true,PASS
covariance:R2:2669,2669,R2,R1,R2;M,M;R1,false,false,,,true,true,PASS
covariance:R2:2675,2675,R2,R1,R2;M,M;R1,true,true,1693,1693,true,true,PASS
covariance:R2:2677,2677,R2,R1,R2;M,M;R1,true,true,847,847,true,true,PASS
covariance:R2:2681,2681,R2,R1,R2;M,M;R1,false,false,,,true,true,PASS
covariance:R2:2703,2703,R2,R1,R2;M,M;R1,false,false,,,true,true,PASS
covariance:R2:2711,2711,R2,R1,R2;M,M;R1,false,false,,,true,true,PASS
covariance:R2:2715,2715,R2,R1,R2;M,M;R1,true,true,1703,1703,true,true,PASS
covariance:R2:2717,2717,R2,R1,R2;M,M;R1,false,false,,,true,true,PASS
covariance:R2:2727,2727,R2,R1,R2;M,M;R1,false,false,,,true,true,PASS
covariance:R2:2731,2731,R2,R1,R2;M,M;R1,true,true,1707,1707,true,true,PASS
covariance:R2:2733,2733,R2,R1,R2;M,M;R1,false,false,,,true,true,PASS
covariance:R2:2739,2739,R2,R1,R2;M,M;R1,true,true,1709,1709,true,true,PASS
covariance:R2:2741,2741,R2,R1,R2;M,M;R1,true,true,855,855,true,true,PASS
covariance:R2:2745,2745,R2,R1,R2;M,M;R1,false,false,,,true,true,PASS
covariance:R2:2759,2759,R2,R1,R2;M,M;R1,false,false,,,true,true,PASS
covariance:R2:2763,2763,R2,R1,R2;M,M;R1,true,true,1715,1715,true,true,PASS
covariance:R2:2765,2765,R2,R1,R2;M,M;R1,false,false,,,true,true,PASS
covariance:R2:2771,2771,R2,R1,R2;M,M;R1,true,true,1717,1717,true,true,PASS
covariance:R2:2773,2773,R2,R1,R2;M,M;R1,true,true,859,859,true,true,PASS
covariance:R2:2777,2777,R2,R1,R2;M,M;R1,false,false,,,true,true,PASS
covariance:R2:2787,2787,R2,R1,R2;M,M;R1,true,true,1721,1721,true,true,PASS
covariance:R2:2789,2789,R2,R1,R2;M,M;R1,true,true,861,861,true,true,PASS
covariance:R2:2793,2793,R2,R1,R2;M,M;R1,true,true,431,431,true,true,PASS
covariance:R2:2801,2801,R2,R1,R2;M,M;R1,false,false,,,true,true,PASS
covariance:R2:2831,2831,R2,R1,R2;M,M;R1,false,false,,,true,true,PASS
covariance:R2:2839,2839,R2,R1,R2;M,M;R1,false,false,,,true,true,PASS
covariance:R2:2843,2843,R2,R1,R2;M,M;R1,true,true,1735,1735,true,true,PASS
covariance:R2:2845,2845,R2,R1,R2;M,M;R1,false,false,,,true,true,PASS
covariance:R2:2855,2855,R2,R1,R2;M,M;R1,false,false,,,true,true,PASS
covariance:R2:2859,2859,R2,R1,R2;M,M;R1,true,true,1739,1739,true,true,PASS
covariance:R2:2861,2861,R2,R1,R2;M,M;R1,false,false,,,true,true,PASS
covariance:R2:2867,2867,R2,R1,R2;M,M;R1,true,true,1741,1741,true,true,PASS
covariance:R2:2869,2869,R2,R1,R2;M,M;R1,true,true,871,871,true,true,PASS
covariance:R2:2873,2873,R2,R1,R2;M,M;R1,false,false,,,true,true,PASS
covariance:R2:2887,2887,R2,R1,R2;M,M;R1,false,false,,,true,true,PASS
covariance:R2:2891,2891,R2,R1,R2;M,M;R1,true,true,1747,1747,true,true,PASS
covariance:R2:2893,2893,R2,R1,R2;M,M;R1,false,false,,,true,true,PASS
covariance:R2:2899,2899,R2,R1,R2;M,M;R1,true,true,1749,1749,true,true,PASS
covariance:R2:2901,2901,R2,R1,R2;M,M;R1,true,true,875,875,true,true,PASS
covariance:R2:2905,2905,R2,R1,R2;M,M;R1,false,false,,,true,true,PASS
covariance:R2:2915,2915,R2,R1,R2;M,M;R1,true,true,1753,1753,true,true,PASS
covariance:R2:2917,2917,R2,R1,R2;M,M;R1,true,true,877,877,true,true,PASS
covariance:R2:2921,2921,R2,R1,R2;M,M;R1,true,true,439,439,true,true,PASS
covariance:R2:2929,2929,R2,R1,R2;M,M;R1,false,false,,,true,true,PASS
covariance:R2:2951,2951,R2,R1,R2;M,M;R1,false,false,,,true,true,PASS
covariance:R2:2955,2955,R2,R1,R2;M,M;R1,true,true,1763,1763,true,true,PASS
covariance:R2:2957,2957,R2,R1,R2;M,M;R1,false,false,,,true,true,PASS
covariance:R2:2963,2963,R2,R1,R2;M,M;R1,true,true,1765,1765,true,true,PASS
covariance:R2:2965,2965,R2,R1,R2;M,M;R1,true,true,883,883,true,true,PASS
covariance:R2:2969,2969,R2,R1,R2;M,M;R1,false,false,,,true,true,PASS
covariance:R2:2979,2979,R2,R1,R2;M,M;R1,true,true,1769,1769,true,true,PASS
covariance:R2:2981,2981,R2,R1,R2;M,M;R1,true,true,885,885,true,true,PASS
covariance:R2:2985,2985,R2,R1,R2;M,M;R1,true,true,443,443,true,true,PASS
covariance:R2:2993,2993,R2,R1,R2;M,M;R1,false,false,,,true,true,PASS
covariance:R2:3011,3011,R2,R1,R2;M,M;R1,true,true,1777,1777,true,true,PASS
covariance:R2:3013,3013,R2,R1,R2;M,M;R1,true,true,889,889,true,true,PASS
covariance:R2:3017,3017,R2,R1,R2;M,M;R1,true,true,445,445,true,true,PASS
covariance:R2:3025,3025,R2,R1,R2;M,M;R1,true,true,223,223,true,true,PASS
covariance:R2:3041,3041,R2,R1,R2;M,M;R1,false,false,,,true,true,PASS
covariance:R2:3103,3103,R2,R1,R2;M,M;R1,false,false,,,true,true,PASS
covariance:R2:3119,3119,R2,R1,R2;M,M;R1,false,false,,,true,true,PASS
covariance:R2:3127,3127,R2,R1,R2;M,M;R1,false,false,,,true,true,PASS
covariance:R2:3131,3131,R2,R1,R2;M,M;R1,true,true,1807,1807,true,true,PASS
covariance:R2:3133,3133,R2,R1,R2;M,M;R1,false,false,,,true,true,PASS
covariance:R2:3151,3151,R2,R1,R2;M,M;R1,false,false,,,true,true,PASS
covariance:R2:3159,3159,R2,R1,R2;M,M;R1,false,false,,,true,true,PASS
covariance:R2:3163,3163,R2,R1,R2;M,M;R1,true,true,1815,1815,true,true,PASS
covariance:R2:3165,3165,R2,R1,R2;M,M;R1,false,false,,,true,true,PASS
covariance:R2:3175,3175,R2,R1,R2;M,M;R1,false,false,,,true,true,PASS
covariance:R2:3179,3179,R2,R1,R2;M,M;R1,true,true,1819,1819,true,true,PASS
covariance:R2:3181,3181,R2,R1,R2;M,M;R1,false,false,,,true,true,PASS
covariance:R2:3187,3187,R2,R1,R2;M,M;R1,true,true,1821,1821,true,true,PASS
covariance:R2:3189,3189,R2,R1,R2;M,M;R1,true,true,911,911,true,true,PASS
covariance:R2:3193,3193,R2,R1,R2;M,M;R1,false,false,,,true,true,PASS
covariance:R2:3215,3215,R2,R1,R2;M,M;R1,false,false,,,true,true,PASS
covariance:R2:3223,3223,R2,R1,R2;M,M;R1,false,false,,,true,true,PASS
covariance:R2:3227,3227,R2,R1,R2;M,M;R1,true,true,1831,1831,true,true,PASS
covariance:R2:3229,3229,R2,R1,R2;M,M;R1,false,false,,,true,true,PASS
covariance:R2:3239,3239,R2,R1,R2;M,M;R1,false,false,,,true,true,PASS
covariance:R2:3243,3243,R2,R1,R2;M,M;R1,true,true,1835,1835,true,true,PASS
covariance:R2:3245,3245,R2,R1,R2;M,M;R1,false,false,,,true,true,PASS
covariance:R2:3251,3251,R2,R1,R2;M,M;R1,true,true,1837,1837,true,true,PASS
covariance:R2:3253,3253,R2,R1,R2;M,M;R1,true,true,919,919,true,true,PASS
covariance:R2:3257,3257,R2,R1,R2;M,M;R1,false,false,,,true,true,PASS
covariance:R2:3271,3271,R2,R1,R2;M,M;R1,false,false,,,true,true,PASS
covariance:R2:3275,3275,R2,R1,R2;M,M;R1,true,true,1843,1843,true,true,PASS
covariance:R2:3277,3277,R2,R1,R2;M,M;R1,false,false,,,true,true,PASS
covariance:R2:3283,3283,R2,R1,R2;M,M;R1,true,true,1845,1845,true,true,PASS
covariance:R2:3285,3285,R2,R1,R2;M,M;R1,true,true,923,923,true,true,PASS
covariance:R2:3289,3289,R2,R1,R2;M,M;R1,false,false,,,true,true,PASS
covariance:R2:3299,3299,R2,R1,R2;M,M;R1,true,true,1849,1849,true,true,PASS
covariance:R2:3301,3301,R2,R1,R2;M,M;R1,true,true,925,925,true,true,PASS
covariance:R2:3305,3305,R2,R1,R2;M,M;R1,true,true,463,463,true,true,PASS
covariance:R2:3313,3313,R2,R1,R2;M,M;R1,false,false,,,true,true,PASS
covariance:R2:3343,3343,R2,R1,R2;M,M;R1,false,false,,,true,true,PASS
covariance:R2:3351,3351,R2,R1,R2;M,M;R1,false,false,,,true,true,PASS
covariance:R2:3355,3355,R2,R1,R2;M,M;R1,true,true,1863,1863,true,true,PASS
covariance:R2:3357,3357,R2,R1,R2;M,M;R1,false,false,,,true,true,PASS
covariance:R2:3367,3367,R2,R1,R2;M,M;R1,false,false,,,true,true,PASS
covariance:R2:3371,3371,R2,R1,R2;M,M;R1,true,true,1867,1867,true,true,PASS
covariance:R2:3373,3373,R2,R1,R2;M,M;R1,false,false,,,true,true,PASS
covariance:R2:3379,3379,R2,R1,R2;M,M;R1,true,true,1869,1869,true,true,PASS
covariance:R2:3381,3381,R2,R1,R2;M,M;R1,true,true,935,935,true,true,PASS
covariance:R2:3385,3385,R2,R1,R2;M,M;R1,false,false,,,true,true,PASS
covariance:R2:3399,3399,R2,R1,R2;M,M;R1,false,false,,,true,true,PASS
covariance:R2:3403,3403,R2,R1,R2;M,M;R1,true,true,1875,1875,true,true,PASS
covariance:R2:3405,3405,R2,R1,R2;M,M;R1,false,false,,,true,true,PASS
covariance:R2:3411,3411,R2,R1,R2;M,M;R1,true,true,1877,1877,true,true,PASS
covariance:R2:3413,3413,R2,R1,R2;M,M;R1,true,true,939,939,true,true,PASS
covariance:R2:3417,3417,R2,R1,R2;M,M;R1,false,false,,,true,true,PASS
covariance:R2:3427,3427,R2,R1,R2;M,M;R1,true,true,1881,1881,true,true,PASS
covariance:R2:3429,3429,R2,R1,R2;M,M;R1,true,true,941,941,true,true,PASS
covariance:R2:3433,3433,R2,R1,R2;M,M;R1,true,true,471,471,true,true,PASS
covariance:R2:3441,3441,R2,R1,R2;M,M;R1,false,false,,,true,true,PASS
covariance:R2:3463,3463,R2,R1,R2;M,M;R1,false,false,,,true,true,PASS
covariance:R2:3467,3467,R2,R1,R2;M,M;R1,true,true,1891,1891,true,true,PASS
covariance:R2:3469,3469,R2,R1,R2;M,M;R1,false,false,,,true,true,PASS
covariance:R2:3475,3475,R2,R1,R2;M,M;R1,true,true,1893,1893,true,true,PASS
covariance:R2:3477,3477,R2,R1,R2;M,M;R1,true,true,947,947,true,true,PASS
covariance:R2:3481,3481,R2,R1,R2;M,M;R1,false,false,,,true,true,PASS
covariance:R2:3491,3491,R2,R1,R2;M,M;R1,true,true,1897,1897,true,true,PASS
covariance:R2:3493,3493,R2,R1,R2;M,M;R1,true,true,949,949,true,true,PASS
covariance:R2:3497,3497,R2,R1,R2;M,M;R1,true,true,475,475,true,true,PASS
covariance:R2:3505,3505,R2,R1,R2;M,M;R1,false,false,,,true,true,PASS
covariance:R2:3523,3523,R2,R1,R2;M,M;R1,true,true,1905,1905,true,true,PASS
covariance:R2:3525,3525,R2,R1,R2;M,M;R1,true,true,953,953,true,true,PASS
covariance:R2:3529,3529,R2,R1,R2;M,M;R1,true,true,477,477,true,true,PASS
covariance:R2:3537,3537,R2,R1,R2;M,M;R1,true,true,239,239,true,true,PASS
covariance:R2:3553,3553,R2,R1,R2;M,M;R1,false,false,,,true,true,PASS
covariance:R2:3599,3599,R2,R1,R2;M,M;R1,false,false,,,true,true,PASS
covariance:R2:3607,3607,R2,R1,R2;M,M;R1,false,false,,,true,true,PASS
covariance:R2:3611,3611,R2,R1,R2;M,M;R1,true,true,1927,1927,true,true,PASS
covariance:R2:3613,3613,R2,R1,R2;M,M;R1,false,false,,,true,true,PASS
covariance:R2:3623,3623,R2,R1,R2;M,M;R1,false,false,,,true,true,PASS
covariance:R2:3627,3627,R2,R1,R2;M,M;R1,true,true,1931,1931,true,true,PASS
covariance:R2:3629,3629,R2,R1,R2;M,M;R1,false,false,,,true,true,PASS
covariance:R2:3635,3635,R2,R1,R2;M,M;R1,true,true,1933,1933,true,true,PASS
covariance:R2:3637,3637,R2,R1,R2;M,M;R1,true,true,967,967,true,true,PASS
covariance:R2:3641,3641,R2,R1,R2;M,M;R1,false,false,,,true,true,PASS
covariance:R2:3655,3655,R2,R1,R2;M,M;R1,false,false,,,true,true,PASS
covariance:R2:3659,3659,R2,R1,R2;M,M;R1,true,true,1939,1939,true,true,PASS
covariance:R2:3661,3661,R2,R1,R2;M,M;R1,false,false,,,true,true,PASS
covariance:R2:3667,3667,R2,R1,R2;M,M;R1,true,true,1941,1941,true,true,PASS
covariance:R2:3669,3669,R2,R1,R2;M,M;R1,true,true,971,971,true,true,PASS
covariance:R2:3673,3673,R2,R1,R2;M,M;R1,false,false,,,true,true,PASS
covariance:R2:3683,3683,R2,R1,R2;M,M;R1,true,true,1945,1945,true,true,PASS
covariance:R2:3685,3685,R2,R1,R2;M,M;R1,true,true,973,973,true,true,PASS
covariance:R2:3689,3689,R2,R1,R2;M,M;R1,true,true,487,487,true,true,PASS
covariance:R2:3697,3697,R2,R1,R2;M,M;R1,false,false,,,true,true,PASS
covariance:R2:3719,3719,R2,R1,R2;M,M;R1,false,false,,,true,true,PASS
covariance:R2:3723,3723,R2,R1,R2;M,M;R1,true,true,1955,1955,true,true,PASS
covariance:R2:3725,3725,R2,R1,R2;M,M;R1,false,false,,,true,true,PASS
covariance:R2:3731,3731,R2,R1,R2;M,M;R1,true,true,1957,1957,true,true,PASS
covariance:R2:3733,3733,R2,R1,R2;M,M;R1,true,true,979,979,true,true,PASS
covariance:R2:3737,3737,R2,R1,R2;M,M;R1,false,false,,,true,true,PASS
covariance:R2:3747,3747,R2,R1,R2;M,M;R1,true,true,1961,1961,true,true,PASS
covariance:R2:3749,3749,R2,R1,R2;M,M;R1,true,true,981,981,true,true,PASS
covariance:R2:3753,3753,R2,R1,R2;M,M;R1,true,true,491,491,true,true,PASS
covariance:R2:3761,3761,R2,R1,R2;M,M;R1,false,false,,,true,true,PASS
covariance:R2:3779,3779,R2,R1,R2;M,M;R1,true,true,1969,1969,true,true,PASS
covariance:R2:3781,3781,R2,R1,R2;M,M;R1,true,true,985,985,true,true,PASS
covariance:R2:3785,3785,R2,R1,R2;M,M;R1,true,true,493,493,true,true,PASS
covariance:R2:3793,3793,R2,R1,R2;M,M;R1,true,true,247,247,true,true,PASS
covariance:R2:3809,3809,R2,R1,R2;M,M;R1,false,false,,,true,true,PASS
covariance:R2:3847,3847,R2,R1,R2;M,M;R1,false,false,,,true,true,PASS
covariance:R2:3851,3851,R2,R1,R2;M,M;R1,true,true,1987,1987,true,true,PASS
covariance:R2:3853,3853,R2,R1,R2;M,M;R1,false,false,,,true,true,PASS
covariance:R2:3859,3859,R2,R1,R2;M,M;R1,true,true,1989,1989,true,true,PASS
covariance:R2:3861,3861,R2,R1,R2;M,M;R1,true,true,995,995,true,true,PASS
covariance:R2:3865,3865,R2,R1,R2;M,M;R1,false,false,,,true,true,PASS
covariance:R2:3875,3875,R2,R1,R2;M,M;R1,true,true,1993,1993,true,true,PASS
covariance:R2:3877,3877,R2,R1,R2;M,M;R1,true,true,997,997,true,true,PASS
covariance:R2:3881,3881,R2,R1,R2;M,M;R1,true,true,499,499,true,true,PASS
covariance:R2:3889,3889,R2,R1,R2;M,M;R1,false,false,,,true,true,PASS
covariance:R2:3907,3907,R2,R1,R2;M,M;R1,true,true,2001,2001,true,true,PASS
covariance:R2:3909,3909,R2,R1,R2;M,M;R1,true,true,1001,1001,true,true,PASS
covariance:R2:3913,3913,R2,R1,R2;M,M;R1,true,true,501,501,true,true,PASS
covariance:R2:3921,3921,R2,R1,R2;M,M;R1,true,true,251,251,true,true,PASS
covariance:R2:3937,3937,R2,R1,R2;M,M;R1,false,false,,,true,true,PASS
covariance:R2:3971,3971,R2,R1,R2;M,M;R1,true,true,2017,2017,true,true,PASS
covariance:R2:3973,3973,R2,R1,R2;M,M;R1,true,true,1009,1009,true,true,PASS
covariance:R2:3977,3977,R2,R1,R2;M,M;R1,true,true,505,505,true,true,PASS
covariance:R2:3985,3985,R2,R1,R2;M,M;R1,true,true,253,253,true,true,PASS
covariance:R2:4001,4001,R2,R1,R2;M,M;R1,true,true,127,127,true,true,PASS
covariance:R2:4033,4033,R2,R1,R2;M,M;R1,false,false,,,true,true,PASS
covariance:L2:127,127,L2,L1,L2;M,M;L1,false,false,,,true,true,PASS
covariance:L2:191,191,L2,L1,L2;M,M;L1,false,false,,,true,true,PASS
covariance:L2:223,223,L2,L1,L2;M,M;L1,false,false,,,true,true,PASS
covariance:L2:239,239,L2,L1,L2;M,M;L1,false,false,,,true,true,PASS
covariance:L2:247,247,L2,L1,L2;M,M;L1,false,false,,,true,true,PASS
covariance:L2:251,251,L2,L1,L2;M,M;L1,false,false,,,true,true,PASS
covariance:L2:253,253,L2,L1,L2;M,M;L1,true,true,2173,2173,true,true,PASS
covariance:L2:319,319,L2,L1,L2;M,M;L1,false,false,,,true,true,PASS
covariance:L2:351,351,L2,L1,L2;M,M;L1,false,false,,,true,true,PASS
covariance:L2:367,367,L2,L1,L2;M,M;L1,false,false,,,true,true,PASS
covariance:L2:375,375,L2,L1,L2;M,M;L1,false,false,,,true,true,PASS
covariance:L2:379,379,L2,L1,L2;M,M;L1,false,false,,,true,true,PASS
covariance:L2:381,381,L2,L1,L2;M,M;L1,true,true,2237,2237,true,true,PASS
covariance:L2:415,415,L2,L1,L2;M,M;L1,false,false,,,true,true,PASS
covariance:L2:431,431,L2,L1,L2;M,M;L1,false,false,,,true,true,PASS
covariance:L2:439,439,L2,L1,L2;M,M;L1,false,false,,,true,true,PASS
covariance:L2:443,443,L2,L1,L2;M,M;L1,false,false,,,true,true,PASS
covariance:L2:445,445,L2,L1,L2;M,M;L1,true,true,2269,2269,true,true,PASS
covariance:L2:463,463,L2,L1,L2;M,M;L1,false,false,,,true,true,PASS
covariance:L2:471,471,L2,L1,L2;M,M;L1,false,false,,,true,true,PASS
covariance:L2:475,475,L2,L1,L2;M,M;L1,false,false,,,true,true,PASS
covariance:L2:477,477,L2,L1,L2;M,M;L1,true,true,2285,2285,true,true,PASS
covariance:L2:487,487,L2,L1,L2;M,M;L1,false,false,,,true,true,PASS
covariance:L2:491,491,L2,L1,L2;M,M;L1,false,false,,,true,true,PASS
covariance:L2:493,493,L2,L1,L2;M,M;L1,true,true,2293,2293,true,true,PASS
covariance:L2:499,499,L2,L1,L2;M,M;L1,false,false,,,true,true,PASS
covariance:L2:501,501,L2,L1,L2;M,M;L1,true,true,2297,2297,true,true,PASS
covariance:L2:505,505,L2,L1,L2;M,M;L1,true,true,1149,1149,true,true,PASS
covariance:L2:575,575,L2,L1,L2;M,M;L1,false,false,,,true,true,PASS
covariance:L2:607,607,L2,L1,L2;M,M;L1,false,false,,,true,true,PASS
covariance:L2:623,623,L2,L1,L2;M,M;L1,false,false,,,true,true,PASS
covariance:L2:631,631,L2,L1,L2;M,M;L1,false,false,,,true,true,PASS
covariance:L2:635,635,L2,L1,L2;M,M;L1,false,false,,,true,true,PASS
covariance:L2:637,637,L2,L1,L2;M,M;L1,true,true,2365,2365,true,true,PASS
covariance:L2:671,671,L2,L1,L2;M,M;L1,false,false,,,true,true,PASS
covariance:L2:687,687,L2,L1,L2;M,M;L1,false,false,,,true,true,PASS
covariance:L2:695,695,L2,L1,L2;M,M;L1,false,false,,,true,true,PASS
covariance:L2:699,699,L2,L1,L2;M,M;L1,false,false,,,true,true,PASS
covariance:L2:701,701,L2,L1,L2;M,M;L1,true,true,2397,2397,true,true,PASS
covariance:L2:719,719,L2,L1,L2;M,M;L1,false,false,,,true,true,PASS
covariance:L2:727,727,L2,L1,L2;M,M;L1,false,false,,,true,true,PASS
covariance:L2:731,731,L2,L1,L2;M,M;L1,false,false,,,true,true,PASS
covariance:L2:733,733,L2,L1,L2;M,M;L1,true,true,2413,2413,true,true,PASS
covariance:L2:743,743,L2,L1,L2;M,M;L1,false,false,,,true,true,PASS
covariance:L2:747,747,L2,L1,L2;M,M;L1,false,false,,,true,true,PASS
covariance:L2:749,749,L2,L1,L2;M,M;L1,true,true,2421,2421,true,true,PASS
covariance:L2:755,755,L2,L1,L2;M,M;L1,false,false,,,true,true,PASS
covariance:L2:757,757,L2,L1,L2;M,M;L1,true,true,2425,2425,true,true,PASS
covariance:L2:761,761,L2,L1,L2;M,M;L1,true,true,1213,1213,true,true,PASS
covariance:L2:799,799,L2,L1,L2;M,M;L1,false,false,,,true,true,PASS
covariance:L2:815,815,L2,L1,L2;M,M;L1,false,false,,,true,true,PASS
covariance:L2:823,823,L2,L1,L2;M,M;L1,false,false,,,true,true,PASS
covariance:L2:827,827,L2,L1,L2;M,M;L1,false,false,,,true,true,PASS
covariance:L2:829,829,L2,L1,L2;M,M;L1,true,true,2461,2461,true,true,PASS
covariance:L2:847,847,L2,L1,L2;M,M;L1,false,false,,,true,true,PASS
covariance:L2:855,855,L2,L1,L2;M,M;L1,false,false,,,true,true,PASS
covariance:L2:859,859,L2,L1,L2;M,M;L1,false,false,,,true,true,PASS
covariance:L2:861,861,L2,L1,L2;M,M;L1,true,true,2477,2477,true,true,PASS
covariance:L2:871,871,L2,L1,L2;M,M;L1,false,false,,,true,true,PASS
covariance:L2:875,875,L2,L1,L2;M,M;L1,false,false,,,true,true,PASS
covariance:L2:877,877,L2,L1,L2;M,M;L1,true,true,2485,2485,true,true,PASS
covariance:L2:883,883,L2,L1,L2;M,M;L1,false,false,,,true,true,PASS
covariance:L2:885,885,L2,L1,L2;M,M;L1,true,true,2489,2489,true,true,PASS
covariance:L2:889,889,L2,L1,L2;M,M;L1,true,true,1245,1245,true,true,PASS
covariance:L2:911,911,L2,L1,L2;M,M;L1,false,false,,,true,true,PASS
covariance:L2:919,919,L2,L1,L2;M,M;L1,false,false,,,true,true,PASS
covariance:L2:923,923,L2,L1,L2;M,M;L1,false,false,,,true,true,PASS
covariance:L2:925,925,L2,L1,L2;M,M;L1,true,true,2509,2509,true,true,PASS
covariance:L2:935,935,L2,L1,L2;M,M;L1,false,false,,,true,true,PASS
covariance:L2:939,939,L2,L1,L2;M,M;L1,false,false,,,true,true,PASS
covariance:L2:941,941,L2,L1,L2;M,M;L1,true,true,2517,2517,true,true,PASS
covariance:L2:947,947,L2,L1,L2;M,M;L1,false,false,,,true,true,PASS
covariance:L2:949,949,L2,L1,L2;M,M;L1,true,true,2521,2521,true,true,PASS
covariance:L2:953,953,L2,L1,L2;M,M;L1,true,true,1261,1261,true,true,PASS
covariance:L2:967,967,L2,L1,L2;M,M;L1,false,false,,,true,true,PASS
covariance:L2:971,971,L2,L1,L2;M,M;L1,false,false,,,true,true,PASS
covariance:L2:973,973,L2,L1,L2;M,M;L1,true,true,2533,2533,true,true,PASS
covariance:L2:979,979,L2,L1,L2;M,M;L1,false,false,,,true,true,PASS
covariance:L2:981,981,L2,L1,L2;M,M;L1,true,true,2537,2537,true,true,PASS
covariance:L2:985,985,L2,L1,L2;M,M;L1,true,true,1269,1269,true,true,PASS
covariance:L2:995,995,L2,L1,L2;M,M;L1,false,false,,,true,true,PASS
covariance:L2:997,997,L2,L1,L2;M,M;L1,true,true,2545,2545,true,true,PASS
covariance:L2:1001,1001,L2,L1,L2;M,M;L1,true,true,1273,1273,true,true,PASS
covariance:L2:1009,1009,L2,L1,L2;M,M;L1,true,true,637,637,true,true,PASS
covariance:L2:1087,1087,L2,L1,L2;M,M;L1,false,false,,,true,true,PASS
covariance:L2:1119,1119,L2,L1,L2;M,M;L1,false,false,,,true,true,PASS
covariance:L2:1135,1135,L2,L1,L2;M,M;L1,false,false,,,true,true,PASS
covariance:L2:1143,1143,L2,L1,L2;M,M;L1,false,false,,,true,true,PASS
covariance:L2:1147,1147,L2,L1,L2;M,M;L1,false,false,,,true,true,PASS
covariance:L2:1149,1149,L2,L1,L2;M,M;L1,true,true,2621,2621,true,true,PASS
covariance:L2:1183,1183,L2,L1,L2;M,M;L1,false,false,,,true,true,PASS
covariance:L2:1199,1199,L2,L1,L2;M,M;L1,false,false,,,true,true,PASS
covariance:L2:1207,1207,L2,L1,L2;M,M;L1,false,false,,,true,true,PASS
covariance:L2:1211,1211,L2,L1,L2;M,M;L1,false,false,,,true,true,PASS
covariance:L2:1213,1213,L2,L1,L2;M,M;L1,true,true,2653,2653,true,true,PASS
covariance:L2:1231,1231,L2,L1,L2;M,M;L1,false,false,,,true,true,PASS
covariance:L2:1239,1239,L2,L1,L2;M,M;L1,false,false,,,true,true,PASS
covariance:L2:1243,1243,L2,L1,L2;M,M;L1,false,false,,,true,true,PASS
covariance:L2:1245,1245,L2,L1,L2;M,M;L1,true,true,2669,2669,true,true,PASS
covariance:L2:1255,1255,L2,L1,L2;M,M;L1,false,false,,,true,true,PASS
covariance:L2:1259,1259,L2,L1,L2;M,M;L1,false,false,,,true,true,PASS
covariance:L2:1261,1261,L2,L1,L2;M,M;L1,true,true,2677,2677,true,true,PASS
covariance:L2:1267,1267,L2,L1,L2;M,M;L1,false,false,,,true,true,PASS
covariance:L2:1269,1269,L2,L1,L2;M,M;L1,true,true,2681,2681,true,true,PASS
covariance:L2:1273,1273,L2,L1,L2;M,M;L1,true,true,1341,1341,true,true,PASS
covariance:L2:1311,1311,L2,L1,L2;M,M;L1,false,false,,,true,true,PASS
covariance:L2:1327,1327,L2,L1,L2;M,M;L1,false,false,,,true,true,PASS
covariance:L2:1335,1335,L2,L1,L2;M,M;L1,false,false,,,true,true,PASS
covariance:L2:1339,1339,L2,L1,L2;M,M;L1,false,false,,,true,true,PASS
covariance:L2:1341,1341,L2,L1,L2;M,M;L1,true,true,2717,2717,true,true,PASS
covariance:L2:1359,1359,L2,L1,L2;M,M;L1,false,false,,,true,true,PASS
covariance:L2:1367,1367,L2,L1,L2;M,M;L1,false,false,,,true,true,PASS
covariance:L2:1371,1371,L2,L1,L2;M,M;L1,false,false,,,true,true,PASS
covariance:L2:1373,1373,L2,L1,L2;M,M;L1,true,true,2733,2733,true,true,PASS
covariance:L2:1383,1383,L2,L1,L2;M,M;L1,false,false,,,true,true,PASS
covariance:L2:1387,1387,L2,L1,L2;M,M;L1,false,false,,,true,true,PASS
covariance:L2:1389,1389,L2,L1,L2;M,M;L1,true,true,2741,2741,true,true,PASS
covariance:L2:1395,1395,L2,L1,L2;M,M;L1,false,false,,,true,true,PASS
covariance:L2:1397,1397,L2,L1,L2;M,M;L1,true,true,2745,2745,true,true,PASS
covariance:L2:1401,1401,L2,L1,L2;M,M;L1,true,true,1373,1373,true,true,PASS
covariance:L2:1423,1423,L2,L1,L2;M,M;L1,false,false,,,true,true,PASS
covariance:L2:1431,1431,L2,L1,L2;M,M;L1,false,false,,,true,true,PASS
covariance:L2:1435,1435,L2,L1,L2;M,M;L1,false,false,,,true,true,PASS
covariance:L2:1437,1437,L2,L1,L2;M,M;L1,true,true,2765,2765,true,true,PASS
covariance:L2:1447,1447,L2,L1,L2;M,M;L1,false,false,,,true,true,PASS
covariance:L2:1451,1451,L2,L1,L2;M,M;L1,false,false,,,true,true,PASS
covariance:L2:1453,1453,L2,L1,L2;M,M;L1,true,true,2773,2773,true,true,PASS
covariance:L2:1459,1459,L2,L1,L2;M,M;L1,false,false,,,true,true,PASS
covariance:L2:1461,1461,L2,L1,L2;M,M;L1,true,true,2777,2777,true,true,PASS
covariance:L2:1465,1465,L2,L1,L2;M,M;L1,true,true,1389,1389,true,true,PASS
covariance:L2:1479,1479,L2,L1,L2;M,M;L1,false,false,,,true,true,PASS
covariance:L2:1483,1483,L2,L1,L2;M,M;L1,false,false,,,true,true,PASS
covariance:L2:1485,1485,L2,L1,L2;M,M;L1,true,true,2789,2789,true,true,PASS
covariance:L2:1491,1491,L2,L1,L2;M,M;L1,false,false,,,true,true,PASS
covariance:L2:1493,1493,L2,L1,L2;M,M;L1,true,true,2793,2793,true,true,PASS
covariance:L2:1497,1497,L2,L1,L2;M,M;L1,true,true,1397,1397,true,true,PASS
covariance:L2:1507,1507,L2,L1,L2;M,M;L1,false,false,,,true,true,PASS
covariance:L2:1509,1509,L2,L1,L2;M,M;L1,true,true,2801,2801,true,true,PASS
covariance:L2:1513,1513,L2,L1,L2;M,M;L1,true,true,1401,1401,true,true,PASS
covariance:L2:1521,1521,L2,L1,L2;M,M;L1,true,true,701,701,true,true,PASS
covariance:L2:1567,1567,L2,L1,L2;M,M;L1,false,false,,,true,true,PASS
covariance:L2:1583,1583,L2,L1,L2;M,M;L1,false,false,,,true,true,PASS
covariance:L2:1591,1591,L2,L1,L2;M,M;L1,false,false,,,true,true,PASS
covariance:L2:1595,1595,L2,L1,L2;M,M;L1,false,false,,,true,true,PASS
covariance:L2:1597,1597,L2,L1,L2;M,M;L1,true,true,2845,2845,true,true,PASS
covariance:L2:1615,1615,L2,L1,L2;M,M;L1,false,false,,,true,true,PASS
covariance:L2:1623,1623,L2,L1,L2;M,M;L1,false,false,,,true,true,PASS
covariance:L2:1627,1627,L2,L1,L2;M,M;L1,false,false,,,true,true,PASS
covariance:L2:1629,1629,L2,L1,L2;M,M;L1,true,true,2861,2861,true,true,PASS
covariance:L2:1639,1639,L2,L1,L2;M,M;L1,false,false,,,true,true,PASS
covariance:L2:1643,1643,L2,L1,L2;M,M;L1,false,false,,,true,true,PASS
covariance:L2:1645,1645,L2,L1,L2;M,M;L1,true,true,2869,2869,true,true,PASS
covariance:L2:1651,1651,L2,L1,L2;M,M;L1,false,false,,,true,true,PASS
covariance:L2:1653,1653,L2,L1,L2;M,M;L1,true,true,2873,2873,true,true,PASS
covariance:L2:1657,1657,L2,L1,L2;M,M;L1,true,true,1437,1437,true,true,PASS
covariance:L2:1679,1679,L2,L1,L2;M,M;L1,false,false,,,true,true,PASS
covariance:L2:1687,1687,L2,L1,L2;M,M;L1,false,false,,,true,true,PASS
covariance:L2:1691,1691,L2,L1,L2;M,M;L1,false,false,,,true,true,PASS
covariance:L2:1693,1693,L2,L1,L2;M,M;L1,true,true,2893,2893,true,true,PASS
covariance:L2:1703,1703,L2,L1,L2;M,M;L1,false,false,,,true,true,PASS
covariance:L2:1707,1707,L2,L1,L2;M,M;L1,false,false,,,true,true,PASS
covariance:L2:1709,1709,L2,L1,L2;M,M;L1,true,true,2901,2901,true,true,PASS
covariance:L2:1715,1715,L2,L1,L2;M,M;L1,false,false,,,true,true,PASS
covariance:L2:1717,1717,L2,L1,L2;M,M;L1,true,true,2905,2905,true,true,PASS
covariance:L2:1721,1721,L2,L1,L2;M,M;L1,true,true,1453,1453,true,true,PASS
covariance:L2:1735,1735,L2,L1,L2;M,M;L1,false,false,,,true,true,PASS
covariance:L2:1739,1739,L2,L1,L2;M,M;L1,false,false,,,true,true,PASS
covariance:L2:1741,1741,L2,L1,L2;M,M;L1,true,true,2917,2917,true,true,PASS
covariance:L2:1747,1747,L2,L1,L2;M,M;L1,false,false,,,true,true,PASS
covariance:L2:1749,1749,L2,L1,L2;M,M;L1,true,true,2921,2921,true,true,PASS
covariance:L2:1753,1753,L2,L1,L2;M,M;L1,true,true,1461,1461,true,true,PASS
covariance:L2:1763,1763,L2,L1,L2;M,M;L1,false,false,,,true,true,PASS
covariance:L2:1765,1765,L2,L1,L2;M,M;L1,true,true,2929,2929,true,true,PASS
covariance:L2:1769,1769,L2,L1,L2;M,M;L1,true,true,1465,1465,true,true,PASS
covariance:L2:1777,1777,L2,L1,L2;M,M;L1,true,true,733,733,true,true,PASS
covariance:L2:1807,1807,L2,L1,L2;M,M;L1,false,false,,,true,true,PASS
covariance:L2:1815,1815,L2,L1,L2;M,M;L1,false,false,,,true,true,PASS
covariance:L2:1819,1819,L2,L1,L2;M,M;L1,false,false,,,true,true,PASS
covariance:L2:1821,1821,L2,L1,L2;M,M;L1,true,true,2957,2957,true,true,PASS
covariance:L2:1831,1831,L2,L1,L2;M,M;L1,false,false,,,true,true,PASS
covariance:L2:1835,1835,L2,L1,L2;M,M;L1,false,false,,,true,true,PASS
covariance:L2:1837,1837,L2,L1,L2;M,M;L1,true,true,2965,2965,true,true,PASS
covariance:L2:1843,1843,L2,L1,L2;M,M;L1,false,false,,,true,true,PASS
covariance:L2:1845,1845,L2,L1,L2;M,M;L1,true,true,2969,2969,true,true,PASS
covariance:L2:1849,1849,L2,L1,L2;M,M;L1,true,true,1485,1485,true,true,PASS
covariance:L2:1863,1863,L2,L1,L2;M,M;L1,false,false,,,true,true,PASS
covariance:L2:1867,1867,L2,L1,L2;M,M;L1,false,false,,,true,true,PASS
covariance:L2:1869,1869,L2,L1,L2;M,M;L1,true,true,2981,2981,true,true,PASS
covariance:L2:1875,1875,L2,L1,L2;M,M;L1,false,false,,,true,true,PASS
covariance:L2:1877,1877,L2,L1,L2;M,M;L1,true,true,2985,2985,true,true,PASS
covariance:L2:1881,1881,L2,L1,L2;M,M;L1,true,true,1493,1493,true,true,PASS
covariance:L2:1891,1891,L2,L1,L2;M,M;L1,false,false,,,true,true,PASS
covariance:L2:1893,1893,L2,L1,L2;M,M;L1,true,true,2993,2993,true,true,PASS
covariance:L2:1897,1897,L2,L1,L2;M,M;L1,true,true,1497,1497,true,true,PASS
covariance:L2:1905,1905,L2,L1,L2;M,M;L1,true,true,749,749,true,true,PASS
covariance:L2:1927,1927,L2,L1,L2;M,M;L1,false,false,,,true,true,PASS
covariance:L2:1931,1931,L2,L1,L2;M,M;L1,false,false,,,true,true,PASS
covariance:L2:1933,1933,L2,L1,L2;M,M;L1,true,true,3013,3013,true,true,PASS
covariance:L2:1939,1939,L2,L1,L2;M,M;L1,false,false,,,true,true,PASS
covariance:L2:1941,1941,L2,L1,L2;M,M;L1,true,true,3017,3017,true,true,PASS
covariance:L2:1945,1945,L2,L1,L2;M,M;L1,true,true,1509,1509,true,true,PASS
covariance:L2:1955,1955,L2,L1,L2;M,M;L1,false,false,,,true,true,PASS
covariance:L2:1957,1957,L2,L1,L2;M,M;L1,true,true,3025,3025,true,true,PASS
covariance:L2:1961,1961,L2,L1,L2;M,M;L1,true,true,1513,1513,true,true,PASS
covariance:L2:1969,1969,L2,L1,L2;M,M;L1,true,true,757,757,true,true,PASS
covariance:L2:1987,1987,L2,L1,L2;M,M;L1,false,false,,,true,true,PASS
covariance:L2:1989,1989,L2,L1,L2;M,M;L1,true,true,3041,3041,true,true,PASS
covariance:L2:1993,1993,L2,L1,L2;M,M;L1,true,true,1521,1521,true,true,PASS
covariance:L2:2001,2001,L2,L1,L2;M,M;L1,true,true,761,761,true,true,PASS
covariance:L2:2017,2017,L2,L1,L2;M,M;L1,true,true,381,381,true,true,PASS
covariance:L2:2111,2111,L2,L1,L2;M,M;L1,false,false,,,true,true,PASS
covariance:L2:2143,2143,L2,L1,L2;M,M;L1,false,false,,,true,true,PASS
covariance:L2:2159,2159,L2,L1,L2;M,M;L1,false,false,,,true,true,PASS
covariance:L2:2167,2167,L2,L1,L2;M,M;L1,false,false,,,true,true,PASS
covariance:L2:2171,2171,L2,L1,L2;M,M;L1,false,false,,,true,true,PASS
covariance:L2:2173,2173,L2,L1,L2;M,M;L1,true,true,3133,3133,true,true,PASS
covariance:L2:2207,2207,L2,L1,L2;M,M;L1,false,false,,,true,true,PASS
covariance:L2:2223,2223,L2,L1,L2;M,M;L1,false,false,,,true,true,PASS
covariance:L2:2231,2231,L2,L1,L2;M,M;L1,false,false,,,true,true,PASS
covariance:L2:2235,2235,L2,L1,L2;M,M;L1,false,false,,,true,true,PASS
covariance:L2:2237,2237,L2,L1,L2;M,M;L1,true,true,3165,3165,true,true,PASS
covariance:L2:2255,2255,L2,L1,L2;M,M;L1,false,false,,,true,true,PASS
covariance:L2:2263,2263,L2,L1,L2;M,M;L1,false,false,,,true,true,PASS
covariance:L2:2267,2267,L2,L1,L2;M,M;L1,false,false,,,true,true,PASS
covariance:L2:2269,2269,L2,L1,L2;M,M;L1,true,true,3181,3181,true,true,PASS
covariance:L2:2279,2279,L2,L1,L2;M,M;L1,false,false,,,true,true,PASS
covariance:L2:2283,2283,L2,L1,L2;M,M;L1,false,false,,,true,true,PASS
covariance:L2:2285,2285,L2,L1,L2;M,M;L1,true,true,3189,3189,true,true,PASS
covariance:L2:2291,2291,L2,L1,L2;M,M;L1,false,false,,,true,true,PASS
covariance:L2:2293,2293,L2,L1,L2;M,M;L1,true,true,3193,3193,true,true,PASS
covariance:L2:2297,2297,L2,L1,L2;M,M;L1,true,true,1597,1597,true,true,PASS
covariance:L2:2335,2335,L2,L1,L2;M,M;L1,false,false,,,true,true,PASS
covariance:L2:2351,2351,L2,L1,L2;M,M;L1,false,false,,,true,true,PASS
covariance:L2:2359,2359,L2,L1,L2;M,M;L1,false,false,,,true,true,PASS
covariance:L2:2363,2363,L2,L1,L2;M,M;L1,false,false,,,true,true,PASS
covariance:L2:2365,2365,L2,L1,L2;M,M;L1,true,true,3229,3229,true,true,PASS
covariance:L2:2383,2383,L2,L1,L2;M,M;L1,false,false,,,true,true,PASS
covariance:L2:2391,2391,L2,L1,L2;M,M;L1,false,false,,,true,true,PASS
covariance:L2:2395,2395,L2,L1,L2;M,M;L1,false,false,,,true,true,PASS
covariance:L2:2397,2397,L2,L1,L2;M,M;L1,true,true,3245,3245,true,true,PASS
covariance:L2:2407,2407,L2,L1,L2;M,M;L1,false,false,,,true,true,PASS
covariance:L2:2411,2411,L2,L1,L2;M,M;L1,false,false,,,true,true,PASS
covariance:L2:2413,2413,L2,L1,L2;M,M;L1,true,true,3253,3253,true,true,PASS
covariance:L2:2419,2419,L2,L1,L2;M,M;L1,false,false,,,true,true,PASS
covariance:L2:2421,2421,L2,L1,L2;M,M;L1,true,true,3257,3257,true,true,PASS
covariance:L2:2425,2425,L2,L1,L2;M,M;L1,true,true,1629,1629,true,true,PASS
covariance:L2:2447,2447,L2,L1,L2;M,M;L1,false,false,,,true,true,PASS
covariance:L2:2455,2455,L2,L1,L2;M,M;L1,false,false,,,true,true,PASS
covariance:L2:2459,2459,L2,L1,L2;M,M;L1,false,false,,,true,true,PASS
covariance:L2:2461,2461,L2,L1,L2;M,M;L1,true,true,3277,3277,true,true,PASS
covariance:L2:2471,2471,L2,L1,L2;M,M;L1,false,false,,,true,true,PASS
covariance:L2:2475,2475,L2,L1,L2;M,M;L1,false,false,,,true,true,PASS
covariance:L2:2477,2477,L2,L1,L2;M,M;L1,true,true,3285,3285,true,true,PASS
covariance:L2:2483,2483,L2,L1,L2;M,M;L1,false,false,,,true,true,PASS
covariance:L2:2485,2485,L2,L1,L2;M,M;L1,true,true,3289,3289,true,true,PASS
covariance:L2:2489,2489,L2,L1,L2;M,M;L1,true,true,1645,1645,true,true,PASS
covariance:L2:2503,2503,L2,L1,L2;M,M;L1,false,false,,,true,true,PASS
covariance:L2:2507,2507,L2,L1,L2;M,M;L1,false,false,,,true,true,PASS
covariance:L2:2509,2509,L2,L1,L2;M,M;L1,true,true,3301,3301,true,true,PASS
covariance:L2:2515,2515,L2,L1,L2;M,M;L1,false,false,,,true,true,PASS
covariance:L2:2517,2517,L2,L1,L2;M,M;L1,true,true,3305,3305,true,true,PASS
covariance:L2:2521,2521,L2,L1,L2;M,M;L1,true,true,1653,1653,true,true,PASS
covariance:L2:2531,2531,L2,L1,L2;M,M;L1,false,false,,,true,true,PASS
covariance:L2:2533,2533,L2,L1,L2;M,M;L1,true,true,3313,3313,true,true,PASS
covariance:L2:2537,2537,L2,L1,L2;M,M;L1,true,true,1657,1657,true,true,PASS
covariance:L2:2545,2545,L2,L1,L2;M,M;L1,true,true,829,829,true,true,PASS
covariance:L2:2591,2591,L2,L1,L2;M,M;L1,false,false,,,true,true,PASS
covariance:L2:2607,2607,L2,L1,L2;M,M;L1,false,false,,,true,true,PASS
covariance:L2:2615,2615,L2,L1,L2;M,M;L1,false,false,,,true,true,PASS
covariance:L2:2619,2619,L2,L1,L2;M,M;L1,false,false,,,true,true,PASS
covariance:L2:2621,2621,L2,L1,L2;M,M;L1,true,true,3357,3357,true,true,PASS
covariance:L2:2639,2639,L2,L1,L2;M,M;L1,false,false,,,true,true,PASS
covariance:L2:2647,2647,L2,L1,L2;M,M;L1,false,false,,,true,true,PASS
covariance:L2:2651,2651,L2,L1,L2;M,M;L1,false,false,,,true,true,PASS
covariance:L2:2653,2653,L2,L1,L2;M,M;L1,true,true,3373,3373,true,true,PASS
covariance:L2:2663,2663,L2,L1,L2;M,M;L1,false,false,,,true,true,PASS
covariance:L2:2667,2667,L2,L1,L2;M,M;L1,false,false,,,true,true,PASS
covariance:L2:2669,2669,L2,L1,L2;M,M;L1,true,true,3381,3381,true,true,PASS
covariance:L2:2675,2675,L2,L1,L2;M,M;L1,false,false,,,true,true,PASS
covariance:L2:2677,2677,L2,L1,L2;M,M;L1,true,true,3385,3385,true,true,PASS
covariance:L2:2681,2681,L2,L1,L2;M,M;L1,true,true,1693,1693,true,true,PASS
covariance:L2:2703,2703,L2,L1,L2;M,M;L1,false,false,,,true,true,PASS
covariance:L2:2711,2711,L2,L1,L2;M,M;L1,false,false,,,true,true,PASS
covariance:L2:2715,2715,L2,L1,L2;M,M;L1,false,false,,,true,true,PASS
covariance:L2:2717,2717,L2,L1,L2;M,M;L1,true,true,3405,3405,true,true,PASS
covariance:L2:2727,2727,L2,L1,L2;M,M;L1,false,false,,,true,true,PASS
covariance:L2:2731,2731,L2,L1,L2;M,M;L1,false,false,,,true,true,PASS
covariance:L2:2733,2733,L2,L1,L2;M,M;L1,true,true,3413,3413,true,true,PASS
covariance:L2:2739,2739,L2,L1,L2;M,M;L1,false,false,,,true,true,PASS
covariance:L2:2741,2741,L2,L1,L2;M,M;L1,true,true,3417,3417,true,true,PASS
covariance:L2:2745,2745,L2,L1,L2;M,M;L1,true,true,1709,1709,true,true,PASS
covariance:L2:2759,2759,L2,L1,L2;M,M;L1,false,false,,,true,true,PASS
covariance:L2:2763,2763,L2,L1,L2;M,M;L1,false,false,,,true,true,PASS
covariance:L2:2765,2765,L2,L1,L2;M,M;L1,true,true,3429,3429,true,true,PASS
covariance:L2:2771,2771,L2,L1,L2;M,M;L1,false,false,,,true,true,PASS
covariance:L2:2773,2773,L2,L1,L2;M,M;L1,true,true,3433,3433,true,true,PASS
covariance:L2:2777,2777,L2,L1,L2;M,M;L1,true,true,1717,1717,true,true,PASS
covariance:L2:2787,2787,L2,L1,L2;M,M;L1,false,false,,,true,true,PASS
covariance:L2:2789,2789,L2,L1,L2;M,M;L1,true,true,3441,3441,true,true,PASS
covariance:L2:2793,2793,L2,L1,L2;M,M;L1,true,true,1721,1721,true,true,PASS
covariance:L2:2801,2801,L2,L1,L2;M,M;L1,true,true,861,861,true,true,PASS
covariance:L2:2831,2831,L2,L1,L2;M,M;L1,false,false,,,true,true,PASS
covariance:L2:2839,2839,L2,L1,L2;M,M;L1,false,false,,,true,true,PASS
covariance:L2:2843,2843,L2,L1,L2;M,M;L1,false,false,,,true,true,PASS
covariance:L2:2845,2845,L2,L1,L2;M,M;L1,true,true,3469,3469,true,true,PASS
covariance:L2:2855,2855,L2,L1,L2;M,M;L1,false,false,,,true,true,PASS
covariance:L2:2859,2859,L2,L1,L2;M,M;L1,false,false,,,true,true,PASS
covariance:L2:2861,2861,L2,L1,L2;M,M;L1,true,true,3477,3477,true,true,PASS
covariance:L2:2867,2867,L2,L1,L2;M,M;L1,false,false,,,true,true,PASS
covariance:L2:2869,2869,L2,L1,L2;M,M;L1,true,true,3481,3481,true,true,PASS
covariance:L2:2873,2873,L2,L1,L2;M,M;L1,true,true,1741,1741,true,true,PASS
covariance:L2:2887,2887,L2,L1,L2;M,M;L1,false,false,,,true,true,PASS
covariance:L2:2891,2891,L2,L1,L2;M,M;L1,false,false,,,true,true,PASS
covariance:L2:2893,2893,L2,L1,L2;M,M;L1,true,true,3493,3493,true,true,PASS
covariance:L2:2899,2899,L2,L1,L2;M,M;L1,false,false,,,true,true,PASS
covariance:L2:2901,2901,L2,L1,L2;M,M;L1,true,true,3497,3497,true,true,PASS
covariance:L2:2905,2905,L2,L1,L2;M,M;L1,true,true,1749,1749,true,true,PASS
covariance:L2:2915,2915,L2,L1,L2;M,M;L1,false,false,,,true,true,PASS
covariance:L2:2917,2917,L2,L1,L2;M,M;L1,true,true,3505,3505,true,true,PASS
covariance:L2:2921,2921,L2,L1,L2;M,M;L1,true,true,1753,1753,true,true,PASS
covariance:L2:2929,2929,L2,L1,L2;M,M;L1,true,true,877,877,true,true,PASS
covariance:L2:2951,2951,L2,L1,L2;M,M;L1,false,false,,,true,true,PASS
covariance:L2:2955,2955,L2,L1,L2;M,M;L1,false,false,,,true,true,PASS
covariance:L2:2957,2957,L2,L1,L2;M,M;L1,true,true,3525,3525,true,true,PASS
covariance:L2:2963,2963,L2,L1,L2;M,M;L1,false,false,,,true,true,PASS
covariance:L2:2965,2965,L2,L1,L2;M,M;L1,true,true,3529,3529,true,true,PASS
covariance:L2:2969,2969,L2,L1,L2;M,M;L1,true,true,1765,1765,true,true,PASS
covariance:L2:2979,2979,L2,L1,L2;M,M;L1,false,false,,,true,true,PASS
covariance:L2:2981,2981,L2,L1,L2;M,M;L1,true,true,3537,3537,true,true,PASS
covariance:L2:2985,2985,L2,L1,L2;M,M;L1,true,true,1769,1769,true,true,PASS
covariance:L2:2993,2993,L2,L1,L2;M,M;L1,true,true,885,885,true,true,PASS
covariance:L2:3011,3011,L2,L1,L2;M,M;L1,false,false,,,true,true,PASS
covariance:L2:3013,3013,L2,L1,L2;M,M;L1,true,true,3553,3553,true,true,PASS
covariance:L2:3017,3017,L2,L1,L2;M,M;L1,true,true,1777,1777,true,true,PASS
covariance:L2:3025,3025,L2,L1,L2;M,M;L1,true,true,889,889,true,true,PASS
covariance:L2:3041,3041,L2,L1,L2;M,M;L1,true,true,445,445,true,true,PASS
covariance:L2:3103,3103,L2,L1,L2;M,M;L1,false,false,,,true,true,PASS
covariance:L2:3119,3119,L2,L1,L2;M,M;L1,false,false,,,true,true,PASS
covariance:L2:3127,3127,L2,L1,L2;M,M;L1,false,false,,,true,true,PASS
covariance:L2:3131,3131,L2,L1,L2;M,M;L1,false,false,,,true,true,PASS
covariance:L2:3133,3133,L2,L1,L2;M,M;L1,true,true,3613,3613,true,true,PASS
covariance:L2:3151,3151,L2,L1,L2;M,M;L1,false,false,,,true,true,PASS
covariance:L2:3159,3159,L2,L1,L2;M,M;L1,false,false,,,true,true,PASS
covariance:L2:3163,3163,L2,L1,L2;M,M;L1,false,false,,,true,true,PASS
covariance:L2:3165,3165,L2,L1,L2;M,M;L1,true,true,3629,3629,true,true,PASS
covariance:L2:3175,3175,L2,L1,L2;M,M;L1,false,false,,,true,true,PASS
covariance:L2:3179,3179,L2,L1,L2;M,M;L1,false,false,,,true,true,PASS
covariance:L2:3181,3181,L2,L1,L2;M,M;L1,true,true,3637,3637,true,true,PASS
covariance:L2:3187,3187,L2,L1,L2;M,M;L1,false,false,,,true,true,PASS
covariance:L2:3189,3189,L2,L1,L2;M,M;L1,true,true,3641,3641,true,true,PASS
covariance:L2:3193,3193,L2,L1,L2;M,M;L1,true,true,1821,1821,true,true,PASS
covariance:L2:3215,3215,L2,L1,L2;M,M;L1,false,false,,,true,true,PASS
covariance:L2:3223,3223,L2,L1,L2;M,M;L1,false,false,,,true,true,PASS
covariance:L2:3227,3227,L2,L1,L2;M,M;L1,false,false,,,true,true,PASS
covariance:L2:3229,3229,L2,L1,L2;M,M;L1,true,true,3661,3661,true,true,PASS
covariance:L2:3239,3239,L2,L1,L2;M,M;L1,false,false,,,true,true,PASS
covariance:L2:3243,3243,L2,L1,L2;M,M;L1,false,false,,,true,true,PASS
covariance:L2:3245,3245,L2,L1,L2;M,M;L1,true,true,3669,3669,true,true,PASS
covariance:L2:3251,3251,L2,L1,L2;M,M;L1,false,false,,,true,true,PASS
covariance:L2:3253,3253,L2,L1,L2;M,M;L1,true,true,3673,3673,true,true,PASS
covariance:L2:3257,3257,L2,L1,L2;M,M;L1,true,true,1837,1837,true,true,PASS
covariance:L2:3271,3271,L2,L1,L2;M,M;L1,false,false,,,true,true,PASS
covariance:L2:3275,3275,L2,L1,L2;M,M;L1,false,false,,,true,true,PASS
covariance:L2:3277,3277,L2,L1,L2;M,M;L1,true,true,3685,3685,true,true,PASS
covariance:L2:3283,3283,L2,L1,L2;M,M;L1,false,false,,,true,true,PASS
covariance:L2:3285,3285,L2,L1,L2;M,M;L1,true,true,3689,3689,true,true,PASS
covariance:L2:3289,3289,L2,L1,L2;M,M;L1,true,true,1845,1845,true,true,PASS
covariance:L2:3299,3299,L2,L1,L2;M,M;L1,false,false,,,true,true,PASS
covariance:L2:3301,3301,L2,L1,L2;M,M;L1,true,true,3697,3697,true,true,PASS
covariance:L2:3305,3305,L2,L1,L2;M,M;L1,true,true,1849,1849,true,true,PASS
covariance:L2:3313,3313,L2,L1,L2;M,M;L1,true,true,925,925,true,true,PASS
covariance:L2:3343,3343,L2,L1,L2;M,M;L1,false,false,,,true,true,PASS
covariance:L2:3351,3351,L2,L1,L2;M,M;L1,false,false,,,true,true,PASS
covariance:L2:3355,3355,L2,L1,L2;M,M;L1,false,false,,,true,true,PASS
covariance:L2:3357,3357,L2,L1,L2;M,M;L1,true,true,3725,3725,true,true,PASS
covariance:L2:3367,3367,L2,L1,L2;M,M;L1,false,false,,,true,true,PASS
covariance:L2:3371,3371,L2,L1,L2;M,M;L1,false,false,,,true,true,PASS
covariance:L2:3373,3373,L2,L1,L2;M,M;L1,true,true,3733,3733,true,true,PASS
covariance:L2:3379,3379,L2,L1,L2;M,M;L1,false,false,,,true,true,PASS
covariance:L2:3381,3381,L2,L1,L2;M,M;L1,true,true,3737,3737,true,true,PASS
covariance:L2:3385,3385,L2,L1,L2;M,M;L1,true,true,1869,1869,true,true,PASS
covariance:L2:3399,3399,L2,L1,L2;M,M;L1,false,false,,,true,true,PASS
covariance:L2:3403,3403,L2,L1,L2;M,M;L1,false,false,,,true,true,PASS
covariance:L2:3405,3405,L2,L1,L2;M,M;L1,true,true,3749,3749,true,true,PASS
covariance:L2:3411,3411,L2,L1,L2;M,M;L1,false,false,,,true,true,PASS
covariance:L2:3413,3413,L2,L1,L2;M,M;L1,true,true,3753,3753,true,true,PASS
covariance:L2:3417,3417,L2,L1,L2;M,M;L1,true,true,1877,1877,true,true,PASS
covariance:L2:3427,3427,L2,L1,L2;M,M;L1,false,false,,,true,true,PASS
covariance:L2:3429,3429,L2,L1,L2;M,M;L1,true,true,3761,3761,true,true,PASS
covariance:L2:3433,3433,L2,L1,L2;M,M;L1,true,true,1881,1881,true,true,PASS
covariance:L2:3441,3441,L2,L1,L2;M,M;L1,true,true,941,941,true,true,PASS
covariance:L2:3463,3463,L2,L1,L2;M,M;L1,false,false,,,true,true,PASS
covariance:L2:3467,3467,L2,L1,L2;M,M;L1,false,false,,,true,true,PASS
covariance:L2:3469,3469,L2,L1,L2;M,M;L1,true,true,3781,3781,true,true,PASS
covariance:L2:3475,3475,L2,L1,L2;M,M;L1,false,false,,,true,true,PASS
covariance:L2:3477,3477,L2,L1,L2;M,M;L1,true,true,3785,3785,true,true,PASS
covariance:L2:3481,3481,L2,L1,L2;M,M;L1,true,true,1893,1893,true,true,PASS
covariance:L2:3491,3491,L2,L1,L2;M,M;L1,false,false,,,true,true,PASS
covariance:L2:3493,3493,L2,L1,L2;M,M;L1,true,true,3793,3793,true,true,PASS
covariance:L2:3497,3497,L2,L1,L2;M,M;L1,true,true,1897,1897,true,true,PASS
covariance:L2:3505,3505,L2,L1,L2;M,M;L1,true,true,949,949,true,true,PASS
covariance:L2:3523,3523,L2,L1,L2;M,M;L1,false,false,,,true,true,PASS
covariance:L2:3525,3525,L2,L1,L2;M,M;L1,true,true,3809,3809,true,true,PASS
covariance:L2:3529,3529,L2,L1,L2;M,M;L1,true,true,1905,1905,true,true,PASS
covariance:L2:3537,3537,L2,L1,L2;M,M;L1,true,true,953,953,true,true,PASS
covariance:L2:3553,3553,L2,L1,L2;M,M;L1,true,true,477,477,true,true,PASS
covariance:L2:3599,3599,L2,L1,L2;M,M;L1,false,false,,,true,true,PASS
covariance:L2:3607,3607,L2,L1,L2;M,M;L1,false,false,,,true,true,PASS
covariance:L2:3611,3611,L2,L1,L2;M,M;L1,false,false,,,true,true,PASS
covariance:L2:3613,3613,L2,L1,L2;M,M;L1,true,true,3853,3853,true,true,PASS
covariance:L2:3623,3623,L2,L1,L2;M,M;L1,false,false,,,true,true,PASS
covariance:L2:3627,3627,L2,L1,L2;M,M;L1,false,false,,,true,true,PASS
covariance:L2:3629,3629,L2,L1,L2;M,M;L1,true,true,3861,3861,true,true,PASS
covariance:L2:3635,3635,L2,L1,L2;M,M;L1,false,false,,,true,true,PASS
covariance:L2:3637,3637,L2,L1,L2;M,M;L1,true,true,3865,3865,true,true,PASS
covariance:L2:3641,3641,L2,L1,L2;M,M;L1,true,true,1933,1933,true,true,PASS
covariance:L2:3655,3655,L2,L1,L2;M,M;L1,false,false,,,true,true,PASS
covariance:L2:3659,3659,L2,L1,L2;M,M;L1,false,false,,,true,true,PASS
covariance:L2:3661,3661,L2,L1,L2;M,M;L1,true,true,3877,3877,true,true,PASS
covariance:L2:3667,3667,L2,L1,L2;M,M;L1,false,false,,,true,true,PASS
covariance:L2:3669,3669,L2,L1,L2;M,M;L1,true,true,3881,3881,true,true,PASS
covariance:L2:3673,3673,L2,L1,L2;M,M;L1,true,true,1941,1941,true,true,PASS
covariance:L2:3683,3683,L2,L1,L2;M,M;L1,false,false,,,true,true,PASS
covariance:L2:3685,3685,L2,L1,L2;M,M;L1,true,true,3889,3889,true,true,PASS
covariance:L2:3689,3689,L2,L1,L2;M,M;L1,true,true,1945,1945,true,true,PASS
covariance:L2:3697,3697,L2,L1,L2;M,M;L1,true,true,973,973,true,true,PASS
covariance:L2:3719,3719,L2,L1,L2;M,M;L1,false,false,,,true,true,PASS
covariance:L2:3723,3723,L2,L1,L2;M,M;L1,false,false,,,true,true,PASS
covariance:L2:3725,3725,L2,L1,L2;M,M;L1,true,true,3909,3909,true,true,PASS
covariance:L2:3731,3731,L2,L1,L2;M,M;L1,false,false,,,true,true,PASS
covariance:L2:3733,3733,L2,L1,L2;M,M;L1,true,true,3913,3913,true,true,PASS
covariance:L2:3737,3737,L2,L1,L2;M,M;L1,true,true,1957,1957,true,true,PASS
covariance:L2:3747,3747,L2,L1,L2;M,M;L1,false,false,,,true,true,PASS
covariance:L2:3749,3749,L2,L1,L2;M,M;L1,true,true,3921,3921,true,true,PASS
covariance:L2:3753,3753,L2,L1,L2;M,M;L1,true,true,1961,1961,true,true,PASS
covariance:L2:3761,3761,L2,L1,L2;M,M;L1,true,true,981,981,true,true,PASS
covariance:L2:3779,3779,L2,L1,L2;M,M;L1,false,false,,,true,true,PASS
covariance:L2:3781,3781,L2,L1,L2;M,M;L1,true,true,3937,3937,true,true,PASS
covariance:L2:3785,3785,L2,L1,L2;M,M;L1,true,true,1969,1969,true,true,PASS
covariance:L2:3793,3793,L2,L1,L2;M,M;L1,true,true,985,985,true,true,PASS
covariance:L2:3809,3809,L2,L1,L2;M,M;L1,true,true,493,493,true,true,PASS
covariance:L2:3847,3847,L2,L1,L2;M,M;L1,false,false,,,true,true,PASS
covariance:L2:3851,3851,L2,L1,L2;M,M;L1,false,false,,,true,true,PASS
covariance:L2:3853,3853,L2,L1,L2;M,M;L1,true,true,3973,3973,true,true,PASS
covariance:L2:3859,3859,L2,L1,L2;M,M;L1,false,false,,,true,true,PASS
covariance:L2:3861,3861,L2,L1,L2;M,M;L1,true,true,3977,3977,true,true,PASS
covariance:L2:3865,3865,L2,L1,L2;M,M;L1,true,true,1989,1989,true,true,PASS
covariance:L2:3875,3875,L2,L1,L2;M,M;L1,false,false,,,true,true,PASS
covariance:L2:3877,3877,L2,L1,L2;M,M;L1,true,true,3985,3985,true,true,PASS
covariance:L2:3881,3881,L2,L1,L2;M,M;L1,true,true,1993,1993,true,true,PASS
covariance:L2:3889,3889,L2,L1,L2;M,M;L1,true,true,997,997,true,true,PASS
covariance:L2:3907,3907,L2,L1,L2;M,M;L1,false,false,,,true,true,PASS
covariance:L2:3909,3909,L2,L1,L2;M,M;L1,true,true,4001,4001,true,true,PASS
covariance:L2:3913,3913,L2,L1,L2;M,M;L1,true,true,2001,2001,true,true,PASS
covariance:L2:3921,3921,L2,L1,L2;M,M;L1,true,true,1001,1001,true,true,PASS
covariance:L2:3937,3937,L2,L1,L2;M,M;L1,true,true,501,501,true,true,PASS
covariance:L2:3971,3971,L2,L1,L2;M,M;L1,false,false,,,true,true,PASS
covariance:L2:3973,3973,L2,L1,L2;M,M;L1,true,true,4033,4033,true,true,PASS
covariance:L2:3977,3977,L2,L1,L2;M,M;L1,true,true,2017,2017,true,true,PASS
covariance:L2:3985,3985,L2,L1,L2;M,M;L1,true,true,1009,1009,true,true,PASS
covariance:L2:4001,4001,L2,L1,L2;M,M;L1,true,true,505,505,true,true,PASS
covariance:L2:4033,4033,L2,L1,L2;M,M;L1,true,true,253,253,true,true,PASS
covariance:R3:127,127,R3,R2,R3;M,M;R2,false,false,,,true,true,PASS
covariance:R3:191,191,R3,R2,R3;M,M;R2,false,false,,,true,true,PASS
covariance:R3:223,223,R3,R2,R3;M,M;R2,false,false,,,true,true,PASS
covariance:R3:239,239,R3,R2,R3;M,M;R2,false,false,,,true,true,PASS
covariance:R3:247,247,R3,R2,R3;M,M;R2,true,true,2173,2173,true,true,PASS
covariance:R3:251,251,R3,R2,R3;M,M;R2,false,false,,,true,true,PASS
covariance:R3:253,253,R3,R2,R3;M,M;R2,false,false,,,true,true,PASS
covariance:R3:319,319,R3,R2,R3;M,M;R2,false,false,,,true,true,PASS
covariance:R3:351,351,R3,R2,R3;M,M;R2,false,false,,,true,true,PASS
covariance:R3:367,367,R3,R2,R3;M,M;R2,false,false,,,true,true,PASS
covariance:R3:375,375,R3,R2,R3;M,M;R2,true,true,2237,2237,true,true,PASS
covariance:R3:379,379,R3,R2,R3;M,M;R2,false,false,,,true,true,PASS
covariance:R3:381,381,R3,R2,R3;M,M;R2,false,false,,,true,true,PASS
covariance:R3:415,415,R3,R2,R3;M,M;R2,false,false,,,true,true,PASS
covariance:R3:431,431,R3,R2,R3;M,M;R2,false,false,,,true,true,PASS
covariance:R3:439,439,R3,R2,R3;M,M;R2,true,true,2269,2269,true,true,PASS
covariance:R3:443,443,R3,R2,R3;M,M;R2,false,false,,,true,true,PASS
covariance:R3:445,445,R3,R2,R3;M,M;R2,false,false,,,true,true,PASS
covariance:R3:463,463,R3,R2,R3;M,M;R2,false,false,,,true,true,PASS
covariance:R3:471,471,R3,R2,R3;M,M;R2,true,true,2285,2285,true,true,PASS
covariance:R3:475,475,R3,R2,R3;M,M;R2,false,false,,,true,true,PASS
covariance:R3:477,477,R3,R2,R3;M,M;R2,false,false,,,true,true,PASS
covariance:R3:487,487,R3,R2,R3;M,M;R2,true,true,2293,2293,true,true,PASS
covariance:R3:491,491,R3,R2,R3;M,M;R2,true,true,2297,2297,true,true,PASS
covariance:R3:493,493,R3,R2,R3;M,M;R2,true,true,1149,1149,true,true,PASS
covariance:R3:499,499,R3,R2,R3;M,M;R2,false,false,,,true,true,PASS
covariance:R3:501,501,R3,R2,R3;M,M;R2,false,false,,,true,true,PASS
covariance:R3:505,505,R3,R2,R3;M,M;R2,false,false,,,true,true,PASS
covariance:R3:575,575,R3,R2,R3;M,M;R2,false,false,,,true,true,PASS
covariance:R3:607,607,R3,R2,R3;M,M;R2,false,false,,,true,true,PASS
covariance:R3:623,623,R3,R2,R3;M,M;R2,false,false,,,true,true,PASS
covariance:R3:631,631,R3,R2,R3;M,M;R2,true,true,2365,2365,true,true,PASS
covariance:R3:635,635,R3,R2,R3;M,M;R2,false,false,,,true,true,PASS
covariance:R3:637,637,R3,R2,R3;M,M;R2,false,false,,,true,true,PASS
covariance:R3:671,671,R3,R2,R3;M,M;R2,false,false,,,true,true,PASS
covariance:R3:687,687,R3,R2,R3;M,M;R2,false,false,,,true,true,PASS
covariance:R3:695,695,R3,R2,R3;M,M;R2,true,true,2397,2397,true,true,PASS
covariance:R3:699,699,R3,R2,R3;M,M;R2,false,false,,,true,true,PASS
covariance:R3:701,701,R3,R2,R3;M,M;R2,false,false,,,true,true,PASS
covariance:R3:719,719,R3,R2,R3;M,M;R2,false,false,,,true,true,PASS
covariance:R3:727,727,R3,R2,R3;M,M;R2,true,true,2413,2413,true,true,PASS
covariance:R3:731,731,R3,R2,R3;M,M;R2,false,false,,,true,true,PASS
covariance:R3:733,733,R3,R2,R3;M,M;R2,false,false,,,true,true,PASS
covariance:R3:743,743,R3,R2,R3;M,M;R2,true,true,2421,2421,true,true,PASS
covariance:R3:747,747,R3,R2,R3;M,M;R2,true,true,2425,2425,true,true,PASS
covariance:R3:749,749,R3,R2,R3;M,M;R2,true,true,1213,1213,true,true,PASS
covariance:R3:755,755,R3,R2,R3;M,M;R2,false,false,,,true,true,PASS
covariance:R3:757,757,R3,R2,R3;M,M;R2,false,false,,,true,true,PASS
covariance:R3:761,761,R3,R2,R3;M,M;R2,false,false,,,true,true,PASS
covariance:R3:799,799,R3,R2,R3;M,M;R2,false,false,,,true,true,PASS
covariance:R3:815,815,R3,R2,R3;M,M;R2,false,false,,,true,true,PASS
covariance:R3:823,823,R3,R2,R3;M,M;R2,true,true,2461,2461,true,true,PASS
covariance:R3:827,827,R3,R2,R3;M,M;R2,false,false,,,true,true,PASS
covariance:R3:829,829,R3,R2,R3;M,M;R2,false,false,,,true,true,PASS
covariance:R3:847,847,R3,R2,R3;M,M;R2,false,false,,,true,true,PASS
covariance:R3:855,855,R3,R2,R3;M,M;R2,true,true,2477,2477,true,true,PASS
covariance:R3:859,859,R3,R2,R3;M,M;R2,false,false,,,true,true,PASS
covariance:R3:861,861,R3,R2,R3;M,M;R2,false,false,,,true,true,PASS
covariance:R3:871,871,R3,R2,R3;M,M;R2,true,true,2485,2485,true,true,PASS
covariance:R3:875,875,R3,R2,R3;M,M;R2,true,true,2489,2489,true,true,PASS
covariance:R3:877,877,R3,R2,R3;M,M;R2,true,true,1245,1245,true,true,PASS
covariance:R3:883,883,R3,R2,R3;M,M;R2,false,false,,,true,true,PASS
covariance:R3:885,885,R3,R2,R3;M,M;R2,false,false,,,true,true,PASS
covariance:R3:889,889,R3,R2,R3;M,M;R2,false,false,,,true,true,PASS
covariance:R3:911,911,R3,R2,R3;M,M;R2,false,false,,,true,true,PASS
covariance:R3:919,919,R3,R2,R3;M,M;R2,true,true,2509,2509,true,true,PASS
covariance:R3:923,923,R3,R2,R3;M,M;R2,false,false,,,true,true,PASS
covariance:R3:925,925,R3,R2,R3;M,M;R2,false,false,,,true,true,PASS
covariance:R3:935,935,R3,R2,R3;M,M;R2,true,true,2517,2517,true,true,PASS
covariance:R3:939,939,R3,R2,R3;M,M;R2,true,true,2521,2521,true,true,PASS
covariance:R3:941,941,R3,R2,R3;M,M;R2,true,true,1261,1261,true,true,PASS
covariance:R3:947,947,R3,R2,R3;M,M;R2,false,false,,,true,true,PASS
covariance:R3:949,949,R3,R2,R3;M,M;R2,false,false,,,true,true,PASS
covariance:R3:953,953,R3,R2,R3;M,M;R2,false,false,,,true,true,PASS
covariance:R3:967,967,R3,R2,R3;M,M;R2,true,true,2533,2533,true,true,PASS
covariance:R3:971,971,R3,R2,R3;M,M;R2,true,true,2537,2537,true,true,PASS
covariance:R3:973,973,R3,R2,R3;M,M;R2,true,true,1269,1269,true,true,PASS
covariance:R3:979,979,R3,R2,R3;M,M;R2,true,true,2545,2545,true,true,PASS
covariance:R3:981,981,R3,R2,R3;M,M;R2,true,true,1273,1273,true,true,PASS
covariance:R3:985,985,R3,R2,R3;M,M;R2,true,true,637,637,true,true,PASS
covariance:R3:995,995,R3,R2,R3;M,M;R2,false,false,,,true,true,PASS
covariance:R3:997,997,R3,R2,R3;M,M;R2,false,false,,,true,true,PASS
covariance:R3:1001,1001,R3,R2,R3;M,M;R2,false,false,,,true,true,PASS
covariance:R3:1009,1009,R3,R2,R3;M,M;R2,false,false,,,true,true,PASS
covariance:R3:1087,1087,R3,R2,R3;M,M;R2,false,false,,,true,true,PASS
covariance:R3:1119,1119,R3,R2,R3;M,M;R2,false,false,,,true,true,PASS
covariance:R3:1135,1135,R3,R2,R3;M,M;R2,false,false,,,true,true,PASS
covariance:R3:1143,1143,R3,R2,R3;M,M;R2,true,true,2621,2621,true,true,PASS
covariance:R3:1147,1147,R3,R2,R3;M,M;R2,false,false,,,true,true,PASS
covariance:R3:1149,1149,R3,R2,R3;M,M;R2,false,false,,,true,true,PASS
covariance:R3:1183,1183,R3,R2,R3;M,M;R2,false,false,,,true,true,PASS
covariance:R3:1199,1199,R3,R2,R3;M,M;R2,false,false,,,true,true,PASS
covariance:R3:1207,1207,R3,R2,R3;M,M;R2,true,true,2653,2653,true,true,PASS
covariance:R3:1211,1211,R3,R2,R3;M,M;R2,false,false,,,true,true,PASS
covariance:R3:1213,1213,R3,R2,R3;M,M;R2,false,false,,,true,true,PASS
covariance:R3:1231,1231,R3,R2,R3;M,M;R2,false,false,,,true,true,PASS
covariance:R3:1239,1239,R3,R2,R3;M,M;R2,true,true,2669,2669,true,true,PASS
covariance:R3:1243,1243,R3,R2,R3;M,M;R2,false,false,,,true,true,PASS
covariance:R3:1245,1245,R3,R2,R3;M,M;R2,false,false,,,true,true,PASS
covariance:R3:1255,1255,R3,R2,R3;M,M;R2,true,true,2677,2677,true,true,PASS
covariance:R3:1259,1259,R3,R2,R3;M,M;R2,true,true,2681,2681,true,true,PASS
covariance:R3:1261,1261,R3,R2,R3;M,M;R2,true,true,1341,1341,true,true,PASS
covariance:R3:1267,1267,R3,R2,R3;M,M;R2,false,false,,,true,true,PASS
covariance:R3:1269,1269,R3,R2,R3;M,M;R2,false,false,,,true,true,PASS
covariance:R3:1273,1273,R3,R2,R3;M,M;R2,false,false,,,true,true,PASS
covariance:R3:1311,1311,R3,R2,R3;M,M;R2,false,false,,,true,true,PASS
covariance:R3:1327,1327,R3,R2,R3;M,M;R2,false,false,,,true,true,PASS
covariance:R3:1335,1335,R3,R2,R3;M,M;R2,true,true,2717,2717,true,true,PASS
covariance:R3:1339,1339,R3,R2,R3;M,M;R2,false,false,,,true,true,PASS
covariance:R3:1341,1341,R3,R2,R3;M,M;R2,false,false,,,true,true,PASS
covariance:R3:1359,1359,R3,R2,R3;M,M;R2,false,false,,,true,true,PASS
covariance:R3:1367,1367,R3,R2,R3;M,M;R2,true,true,2733,2733,true,true,PASS
covariance:R3:1371,1371,R3,R2,R3;M,M;R2,false,false,,,true,true,PASS
covariance:R3:1373,1373,R3,R2,R3;M,M;R2,false,false,,,true,true,PASS
covariance:R3:1383,1383,R3,R2,R3;M,M;R2,true,true,2741,2741,true,true,PASS
covariance:R3:1387,1387,R3,R2,R3;M,M;R2,true,true,2745,2745,true,true,PASS
covariance:R3:1389,1389,R3,R2,R3;M,M;R2,true,true,1373,1373,true,true,PASS
covariance:R3:1395,1395,R3,R2,R3;M,M;R2,false,false,,,true,true,PASS
covariance:R3:1397,1397,R3,R2,R3;M,M;R2,false,false,,,true,true,PASS
covariance:R3:1401,1401,R3,R2,R3;M,M;R2,false,false,,,true,true,PASS
covariance:R3:1423,1423,R3,R2,R3;M,M;R2,false,false,,,true,true,PASS
covariance:R3:1431,1431,R3,R2,R3;M,M;R2,true,true,2765,2765,true,true,PASS
covariance:R3:1435,1435,R3,R2,R3;M,M;R2,false,false,,,true,true,PASS
covariance:R3:1437,1437,R3,R2,R3;M,M;R2,false,false,,,true,true,PASS
covariance:R3:1447,1447,R3,R2,R3;M,M;R2,true,true,2773,2773,true,true,PASS
covariance:R3:1451,1451,R3,R2,R3;M,M;R2,true,true,2777,2777,true,true,PASS
covariance:R3:1453,1453,R3,R2,R3;M,M;R2,true,true,1389,1389,true,true,PASS
covariance:R3:1459,1459,R3,R2,R3;M,M;R2,false,false,,,true,true,PASS
covariance:R3:1461,1461,R3,R2,R3;M,M;R2,false,false,,,true,true,PASS
covariance:R3:1465,1465,R3,R2,R3;M,M;R2,false,false,,,true,true,PASS
covariance:R3:1479,1479,R3,R2,R3;M,M;R2,true,true,2789,2789,true,true,PASS
covariance:R3:1483,1483,R3,R2,R3;M,M;R2,true,true,2793,2793,true,true,PASS
covariance:R3:1485,1485,R3,R2,R3;M,M;R2,true,true,1397,1397,true,true,PASS
covariance:R3:1491,1491,R3,R2,R3;M,M;R2,true,true,2801,2801,true,true,PASS
covariance:R3:1493,1493,R3,R2,R3;M,M;R2,true,true,1401,1401,true,true,PASS
covariance:R3:1497,1497,R3,R2,R3;M,M;R2,true,true,701,701,true,true,PASS
covariance:R3:1507,1507,R3,R2,R3;M,M;R2,false,false,,,true,true,PASS
covariance:R3:1509,1509,R3,R2,R3;M,M;R2,false,false,,,true,true,PASS
covariance:R3:1513,1513,R3,R2,R3;M,M;R2,false,false,,,true,true,PASS
covariance:R3:1521,1521,R3,R2,R3;M,M;R2,false,false,,,true,true,PASS
covariance:R3:1567,1567,R3,R2,R3;M,M;R2,false,false,,,true,true,PASS
covariance:R3:1583,1583,R3,R2,R3;M,M;R2,false,false,,,true,true,PASS
covariance:R3:1591,1591,R3,R2,R3;M,M;R2,true,true,2845,2845,true,true,PASS
covariance:R3:1595,1595,R3,R2,R3;M,M;R2,false,false,,,true,true,PASS
covariance:R3:1597,1597,R3,R2,R3;M,M;R2,false,false,,,true,true,PASS
covariance:R3:1615,1615,R3,R2,R3;M,M;R2,false,false,,,true,true,PASS
covariance:R3:1623,1623,R3,R2,R3;M,M;R2,true,true,2861,2861,true,true,PASS
covariance:R3:1627,1627,R3,R2,R3;M,M;R2,false,false,,,true,true,PASS
covariance:R3:1629,1629,R3,R2,R3;M,M;R2,false,false,,,true,true,PASS
covariance:R3:1639,1639,R3,R2,R3;M,M;R2,true,true,2869,2869,true,true,PASS
covariance:R3:1643,1643,R3,R2,R3;M,M;R2,true,true,2873,2873,true,true,PASS
covariance:R3:1645,1645,R3,R2,R3;M,M;R2,true,true,1437,1437,true,true,PASS
covariance:R3:1651,1651,R3,R2,R3;M,M;R2,false,false,,,true,true,PASS
covariance:R3:1653,1653,R3,R2,R3;M,M;R2,false,false,,,true,true,PASS
covariance:R3:1657,1657,R3,R2,R3;M,M;R2,false,false,,,true,true,PASS
covariance:R3:1679,1679,R3,R2,R3;M,M;R2,false,false,,,true,true,PASS
covariance:R3:1687,1687,R3,R2,R3;M,M;R2,true,true,2893,2893,true,true,PASS
covariance:R3:1691,1691,R3,R2,R3;M,M;R2,false,false,,,true,true,PASS
covariance:R3:1693,1693,R3,R2,R3;M,M;R2,false,false,,,true,true,PASS
covariance:R3:1703,1703,R3,R2,R3;M,M;R2,true,true,2901,2901,true,true,PASS
covariance:R3:1707,1707,R3,R2,R3;M,M;R2,true,true,2905,2905,true,true,PASS
covariance:R3:1709,1709,R3,R2,R3;M,M;R2,true,true,1453,1453,true,true,PASS
covariance:R3:1715,1715,R3,R2,R3;M,M;R2,false,false,,,true,true,PASS
covariance:R3:1717,1717,R3,R2,R3;M,M;R2,false,false,,,true,true,PASS
covariance:R3:1721,1721,R3,R2,R3;M,M;R2,false,false,,,true,true,PASS
covariance:R3:1735,1735,R3,R2,R3;M,M;R2,true,true,2917,2917,true,true,PASS
covariance:R3:1739,1739,R3,R2,R3;M,M;R2,true,true,2921,2921,true,true,PASS
covariance:R3:1741,1741,R3,R2,R3;M,M;R2,true,true,1461,1461,true,true,PASS
covariance:R3:1747,1747,R3,R2,R3;M,M;R2,true,true,2929,2929,true,true,PASS
covariance:R3:1749,1749,R3,R2,R3;M,M;R2,true,true,1465,1465,true,true,PASS
covariance:R3:1753,1753,R3,R2,R3;M,M;R2,true,true,733,733,true,true,PASS
covariance:R3:1763,1763,R3,R2,R3;M,M;R2,false,false,,,true,true,PASS
covariance:R3:1765,1765,R3,R2,R3;M,M;R2,false,false,,,true,true,PASS
covariance:R3:1769,1769,R3,R2,R3;M,M;R2,false,false,,,true,true,PASS
covariance:R3:1777,1777,R3,R2,R3;M,M;R2,false,false,,,true,true,PASS
covariance:R3:1807,1807,R3,R2,R3;M,M;R2,false,false,,,true,true,PASS
covariance:R3:1815,1815,R3,R2,R3;M,M;R2,true,true,2957,2957,true,true,PASS
covariance:R3:1819,1819,R3,R2,R3;M,M;R2,false,false,,,true,true,PASS
covariance:R3:1821,1821,R3,R2,R3;M,M;R2,false,false,,,true,true,PASS
covariance:R3:1831,1831,R3,R2,R3;M,M;R2,true,true,2965,2965,true,true,PASS
covariance:R3:1835,1835,R3,R2,R3;M,M;R2,true,true,2969,2969,true,true,PASS
covariance:R3:1837,1837,R3,R2,R3;M,M;R2,true,true,1485,1485,true,true,PASS
covariance:R3:1843,1843,R3,R2,R3;M,M;R2,false,false,,,true,true,PASS
covariance:R3:1845,1845,R3,R2,R3;M,M;R2,false,false,,,true,true,PASS
covariance:R3:1849,1849,R3,R2,R3;M,M;R2,false,false,,,true,true,PASS
covariance:R3:1863,1863,R3,R2,R3;M,M;R2,true,true,2981,2981,true,true,PASS
covariance:R3:1867,1867,R3,R2,R3;M,M;R2,true,true,2985,2985,true,true,PASS
covariance:R3:1869,1869,R3,R2,R3;M,M;R2,true,true,1493,1493,true,true,PASS
covariance:R3:1875,1875,R3,R2,R3;M,M;R2,true,true,2993,2993,true,true,PASS
covariance:R3:1877,1877,R3,R2,R3;M,M;R2,true,true,1497,1497,true,true,PASS
covariance:R3:1881,1881,R3,R2,R3;M,M;R2,true,true,749,749,true,true,PASS
covariance:R3:1891,1891,R3,R2,R3;M,M;R2,false,false,,,true,true,PASS
covariance:R3:1893,1893,R3,R2,R3;M,M;R2,false,false,,,true,true,PASS
covariance:R3:1897,1897,R3,R2,R3;M,M;R2,false,false,,,true,true,PASS
covariance:R3:1905,1905,R3,R2,R3;M,M;R2,false,false,,,true,true,PASS
covariance:R3:1927,1927,R3,R2,R3;M,M;R2,true,true,3013,3013,true,true,PASS
covariance:R3:1931,1931,R3,R2,R3;M,M;R2,true,true,3017,3017,true,true,PASS
covariance:R3:1933,1933,R3,R2,R3;M,M;R2,true,true,1509,1509,true,true,PASS
covariance:R3:1939,1939,R3,R2,R3;M,M;R2,true,true,3025,3025,true,true,PASS
covariance:R3:1941,1941,R3,R2,R3;M,M;R2,true,true,1513,1513,true,true,PASS
covariance:R3:1945,1945,R3,R2,R3;M,M;R2,true,true,757,757,true,true,PASS
covariance:R3:1955,1955,R3,R2,R3;M,M;R2,true,true,3041,3041,true,true,PASS
covariance:R3:1957,1957,R3,R2,R3;M,M;R2,true,true,1521,1521,true,true,PASS
covariance:R3:1961,1961,R3,R2,R3;M,M;R2,true,true,761,761,true,true,PASS
covariance:R3:1969,1969,R3,R2,R3;M,M;R2,true,true,381,381,true,true,PASS
covariance:R3:1987,1987,R3,R2,R3;M,M;R2,false,false,,,true,true,PASS
covariance:R3:1989,1989,R3,R2,R3;M,M;R2,false,false,,,true,true,PASS
covariance:R3:1993,1993,R3,R2,R3;M,M;R2,false,false,,,true,true,PASS
covariance:R3:2001,2001,R3,R2,R3;M,M;R2,false,false,,,true,true,PASS
covariance:R3:2017,2017,R3,R2,R3;M,M;R2,false,false,,,true,true,PASS
covariance:R3:2111,2111,R3,R2,R3;M,M;R2,false,false,,,true,true,PASS
covariance:R3:2143,2143,R3,R2,R3;M,M;R2,false,false,,,true,true,PASS
covariance:R3:2159,2159,R3,R2,R3;M,M;R2,false,false,,,true,true,PASS
covariance:R3:2167,2167,R3,R2,R3;M,M;R2,true,true,3133,3133,true,true,PASS
covariance:R3:2171,2171,R3,R2,R3;M,M;R2,false,false,,,true,true,PASS
covariance:R3:2173,2173,R3,R2,R3;M,M;R2,false,false,,,true,true,PASS
covariance:R3:2207,2207,R3,R2,R3;M,M;R2,false,false,,,true,true,PASS
covariance:R3:2223,2223,R3,R2,R3;M,M;R2,false,false,,,true,true,PASS
covariance:R3:2231,2231,R3,R2,R3;M,M;R2,true,true,3165,3165,true,true,PASS
covariance:R3:2235,2235,R3,R2,R3;M,M;R2,false,false,,,true,true,PASS
covariance:R3:2237,2237,R3,R2,R3;M,M;R2,false,false,,,true,true,PASS
covariance:R3:2255,2255,R3,R2,R3;M,M;R2,false,false,,,true,true,PASS
covariance:R3:2263,2263,R3,R2,R3;M,M;R2,true,true,3181,3181,true,true,PASS
covariance:R3:2267,2267,R3,R2,R3;M,M;R2,false,false,,,true,true,PASS
covariance:R3:2269,2269,R3,R2,R3;M,M;R2,false,false,,,true,true,PASS
covariance:R3:2279,2279,R3,R2,R3;M,M;R2,true,true,3189,3189,true,true,PASS
covariance:R3:2283,2283,R3,R2,R3;M,M;R2,true,true,3193,3193,true,true,PASS
covariance:R3:2285,2285,R3,R2,R3;M,M;R2,true,true,1597,1597,true,true,PASS
covariance:R3:2291,2291,R3,R2,R3;M,M;R2,false,false,,,true,true,PASS
covariance:R3:2293,2293,R3,R2,R3;M,M;R2,false,false,,,true,true,PASS
covariance:R3:2297,2297,R3,R2,R3;M,M;R2,false,false,,,true,true,PASS
covariance:R3:2335,2335,R3,R2,R3;M,M;R2,false,false,,,true,true,PASS
covariance:R3:2351,2351,R3,R2,R3;M,M;R2,false,false,,,true,true,PASS
covariance:R3:2359,2359,R3,R2,R3;M,M;R2,true,true,3229,3229,true,true,PASS
covariance:R3:2363,2363,R3,R2,R3;M,M;R2,false,false,,,true,true,PASS
covariance:R3:2365,2365,R3,R2,R3;M,M;R2,false,false,,,true,true,PASS
covariance:R3:2383,2383,R3,R2,R3;M,M;R2,false,false,,,true,true,PASS
covariance:R3:2391,2391,R3,R2,R3;M,M;R2,true,true,3245,3245,true,true,PASS
covariance:R3:2395,2395,R3,R2,R3;M,M;R2,false,false,,,true,true,PASS
covariance:R3:2397,2397,R3,R2,R3;M,M;R2,false,false,,,true,true,PASS
covariance:R3:2407,2407,R3,R2,R3;M,M;R2,true,true,3253,3253,true,true,PASS
covariance:R3:2411,2411,R3,R2,R3;M,M;R2,true,true,3257,3257,true,true,PASS
covariance:R3:2413,2413,R3,R2,R3;M,M;R2,true,true,1629,1629,true,true,PASS
covariance:R3:2419,2419,R3,R2,R3;M,M;R2,false,false,,,true,true,PASS
covariance:R3:2421,2421,R3,R2,R3;M,M;R2,false,false,,,true,true,PASS
covariance:R3:2425,2425,R3,R2,R3;M,M;R2,false,false,,,true,true,PASS
covariance:R3:2447,2447,R3,R2,R3;M,M;R2,false,false,,,true,true,PASS
covariance:R3:2455,2455,R3,R2,R3;M,M;R2,true,true,3277,3277,true,true,PASS
covariance:R3:2459,2459,R3,R2,R3;M,M;R2,false,false,,,true,true,PASS
covariance:R3:2461,2461,R3,R2,R3;M,M;R2,false,false,,,true,true,PASS
covariance:R3:2471,2471,R3,R2,R3;M,M;R2,true,true,3285,3285,true,true,PASS
covariance:R3:2475,2475,R3,R2,R3;M,M;R2,true,true,3289,3289,true,true,PASS
covariance:R3:2477,2477,R3,R2,R3;M,M;R2,true,true,1645,1645,true,true,PASS
covariance:R3:2483,2483,R3,R2,R3;M,M;R2,false,false,,,true,true,PASS
covariance:R3:2485,2485,R3,R2,R3;M,M;R2,false,false,,,true,true,PASS
covariance:R3:2489,2489,R3,R2,R3;M,M;R2,false,false,,,true,true,PASS
covariance:R3:2503,2503,R3,R2,R3;M,M;R2,true,true,3301,3301,true,true,PASS
covariance:R3:2507,2507,R3,R2,R3;M,M;R2,true,true,3305,3305,true,true,PASS
covariance:R3:2509,2509,R3,R2,R3;M,M;R2,true,true,1653,1653,true,true,PASS
covariance:R3:2515,2515,R3,R2,R3;M,M;R2,true,true,3313,3313,true,true,PASS
covariance:R3:2517,2517,R3,R2,R3;M,M;R2,true,true,1657,1657,true,true,PASS
covariance:R3:2521,2521,R3,R2,R3;M,M;R2,true,true,829,829,true,true,PASS
covariance:R3:2531,2531,R3,R2,R3;M,M;R2,false,false,,,true,true,PASS
covariance:R3:2533,2533,R3,R2,R3;M,M;R2,false,false,,,true,true,PASS
covariance:R3:2537,2537,R3,R2,R3;M,M;R2,false,false,,,true,true,PASS
covariance:R3:2545,2545,R3,R2,R3;M,M;R2,false,false,,,true,true,PASS
covariance:R3:2591,2591,R3,R2,R3;M,M;R2,false,false,,,true,true,PASS
covariance:R3:2607,2607,R3,R2,R3;M,M;R2,false,false,,,true,true,PASS
covariance:R3:2615,2615,R3,R2,R3;M,M;R2,true,true,3357,3357,true,true,PASS
covariance:R3:2619,2619,R3,R2,R3;M,M;R2,false,false,,,true,true,PASS
covariance:R3:2621,2621,R3,R2,R3;M,M;R2,false,false,,,true,true,PASS
covariance:R3:2639,2639,R3,R2,R3;M,M;R2,false,false,,,true,true,PASS
covariance:R3:2647,2647,R3,R2,R3;M,M;R2,true,true,3373,3373,true,true,PASS
covariance:R3:2651,2651,R3,R2,R3;M,M;R2,false,false,,,true,true,PASS
covariance:R3:2653,2653,R3,R2,R3;M,M;R2,false,false,,,true,true,PASS
covariance:R3:2663,2663,R3,R2,R3;M,M;R2,true,true,3381,3381,true,true,PASS
covariance:R3:2667,2667,R3,R2,R3;M,M;R2,true,true,3385,3385,true,true,PASS
covariance:R3:2669,2669,R3,R2,R3;M,M;R2,true,true,1693,1693,true,true,PASS
covariance:R3:2675,2675,R3,R2,R3;M,M;R2,false,false,,,true,true,PASS
covariance:R3:2677,2677,R3,R2,R3;M,M;R2,false,false,,,true,true,PASS
covariance:R3:2681,2681,R3,R2,R3;M,M;R2,false,false,,,true,true,PASS
covariance:R3:2703,2703,R3,R2,R3;M,M;R2,false,false,,,true,true,PASS
covariance:R3:2711,2711,R3,R2,R3;M,M;R2,true,true,3405,3405,true,true,PASS
covariance:R3:2715,2715,R3,R2,R3;M,M;R2,false,false,,,true,true,PASS
covariance:R3:2717,2717,R3,R2,R3;M,M;R2,false,false,,,true,true,PASS
covariance:R3:2727,2727,R3,R2,R3;M,M;R2,true,true,3413,3413,true,true,PASS
covariance:R3:2731,2731,R3,R2,R3;M,M;R2,true,true,3417,3417,true,true,PASS
covariance:R3:2733,2733,R3,R2,R3;M,M;R2,true,true,1709,1709,true,true,PASS
covariance:R3:2739,2739,R3,R2,R3;M,M;R2,false,false,,,true,true,PASS
covariance:R3:2741,2741,R3,R2,R3;M,M;R2,false,false,,,true,true,PASS
covariance:R3:2745,2745,R3,R2,R3;M,M;R2,false,false,,,true,true,PASS
covariance:R3:2759,2759,R3,R2,R3;M,M;R2,true,true,3429,3429,true,true,PASS
covariance:R3:2763,2763,R3,R2,R3;M,M;R2,true,true,3433,3433,true,true,PASS
covariance:R3:2765,2765,R3,R2,R3;M,M;R2,true,true,1717,1717,true,true,PASS
covariance:R3:2771,2771,R3,R2,R3;M,M;R2,true,true,3441,3441,true,true,PASS
covariance:R3:2773,2773,R3,R2,R3;M,M;R2,true,true,1721,1721,true,true,PASS
covariance:R3:2777,2777,R3,R2,R3;M,M;R2,true,true,861,861,true,true,PASS
covariance:R3:2787,2787,R3,R2,R3;M,M;R2,false,false,,,true,true,PASS
covariance:R3:2789,2789,R3,R2,R3;M,M;R2,false,false,,,true,true,PASS
covariance:R3:2793,2793,R3,R2,R3;M,M;R2,false,false,,,true,true,PASS
covariance:R3:2801,2801,R3,R2,R3;M,M;R2,false,false,,,true,true,PASS
covariance:R3:2831,2831,R3,R2,R3;M,M;R2,false,false,,,true,true,PASS
covariance:R3:2839,2839,R3,R2,R3;M,M;R2,true,true,3469,3469,true,true,PASS
covariance:R3:2843,2843,R3,R2,R3;M,M;R2,false,false,,,true,true,PASS
covariance:R3:2845,2845,R3,R2,R3;M,M;R2,false,false,,,true,true,PASS
covariance:R3:2855,2855,R3,R2,R3;M,M;R2,true,true,3477,3477,true,true,PASS
covariance:R3:2859,2859,R3,R2,R3;M,M;R2,true,true,3481,3481,true,true,PASS
covariance:R3:2861,2861,R3,R2,R3;M,M;R2,true,true,1741,1741,true,true,PASS
covariance:R3:2867,2867,R3,R2,R3;M,M;R2,false,false,,,true,true,PASS
covariance:R3:2869,2869,R3,R2,R3;M,M;R2,false,false,,,true,true,PASS
covariance:R3:2873,2873,R3,R2,R3;M,M;R2,false,false,,,true,true,PASS
covariance:R3:2887,2887,R3,R2,R3;M,M;R2,true,true,3493,3493,true,true,PASS
covariance:R3:2891,2891,R3,R2,R3;M,M;R2,true,true,3497,3497,true,true,PASS
covariance:R3:2893,2893,R3,R2,R3;M,M;R2,true,true,1749,1749,true,true,PASS
covariance:R3:2899,2899,R3,R2,R3;M,M;R2,true,true,3505,3505,true,true,PASS
covariance:R3:2901,2901,R3,R2,R3;M,M;R2,true,true,1753,1753,true,true,PASS
covariance:R3:2905,2905,R3,R2,R3;M,M;R2,true,true,877,877,true,true,PASS
covariance:R3:2915,2915,R3,R2,R3;M,M;R2,false,false,,,true,true,PASS
covariance:R3:2917,2917,R3,R2,R3;M,M;R2,false,false,,,true,true,PASS
covariance:R3:2921,2921,R3,R2,R3;M,M;R2,false,false,,,true,true,PASS
covariance:R3:2929,2929,R3,R2,R3;M,M;R2,false,false,,,true,true,PASS
covariance:R3:2951,2951,R3,R2,R3;M,M;R2,true,true,3525,3525,true,true,PASS
covariance:R3:2955,2955,R3,R2,R3;M,M;R2,true,true,3529,3529,true,true,PASS
covariance:R3:2957,2957,R3,R2,R3;M,M;R2,true,true,1765,1765,true,true,PASS
covariance:R3:2963,2963,R3,R2,R3;M,M;R2,true,true,3537,3537,true,true,PASS
covariance:R3:2965,2965,R3,R2,R3;M,M;R2,true,true,1769,1769,true,true,PASS
covariance:R3:2969,2969,R3,R2,R3;M,M;R2,true,true,885,885,true,true,PASS
covariance:R3:2979,2979,R3,R2,R3;M,M;R2,true,true,3553,3553,true,true,PASS
covariance:R3:2981,2981,R3,R2,R3;M,M;R2,true,true,1777,1777,true,true,PASS
covariance:R3:2985,2985,R3,R2,R3;M,M;R2,true,true,889,889,true,true,PASS
covariance:R3:2993,2993,R3,R2,R3;M,M;R2,true,true,445,445,true,true,PASS
covariance:R3:3011,3011,R3,R2,R3;M,M;R2,false,false,,,true,true,PASS
covariance:R3:3013,3013,R3,R2,R3;M,M;R2,false,false,,,true,true,PASS
covariance:R3:3017,3017,R3,R2,R3;M,M;R2,false,false,,,true,true,PASS
covariance:R3:3025,3025,R3,R2,R3;M,M;R2,false,false,,,true,true,PASS
covariance:R3:3041,3041,R3,R2,R3;M,M;R2,false,false,,,true,true,PASS
covariance:R3:3103,3103,R3,R2,R3;M,M;R2,false,false,,,true,true,PASS
covariance:R3:3119,3119,R3,R2,R3;M,M;R2,false,false,,,true,true,PASS
covariance:R3:3127,3127,R3,R2,R3;M,M;R2,true,true,3613,3613,true,true,PASS
covariance:R3:3131,3131,R3,R2,R3;M,M;R2,false,false,,,true,true,PASS
covariance:R3:3133,3133,R3,R2,R3;M,M;R2,false,false,,,true,true,PASS
covariance:R3:3151,3151,R3,R2,R3;M,M;R2,false,false,,,true,true,PASS
covariance:R3:3159,3159,R3,R2,R3;M,M;R2,true,true,3629,3629,true,true,PASS
covariance:R3:3163,3163,R3,R2,R3;M,M;R2,false,false,,,true,true,PASS
covariance:R3:3165,3165,R3,R2,R3;M,M;R2,false,false,,,true,true,PASS
covariance:R3:3175,3175,R3,R2,R3;M,M;R2,true,true,3637,3637,true,true,PASS
covariance:R3:3179,3179,R3,R2,R3;M,M;R2,true,true,3641,3641,true,true,PASS
covariance:R3:3181,3181,R3,R2,R3;M,M;R2,true,true,1821,1821,true,true,PASS
covariance:R3:3187,3187,R3,R2,R3;M,M;R2,false,false,,,true,true,PASS
covariance:R3:3189,3189,R3,R2,R3;M,M;R2,false,false,,,true,true,PASS
covariance:R3:3193,3193,R3,R2,R3;M,M;R2,false,false,,,true,true,PASS
covariance:R3:3215,3215,R3,R2,R3;M,M;R2,false,false,,,true,true,PASS
covariance:R3:3223,3223,R3,R2,R3;M,M;R2,true,true,3661,3661,true,true,PASS
covariance:R3:3227,3227,R3,R2,R3;M,M;R2,false,false,,,true,true,PASS
covariance:R3:3229,3229,R3,R2,R3;M,M;R2,false,false,,,true,true,PASS
covariance:R3:3239,3239,R3,R2,R3;M,M;R2,true,true,3669,3669,true,true,PASS
covariance:R3:3243,3243,R3,R2,R3;M,M;R2,true,true,3673,3673,true,true,PASS
covariance:R3:3245,3245,R3,R2,R3;M,M;R2,true,true,1837,1837,true,true,PASS
covariance:R3:3251,3251,R3,R2,R3;M,M;R2,false,false,,,true,true,PASS
covariance:R3:3253,3253,R3,R2,R3;M,M;R2,false,false,,,true,true,PASS
covariance:R3:3257,3257,R3,R2,R3;M,M;R2,false,false,,,true,true,PASS
covariance:R3:3271,3271,R3,R2,R3;M,M;R2,true,true,3685,3685,true,true,PASS
covariance:R3:3275,3275,R3,R2,R3;M,M;R2,true,true,3689,3689,true,true,PASS
covariance:R3:3277,3277,R3,R2,R3;M,M;R2,true,true,1845,1845,true,true,PASS
covariance:R3:3283,3283,R3,R2,R3;M,M;R2,true,true,3697,3697,true,true,PASS
covariance:R3:3285,3285,R3,R2,R3;M,M;R2,true,true,1849,1849,true,true,PASS
covariance:R3:3289,3289,R3,R2,R3;M,M;R2,true,true,925,925,true,true,PASS
covariance:R3:3299,3299,R3,R2,R3;M,M;R2,false,false,,,true,true,PASS
covariance:R3:3301,3301,R3,R2,R3;M,M;R2,false,false,,,true,true,PASS
covariance:R3:3305,3305,R3,R2,R3;M,M;R2,false,false,,,true,true,PASS
covariance:R3:3313,3313,R3,R2,R3;M,M;R2,false,false,,,true,true,PASS
covariance:R3:3343,3343,R3,R2,R3;M,M;R2,false,false,,,true,true,PASS
covariance:R3:3351,3351,R3,R2,R3;M,M;R2,true,true,3725,3725,true,true,PASS
covariance:R3:3355,3355,R3,R2,R3;M,M;R2,false,false,,,true,true,PASS
covariance:R3:3357,3357,R3,R2,R3;M,M;R2,false,false,,,true,true,PASS
covariance:R3:3367,3367,R3,R2,R3;M,M;R2,true,true,3733,3733,true,true,PASS
covariance:R3:3371,3371,R3,R2,R3;M,M;R2,true,true,3737,3737,true,true,PASS
covariance:R3:3373,3373,R3,R2,R3;M,M;R2,true,true,1869,1869,true,true,PASS
covariance:R3:3379,3379,R3,R2,R3;M,M;R2,false,false,,,true,true,PASS
covariance:R3:3381,3381,R3,R2,R3;M,M;R2,false,false,,,true,true,PASS
covariance:R3:3385,3385,R3,R2,R3;M,M;R2,false,false,,,true,true,PASS
covariance:R3:3399,3399,R3,R2,R3;M,M;R2,true,true,3749,3749,true,true,PASS
covariance:R3:3403,3403,R3,R2,R3;M,M;R2,true,true,3753,3753,true,true,PASS
covariance:R3:3405,3405,R3,R2,R3;M,M;R2,true,true,1877,1877,true,true,PASS
covariance:R3:3411,3411,R3,R2,R3;M,M;R2,true,true,3761,3761,true,true,PASS
covariance:R3:3413,3413,R3,R2,R3;M,M;R2,true,true,1881,1881,true,true,PASS
covariance:R3:3417,3417,R3,R2,R3;M,M;R2,true,true,941,941,true,true,PASS
covariance:R3:3427,3427,R3,R2,R3;M,M;R2,false,false,,,true,true,PASS
covariance:R3:3429,3429,R3,R2,R3;M,M;R2,false,false,,,true,true,PASS
covariance:R3:3433,3433,R3,R2,R3;M,M;R2,false,false,,,true,true,PASS
covariance:R3:3441,3441,R3,R2,R3;M,M;R2,false,false,,,true,true,PASS
covariance:R3:3463,3463,R3,R2,R3;M,M;R2,true,true,3781,3781,true,true,PASS
covariance:R3:3467,3467,R3,R2,R3;M,M;R2,true,true,3785,3785,true,true,PASS
covariance:R3:3469,3469,R3,R2,R3;M,M;R2,true,true,1893,1893,true,true,PASS
covariance:R3:3475,3475,R3,R2,R3;M,M;R2,true,true,3793,3793,true,true,PASS
covariance:R3:3477,3477,R3,R2,R3;M,M;R2,true,true,1897,1897,true,true,PASS
covariance:R3:3481,3481,R3,R2,R3;M,M;R2,true,true,949,949,true,true,PASS
covariance:R3:3491,3491,R3,R2,R3;M,M;R2,true,true,3809,3809,true,true,PASS
covariance:R3:3493,3493,R3,R2,R3;M,M;R2,true,true,1905,1905,true,true,PASS
covariance:R3:3497,3497,R3,R2,R3;M,M;R2,true,true,953,953,true,true,PASS
covariance:R3:3505,3505,R3,R2,R3;M,M;R2,true,true,477,477,true,true,PASS
covariance:R3:3523,3523,R3,R2,R3;M,M;R2,false,false,,,true,true,PASS
covariance:R3:3525,3525,R3,R2,R3;M,M;R2,false,false,,,true,true,PASS
covariance:R3:3529,3529,R3,R2,R3;M,M;R2,false,false,,,true,true,PASS
covariance:R3:3537,3537,R3,R2,R3;M,M;R2,false,false,,,true,true,PASS
covariance:R3:3553,3553,R3,R2,R3;M,M;R2,false,false,,,true,true,PASS
covariance:R3:3599,3599,R3,R2,R3;M,M;R2,false,false,,,true,true,PASS
covariance:R3:3607,3607,R3,R2,R3;M,M;R2,true,true,3853,3853,true,true,PASS
covariance:R3:3611,3611,R3,R2,R3;M,M;R2,false,false,,,true,true,PASS
covariance:R3:3613,3613,R3,R2,R3;M,M;R2,false,false,,,true,true,PASS
covariance:R3:3623,3623,R3,R2,R3;M,M;R2,true,true,3861,3861,true,true,PASS
covariance:R3:3627,3627,R3,R2,R3;M,M;R2,true,true,3865,3865,true,true,PASS
covariance:R3:3629,3629,R3,R2,R3;M,M;R2,true,true,1933,1933,true,true,PASS
covariance:R3:3635,3635,R3,R2,R3;M,M;R2,false,false,,,true,true,PASS
covariance:R3:3637,3637,R3,R2,R3;M,M;R2,false,false,,,true,true,PASS
covariance:R3:3641,3641,R3,R2,R3;M,M;R2,false,false,,,true,true,PASS
covariance:R3:3655,3655,R3,R2,R3;M,M;R2,true,true,3877,3877,true,true,PASS
covariance:R3:3659,3659,R3,R2,R3;M,M;R2,true,true,3881,3881,true,true,PASS
covariance:R3:3661,3661,R3,R2,R3;M,M;R2,true,true,1941,1941,true,true,PASS
covariance:R3:3667,3667,R3,R2,R3;M,M;R2,true,true,3889,3889,true,true,PASS
covariance:R3:3669,3669,R3,R2,R3;M,M;R2,true,true,1945,1945,true,true,PASS
covariance:R3:3673,3673,R3,R2,R3;M,M;R2,true,true,973,973,true,true,PASS
covariance:R3:3683,3683,R3,R2,R3;M,M;R2,false,false,,,true,true,PASS
covariance:R3:3685,3685,R3,R2,R3;M,M;R2,false,false,,,true,true,PASS
covariance:R3:3689,3689,R3,R2,R3;M,M;R2,false,false,,,true,true,PASS
covariance:R3:3697,3697,R3,R2,R3;M,M;R2,false,false,,,true,true,PASS
covariance:R3:3719,3719,R3,R2,R3;M,M;R2,true,true,3909,3909,true,true,PASS
covariance:R3:3723,3723,R3,R2,R3;M,M;R2,true,true,3913,3913,true,true,PASS
covariance:R3:3725,3725,R3,R2,R3;M,M;R2,true,true,1957,1957,true,true,PASS
covariance:R3:3731,3731,R3,R2,R3;M,M;R2,true,true,3921,3921,true,true,PASS
covariance:R3:3733,3733,R3,R2,R3;M,M;R2,true,true,1961,1961,true,true,PASS
covariance:R3:3737,3737,R3,R2,R3;M,M;R2,true,true,981,981,true,true,PASS
covariance:R3:3747,3747,R3,R2,R3;M,M;R2,true,true,3937,3937,true,true,PASS
covariance:R3:3749,3749,R3,R2,R3;M,M;R2,true,true,1969,1969,true,true,PASS
covariance:R3:3753,3753,R3,R2,R3;M,M;R2,true,true,985,985,true,true,PASS
covariance:R3:3761,3761,R3,R2,R3;M,M;R2,true,true,493,493,true,true,PASS
covariance:R3:3779,3779,R3,R2,R3;M,M;R2,false,false,,,true,true,PASS
covariance:R3:3781,3781,R3,R2,R3;M,M;R2,false,false,,,true,true,PASS
covariance:R3:3785,3785,R3,R2,R3;M,M;R2,false,false,,,true,true,PASS
covariance:R3:3793,3793,R3,R2,R3;M,M;R2,false,false,,,true,true,PASS
covariance:R3:3809,3809,R3,R2,R3;M,M;R2,false,false,,,true,true,PASS
covariance:R3:3847,3847,R3,R2,R3;M,M;R2,true,true,3973,3973,true,true,PASS
covariance:R3:3851,3851,R3,R2,R3;M,M;R2,true,true,3977,3977,true,true,PASS
covariance:R3:3853,3853,R3,R2,R3;M,M;R2,true,true,1989,1989,true,true,PASS
covariance:R3:3859,3859,R3,R2,R3;M,M;R2,true,true,3985,3985,true,true,PASS
covariance:R3:3861,3861,R3,R2,R3;M,M;R2,true,true,1993,1993,true,true,PASS
covariance:R3:3865,3865,R3,R2,R3;M,M;R2,true,true,997,997,true,true,PASS
covariance:R3:3875,3875,R3,R2,R3;M,M;R2,true,true,4001,4001,true,true,PASS
covariance:R3:3877,3877,R3,R2,R3;M,M;R2,true,true,2001,2001,true,true,PASS
covariance:R3:3881,3881,R3,R2,R3;M,M;R2,true,true,1001,1001,true,true,PASS
covariance:R3:3889,3889,R3,R2,R3;M,M;R2,true,true,501,501,true,true,PASS
covariance:R3:3907,3907,R3,R2,R3;M,M;R2,true,true,4033,4033,true,true,PASS
covariance:R3:3909,3909,R3,R2,R3;M,M;R2,true,true,2017,2017,true,true,PASS
covariance:R3:3913,3913,R3,R2,R3;M,M;R2,true,true,1009,1009,true,true,PASS
covariance:R3:3921,3921,R3,R2,R3;M,M;R2,true,true,505,505,true,true,PASS
covariance:R3:3937,3937,R3,R2,R3;M,M;R2,true,true,253,253,true,true,PASS
covariance:R3:3971,3971,R3,R2,R3;M,M;R2,false,false,,,true,true,PASS
covariance:R3:3973,3973,R3,R2,R3;M,M;R2,false,false,,,true,true,PASS
covariance:R3:3977,3977,R3,R2,R3;M,M;R2,false,false,,,true,true,PASS
covariance:R3:3985,3985,R3,R2,R3;M,M;R2,false,false,,,true,true,PASS
covariance:R3:4001,4001,R3,R2,R3;M,M;R2,false,false,,,true,true,PASS
covariance:R3:4033,4033,R3,R2,R3;M,M;R2,false,false,,,true,true,PASS
covariance:L3:127,127,L3,L2,L3;M,M;L2,false,false,,,true,true,PASS
covariance:L3:191,191,L3,L2,L3;M,M;L2,false,false,,,true,true,PASS
covariance:L3:223,223,L3,L2,L3;M,M;L2,false,false,,,true,true,PASS
covariance:L3:239,239,L3,L2,L3;M,M;L2,false,false,,,true,true,PASS
covariance:L3:247,247,L3,L2,L3;M,M;L2,false,false,,,true,true,PASS
covariance:L3:251,251,L3,L2,L3;M,M;L2,true,true,2171,2171,true,true,PASS
covariance:L3:253,253,L3,L2,L3;M,M;L2,false,false,,,true,true,PASS
covariance:L3:319,319,L3,L2,L3;M,M;L2,false,false,,,true,true,PASS
covariance:L3:351,351,L3,L2,L3;M,M;L2,false,false,,,true,true,PASS
covariance:L3:367,367,L3,L2,L3;M,M;L2,false,false,,,true,true,PASS
covariance:L3:375,375,L3,L2,L3;M,M;L2,false,false,,,true,true,PASS
covariance:L3:379,379,L3,L2,L3;M,M;L2,true,true,2235,2235,true,true,PASS
covariance:L3:381,381,L3,L2,L3;M,M;L2,false,false,,,true,true,PASS
covariance:L3:415,415,L3,L2,L3;M,M;L2,false,false,,,true,true,PASS
covariance:L3:431,431,L3,L2,L3;M,M;L2,false,false,,,true,true,PASS
covariance:L3:439,439,L3,L2,L3;M,M;L2,false,false,,,true,true,PASS
covariance:L3:443,443,L3,L2,L3;M,M;L2,true,true,2267,2267,true,true,PASS
covariance:L3:445,445,L3,L2,L3;M,M;L2,false,false,,,true,true,PASS
covariance:L3:463,463,L3,L2,L3;M,M;L2,false,false,,,true,true,PASS
covariance:L3:471,471,L3,L2,L3;M,M;L2,false,false,,,true,true,PASS
covariance:L3:475,475,L3,L2,L3;M,M;L2,true,true,2283,2283,true,true,PASS
covariance:L3:477,477,L3,L2,L3;M,M;L2,false,false,,,true,true,PASS
covariance:L3:487,487,L3,L2,L3;M,M;L2,false,false,,,true,true,PASS
covariance:L3:491,491,L3,L2,L3;M,M;L2,true,true,2291,2291,true,true,PASS
covariance:L3:493,493,L3,L2,L3;M,M;L2,false,false,,,true,true,PASS
covariance:L3:499,499,L3,L2,L3;M,M;L2,true,true,2293,2293,true,true,PASS
covariance:L3:501,501,L3,L2,L3;M,M;L2,true,true,1147,1147,true,true,PASS
covariance:L3:505,505,L3,L2,L3;M,M;L2,false,false,,,true,true,PASS
covariance:L3:575,575,L3,L2,L3;M,M;L2,false,false,,,true,true,PASS
covariance:L3:607,607,L3,L2,L3;M,M;L2,false,false,,,true,true,PASS
covariance:L3:623,623,L3,L2,L3;M,M;L2,false,false,,,true,true,PASS
covariance:L3:631,631,L3,L2,L3;M,M;L2,false,false,,,true,true,PASS
covariance:L3:635,635,L3,L2,L3;M,M;L2,true,true,2363,2363,true,true,PASS
covariance:L3:637,637,L3,L2,L3;M,M;L2,false,false,,,true,true,PASS
covariance:L3:671,671,L3,L2,L3;M,M;L2,false,false,,,true,true,PASS
covariance:L3:687,687,L3,L2,L3;M,M;L2,false,false,,,true,true,PASS
covariance:L3:695,695,L3,L2,L3;M,M;L2,false,false,,,true,true,PASS
covariance:L3:699,699,L3,L2,L3;M,M;L2,true,true,2395,2395,true,true,PASS
covariance:L3:701,701,L3,L2,L3;M,M;L2,false,false,,,true,true,PASS
covariance:L3:719,719,L3,L2,L3;M,M;L2,false,false,,,true,true,PASS
covariance:L3:727,727,L3,L2,L3;M,M;L2,false,false,,,true,true,PASS
covariance:L3:731,731,L3,L2,L3;M,M;L2,true,true,2411,2411,true,true,PASS
covariance:L3:733,733,L3,L2,L3;M,M;L2,false,false,,,true,true,PASS
covariance:L3:743,743,L3,L2,L3;M,M;L2,false,false,,,true,true,PASS
covariance:L3:747,747,L3,L2,L3;M,M;L2,true,true,2419,2419,true,true,PASS
covariance:L3:749,749,L3,L2,L3;M,M;L2,false,false,,,true,true,PASS
covariance:L3:755,755,L3,L2,L3;M,M;L2,true,true,2421,2421,true,true,PASS
covariance:L3:757,757,L3,L2,L3;M,M;L2,true,true,1211,1211,true,true,PASS
covariance:L3:761,761,L3,L2,L3;M,M;L2,false,false,,,true,true,PASS
covariance:L3:799,799,L3,L2,L3;M,M;L2,false,false,,,true,true,PASS
covariance:L3:815,815,L3,L2,L3;M,M;L2,false,false,,,true,true,PASS
covariance:L3:823,823,L3,L2,L3;M,M;L2,false,false,,,true,true,PASS
covariance:L3:827,827,L3,L2,L3;M,M;L2,true,true,2459,2459,true,true,PASS
covariance:L3:829,829,L3,L2,L3;M,M;L2,false,false,,,true,true,PASS
covariance:L3:847,847,L3,L2,L3;M,M;L2,false,false,,,true,true,PASS
covariance:L3:855,855,L3,L2,L3;M,M;L2,false,false,,,true,true,PASS
covariance:L3:859,859,L3,L2,L3;M,M;L2,true,true,2475,2475,true,true,PASS
covariance:L3:861,861,L3,L2,L3;M,M;L2,false,false,,,true,true,PASS
covariance:L3:871,871,L3,L2,L3;M,M;L2,false,false,,,true,true,PASS
covariance:L3:875,875,L3,L2,L3;M,M;L2,true,true,2483,2483,true,true,PASS
covariance:L3:877,877,L3,L2,L3;M,M;L2,false,false,,,true,true,PASS
covariance:L3:883,883,L3,L2,L3;M,M;L2,true,true,2485,2485,true,true,PASS
covariance:L3:885,885,L3,L2,L3;M,M;L2,true,true,1243,1243,true,true,PASS
covariance:L3:889,889,L3,L2,L3;M,M;L2,false,false,,,true,true,PASS
covariance:L3:911,911,L3,L2,L3;M,M;L2,false,false,,,true,true,PASS
covariance:L3:919,919,L3,L2,L3;M,M;L2,false,false,,,true,true,PASS
covariance:L3:923,923,L3,L2,L3;M,M;L2,true,true,2507,2507,true,true,PASS
covariance:L3:925,925,L3,L2,L3;M,M;L2,false,false,,,true,true,PASS
covariance:L3:935,935,L3,L2,L3;M,M;L2,false,false,,,true,true,PASS
covariance:L3:939,939,L3,L2,L3;M,M;L2,true,true,2515,2515,true,true,PASS
covariance:L3:941,941,L3,L2,L3;M,M;L2,false,false,,,true,true,PASS
covariance:L3:947,947,L3,L2,L3;M,M;L2,true,true,2517,2517,true,true,PASS
covariance:L3:949,949,L3,L2,L3;M,M;L2,true,true,1259,1259,true,true,PASS
covariance:L3:953,953,L3,L2,L3;M,M;L2,false,false,,,true,true,PASS
covariance:L3:967,967,L3,L2,L3;M,M;L2,false,false,,,true,true,PASS
covariance:L3:971,971,L3,L2,L3;M,M;L2,true,true,2531,2531,true,true,PASS
covariance:L3:973,973,L3,L2,L3;M,M;L2,false,false,,,true,true,PASS
covariance:L3:979,979,L3,L2,L3;M,M;L2,true,true,2533,2533,true,true,PASS
covariance:L3:981,981,L3,L2,L3;M,M;L2,true,true,1267,1267,true,true,PASS
covariance:L3:985,985,L3,L2,L3;M,M;L2,false,false,,,true,true,PASS
covariance:L3:995,995,L3,L2,L3;M,M;L2,true,true,2537,2537,true,true,PASS
covariance:L3:997,997,L3,L2,L3;M,M;L2,true,true,1269,1269,true,true,PASS
covariance:L3:1001,1001,L3,L2,L3;M,M;L2,true,true,635,635,true,true,PASS
covariance:L3:1009,1009,L3,L2,L3;M,M;L2,false,false,,,true,true,PASS
covariance:L3:1087,1087,L3,L2,L3;M,M;L2,false,false,,,true,true,PASS
covariance:L3:1119,1119,L3,L2,L3;M,M;L2,false,false,,,true,true,PASS
covariance:L3:1135,1135,L3,L2,L3;M,M;L2,false,false,,,true,true,PASS
covariance:L3:1143,1143,L3,L2,L3;M,M;L2,false,false,,,true,true,PASS
covariance:L3:1147,1147,L3,L2,L3;M,M;L2,true,true,2619,2619,true,true,PASS
covariance:L3:1149,1149,L3,L2,L3;M,M;L2,false,false,,,true,true,PASS
covariance:L3:1183,1183,L3,L2,L3;M,M;L2,false,false,,,true,true,PASS
covariance:L3:1199,1199,L3,L2,L3;M,M;L2,false,false,,,true,true,PASS
covariance:L3:1207,1207,L3,L2,L3;M,M;L2,false,false,,,true,true,PASS
covariance:L3:1211,1211,L3,L2,L3;M,M;L2,true,true,2651,2651,true,true,PASS
covariance:L3:1213,1213,L3,L2,L3;M,M;L2,false,false,,,true,true,PASS
covariance:L3:1231,1231,L3,L2,L3;M,M;L2,false,false,,,true,true,PASS
covariance:L3:1239,1239,L3,L2,L3;M,M;L2,false,false,,,true,true,PASS
covariance:L3:1243,1243,L3,L2,L3;M,M;L2,true,true,2667,2667,true,true,PASS
covariance:L3:1245,1245,L3,L2,L3;M,M;L2,false,false,,,true,true,PASS
covariance:L3:1255,1255,L3,L2,L3;M,M;L2,false,false,,,true,true,PASS
covariance:L3:1259,1259,L3,L2,L3;M,M;L2,true,true,2675,2675,true,true,PASS
covariance:L3:1261,1261,L3,L2,L3;M,M;L2,false,false,,,true,true,PASS
covariance:L3:1267,1267,L3,L2,L3;M,M;L2,true,true,2677,2677,true,true,PASS
covariance:L3:1269,1269,L3,L2,L3;M,M;L2,true,true,1339,1339,true,true,PASS
covariance:L3:1273,1273,L3,L2,L3;M,M;L2,false,false,,,true,true,PASS
covariance:L3:1311,1311,L3,L2,L3;M,M;L2,false,false,,,true,true,PASS
covariance:L3:1327,1327,L3,L2,L3;M,M;L2,false,false,,,true,true,PASS
covariance:L3:1335,1335,L3,L2,L3;M,M;L2,false,false,,,true,true,PASS
covariance:L3:1339,1339,L3,L2,L3;M,M;L2,true,true,2715,2715,true,true,PASS
covariance:L3:1341,1341,L3,L2,L3;M,M;L2,false,false,,,true,true,PASS
covariance:L3:1359,1359,L3,L2,L3;M,M;L2,false,false,,,true,true,PASS
covariance:L3:1367,1367,L3,L2,L3;M,M;L2,false,false,,,true,true,PASS
covariance:L3:1371,1371,L3,L2,L3;M,M;L2,true,true,2731,2731,true,true,PASS
covariance:L3:1373,1373,L3,L2,L3;M,M;L2,false,false,,,true,true,PASS
covariance:L3:1383,1383,L3,L2,L3;M,M;L2,false,false,,,true,true,PASS
covariance:L3:1387,1387,L3,L2,L3;M,M;L2,true,true,2739,2739,true,true,PASS
covariance:L3:1389,1389,L3,L2,L3;M,M;L2,false,false,,,true,true,PASS
covariance:L3:1395,1395,L3,L2,L3;M,M;L2,true,true,2741,2741,true,true,PASS
covariance:L3:1397,1397,L3,L2,L3;M,M;L2,true,true,1371,1371,true,true,PASS
covariance:L3:1401,1401,L3,L2,L3;M,M;L2,false,false,,,true,true,PASS
covariance:L3:1423,1423,L3,L2,L3;M,M;L2,false,false,,,true,true,PASS
covariance:L3:1431,1431,L3,L2,L3;M,M;L2,false,false,,,true,true,PASS
covariance:L3:1435,1435,L3,L2,L3;M,M;L2,true,true,2763,2763,true,true,PASS
covariance:L3:1437,1437,L3,L2,L3;M,M;L2,false,false,,,true,true,PASS
covariance:L3:1447,1447,L3,L2,L3;M,M;L2,false,false,,,true,true,PASS
covariance:L3:1451,1451,L3,L2,L3;M,M;L2,true,true,2771,2771,true,true,PASS
covariance:L3:1453,1453,L3,L2,L3;M,M;L2,false,false,,,true,true,PASS
covariance:L3:1459,1459,L3,L2,L3;M,M;L2,true,true,2773,2773,true,true,PASS
covariance:L3:1461,1461,L3,L2,L3;M,M;L2,true,true,1387,1387,true,true,PASS
covariance:L3:1465,1465,L3,L2,L3;M,M;L2,false,false,,,true,true,PASS
covariance:L3:1479,1479,L3,L2,L3;M,M;L2,false,false,,,true,true,PASS
covariance:L3:1483,1483,L3,L2,L3;M,M;L2,true,true,2787,2787,true,true,PASS
covariance:L3:1485,1485,L3,L2,L3;M,M;L2,false,false,,,true,true,PASS
covariance:L3:1491,1491,L3,L2,L3;M,M;L2,true,true,2789,2789,true,true,PASS
covariance:L3:1493,1493,L3,L2,L3;M,M;L2,true,true,1395,1395,true,true,PASS
covariance:L3:1497,1497,L3,L2,L3;M,M;L2,false,false,,,true,true,PASS
covariance:L3:1507,1507,L3,L2,L3;M,M;L2,true,true,2793,2793,true,true,PASS
covariance:L3:1509,1509,L3,L2,L3;M,M;L2,true,true,1397,1397,true,true,PASS
covariance:L3:1513,1513,L3,L2,L3;M,M;L2,true,true,699,699,true,true,PASS
covariance:L3:1521,1521,L3,L2,L3;M,M;L2,false,false,,,true,true,PASS
covariance:L3:1567,1567,L3,L2,L3;M,M;L2,false,false,,,true,true,PASS
covariance:L3:1583,1583,L3,L2,L3;M,M;L2,false,false,,,true,true,PASS
covariance:L3:1591,1591,L3,L2,L3;M,M;L2,false,false,,,true,true,PASS
covariance:L3:1595,1595,L3,L2,L3;M,M;L2,true,true,2843,2843,true,true,PASS
covariance:L3:1597,1597,L3,L2,L3;M,M;L2,false,false,,,true,true,PASS
covariance:L3:1615,1615,L3,L2,L3;M,M;L2,false,false,,,true,true,PASS
covariance:L3:1623,1623,L3,L2,L3;M,M;L2,false,false,,,true,true,PASS
covariance:L3:1627,1627,L3,L2,L3;M,M;L2,true,true,2859,2859,true,true,PASS
covariance:L3:1629,1629,L3,L2,L3;M,M;L2,false,false,,,true,true,PASS
covariance:L3:1639,1639,L3,L2,L3;M,M;L2,false,false,,,true,true,PASS
covariance:L3:1643,1643,L3,L2,L3;M,M;L2,true,true,2867,2867,true,true,PASS
covariance:L3:1645,1645,L3,L2,L3;M,M;L2,false,false,,,true,true,PASS
covariance:L3:1651,1651,L3,L2,L3;M,M;L2,true,true,2869,2869,true,true,PASS
covariance:L3:1653,1653,L3,L2,L3;M,M;L2,true,true,1435,1435,true,true,PASS
covariance:L3:1657,1657,L3,L2,L3;M,M;L2,false,false,,,true,true,PASS
covariance:L3:1679,1679,L3,L2,L3;M,M;L2,false,false,,,true,true,PASS
covariance:L3:1687,1687,L3,L2,L3;M,M;L2,false,false,,,true,true,PASS
covariance:L3:1691,1691,L3,L2,L3;M,M;L2,true,true,2891,2891,true,true,PASS
covariance:L3:1693,1693,L3,L2,L3;M,M;L2,false,false,,,true,true,PASS
covariance:L3:1703,1703,L3,L2,L3;M,M;L2,false,false,,,true,true,PASS
covariance:L3:1707,1707,L3,L2,L3;M,M;L2,true,true,2899,2899,true,true,PASS
covariance:L3:1709,1709,L3,L2,L3;M,M;L2,false,false,,,true,true,PASS
covariance:L3:1715,1715,L3,L2,L3;M,M;L2,true,true,2901,2901,true,true,PASS
covariance:L3:1717,1717,L3,L2,L3;M,M;L2,true,true,1451,1451,true,true,PASS
covariance:L3:1721,1721,L3,L2,L3;M,M;L2,false,false,,,true,true,PASS
covariance:L3:1735,1735,L3,L2,L3;M,M;L2,false,false,,,true,true,PASS
covariance:L3:1739,1739,L3,L2,L3;M,M;L2,true,true,2915,2915,true,true,PASS
covariance:L3:1741,1741,L3,L2,L3;M,M;L2,false,false,,,true,true,PASS
covariance:L3:1747,1747,L3,L2,L3;M,M;L2,true,true,2917,2917,true,true,PASS
covariance:L3:1749,1749,L3,L2,L3;M,M;L2,true,true,1459,1459,true,true,PASS
covariance:L3:1753,1753,L3,L2,L3;M,M;L2,false,false,,,true,true,PASS
covariance:L3:1763,1763,L3,L2,L3;M,M;L2,true,true,2921,2921,true,true,PASS
covariance:L3:1765,1765,L3,L2,L3;M,M;L2,true,true,1461,1461,true,true,PASS
covariance:L3:1769,1769,L3,L2,L3;M,M;L2,true,true,731,731,true,true,PASS
covariance:L3:1777,1777,L3,L2,L3;M,M;L2,false,false,,,true,true,PASS
covariance:L3:1807,1807,L3,L2,L3;M,M;L2,false,false,,,true,true,PASS
covariance:L3:1815,1815,L3,L2,L3;M,M;L2,false,false,,,true,true,PASS
covariance:L3:1819,1819,L3,L2,L3;M,M;L2,true,true,2955,2955,true,true,PASS
covariance:L3:1821,1821,L3,L2,L3;M,M;L2,false,false,,,true,true,PASS
covariance:L3:1831,1831,L3,L2,L3;M,M;L2,false,false,,,true,true,PASS
covariance:L3:1835,1835,L3,L2,L3;M,M;L2,true,true,2963,2963,true,true,PASS
covariance:L3:1837,1837,L3,L2,L3;M,M;L2,false,false,,,true,true,PASS
covariance:L3:1843,1843,L3,L2,L3;M,M;L2,true,true,2965,2965,true,true,PASS
covariance:L3:1845,1845,L3,L2,L3;M,M;L2,true,true,1483,1483,true,true,PASS
covariance:L3:1849,1849,L3,L2,L3;M,M;L2,false,false,,,true,true,PASS
covariance:L3:1863,1863,L3,L2,L3;M,M;L2,false,false,,,true,true,PASS
covariance:L3:1867,1867,L3,L2,L3;M,M;L2,true,true,2979,2979,true,true,PASS
covariance:L3:1869,1869,L3,L2,L3;M,M;L2,false,false,,,true,true,PASS
covariance:L3:1875,1875,L3,L2,L3;M,M;L2,true,true,2981,2981,true,true,PASS
covariance:L3:1877,1877,L3,L2,L3;M,M;L2,true,true,1491,1491,true,true,PASS
covariance:L3:1881,1881,L3,L2,L3;M,M;L2,false,false,,,true,true,PASS
covariance:L3:1891,1891,L3,L2,L3;M,M;L2,true,true,2985,2985,true,true,PASS
covariance:L3:1893,1893,L3,L2,L3;M,M;L2,true,true,1493,1493,true,true,PASS
covariance:L3:1897,1897,L3,L2,L3;M,M;L2,true,true,747,747,true,true,PASS
covariance:L3:1905,1905,L3,L2,L3;M,M;L2,false,false,,,true,true,PASS
covariance:L3:1927,1927,L3,L2,L3;M,M;L2,false,false,,,true,true,PASS
covariance:L3:1931,1931,L3,L2,L3;M,M;L2,true,true,3011,3011,true,true,PASS
covariance:L3:1933,1933,L3,L2,L3;M,M;L2,false,false,,,true,true,PASS
covariance:L3:1939,1939,L3,L2,L3;M,M;L2,true,true,3013,3013,true,true,PASS
covariance:L3:1941,1941,L3,L2,L3;M,M;L2,true,true,1507,1507,true,true,PASS
covariance:L3:1945,1945,L3,L2,L3;M,M;L2,false,false,,,true,true,PASS
covariance:L3:1955,1955,L3,L2,L3;M,M;L2,true,true,3017,3017,true,true,PASS
covariance:L3:1957,1957,L3,L2,L3;M,M;L2,true,true,1509,1509,true,true,PASS
covariance:L3:1961,1961,L3,L2,L3;M,M;L2,true,true,755,755,true,true,PASS
covariance:L3:1969,1969,L3,L2,L3;M,M;L2,false,false,,,true,true,PASS
covariance:L3:1987,1987,L3,L2,L3;M,M;L2,true,true,3025,3025,true,true,PASS
covariance:L3:1989,1989,L3,L2,L3;M,M;L2,true,true,1513,1513,true,true,PASS
covariance:L3:1993,1993,L3,L2,L3;M,M;L2,true,true,757,757,true,true,PASS
covariance:L3:2001,2001,L3,L2,L3;M,M;L2,true,true,379,379,true,true,PASS
covariance:L3:2017,2017,L3,L2,L3;M,M;L2,false,false,,,true,true,PASS
covariance:L3:2111,2111,L3,L2,L3;M,M;L2,false,false,,,true,true,PASS
covariance:L3:2143,2143,L3,L2,L3;M,M;L2,false,false,,,true,true,PASS
covariance:L3:2159,2159,L3,L2,L3;M,M;L2,false,false,,,true,true,PASS
covariance:L3:2167,2167,L3,L2,L3;M,M;L2,false,false,,,true,true,PASS
covariance:L3:2171,2171,L3,L2,L3;M,M;L2,true,true,3131,3131,true,true,PASS
covariance:L3:2173,2173,L3,L2,L3;M,M;L2,false,false,,,true,true,PASS
covariance:L3:2207,2207,L3,L2,L3;M,M;L2,false,false,,,true,true,PASS
covariance:L3:2223,2223,L3,L2,L3;M,M;L2,false,false,,,true,true,PASS
covariance:L3:2231,2231,L3,L2,L3;M,M;L2,false,false,,,true,true,PASS
covariance:L3:2235,2235,L3,L2,L3;M,M;L2,true,true,3163,3163,true,true,PASS
covariance:L3:2237,2237,L3,L2,L3;M,M;L2,false,false,,,true,true,PASS
covariance:L3:2255,2255,L3,L2,L3;M,M;L2,false,false,,,true,true,PASS
covariance:L3:2263,2263,L3,L2,L3;M,M;L2,false,false,,,true,true,PASS
covariance:L3:2267,2267,L3,L2,L3;M,M;L2,true,true,3179,3179,true,true,PASS
covariance:L3:2269,2269,L3,L2,L3;M,M;L2,false,false,,,true,true,PASS
covariance:L3:2279,2279,L3,L2,L3;M,M;L2,false,false,,,true,true,PASS
covariance:L3:2283,2283,L3,L2,L3;M,M;L2,true,true,3187,3187,true,true,PASS
covariance:L3:2285,2285,L3,L2,L3;M,M;L2,false,false,,,true,true,PASS
covariance:L3:2291,2291,L3,L2,L3;M,M;L2,true,true,3189,3189,true,true,PASS
covariance:L3:2293,2293,L3,L2,L3;M,M;L2,true,true,1595,1595,true,true,PASS
covariance:L3:2297,2297,L3,L2,L3;M,M;L2,false,false,,,true,true,PASS
covariance:L3:2335,2335,L3,L2,L3;M,M;L2,false,false,,,true,true,PASS
covariance:L3:2351,2351,L3,L2,L3;M,M;L2,false,false,,,true,true,PASS
covariance:L3:2359,2359,L3,L2,L3;M,M;L2,false,false,,,true,true,PASS
covariance:L3:2363,2363,L3,L2,L3;M,M;L2,true,true,3227,3227,true,true,PASS
covariance:L3:2365,2365,L3,L2,L3;M,M;L2,false,false,,,true,true,PASS
covariance:L3:2383,2383,L3,L2,L3;M,M;L2,false,false,,,true,true,PASS
covariance:L3:2391,2391,L3,L2,L3;M,M;L2,false,false,,,true,true,PASS
covariance:L3:2395,2395,L3,L2,L3;M,M;L2,true,true,3243,3243,true,true,PASS
covariance:L3:2397,2397,L3,L2,L3;M,M;L2,false,false,,,true,true,PASS
covariance:L3:2407,2407,L3,L2,L3;M,M;L2,false,false,,,true,true,PASS
covariance:L3:2411,2411,L3,L2,L3;M,M;L2,true,true,3251,3251,true,true,PASS
covariance:L3:2413,2413,L3,L2,L3;M,M;L2,false,false,,,true,true,PASS
covariance:L3:2419,2419,L3,L2,L3;M,M;L2,true,true,3253,3253,true,true,PASS
covariance:L3:2421,2421,L3,L2,L3;M,M;L2,true,true,1627,1627,true,true,PASS
covariance:L3:2425,2425,L3,L2,L3;M,M;L2,false,false,,,true,true,PASS
covariance:L3:2447,2447,L3,L2,L3;M,M;L2,false,false,,,true,true,PASS
covariance:L3:2455,2455,L3,L2,L3;M,M;L2,false,false,,,true,true,PASS
covariance:L3:2459,2459,L3,L2,L3;M,M;L2,true,true,3275,3275,true,true,PASS
covariance:L3:2461,2461,L3,L2,L3;M,M;L2,false,false,,,true,true,PASS
covariance:L3:2471,2471,L3,L2,L3;M,M;L2,false,false,,,true,true,PASS
covariance:L3:2475,2475,L3,L2,L3;M,M;L2,true,true,3283,3283,true,true,PASS
covariance:L3:2477,2477,L3,L2,L3;M,M;L2,false,false,,,true,true,PASS
covariance:L3:2483,2483,L3,L2,L3;M,M;L2,true,true,3285,3285,true,true,PASS
covariance:L3:2485,2485,L3,L2,L3;M,M;L2,true,true,1643,1643,true,true,PASS
covariance:L3:2489,2489,L3,L2,L3;M,M;L2,false,false,,,true,true,PASS
covariance:L3:2503,2503,L3,L2,L3;M,M;L2,false,false,,,true,true,PASS
covariance:L3:2507,2507,L3,L2,L3;M,M;L2,true,true,3299,3299,true,true,PASS
covariance:L3:2509,2509,L3,L2,L3;M,M;L2,false,false,,,true,true,PASS
covariance:L3:2515,2515,L3,L2,L3;M,M;L2,true,true,3301,3301,true,true,PASS
covariance:L3:2517,2517,L3,L2,L3;M,M;L2,true,true,1651,1651,true,true,PASS
covariance:L3:2521,2521,L3,L2,L3;M,M;L2,false,false,,,true,true,PASS
covariance:L3:2531,2531,L3,L2,L3;M,M;L2,true,true,3305,3305,true,true,PASS
covariance:L3:2533,2533,L3,L2,L3;M,M;L2,true,true,1653,1653,true,true,PASS
covariance:L3:2537,2537,L3,L2,L3;M,M;L2,true,true,827,827,true,true,PASS
covariance:L3:2545,2545,L3,L2,L3;M,M;L2,false,false,,,true,true,PASS
covariance:L3:2591,2591,L3,L2,L3;M,M;L2,false,false,,,true,true,PASS
covariance:L3:2607,2607,L3,L2,L3;M,M;L2,false,false,,,true,true,PASS
covariance:L3:2615,2615,L3,L2,L3;M,M;L2,false,false,,,true,true,PASS
covariance:L3:2619,2619,L3,L2,L3;M,M;L2,true,true,3355,3355,true,true,PASS
covariance:L3:2621,2621,L3,L2,L3;M,M;L2,false,false,,,true,true,PASS
covariance:L3:2639,2639,L3,L2,L3;M,M;L2,false,false,,,true,true,PASS
covariance:L3:2647,2647,L3,L2,L3;M,M;L2,false,false,,,true,true,PASS
covariance:L3:2651,2651,L3,L2,L3;M,M;L2,true,true,3371,3371,true,true,PASS
covariance:L3:2653,2653,L3,L2,L3;M,M;L2,false,false,,,true,true,PASS
covariance:L3:2663,2663,L3,L2,L3;M,M;L2,false,false,,,true,true,PASS
covariance:L3:2667,2667,L3,L2,L3;M,M;L2,true,true,3379,3379,true,true,PASS
covariance:L3:2669,2669,L3,L2,L3;M,M;L2,false,false,,,true,true,PASS
covariance:L3:2675,2675,L3,L2,L3;M,M;L2,true,true,3381,3381,true,true,PASS
covariance:L3:2677,2677,L3,L2,L3;M,M;L2,true,true,1691,1691,true,true,PASS
covariance:L3:2681,2681,L3,L2,L3;M,M;L2,false,false,,,true,true,PASS
covariance:L3:2703,2703,L3,L2,L3;M,M;L2,false,false,,,true,true,PASS
covariance:L3:2711,2711,L3,L2,L3;M,M;L2,false,false,,,true,true,PASS
covariance:L3:2715,2715,L3,L2,L3;M,M;L2,true,true,3403,3403,true,true,PASS
covariance:L3:2717,2717,L3,L2,L3;M,M;L2,false,false,,,true,true,PASS
covariance:L3:2727,2727,L3,L2,L3;M,M;L2,false,false,,,true,true,PASS
covariance:L3:2731,2731,L3,L2,L3;M,M;L2,true,true,3411,3411,true,true,PASS
covariance:L3:2733,2733,L3,L2,L3;M,M;L2,false,false,,,true,true,PASS
covariance:L3:2739,2739,L3,L2,L3;M,M;L2,true,true,3413,3413,true,true,PASS
covariance:L3:2741,2741,L3,L2,L3;M,M;L2,true,true,1707,1707,true,true,PASS
covariance:L3:2745,2745,L3,L2,L3;M,M;L2,false,false,,,true,true,PASS
covariance:L3:2759,2759,L3,L2,L3;M,M;L2,false,false,,,true,true,PASS
covariance:L3:2763,2763,L3,L2,L3;M,M;L2,true,true,3427,3427,true,true,PASS
covariance:L3:2765,2765,L3,L2,L3;M,M;L2,false,false,,,true,true,PASS
covariance:L3:2771,2771,L3,L2,L3;M,M;L2,true,true,3429,3429,true,true,PASS
covariance:L3:2773,2773,L3,L2,L3;M,M;L2,true,true,1715,1715,true,true,PASS
covariance:L3:2777,2777,L3,L2,L3;M,M;L2,false,false,,,true,true,PASS
covariance:L3:2787,2787,L3,L2,L3;M,M;L2,true,true,3433,3433,true,true,PASS
covariance:L3:2789,2789,L3,L2,L3;M,M;L2,true,true,1717,1717,true,true,PASS
covariance:L3:2793,2793,L3,L2,L3;M,M;L2,true,true,859,859,true,true,PASS
covariance:L3:2801,2801,L3,L2,L3;M,M;L2,false,false,,,true,true,PASS
covariance:L3:2831,2831,L3,L2,L3;M,M;L2,false,false,,,true,true,PASS
covariance:L3:2839,2839,L3,L2,L3;M,M;L2,false,false,,,true,true,PASS
covariance:L3:2843,2843,L3,L2,L3;M,M;L2,true,true,3467,3467,true,true,PASS
covariance:L3:2845,2845,L3,L2,L3;M,M;L2,false,false,,,true,true,PASS
covariance:L3:2855,2855,L3,L2,L3;M,M;L2,false,false,,,true,true,PASS
covariance:L3:2859,2859,L3,L2,L3;M,M;L2,true,true,3475,3475,true,true,PASS
covariance:L3:2861,2861,L3,L2,L3;M,M;L2,false,false,,,true,true,PASS
covariance:L3:2867,2867,L3,L2,L3;M,M;L2,true,true,3477,3477,true,true,PASS
covariance:L3:2869,2869,L3,L2,L3;M,M;L2,true,true,1739,1739,true,true,PASS
covariance:L3:2873,2873,L3,L2,L3;M,M;L2,false,false,,,true,true,PASS
covariance:L3:2887,2887,L3,L2,L3;M,M;L2,false,false,,,true,true,PASS
covariance:L3:2891,2891,L3,L2,L3;M,M;L2,true,true,3491,3491,true,true,PASS
covariance:L3:2893,2893,L3,L2,L3;M,M;L2,false,false,,,true,true,PASS
covariance:L3:2899,2899,L3,L2,L3;M,M;L2,true,true,3493,3493,true,true,PASS
covariance:L3:2901,2901,L3,L2,L3;M,M;L2,true,true,1747,1747,true,true,PASS
covariance:L3:2905,2905,L3,L2,L3;M,M;L2,false,false,,,true,true,PASS
covariance:L3:2915,2915,L3,L2,L3;M,M;L2,true,true,3497,3497,true,true,PASS
covariance:L3:2917,2917,L3,L2,L3;M,M;L2,true,true,1749,1749,true,true,PASS
covariance:L3:2921,2921,L3,L2,L3;M,M;L2,true,true,875,875,true,true,PASS
covariance:L3:2929,2929,L3,L2,L3;M,M;L2,false,false,,,true,true,PASS
covariance:L3:2951,2951,L3,L2,L3;M,M;L2,false,false,,,true,true,PASS
covariance:L3:2955,2955,L3,L2,L3;M,M;L2,true,true,3523,3523,true,true,PASS
covariance:L3:2957,2957,L3,L2,L3;M,M;L2,false,false,,,true,true,PASS
covariance:L3:2963,2963,L3,L2,L3;M,M;L2,true,true,3525,3525,true,true,PASS
covariance:L3:2965,2965,L3,L2,L3;M,M;L2,true,true,1763,1763,true,true,PASS
covariance:L3:2969,2969,L3,L2,L3;M,M;L2,false,false,,,true,true,PASS
covariance:L3:2979,2979,L3,L2,L3;M,M;L2,true,true,3529,3529,true,true,PASS
covariance:L3:2981,2981,L3,L2,L3;M,M;L2,true,true,1765,1765,true,true,PASS
covariance:L3:2985,2985,L3,L2,L3;M,M;L2,true,true,883,883,true,true,PASS
covariance:L3:2993,2993,L3,L2,L3;M,M;L2,false,false,,,true,true,PASS
covariance:L3:3011,3011,L3,L2,L3;M,M;L2,true,true,3537,3537,true,true,PASS
covariance:L3:3013,3013,L3,L2,L3;M,M;L2,true,true,1769,1769,true,true,PASS
covariance:L3:3017,3017,L3,L2,L3;M,M;L2,true,true,885,885,true,true,PASS
covariance:L3:3025,3025,L3,L2,L3;M,M;L2,true,true,443,443,true,true,PASS
covariance:L3:3041,3041,L3,L2,L3;M,M;L2,false,false,,,true,true,PASS
covariance:L3:3103,3103,L3,L2,L3;M,M;L2,false,false,,,true,true,PASS
covariance:L3:3119,3119,L3,L2,L3;M,M;L2,false,false,,,true,true,PASS
covariance:L3:3127,3127,L3,L2,L3;M,M;L2,false,false,,,true,true,PASS
covariance:L3:3131,3131,L3,L2,L3;M,M;L2,true,true,3611,3611,true,true,PASS
covariance:L3:3133,3133,L3,L2,L3;M,M;L2,false,false,,,true,true,PASS
covariance:L3:3151,3151,L3,L2,L3;M,M;L2,false,false,,,true,true,PASS
covariance:L3:3159,3159,L3,L2,L3;M,M;L2,false,false,,,true,true,PASS
covariance:L3:3163,3163,L3,L2,L3;M,M;L2,true,true,3627,3627,true,true,PASS
covariance:L3:3165,3165,L3,L2,L3;M,M;L2,false,false,,,true,true,PASS
covariance:L3:3175,3175,L3,L2,L3;M,M;L2,false,false,,,true,true,PASS
covariance:L3:3179,3179,L3,L2,L3;M,M;L2,true,true,3635,3635,true,true,PASS
covariance:L3:3181,3181,L3,L2,L3;M,M;L2,false,false,,,true,true,PASS
covariance:L3:3187,3187,L3,L2,L3;M,M;L2,true,true,3637,3637,true,true,PASS
covariance:L3:3189,3189,L3,L2,L3;M,M;L2,true,true,1819,1819,true,true,PASS
covariance:L3:3193,3193,L3,L2,L3;M,M;L2,false,false,,,true,true,PASS
covariance:L3:3215,3215,L3,L2,L3;M,M;L2,false,false,,,true,true,PASS
covariance:L3:3223,3223,L3,L2,L3;M,M;L2,false,false,,,true,true,PASS
covariance:L3:3227,3227,L3,L2,L3;M,M;L2,true,true,3659,3659,true,true,PASS
covariance:L3:3229,3229,L3,L2,L3;M,M;L2,false,false,,,true,true,PASS
covariance:L3:3239,3239,L3,L2,L3;M,M;L2,false,false,,,true,true,PASS
covariance:L3:3243,3243,L3,L2,L3;M,M;L2,true,true,3667,3667,true,true,PASS
covariance:L3:3245,3245,L3,L2,L3;M,M;L2,false,false,,,true,true,PASS
covariance:L3:3251,3251,L3,L2,L3;M,M;L2,true,true,3669,3669,true,true,PASS
covariance:L3:3253,3253,L3,L2,L3;M,M;L2,true,true,1835,1835,true,true,PASS
covariance:L3:3257,3257,L3,L2,L3;M,M;L2,false,false,,,true,true,PASS
covariance:L3:3271,3271,L3,L2,L3;M,M;L2,false,false,,,true,true,PASS
covariance:L3:3275,3275,L3,L2,L3;M,M;L2,true,true,3683,3683,true,true,PASS
covariance:L3:3277,3277,L3,L2,L3;M,M;L2,false,false,,,true,true,PASS
covariance:L3:3283,3283,L3,L2,L3;M,M;L2,true,true,3685,3685,true,true,PASS
covariance:L3:3285,3285,L3,L2,L3;M,M;L2,true,true,1843,1843,true,true,PASS
covariance:L3:3289,3289,L3,L2,L3;M,M;L2,false,false,,,true,true,PASS
covariance:L3:3299,3299,L3,L2,L3;M,M;L2,true,true,3689,3689,true,true,PASS
covariance:L3:3301,3301,L3,L2,L3;M,M;L2,true,true,1845,1845,true,true,PASS
covariance:L3:3305,3305,L3,L2,L3;M,M;L2,true,true,923,923,true,true,PASS
covariance:L3:3313,3313,L3,L2,L3;M,M;L2,false,false,,,true,true,PASS
covariance:L3:3343,3343,L3,L2,L3;M,M;L2,false,false,,,true,true,PASS
covariance:L3:3351,3351,L3,L2,L3;M,M;L2,false,false,,,true,true,PASS
covariance:L3:3355,3355,L3,L2,L3;M,M;L2,true,true,3723,3723,true,true,PASS
covariance:L3:3357,3357,L3,L2,L3;M,M;L2,false,false,,,true,true,PASS
covariance:L3:3367,3367,L3,L2,L3;M,M;L2,false,false,,,true,true,PASS
covariance:L3:3371,3371,L3,L2,L3;M,M;L2,true,true,3731,3731,true,true,PASS
covariance:L3:3373,3373,L3,L2,L3;M,M;L2,false,false,,,true,true,PASS
covariance:L3:3379,3379,L3,L2,L3;M,M;L2,true,true,3733,3733,true,true,PASS
covariance:L3:3381,3381,L3,L2,L3;M,M;L2,true,true,1867,1867,true,true,PASS
covariance:L3:3385,3385,L3,L2,L3;M,M;L2,false,false,,,true,true,PASS
covariance:L3:3399,3399,L3,L2,L3;M,M;L2,false,false,,,true,true,PASS
covariance:L3:3403,3403,L3,L2,L3;M,M;L2,true,true,3747,3747,true,true,PASS
covariance:L3:3405,3405,L3,L2,L3;M,M;L2,false,false,,,true,true,PASS
covariance:L3:3411,3411,L3,L2,L3;M,M;L2,true,true,3749,3749,true,true,PASS
covariance:L3:3413,3413,L3,L2,L3;M,M;L2,true,true,1875,1875,true,true,PASS
covariance:L3:3417,3417,L3,L2,L3;M,M;L2,false,false,,,true,true,PASS
covariance:L3:3427,3427,L3,L2,L3;M,M;L2,true,true,3753,3753,true,true,PASS
covariance:L3:3429,3429,L3,L2,L3;M,M;L2,true,true,1877,1877,true,true,PASS
covariance:L3:3433,3433,L3,L2,L3;M,M;L2,true,true,939,939,true,true,PASS
covariance:L3:3441,3441,L3,L2,L3;M,M;L2,false,false,,,true,true,PASS
covariance:L3:3463,3463,L3,L2,L3;M,M;L2,false,false,,,true,true,PASS
covariance:L3:3467,3467,L3,L2,L3;M,M;L2,true,true,3779,3779,true,true,PASS
covariance:L3:3469,3469,L3,L2,L3;M,M;L2,false,false,,,true,true,PASS
covariance:L3:3475,3475,L3,L2,L3;M,M;L2,true,true,3781,3781,true,true,PASS
covariance:L3:3477,3477,L3,L2,L3;M,M;L2,true,true,1891,1891,true,true,PASS
covariance:L3:3481,3481,L3,L2,L3;M,M;L2,false,false,,,true,true,PASS
covariance:L3:3491,3491,L3,L2,L3;M,M;L2,true,true,3785,3785,true,true,PASS
covariance:L3:3493,3493,L3,L2,L3;M,M;L2,true,true,1893,1893,true,true,PASS
covariance:L3:3497,3497,L3,L2,L3;M,M;L2,true,true,947,947,true,true,PASS
covariance:L3:3505,3505,L3,L2,L3;M,M;L2,false,false,,,true,true,PASS
covariance:L3:3523,3523,L3,L2,L3;M,M;L2,true,true,3793,3793,true,true,PASS
covariance:L3:3525,3525,L3,L2,L3;M,M;L2,true,true,1897,1897,true,true,PASS
covariance:L3:3529,3529,L3,L2,L3;M,M;L2,true,true,949,949,true,true,PASS
covariance:L3:3537,3537,L3,L2,L3;M,M;L2,true,true,475,475,true,true,PASS
covariance:L3:3553,3553,L3,L2,L3;M,M;L2,false,false,,,true,true,PASS
covariance:L3:3599,3599,L3,L2,L3;M,M;L2,false,false,,,true,true,PASS
covariance:L3:3607,3607,L3,L2,L3;M,M;L2,false,false,,,true,true,PASS
covariance:L3:3611,3611,L3,L2,L3;M,M;L2,true,true,3851,3851,true,true,PASS
covariance:L3:3613,3613,L3,L2,L3;M,M;L2,false,false,,,true,true,PASS
covariance:L3:3623,3623,L3,L2,L3;M,M;L2,false,false,,,true,true,PASS
covariance:L3:3627,3627,L3,L2,L3;M,M;L2,true,true,3859,3859,true,true,PASS
covariance:L3:3629,3629,L3,L2,L3;M,M;L2,false,false,,,true,true,PASS
covariance:L3:3635,3635,L3,L2,L3;M,M;L2,true,true,3861,3861,true,true,PASS
covariance:L3:3637,3637,L3,L2,L3;M,M;L2,true,true,1931,1931,true,true,PASS
covariance:L3:3641,3641,L3,L2,L3;M,M;L2,false,false,,,true,true,PASS
covariance:L3:3655,3655,L3,L2,L3;M,M;L2,false,false,,,true,true,PASS
covariance:L3:3659,3659,L3,L2,L3;M,M;L2,true,true,3875,3875,true,true,PASS
covariance:L3:3661,3661,L3,L2,L3;M,M;L2,false,false,,,true,true,PASS
covariance:L3:3667,3667,L3,L2,L3;M,M;L2,true,true,3877,3877,true,true,PASS
covariance:L3:3669,3669,L3,L2,L3;M,M;L2,true,true,1939,1939,true,true,PASS
covariance:L3:3673,3673,L3,L2,L3;M,M;L2,false,false,,,true,true,PASS
covariance:L3:3683,3683,L3,L2,L3;M,M;L2,true,true,3881,3881,true,true,PASS
covariance:L3:3685,3685,L3,L2,L3;M,M;L2,true,true,1941,1941,true,true,PASS
covariance:L3:3689,3689,L3,L2,L3;M,M;L2,true,true,971,971,true,true,PASS
covariance:L3:3697,3697,L3,L2,L3;M,M;L2,false,false,,,true,true,PASS
covariance:L3:3719,3719,L3,L2,L3;M,M;L2,false,false,,,true,true,PASS
covariance:L3:3723,3723,L3,L2,L3;M,M;L2,true,true,3907,3907,true,true,PASS
covariance:L3:3725,3725,L3,L2,L3;M,M;L2,false,false,,,true,true,PASS
covariance:L3:3731,3731,L3,L2,L3;M,M;L2,true,true,3909,3909,true,true,PASS
covariance:L3:3733,3733,L3,L2,L3;M,M;L2,true,true,1955,1955,true,true,PASS
covariance:L3:3737,3737,L3,L2,L3;M,M;L2,false,false,,,true,true,PASS
covariance:L3:3747,3747,L3,L2,L3;M,M;L2,true,true,3913,3913,true,true,PASS
covariance:L3:3749,3749,L3,L2,L3;M,M;L2,true,true,1957,1957,true,true,PASS
covariance:L3:3753,3753,L3,L2,L3;M,M;L2,true,true,979,979,true,true,PASS
covariance:L3:3761,3761,L3,L2,L3;M,M;L2,false,false,,,true,true,PASS
covariance:L3:3779,3779,L3,L2,L3;M,M;L2,true,true,3921,3921,true,true,PASS
covariance:L3:3781,3781,L3,L2,L3;M,M;L2,true,true,1961,1961,true,true,PASS
covariance:L3:3785,3785,L3,L2,L3;M,M;L2,true,true,981,981,true,true,PASS
covariance:L3:3793,3793,L3,L2,L3;M,M;L2,true,true,491,491,true,true,PASS
covariance:L3:3809,3809,L3,L2,L3;M,M;L2,false,false,,,true,true,PASS
covariance:L3:3847,3847,L3,L2,L3;M,M;L2,false,false,,,true,true,PASS
covariance:L3:3851,3851,L3,L2,L3;M,M;L2,true,true,3971,3971,true,true,PASS
covariance:L3:3853,3853,L3,L2,L3;M,M;L2,false,false,,,true,true,PASS
covariance:L3:3859,3859,L3,L2,L3;M,M;L2,true,true,3973,3973,true,true,PASS
covariance:L3:3861,3861,L3,L2,L3;M,M;L2,true,true,1987,1987,true,true,PASS
covariance:L3:3865,3865,L3,L2,L3;M,M;L2,false,false,,,true,true,PASS
covariance:L3:3875,3875,L3,L2,L3;M,M;L2,true,true,3977,3977,true,true,PASS
covariance:L3:3877,3877,L3,L2,L3;M,M;L2,true,true,1989,1989,true,true,PASS
covariance:L3:3881,3881,L3,L2,L3;M,M;L2,true,true,995,995,true,true,PASS
covariance:L3:3889,3889,L3,L2,L3;M,M;L2,false,false,,,true,true,PASS
covariance:L3:3907,3907,L3,L2,L3;M,M;L2,true,true,3985,3985,true,true,PASS
covariance:L3:3909,3909,L3,L2,L3;M,M;L2,true,true,1993,1993,true,true,PASS
covariance:L3:3913,3913,L3,L2,L3;M,M;L2,true,true,997,997,true,true,PASS
covariance:L3:3921,3921,L3,L2,L3;M,M;L2,true,true,499,499,true,true,PASS
covariance:L3:3937,3937,L3,L2,L3;M,M;L2,false,false,,,true,true,PASS
covariance:L3:3971,3971,L3,L2,L3;M,M;L2,true,true,4001,4001,true,true,PASS
covariance:L3:3973,3973,L3,L2,L3;M,M;L2,true,true,2001,2001,true,true,PASS
covariance:L3:3977,3977,L3,L2,L3;M,M;L2,true,true,1001,1001,true,true,PASS
covariance:L3:3985,3985,L3,L2,L3;M,M;L2,true,true,501,501,true,true,PASS
covariance:L3:4001,4001,L3,L2,L3;M,M;L2,true,true,251,251,true,true,PASS
covariance:L3:4033,4033,L3,L2,L3;M,M;L2,false,false,,,true,true,PASS
covariance:R4:127,127,R4,R3,R4;M,M;R3,false,false,,,true,true,PASS
covariance:R4:191,191,R4,R3,R4;M,M;R3,false,false,,,true,true,PASS
covariance:R4:223,223,R4,R3,R4;M,M;R3,false,false,,,true,true,PASS
covariance:R4:239,239,R4,R3,R4;M,M;R3,true,true,2171,2171,true,true,PASS
covariance:R4:247,247,R4,R3,R4;M,M;R3,false,false,,,true,true,PASS
covariance:R4:251,251,R4,R3,R4;M,M;R3,false,false,,,true,true,PASS
covariance:R4:253,253,R4,R3,R4;M,M;R3,false,false,,,true,true,PASS
covariance:R4:319,319,R4,R3,R4;M,M;R3,false,false,,,true,true,PASS
covariance:R4:351,351,R4,R3,R4;M,M;R3,false,false,,,true,true,PASS
covariance:R4:367,367,R4,R3,R4;M,M;R3,true,true,2235,2235,true,true,PASS
covariance:R4:375,375,R4,R3,R4;M,M;R3,false,false,,,true,true,PASS
covariance:R4:379,379,R4,R3,R4;M,M;R3,false,false,,,true,true,PASS
covariance:R4:381,381,R4,R3,R4;M,M;R3,false,false,,,true,true,PASS
covariance:R4:415,415,R4,R3,R4;M,M;R3,false,false,,,true,true,PASS
covariance:R4:431,431,R4,R3,R4;M,M;R3,true,true,2267,2267,true,true,PASS
covariance:R4:439,439,R4,R3,R4;M,M;R3,false,false,,,true,true,PASS
covariance:R4:443,443,R4,R3,R4;M,M;R3,false,false,,,true,true,PASS
covariance:R4:445,445,R4,R3,R4;M,M;R3,false,false,,,true,true,PASS
covariance:R4:463,463,R4,R3,R4;M,M;R3,true,true,2283,2283,true,true,PASS
covariance:R4:471,471,R4,R3,R4;M,M;R3,true,true,2291,2291,true,true,PASS
covariance:R4:475,475,R4,R3,R4;M,M;R3,true,true,2293,2293,true,true,PASS
covariance:R4:477,477,R4,R3,R4;M,M;R3,true,true,1147,1147,true,true,PASS
covariance:R4:487,487,R4,R3,R4;M,M;R3,false,false,,,true,true,PASS
covariance:R4:491,491,R4,R3,R4;M,M;R3,false,false,,,true,true,PASS
covariance:R4:493,493,R4,R3,R4;M,M;R3,false,false,,,true,true,PASS
covariance:R4:499,499,R4,R3,R4;M,M;R3,false,false,,,true,true,PASS
covariance:R4:501,501,R4,R3,R4;M,M;R3,false,false,,,true,true,PASS
covariance:R4:505,505,R4,R3,R4;M,M;R3,false,false,,,true,true,PASS
covariance:R4:575,575,R4,R3,R4;M,M;R3,false,false,,,true,true,PASS
covariance:R4:607,607,R4,R3,R4;M,M;R3,false,false,,,true,true,PASS
covariance:R4:623,623,R4,R3,R4;M,M;R3,true,true,2363,2363,true,true,PASS
covariance:R4:631,631,R4,R3,R4;M,M;R3,false,false,,,true,true,PASS
covariance:R4:635,635,R4,R3,R4;M,M;R3,false,false,,,true,true,PASS
covariance:R4:637,637,R4,R3,R4;M,M;R3,false,false,,,true,true,PASS
covariance:R4:671,671,R4,R3,R4;M,M;R3,false,false,,,true,true,PASS
covariance:R4:687,687,R4,R3,R4;M,M;R3,true,true,2395,2395,true,true,PASS
covariance:R4:695,695,R4,R3,R4;M,M;R3,false,false,,,true,true,PASS
covariance:R4:699,699,R4,R3,R4;M,M;R3,false,false,,,true,true,PASS
covariance:R4:701,701,R4,R3,R4;M,M;R3,false,false,,,true,true,PASS
covariance:R4:719,719,R4,R3,R4;M,M;R3,true,true,2411,2411,true,true,PASS
covariance:R4:727,727,R4,R3,R4;M,M;R3,true,true,2419,2419,true,true,PASS
covariance:R4:731,731,R4,R3,R4;M,M;R3,true,true,2421,2421,true,true,PASS
covariance:R4:733,733,R4,R3,R4;M,M;R3,true,true,1211,1211,true,true,PASS
covariance:R4:743,743,R4,R3,R4;M,M;R3,false,false,,,true,true,PASS
covariance:R4:747,747,R4,R3,R4;M,M;R3,false,false,,,true,true,PASS
covariance:R4:749,749,R4,R3,R4;M,M;R3,false,false,,,true,true,PASS
covariance:R4:755,755,R4,R3,R4;M,M;R3,false,false,,,true,true,PASS
covariance:R4:757,757,R4,R3,R4;M,M;R3,false,false,,,true,true,PASS
covariance:R4:761,761,R4,R3,R4;M,M;R3,false,false,,,true,true,PASS
covariance:R4:799,799,R4,R3,R4;M,M;R3,false,false,,,true,true,PASS
covariance:R4:815,815,R4,R3,R4;M,M;R3,true,true,2459,2459,true,true,PASS
covariance:R4:823,823,R4,R3,R4;M,M;R3,false,false,,,true,true,PASS
covariance:R4:827,827,R4,R3,R4;M,M;R3,false,false,,,true,true,PASS
covariance:R4:829,829,R4,R3,R4;M,M;R3,false,false,,,true,true,PASS
covariance:R4:847,847,R4,R3,R4;M,M;R3,true,true,2475,2475,true,true,PASS
covariance:R4:855,855,R4,R3,R4;M,M;R3,true,true,2483,2483,true,true,PASS
covariance:R4:859,859,R4,R3,R4;M,M;R3,true,true,2485,2485,true,true,PASS
covariance:R4:861,861,R4,R3,R4;M,M;R3,true,true,1243,1243,true,true,PASS
covariance:R4:871,871,R4,R3,R4;M,M;R3,false,false,,,true,true,PASS
covariance:R4:875,875,R4,R3,R4;M,M;R3,false,false,,,true,true,PASS
covariance:R4:877,877,R4,R3,R4;M,M;R3,false,false,,,true,true,PASS
covariance:R4:883,883,R4,R3,R4;M,M;R3,false,false,,,true,true,PASS
covariance:R4:885,885,R4,R3,R4;M,M;R3,false,false,,,true,true,PASS
covariance:R4:889,889,R4,R3,R4;M,M;R3,false,false,,,true,true,PASS
covariance:R4:911,911,R4,R3,R4;M,M;R3,true,true,2507,2507,true,true,PASS
covariance:R4:919,919,R4,R3,R4;M,M;R3,true,true,2515,2515,true,true,PASS
covariance:R4:923,923,R4,R3,R4;M,M;R3,true,true,2517,2517,true,true,PASS
covariance:R4:925,925,R4,R3,R4;M,M;R3,true,true,1259,1259,true,true,PASS
covariance:R4:935,935,R4,R3,R4;M,M;R3,true,true,2531,2531,true,true,PASS
covariance:R4:939,939,R4,R3,R4;M,M;R3,true,true,2533,2533,true,true,PASS
covariance:R4:941,941,R4,R3,R4;M,M;R3,true,true,1267,1267,true,true,PASS
covariance:R4:947,947,R4,R3,R4;M,M;R3,true,true,2537,2537,true,true,PASS
covariance:R4:949,949,R4,R3,R4;M,M;R3,true,true,1269,1269,true,true,PASS
covariance:R4:953,953,R4,R3,R4;M,M;R3,true,true,635,635,true,true,PASS
covariance:R4:967,967,R4,R3,R4;M,M;R3,false,false,,,true,true,PASS
covariance:R4:971,971,R4,R3,R4;M,M;R3,false,false,,,true,true,PASS
covariance:R4:973,973,R4,R3,R4;M,M;R3,false,false,,,true,true,PASS
covariance:R4:979,979,R4,R3,R4;M,M;R3,false,false,,,true,true,PASS
covariance:R4:981,981,R4,R3,R4;M,M;R3,false,false,,,true,true,PASS
covariance:R4:985,985,R4,R3,R4;M,M;R3,false,false,,,true,true,PASS
covariance:R4:995,995,R4,R3,R4;M,M;R3,false,false,,,true,true,PASS
covariance:R4:997,997,R4,R3,R4;M,M;R3,false,false,,,true,true,PASS
covariance:R4:1001,1001,R4,R3,R4;M,M;R3,false,false,,,true,true,PASS
covariance:R4:1009,1009,R4,R3,R4;M,M;R3,false,false,,,true,true,PASS
covariance:R4:1087,1087,R4,R3,R4;M,M;R3,false,false,,,true,true,PASS
covariance:R4:1119,1119,R4,R3,R4;M,M;R3,false,false,,,true,true,PASS
covariance:R4:1135,1135,R4,R3,R4;M,M;R3,true,true,2619,2619,true,true,PASS
covariance:R4:1143,1143,R4,R3,R4;M,M;R3,false,false,,,true,true,PASS
covariance:R4:1147,1147,R4,R3,R4;M,M;R3,false,false,,,true,true,PASS
covariance:R4:1149,1149,R4,R3,R4;M,M;R3,false,false,,,true,true,PASS
covariance:R4:1183,1183,R4,R3,R4;M,M;R3,false,false,,,true,true,PASS
covariance:R4:1199,1199,R4,R3,R4;M,M;R3,true,true,2651,2651,true,true,PASS
covariance:R4:1207,1207,R4,R3,R4;M,M;R3,false,false,,,true,true,PASS
covariance:R4:1211,1211,R4,R3,R4;M,M;R3,false,false,,,true,true,PASS
covariance:R4:1213,1213,R4,R3,R4;M,M;R3,false,false,,,true,true,PASS
covariance:R4:1231,1231,R4,R3,R4;M,M;R3,true,true,2667,2667,true,true,PASS
covariance:R4:1239,1239,R4,R3,R4;M,M;R3,true,true,2675,2675,true,true,PASS
covariance:R4:1243,1243,R4,R3,R4;M,M;R3,true,true,2677,2677,true,true,PASS
covariance:R4:1245,1245,R4,R3,R4;M,M;R3,true,true,1339,1339,true,true,PASS
covariance:R4:1255,1255,R4,R3,R4;M,M;R3,false,false,,,true,true,PASS
covariance:R4:1259,1259,R4,R3,R4;M,M;R3,false,false,,,true,true,PASS
covariance:R4:1261,1261,R4,R3,R4;M,M;R3,false,false,,,true,true,PASS
covariance:R4:1267,1267,R4,R3,R4;M,M;R3,false,false,,,true,true,PASS
covariance:R4:1269,1269,R4,R3,R4;M,M;R3,false,false,,,true,true,PASS
covariance:R4:1273,1273,R4,R3,R4;M,M;R3,false,false,,,true,true,PASS
covariance:R4:1311,1311,R4,R3,R4;M,M;R3,false,false,,,true,true,PASS
covariance:R4:1327,1327,R4,R3,R4;M,M;R3,true,true,2715,2715,true,true,PASS
covariance:R4:1335,1335,R4,R3,R4;M,M;R3,false,false,,,true,true,PASS
covariance:R4:1339,1339,R4,R3,R4;M,M;R3,false,false,,,true,true,PASS
covariance:R4:1341,1341,R4,R3,R4;M,M;R3,false,false,,,true,true,PASS
covariance:R4:1359,1359,R4,R3,R4;M,M;R3,true,true,2731,2731,true,true,PASS
covariance:R4:1367,1367,R4,R3,R4;M,M;R3,true,true,2739,2739,true,true,PASS
covariance:R4:1371,1371,R4,R3,R4;M,M;R3,true,true,2741,2741,true,true,PASS
covariance:R4:1373,1373,R4,R3,R4;M,M;R3,true,true,1371,1371,true,true,PASS
covariance:R4:1383,1383,R4,R3,R4;M,M;R3,false,false,,,true,true,PASS
covariance:R4:1387,1387,R4,R3,R4;M,M;R3,false,false,,,true,true,PASS
covariance:R4:1389,1389,R4,R3,R4;M,M;R3,false,false,,,true,true,PASS
covariance:R4:1395,1395,R4,R3,R4;M,M;R3,false,false,,,true,true,PASS
covariance:R4:1397,1397,R4,R3,R4;M,M;R3,false,false,,,true,true,PASS
covariance:R4:1401,1401,R4,R3,R4;M,M;R3,false,false,,,true,true,PASS
covariance:R4:1423,1423,R4,R3,R4;M,M;R3,true,true,2763,2763,true,true,PASS
covariance:R4:1431,1431,R4,R3,R4;M,M;R3,true,true,2771,2771,true,true,PASS
covariance:R4:1435,1435,R4,R3,R4;M,M;R3,true,true,2773,2773,true,true,PASS
covariance:R4:1437,1437,R4,R3,R4;M,M;R3,true,true,1387,1387,true,true,PASS
covariance:R4:1447,1447,R4,R3,R4;M,M;R3,true,true,2787,2787,true,true,PASS
covariance:R4:1451,1451,R4,R3,R4;M,M;R3,true,true,2789,2789,true,true,PASS
covariance:R4:1453,1453,R4,R3,R4;M,M;R3,true,true,1395,1395,true,true,PASS
covariance:R4:1459,1459,R4,R3,R4;M,M;R3,true,true,2793,2793,true,true,PASS
covariance:R4:1461,1461,R4,R3,R4;M,M;R3,true,true,1397,1397,true,true,PASS
covariance:R4:1465,1465,R4,R3,R4;M,M;R3,true,true,699,699,true,true,PASS
covariance:R4:1479,1479,R4,R3,R4;M,M;R3,false,false,,,true,true,PASS
covariance:R4:1483,1483,R4,R3,R4;M,M;R3,false,false,,,true,true,PASS
covariance:R4:1485,1485,R4,R3,R4;M,M;R3,false,false,,,true,true,PASS
covariance:R4:1491,1491,R4,R3,R4;M,M;R3,false,false,,,true,true,PASS
covariance:R4:1493,1493,R4,R3,R4;M,M;R3,false,false,,,true,true,PASS
covariance:R4:1497,1497,R4,R3,R4;M,M;R3,false,false,,,true,true,PASS
covariance:R4:1507,1507,R4,R3,R4;M,M;R3,false,false,,,true,true,PASS
covariance:R4:1509,1509,R4,R3,R4;M,M;R3,false,false,,,true,true,PASS
covariance:R4:1513,1513,R4,R3,R4;M,M;R3,false,false,,,true,true,PASS
covariance:R4:1521,1521,R4,R3,R4;M,M;R3,false,false,,,true,true,PASS
covariance:R4:1567,1567,R4,R3,R4;M,M;R3,false,false,,,true,true,PASS
covariance:R4:1583,1583,R4,R3,R4;M,M;R3,true,true,2843,2843,true,true,PASS
covariance:R4:1591,1591,R4,R3,R4;M,M;R3,false,false,,,true,true,PASS
covariance:R4:1595,1595,R4,R3,R4;M,M;R3,false,false,,,true,true,PASS
covariance:R4:1597,1597,R4,R3,R4;M,M;R3,false,false,,,true,true,PASS
covariance:R4:1615,1615,R4,R3,R4;M,M;R3,true,true,2859,2859,true,true,PASS
covariance:R4:1623,1623,R4,R3,R4;M,M;R3,true,true,2867,2867,true,true,PASS
covariance:R4:1627,1627,R4,R3,R4;M,M;R3,true,true,2869,2869,true,true,PASS
covariance:R4:1629,1629,R4,R3,R4;M,M;R3,true,true,1435,1435,true,true,PASS
covariance:R4:1639,1639,R4,R3,R4;M,M;R3,false,false,,,true,true,PASS
covariance:R4:1643,1643,R4,R3,R4;M,M;R3,false,false,,,true,true,PASS
covariance:R4:1645,1645,R4,R3,R4;M,M;R3,false,false,,,true,true,PASS
covariance:R4:1651,1651,R4,R3,R4;M,M;R3,false,false,,,true,true,PASS
covariance:R4:1653,1653,R4,R3,R4;M,M;R3,false,false,,,true,true,PASS
covariance:R4:1657,1657,R4,R3,R4;M,M;R3,false,false,,,true,true,PASS
covariance:R4:1679,1679,R4,R3,R4;M,M;R3,true,true,2891,2891,true,true,PASS
covariance:R4:1687,1687,R4,R3,R4;M,M;R3,true,true,2899,2899,true,true,PASS
covariance:R4:1691,1691,R4,R3,R4;M,M;R3,true,true,2901,2901,true,true,PASS
covariance:R4:1693,1693,R4,R3,R4;M,M;R3,true,true,1451,1451,true,true,PASS
covariance:R4:1703,1703,R4,R3,R4;M,M;R3,true,true,2915,2915,true,true,PASS
covariance:R4:1707,1707,R4,R3,R4;M,M;R3,true,true,2917,2917,true,true,PASS
covariance:R4:1709,1709,R4,R3,R4;M,M;R3,true,true,1459,1459,true,true,PASS
covariance:R4:1715,1715,R4,R3,R4;M,M;R3,true,true,2921,2921,true,true,PASS
covariance:R4:1717,1717,R4,R3,R4;M,M;R3,true,true,1461,1461,true,true,PASS
covariance:R4:1721,1721,R4,R3,R4;M,M;R3,true,true,731,731,true,true,PASS
covariance:R4:1735,1735,R4,R3,R4;M,M;R3,false,false,,,true,true,PASS
covariance:R4:1739,1739,R4,R3,R4;M,M;R3,false,false,,,true,true,PASS
covariance:R4:1741,1741,R4,R3,R4;M,M;R3,false,false,,,true,true,PASS
covariance:R4:1747,1747,R4,R3,R4;M,M;R3,false,false,,,true,true,PASS
covariance:R4:1749,1749,R4,R3,R4;M,M;R3,false,false,,,true,true,PASS
covariance:R4:1753,1753,R4,R3,R4;M,M;R3,false,false,,,true,true,PASS
covariance:R4:1763,1763,R4,R3,R4;M,M;R3,false,false,,,true,true,PASS
covariance:R4:1765,1765,R4,R3,R4;M,M;R3,false,false,,,true,true,PASS
covariance:R4:1769,1769,R4,R3,R4;M,M;R3,false,false,,,true,true,PASS
covariance:R4:1777,1777,R4,R3,R4;M,M;R3,false,false,,,true,true,PASS
covariance:R4:1807,1807,R4,R3,R4;M,M;R3,true,true,2955,2955,true,true,PASS
covariance:R4:1815,1815,R4,R3,R4;M,M;R3,true,true,2963,2963,true,true,PASS
covariance:R4:1819,1819,R4,R3,R4;M,M;R3,true,true,2965,2965,true,true,PASS
covariance:R4:1821,1821,R4,R3,R4;M,M;R3,true,true,1483,1483,true,true,PASS
covariance:R4:1831,1831,R4,R3,R4;M,M;R3,true,true,2979,2979,true,true,PASS
covariance:R4:1835,1835,R4,R3,R4;M,M;R3,true,true,2981,2981,true,true,PASS
covariance:R4:1837,1837,R4,R3,R4;M,M;R3,true,true,1491,1491,true,true,PASS
covariance:R4:1843,1843,R4,R3,R4;M,M;R3,true,true,2985,2985,true,true,PASS
covariance:R4:1845,1845,R4,R3,R4;M,M;R3,true,true,1493,1493,true,true,PASS
covariance:R4:1849,1849,R4,R3,R4;M,M;R3,true,true,747,747,true,true,PASS
covariance:R4:1863,1863,R4,R3,R4;M,M;R3,true,true,3011,3011,true,true,PASS
covariance:R4:1867,1867,R4,R3,R4;M,M;R3,true,true,3013,3013,true,true,PASS
covariance:R4:1869,1869,R4,R3,R4;M,M;R3,true,true,1507,1507,true,true,PASS
covariance:R4:1875,1875,R4,R3,R4;M,M;R3,true,true,3017,3017,true,true,PASS
covariance:R4:1877,1877,R4,R3,R4;M,M;R3,true,true,1509,1509,true,true,PASS
covariance:R4:1881,1881,R4,R3,R4;M,M;R3,true,true,755,755,true,true,PASS
covariance:R4:1891,1891,R4,R3,R4;M,M;R3,true,true,3025,3025,true,true,PASS
covariance:R4:1893,1893,R4,R3,R4;M,M;R3,true,true,1513,1513,true,true,PASS
covariance:R4:1897,1897,R4,R3,R4;M,M;R3,true,true,757,757,true,true,PASS
covariance:R4:1905,1905,R4,R3,R4;M,M;R3,true,true,379,379,true,true,PASS
covariance:R4:1927,1927,R4,R3,R4;M,M;R3,false,false,,,true,true,PASS
covariance:R4:1931,1931,R4,R3,R4;M,M;R3,false,false,,,true,true,PASS
covariance:R4:1933,1933,R4,R3,R4;M,M;R3,false,false,,,true,true,PASS
covariance:R4:1939,1939,R4,R3,R4;M,M;R3,false,false,,,true,true,PASS
covariance:R4:1941,1941,R4,R3,R4;M,M;R3,false,false,,,true,true,PASS
covariance:R4:1945,1945,R4,R3,R4;M,M;R3,false,false,,,true,true,PASS
covariance:R4:1955,1955,R4,R3,R4;M,M;R3,false,false,,,true,true,PASS
covariance:R4:1957,1957,R4,R3,R4;M,M;R3,false,false,,,true,true,PASS
covariance:R4:1961,1961,R4,R3,R4;M,M;R3,false,false,,,true,true,PASS
covariance:R4:1969,1969,R4,R3,R4;M,M;R3,false,false,,,true,true,PASS
covariance:R4:1987,1987,R4,R3,R4;M,M;R3,false,false,,,true,true,PASS
covariance:R4:1989,1989,R4,R3,R4;M,M;R3,false,false,,,true,true,PASS
covariance:R4:1993,1993,R4,R3,R4;M,M;R3,false,false,,,true,true,PASS
covariance:R4:2001,2001,R4,R3,R4;M,M;R3,false,false,,,true,true,PASS
covariance:R4:2017,2017,R4,R3,R4;M,M;R3,false,false,,,true,true,PASS
covariance:R4:2111,2111,R4,R3,R4;M,M;R3,false,false,,,true,true,PASS
covariance:R4:2143,2143,R4,R3,R4;M,M;R3,false,false,,,true,true,PASS
covariance:R4:2159,2159,R4,R3,R4;M,M;R3,true,true,3131,3131,true,true,PASS
covariance:R4:2167,2167,R4,R3,R4;M,M;R3,false,false,,,true,true,PASS
covariance:R4:2171,2171,R4,R3,R4;M,M;R3,false,false,,,true,true,PASS
covariance:R4:2173,2173,R4,R3,R4;M,M;R3,false,false,,,true,true,PASS
covariance:R4:2207,2207,R4,R3,R4;M,M;R3,false,false,,,true,true,PASS
covariance:R4:2223,2223,R4,R3,R4;M,M;R3,true,true,3163,3163,true,true,PASS
covariance:R4:2231,2231,R4,R3,R4;M,M;R3,false,false,,,true,true,PASS
covariance:R4:2235,2235,R4,R3,R4;M,M;R3,false,false,,,true,true,PASS
covariance:R4:2237,2237,R4,R3,R4;M,M;R3,false,false,,,true,true,PASS
covariance:R4:2255,2255,R4,R3,R4;M,M;R3,true,true,3179,3179,true,true,PASS
covariance:R4:2263,2263,R4,R3,R4;M,M;R3,true,true,3187,3187,true,true,PASS
covariance:R4:2267,2267,R4,R3,R4;M,M;R3,true,true,3189,3189,true,true,PASS
covariance:R4:2269,2269,R4,R3,R4;M,M;R3,true,true,1595,1595,true,true,PASS
covariance:R4:2279,2279,R4,R3,R4;M,M;R3,false,false,,,true,true,PASS
covariance:R4:2283,2283,R4,R3,R4;M,M;R3,false,false,,,true,true,PASS
covariance:R4:2285,2285,R4,R3,R4;M,M;R3,false,false,,,true,true,PASS
covariance:R4:2291,2291,R4,R3,R4;M,M;R3,false,false,,,true,true,PASS
covariance:R4:2293,2293,R4,R3,R4;M,M;R3,false,false,,,true,true,PASS
covariance:R4:2297,2297,R4,R3,R4;M,M;R3,false,false,,,true,true,PASS
covariance:R4:2335,2335,R4,R3,R4;M,M;R3,false,false,,,true,true,PASS
covariance:R4:2351,2351,R4,R3,R4;M,M;R3,true,true,3227,3227,true,true,PASS
covariance:R4:2359,2359,R4,R3,R4;M,M;R3,false,false,,,true,true,PASS
covariance:R4:2363,2363,R4,R3,R4;M,M;R3,false,false,,,true,true,PASS
covariance:R4:2365,2365,R4,R3,R4;M,M;R3,false,false,,,true,true,PASS
covariance:R4:2383,2383,R4,R3,R4;M,M;R3,true,true,3243,3243,true,true,PASS
covariance:R4:2391,2391,R4,R3,R4;M,M;R3,true,true,3251,3251,true,true,PASS
covariance:R4:2395,2395,R4,R3,R4;M,M;R3,true,true,3253,3253,true,true,PASS
covariance:R4:2397,2397,R4,R3,R4;M,M;R3,true,true,1627,1627,true,true,PASS
covariance:R4:2407,2407,R4,R3,R4;M,M;R3,false,false,,,true,true,PASS
covariance:R4:2411,2411,R4,R3,R4;M,M;R3,false,false,,,true,true,PASS
covariance:R4:2413,2413,R4,R3,R4;M,M;R3,false,false,,,true,true,PASS
covariance:R4:2419,2419,R4,R3,R4;M,M;R3,false,false,,,true,true,PASS
covariance:R4:2421,2421,R4,R3,R4;M,M;R3,false,false,,,true,true,PASS
covariance:R4:2425,2425,R4,R3,R4;M,M;R3,false,false,,,true,true,PASS
covariance:R4:2447,2447,R4,R3,R4;M,M;R3,true,true,3275,3275,true,true,PASS
covariance:R4:2455,2455,R4,R3,R4;M,M;R3,true,true,3283,3283,true,true,PASS
covariance:R4:2459,2459,R4,R3,R4;M,M;R3,true,true,3285,3285,true,true,PASS
covariance:R4:2461,2461,R4,R3,R4;M,M;R3,true,true,1643,1643,true,true,PASS
covariance:R4:2471,2471,R4,R3,R4;M,M;R3,true,true,3299,3299,true,true,PASS
covariance:R4:2475,2475,R4,R3,R4;M,M;R3,true,true,3301,3301,true,true,PASS
covariance:R4:2477,2477,R4,R3,R4;M,M;R3,true,true,1651,1651,true,true,PASS
covariance:R4:2483,2483,R4,R3,R4;M,M;R3,true,true,3305,3305,true,true,PASS
covariance:R4:2485,2485,R4,R3,R4;M,M;R3,true,true,1653,1653,true,true,PASS
covariance:R4:2489,2489,R4,R3,R4;M,M;R3,true,true,827,827,true,true,PASS
covariance:R4:2503,2503,R4,R3,R4;M,M;R3,false,false,,,true,true,PASS
covariance:R4:2507,2507,R4,R3,R4;M,M;R3,false,false,,,true,true,PASS
covariance:R4:2509,2509,R4,R3,R4;M,M;R3,false,false,,,true,true,PASS
covariance:R4:2515,2515,R4,R3,R4;M,M;R3,false,false,,,true,true,PASS
covariance:R4:2517,2517,R4,R3,R4;M,M;R3,false,false,,,true,true,PASS
covariance:R4:2521,2521,R4,R3,R4;M,M;R3,false,false,,,true,true,PASS
covariance:R4:2531,2531,R4,R3,R4;M,M;R3,false,false,,,true,true,PASS
covariance:R4:2533,2533,R4,R3,R4;M,M;R3,false,false,,,true,true,PASS
covariance:R4:2537,2537,R4,R3,R4;M,M;R3,false,false,,,true,true,PASS
covariance:R4:2545,2545,R4,R3,R4;M,M;R3,false,false,,,true,true,PASS
covariance:R4:2591,2591,R4,R3,R4;M,M;R3,false,false,,,true,true,PASS
covariance:R4:2607,2607,R4,R3,R4;M,M;R3,true,true,3355,3355,true,true,PASS
covariance:R4:2615,2615,R4,R3,R4;M,M;R3,false,false,,,true,true,PASS
covariance:R4:2619,2619,R4,R3,R4;M,M;R3,false,false,,,true,true,PASS
covariance:R4:2621,2621,R4,R3,R4;M,M;R3,false,false,,,true,true,PASS
covariance:R4:2639,2639,R4,R3,R4;M,M;R3,true,true,3371,3371,true,true,PASS
covariance:R4:2647,2647,R4,R3,R4;M,M;R3,true,true,3379,3379,true,true,PASS
covariance:R4:2651,2651,R4,R3,R4;M,M;R3,true,true,3381,3381,true,true,PASS
covariance:R4:2653,2653,R4,R3,R4;M,M;R3,true,true,1691,1691,true,true,PASS
covariance:R4:2663,2663,R4,R3,R4;M,M;R3,false,false,,,true,true,PASS
covariance:R4:2667,2667,R4,R3,R4;M,M;R3,false,false,,,true,true,PASS
covariance:R4:2669,2669,R4,R3,R4;M,M;R3,false,false,,,true,true,PASS
covariance:R4:2675,2675,R4,R3,R4;M,M;R3,false,false,,,true,true,PASS
covariance:R4:2677,2677,R4,R3,R4;M,M;R3,false,false,,,true,true,PASS
covariance:R4:2681,2681,R4,R3,R4;M,M;R3,false,false,,,true,true,PASS
covariance:R4:2703,2703,R4,R3,R4;M,M;R3,true,true,3403,3403,true,true,PASS
covariance:R4:2711,2711,R4,R3,R4;M,M;R3,true,true,3411,3411,true,true,PASS
covariance:R4:2715,2715,R4,R3,R4;M,M;R3,true,true,3413,3413,true,true,PASS
covariance:R4:2717,2717,R4,R3,R4;M,M;R3,true,true,1707,1707,true,true,PASS
covariance:R4:2727,2727,R4,R3,R4;M,M;R3,true,true,3427,3427,true,true,PASS
covariance:R4:2731,2731,R4,R3,R4;M,M;R3,true,true,3429,3429,true,true,PASS
covariance:R4:2733,2733,R4,R3,R4;M,M;R3,true,true,1715,1715,true,true,PASS
covariance:R4:2739,2739,R4,R3,R4;M,M;R3,true,true,3433,3433,true,true,PASS
covariance:R4:2741,2741,R4,R3,R4;M,M;R3,true,true,1717,1717,true,true,PASS
covariance:R4:2745,2745,R4,R3,R4;M,M;R3,true,true,859,859,true,true,PASS
covariance:R4:2759,2759,R4,R3,R4;M,M;R3,false,false,,,true,true,PASS
covariance:R4:2763,2763,R4,R3,R4;M,M;R3,false,false,,,true,true,PASS
covariance:R4:2765,2765,R4,R3,R4;M,M;R3,false,false,,,true,true,PASS
covariance:R4:2771,2771,R4,R3,R4;M,M;R3,false,false,,,true,true,PASS
covariance:R4:2773,2773,R4,R3,R4;M,M;R3,false,false,,,true,true,PASS
covariance:R4:2777,2777,R4,R3,R4;M,M;R3,false,false,,,true,true,PASS
covariance:R4:2787,2787,R4,R3,R4;M,M;R3,false,false,,,true,true,PASS
covariance:R4:2789,2789,R4,R3,R4;M,M;R3,false,false,,,true,true,PASS
covariance:R4:2793,2793,R4,R3,R4;M,M;R3,false,false,,,true,true,PASS
covariance:R4:2801,2801,R4,R3,R4;M,M;R3,false,false,,,true,true,PASS
covariance:R4:2831,2831,R4,R3,R4;M,M;R3,true,true,3467,3467,true,true,PASS
covariance:R4:2839,2839,R4,R3,R4;M,M;R3,true,true,3475,3475,true,true,PASS
covariance:R4:2843,2843,R4,R3,R4;M,M;R3,true,true,3477,3477,true,true,PASS
covariance:R4:2845,2845,R4,R3,R4;M,M;R3,true,true,1739,1739,true,true,PASS
covariance:R4:2855,2855,R4,R3,R4;M,M;R3,true,true,3491,3491,true,true,PASS
covariance:R4:2859,2859,R4,R3,R4;M,M;R3,true,true,3493,3493,true,true,PASS
covariance:R4:2861,2861,R4,R3,R4;M,M;R3,true,true,1747,1747,true,true,PASS
covariance:R4:2867,2867,R4,R3,R4;M,M;R3,true,true,3497,3497,true,true,PASS
covariance:R4:2869,2869,R4,R3,R4;M,M;R3,true,true,1749,1749,true,true,PASS
covariance:R4:2873,2873,R4,R3,R4;M,M;R3,true,true,875,875,true,true,PASS
covariance:R4:2887,2887,R4,R3,R4;M,M;R3,true,true,3523,3523,true,true,PASS
covariance:R4:2891,2891,R4,R3,R4;M,M;R3,true,true,3525,3525,true,true,PASS
covariance:R4:2893,2893,R4,R3,R4;M,M;R3,true,true,1763,1763,true,true,PASS
covariance:R4:2899,2899,R4,R3,R4;M,M;R3,true,true,3529,3529,true,true,PASS
covariance:R4:2901,2901,R4,R3,R4;M,M;R3,true,true,1765,1765,true,true,PASS
covariance:R4:2905,2905,R4,R3,R4;M,M;R3,true,true,883,883,true,true,PASS
covariance:R4:2915,2915,R4,R3,R4;M,M;R3,true,true,3537,3537,true,true,PASS
covariance:R4:2917,2917,R4,R3,R4;M,M;R3,true,true,1769,1769,true,true,PASS
covariance:R4:2921,2921,R4,R3,R4;M,M;R3,true,true,885,885,true,true,PASS
covariance:R4:2929,2929,R4,R3,R4;M,M;R3,true,true,443,443,true,true,PASS
covariance:R4:2951,2951,R4,R3,R4;M,M;R3,false,false,,,true,true,PASS
covariance:R4:2955,2955,R4,R3,R4;M,M;R3,false,false,,,true,true,PASS
covariance:R4:2957,2957,R4,R3,R4;M,M;R3,false,false,,,true,true,PASS
covariance:R4:2963,2963,R4,R3,R4;M,M;R3,false,false,,,true,true,PASS
covariance:R4:2965,2965,R4,R3,R4;M,M;R3,false,false,,,true,true,PASS
covariance:R4:2969,2969,R4,R3,R4;M,M;R3,false,false,,,true,true,PASS
covariance:R4:2979,2979,R4,R3,R4;M,M;R3,false,false,,,true,true,PASS
covariance:R4:2981,2981,R4,R3,R4;M,M;R3,false,false,,,true,true,PASS
covariance:R4:2985,2985,R4,R3,R4;M,M;R3,false,false,,,true,true,PASS
covariance:R4:2993,2993,R4,R3,R4;M,M;R3,false,false,,,true,true,PASS
covariance:R4:3011,3011,R4,R3,R4;M,M;R3,false,false,,,true,true,PASS
covariance:R4:3013,3013,R4,R3,R4;M,M;R3,false,false,,,true,true,PASS
covariance:R4:3017,3017,R4,R3,R4;M,M;R3,false,false,,,true,true,PASS
covariance:R4:3025,3025,R4,R3,R4;M,M;R3,false,false,,,true,true,PASS
covariance:R4:3041,3041,R4,R3,R4;M,M;R3,false,false,,,true,true,PASS
covariance:R4:3103,3103,R4,R3,R4;M,M;R3,false,false,,,true,true,PASS
covariance:R4:3119,3119,R4,R3,R4;M,M;R3,true,true,3611,3611,true,true,PASS
covariance:R4:3127,3127,R4,R3,R4;M,M;R3,false,false,,,true,true,PASS
covariance:R4:3131,3131,R4,R3,R4;M,M;R3,false,false,,,true,true,PASS
covariance:R4:3133,3133,R4,R3,R4;M,M;R3,false,false,,,true,true,PASS
covariance:R4:3151,3151,R4,R3,R4;M,M;R3,true,true,3627,3627,true,true,PASS
covariance:R4:3159,3159,R4,R3,R4;M,M;R3,true,true,3635,3635,true,true,PASS
covariance:R4:3163,3163,R4,R3,R4;M,M;R3,true,true,3637,3637,true,true,PASS
covariance:R4:3165,3165,R4,R3,R4;M,M;R3,true,true,1819,1819,true,true,PASS
covariance:R4:3175,3175,R4,R3,R4;M,M;R3,false,false,,,true,true,PASS
covariance:R4:3179,3179,R4,R3,R4;M,M;R3,false,false,,,true,true,PASS
covariance:R4:3181,3181,R4,R3,R4;M,M;R3,false,false,,,true,true,PASS
covariance:R4:3187,3187,R4,R3,R4;M,M;R3,false,false,,,true,true,PASS
covariance:R4:3189,3189,R4,R3,R4;M,M;R3,false,false,,,true,true,PASS
covariance:R4:3193,3193,R4,R3,R4;M,M;R3,false,false,,,true,true,PASS
covariance:R4:3215,3215,R4,R3,R4;M,M;R3,true,true,3659,3659,true,true,PASS
covariance:R4:3223,3223,R4,R3,R4;M,M;R3,true,true,3667,3667,true,true,PASS
covariance:R4:3227,3227,R4,R3,R4;M,M;R3,true,true,3669,3669,true,true,PASS
covariance:R4:3229,3229,R4,R3,R4;M,M;R3,true,true,1835,1835,true,true,PASS
covariance:R4:3239,3239,R4,R3,R4;M,M;R3,true,true,3683,3683,true,true,PASS
covariance:R4:3243,3243,R4,R3,R4;M,M;R3,true,true,3685,3685,true,true,PASS
covariance:R4:3245,3245,R4,R3,R4;M,M;R3,true,true,1843,1843,true,true,PASS
covariance:R4:3251,3251,R4,R3,R4;M,M;R3,true,true,3689,3689,true,true,PASS
covariance:R4:3253,3253,R4,R3,R4;M,M;R3,true,true,1845,1845,true,true,PASS
covariance:R4:3257,3257,R4,R3,R4;M,M;R3,true,true,923,923,true,true,PASS
covariance:R4:3271,3271,R4,R3,R4;M,M;R3,false,false,,,true,true,PASS
covariance:R4:3275,3275,R4,R3,R4;M,M;R3,false,false,,,true,true,PASS
covariance:R4:3277,3277,R4,R3,R4;M,M;R3,false,false,,,true,true,PASS
covariance:R4:3283,3283,R4,R3,R4;M,M;R3,false,false,,,true,true,PASS
covariance:R4:3285,3285,R4,R3,R4;M,M;R3,false,false,,,true,true,PASS
covariance:R4:3289,3289,R4,R3,R4;M,M;R3,false,false,,,true,true,PASS
covariance:R4:3299,3299,R4,R3,R4;M,M;R3,false,false,,,true,true,PASS
covariance:R4:3301,3301,R4,R3,R4;M,M;R3,false,false,,,true,true,PASS
covariance:R4:3305,3305,R4,R3,R4;M,M;R3,false,false,,,true,true,PASS
covariance:R4:3313,3313,R4,R3,R4;M,M;R3,false,false,,,true,true,PASS
covariance:R4:3343,3343,R4,R3,R4;M,M;R3,true,true,3723,3723,true,true,PASS
covariance:R4:3351,3351,R4,R3,R4;M,M;R3,true,true,3731,3731,true,true,PASS
covariance:R4:3355,3355,R4,R3,R4;M,M;R3,true,true,3733,3733,true,true,PASS
covariance:R4:3357,3357,R4,R3,R4;M,M;R3,true,true,1867,1867,true,true,PASS
covariance:R4:3367,3367,R4,R3,R4;M,M;R3,true,true,3747,3747,true,true,PASS
covariance:R4:3371,3371,R4,R3,R4;M,M;R3,true,true,3749,3749,true,true,PASS
covariance:R4:3373,3373,R4,R3,R4;M,M;R3,true,true,1875,1875,true,true,PASS
covariance:R4:3379,3379,R4,R3,R4;M,M;R3,true,true,3753,3753,true,true,PASS
covariance:R4:3381,3381,R4,R3,R4;M,M;R3,true,true,1877,1877,true,true,PASS
covariance:R4:3385,3385,R4,R3,R4;M,M;R3,true,true,939,939,true,true,PASS
covariance:R4:3399,3399,R4,R3,R4;M,M;R3,true,true,3779,3779,true,true,PASS
covariance:R4:3403,3403,R4,R3,R4;M,M;R3,true,true,3781,3781,true,true,PASS
covariance:R4:3405,3405,R4,R3,R4;M,M;R3,true,true,1891,1891,true,true,PASS
covariance:R4:3411,3411,R4,R3,R4;M,M;R3,true,true,3785,3785,true,true,PASS
covariance:R4:3413,3413,R4,R3,R4;M,M;R3,true,true,1893,1893,true,true,PASS
covariance:R4:3417,3417,R4,R3,R4;M,M;R3,true,true,947,947,true,true,PASS
covariance:R4:3427,3427,R4,R3,R4;M,M;R3,true,true,3793,3793,true,true,PASS
covariance:R4:3429,3429,R4,R3,R4;M,M;R3,true,true,1897,1897,true,true,PASS
covariance:R4:3433,3433,R4,R3,R4;M,M;R3,true,true,949,949,true,true,PASS
covariance:R4:3441,3441,R4,R3,R4;M,M;R3,true,true,475,475,true,true,PASS
covariance:R4:3463,3463,R4,R3,R4;M,M;R3,false,false,,,true,true,PASS
covariance:R4:3467,3467,R4,R3,R4;M,M;R3,false,false,,,true,true,PASS
covariance:R4:3469,3469,R4,R3,R4;M,M;R3,false,false,,,true,true,PASS
covariance:R4:3475,3475,R4,R3,R4;M,M;R3,false,false,,,true,true,PASS
covariance:R4:3477,3477,R4,R3,R4;M,M;R3,false,false,,,true,true,PASS
covariance:R4:3481,3481,R4,R3,R4;M,M;R3,false,false,,,true,true,PASS
covariance:R4:3491,3491,R4,R3,R4;M,M;R3,false,false,,,true,true,PASS
covariance:R4:3493,3493,R4,R3,R4;M,M;R3,false,false,,,true,true,PASS
covariance:R4:3497,3497,R4,R3,R4;M,M;R3,false,false,,,true,true,PASS
covariance:R4:3505,3505,R4,R3,R4;M,M;R3,false,false,,,true,true,PASS
covariance:R4:3523,3523,R4,R3,R4;M,M;R3,false,false,,,true,true,PASS
covariance:R4:3525,3525,R4,R3,R4;M,M;R3,false,false,,,true,true,PASS
covariance:R4:3529,3529,R4,R3,R4;M,M;R3,false,false,,,true,true,PASS
covariance:R4:3537,3537,R4,R3,R4;M,M;R3,false,false,,,true,true,PASS
covariance:R4:3553,3553,R4,R3,R4;M,M;R3,false,false,,,true,true,PASS
covariance:R4:3599,3599,R4,R3,R4;M,M;R3,true,true,3851,3851,true,true,PASS
covariance:R4:3607,3607,R4,R3,R4;M,M;R3,true,true,3859,3859,true,true,PASS
covariance:R4:3611,3611,R4,R3,R4;M,M;R3,true,true,3861,3861,true,true,PASS
covariance:R4:3613,3613,R4,R3,R4;M,M;R3,true,true,1931,1931,true,true,PASS
covariance:R4:3623,3623,R4,R3,R4;M,M;R3,true,true,3875,3875,true,true,PASS
covariance:R4:3627,3627,R4,R3,R4;M,M;R3,true,true,3877,3877,true,true,PASS
covariance:R4:3629,3629,R4,R3,R4;M,M;R3,true,true,1939,1939,true,true,PASS
covariance:R4:3635,3635,R4,R3,R4;M,M;R3,true,true,3881,3881,true,true,PASS
covariance:R4:3637,3637,R4,R3,R4;M,M;R3,true,true,1941,1941,true,true,PASS
covariance:R4:3641,3641,R4,R3,R4;M,M;R3,true,true,971,971,true,true,PASS
covariance:R4:3655,3655,R4,R3,R4;M,M;R3,true,true,3907,3907,true,true,PASS
covariance:R4:3659,3659,R4,R3,R4;M,M;R3,true,true,3909,3909,true,true,PASS
covariance:R4:3661,3661,R4,R3,R4;M,M;R3,true,true,1955,1955,true,true,PASS
covariance:R4:3667,3667,R4,R3,R4;M,M;R3,true,true,3913,3913,true,true,PASS
covariance:R4:3669,3669,R4,R3,R4;M,M;R3,true,true,1957,1957,true,true,PASS
covariance:R4:3673,3673,R4,R3,R4;M,M;R3,true,true,979,979,true,true,PASS
covariance:R4:3683,3683,R4,R3,R4;M,M;R3,true,true,3921,3921,true,true,PASS
covariance:R4:3685,3685,R4,R3,R4;M,M;R3,true,true,1961,1961,true,true,PASS
covariance:R4:3689,3689,R4,R3,R4;M,M;R3,true,true,981,981,true,true,PASS
covariance:R4:3697,3697,R4,R3,R4;M,M;R3,true,true,491,491,true,true,PASS
covariance:R4:3719,3719,R4,R3,R4;M,M;R3,true,true,3971,3971,true,true,PASS
covariance:R4:3723,3723,R4,R3,R4;M,M;R3,true,true,3973,3973,true,true,PASS
covariance:R4:3725,3725,R4,R3,R4;M,M;R3,true,true,1987,1987,true,true,PASS
covariance:R4:3731,3731,R4,R3,R4;M,M;R3,true,true,3977,3977,true,true,PASS
covariance:R4:3733,3733,R4,R3,R4;M,M;R3,true,true,1989,1989,true,true,PASS
covariance:R4:3737,3737,R4,R3,R4;M,M;R3,true,true,995,995,true,true,PASS
covariance:R4:3747,3747,R4,R3,R4;M,M;R3,true,true,3985,3985,true,true,PASS
covariance:R4:3749,3749,R4,R3,R4;M,M;R3,true,true,1993,1993,true,true,PASS
covariance:R4:3753,3753,R4,R3,R4;M,M;R3,true,true,997,997,true,true,PASS
covariance:R4:3761,3761,R4,R3,R4;M,M;R3,true,true,499,499,true,true,PASS
covariance:R4:3779,3779,R4,R3,R4;M,M;R3,true,true,4001,4001,true,true,PASS
covariance:R4:3781,3781,R4,R3,R4;M,M;R3,true,true,2001,2001,true,true,PASS
covariance:R4:3785,3785,R4,R3,R4;M,M;R3,true,true,1001,1001,true,true,PASS
covariance:R4:3793,3793,R4,R3,R4;M,M;R3,true,true,501,501,true,true,PASS
covariance:R4:3809,3809,R4,R3,R4;M,M;R3,true,true,251,251,true,true,PASS
covariance:R4:3847,3847,R4,R3,R4;M,M;R3,false,false,,,true,true,PASS
covariance:R4:3851,3851,R4,R3,R4;M,M;R3,false,false,,,true,true,PASS
covariance:R4:3853,3853,R4,R3,R4;M,M;R3,false,false,,,true,true,PASS
covariance:R4:3859,3859,R4,R3,R4;M,M;R3,false,false,,,true,true,PASS
covariance:R4:3861,3861,R4,R3,R4;M,M;R3,false,false,,,true,true,PASS
covariance:R4:3865,3865,R4,R3,R4;M,M;R3,false,false,,,true,true,PASS
covariance:R4:3875,3875,R4,R3,R4;M,M;R3,false,false,,,true,true,PASS
covariance:R4:3877,3877,R4,R3,R4;M,M;R3,false,false,,,true,true,PASS
covariance:R4:3881,3881,R4,R3,R4;M,M;R3,false,false,,,true,true,PASS
covariance:R4:3889,3889,R4,R3,R4;M,M;R3,false,false,,,true,true,PASS
covariance:R4:3907,3907,R4,R3,R4;M,M;R3,false,false,,,true,true,PASS
covariance:R4:3909,3909,R4,R3,R4;M,M;R3,false,false,,,true,true,PASS
covariance:R4:3913,3913,R4,R3,R4;M,M;R3,false,false,,,true,true,PASS
covariance:R4:3921,3921,R4,R3,R4;M,M;R3,false,false,,,true,true,PASS
covariance:R4:3937,3937,R4,R3,R4;M,M;R3,false,false,,,true,true,PASS
covariance:R4:3971,3971,R4,R3,R4;M,M;R3,false,false,,,true,true,PASS
covariance:R4:3973,3973,R4,R3,R4;M,M;R3,false,false,,,true,true,PASS
covariance:R4:3977,3977,R4,R3,R4;M,M;R3,false,false,,,true,true,PASS
covariance:R4:3985,3985,R4,R3,R4;M,M;R3,false,false,,,true,true,PASS
covariance:R4:4001,4001,R4,R3,R4;M,M;R3,false,false,,,true,true,PASS
covariance:R4:4033,4033,R4,R3,R4;M,M;R3,false,false,,,true,true,PASS
covariance:L4:127,127,L4,L3,L4;M,M;L3,false,false,,,true,true,PASS
covariance:L4:191,191,L4,L3,L4;M,M;L3,false,false,,,true,true,PASS
covariance:L4:223,223,L4,L3,L4;M,M;L3,false,false,,,true,true,PASS
covariance:L4:239,239,L4,L3,L4;M,M;L3,false,false,,,true,true,PASS
covariance:L4:247,247,L4,L3,L4;M,M;L3,true,true,2167,2167,true,true,PASS
covariance:L4:251,251,L4,L3,L4;M,M;L3,false,false,,,true,true,PASS
covariance:L4:253,253,L4,L3,L4;M,M;L3,false,false,,,true,true,PASS
covariance:L4:319,319,L4,L3,L4;M,M;L3,false,false,,,true,true,PASS
covariance:L4:351,351,L4,L3,L4;M,M;L3,false,false,,,true,true,PASS
covariance:L4:367,367,L4,L3,L4;M,M;L3,false,false,,,true,true,PASS
covariance:L4:375,375,L4,L3,L4;M,M;L3,true,true,2231,2231,true,true,PASS
covariance:L4:379,379,L4,L3,L4;M,M;L3,false,false,,,true,true,PASS
covariance:L4:381,381,L4,L3,L4;M,M;L3,false,false,,,true,true,PASS
covariance:L4:415,415,L4,L3,L4;M,M;L3,false,false,,,true,true,PASS
covariance:L4:431,431,L4,L3,L4;M,M;L3,false,false,,,true,true,PASS
covariance:L4:439,439,L4,L3,L4;M,M;L3,true,true,2263,2263,true,true,PASS
covariance:L4:443,443,L4,L3,L4;M,M;L3,false,false,,,true,true,PASS
covariance:L4:445,445,L4,L3,L4;M,M;L3,false,false,,,true,true,PASS
covariance:L4:463,463,L4,L3,L4;M,M;L3,false,false,,,true,true,PASS
covariance:L4:471,471,L4,L3,L4;M,M;L3,true,true,2279,2279,true,true,PASS
covariance:L4:475,475,L4,L3,L4;M,M;L3,false,false,,,true,true,PASS
covariance:L4:477,477,L4,L3,L4;M,M;L3,false,false,,,true,true,PASS
covariance:L4:487,487,L4,L3,L4;M,M;L3,true,true,2283,2283,true,true,PASS
covariance:L4:491,491,L4,L3,L4;M,M;L3,true,true,2285,2285,true,true,PASS
covariance:L4:493,493,L4,L3,L4;M,M;L3,true,true,1143,1143,true,true,PASS
covariance:L4:499,499,L4,L3,L4;M,M;L3,false,false,,,true,true,PASS
covariance:L4:501,501,L4,L3,L4;M,M;L3,false,false,,,true,true,PASS
covariance:L4:505,505,L4,L3,L4;M,M;L3,false,false,,,true,true,PASS
covariance:L4:575,575,L4,L3,L4;M,M;L3,false,false,,,true,true,PASS
covariance:L4:607,607,L4,L3,L4;M,M;L3,false,false,,,true,true,PASS
covariance:L4:623,623,L4,L3,L4;M,M;L3,false,false,,,true,true,PASS
covariance:L4:631,631,L4,L3,L4;M,M;L3,true,true,2359,2359,true,true,PASS
covariance:L4:635,635,L4,L3,L4;M,M;L3,false,false,,,true,true,PASS
covariance:L4:637,637,L4,L3,L4;M,M;L3,false,false,,,true,true,PASS
covariance:L4:671,671,L4,L3,L4;M,M;L3,false,false,,,true,true,PASS
covariance:L4:687,687,L4,L3,L4;M,M;L3,false,false,,,true,true,PASS
covariance:L4:695,695,L4,L3,L4;M,M;L3,true,true,2391,2391,true,true,PASS
covariance:L4:699,699,L4,L3,L4;M,M;L3,false,false,,,true,true,PASS
covariance:L4:701,701,L4,L3,L4;M,M;L3,false,false,,,true,true,PASS
covariance:L4:719,719,L4,L3,L4;M,M;L3,false,false,,,true,true,PASS
covariance:L4:727,727,L4,L3,L4;M,M;L3,true,true,2407,2407,true,true,PASS
covariance:L4:731,731,L4,L3,L4;M,M;L3,false,false,,,true,true,PASS
covariance:L4:733,733,L4,L3,L4;M,M;L3,false,false,,,true,true,PASS
covariance:L4:743,743,L4,L3,L4;M,M;L3,true,true,2411,2411,true,true,PASS
covariance:L4:747,747,L4,L3,L4;M,M;L3,true,true,2413,2413,true,true,PASS
covariance:L4:749,749,L4,L3,L4;M,M;L3,true,true,1207,1207,true,true,PASS
covariance:L4:755,755,L4,L3,L4;M,M;L3,false,false,,,true,true,PASS
covariance:L4:757,757,L4,L3,L4;M,M;L3,false,false,,,true,true,PASS
covariance:L4:761,761,L4,L3,L4;M,M;L3,false,false,,,true,true,PASS
covariance:L4:799,799,L4,L3,L4;M,M;L3,false,false,,,true,true,PASS
covariance:L4:815,815,L4,L3,L4;M,M;L3,false,false,,,true,true,PASS
covariance:L4:823,823,L4,L3,L4;M,M;L3,true,true,2455,2455,true,true,PASS
covariance:L4:827,827,L4,L3,L4;M,M;L3,false,false,,,true,true,PASS
covariance:L4:829,829,L4,L3,L4;M,M;L3,false,false,,,true,true,PASS
covariance:L4:847,847,L4,L3,L4;M,M;L3,false,false,,,true,true,PASS
covariance:L4:855,855,L4,L3,L4;M,M;L3,true,true,2471,2471,true,true,PASS
covariance:L4:859,859,L4,L3,L4;M,M;L3,false,false,,,true,true,PASS
covariance:L4:861,861,L4,L3,L4;M,M;L3,false,false,,,true,true,PASS
covariance:L4:871,871,L4,L3,L4;M,M;L3,true,true,2475,2475,true,true,PASS
covariance:L4:875,875,L4,L3,L4;M,M;L3,true,true,2477,2477,true,true,PASS
covariance:L4:877,877,L4,L3,L4;M,M;L3,true,true,1239,1239,true,true,PASS
covariance:L4:883,883,L4,L3,L4;M,M;L3,false,false,,,true,true,PASS
covariance:L4:885,885,L4,L3,L4;M,M;L3,false,false,,,true,true,PASS
covariance:L4:889,889,L4,L3,L4;M,M;L3,false,false,,,true,true,PASS
covariance:L4:911,911,L4,L3,L4;M,M;L3,false,false,,,true,true,PASS
covariance:L4:919,919,L4,L3,L4;M,M;L3,true,true,2503,2503,true,true,PASS
covariance:L4:923,923,L4,L3,L4;M,M;L3,false,false,,,true,true,PASS
covariance:L4:925,925,L4,L3,L4;M,M;L3,false,false,,,true,true,PASS
covariance:L4:935,935,L4,L3,L4;M,M;L3,true,true,2507,2507,true,true,PASS
covariance:L4:939,939,L4,L3,L4;M,M;L3,true,true,2509,2509,true,true,PASS
covariance:L4:941,941,L4,L3,L4;M,M;L3,true,true,1255,1255,true,true,PASS
covariance:L4:947,947,L4,L3,L4;M,M;L3,false,false,,,true,true,PASS
covariance:L4:949,949,L4,L3,L4;M,M;L3,false,false,,,true,true,PASS
covariance:L4:953,953,L4,L3,L4;M,M;L3,false,false,,,true,true,PASS
covariance:L4:967,967,L4,L3,L4;M,M;L3,true,true,2515,2515,true,true,PASS
covariance:L4:971,971,L4,L3,L4;M,M;L3,true,true,2517,2517,true,true,PASS
covariance:L4:973,973,L4,L3,L4;M,M;L3,true,true,1259,1259,true,true,PASS
covariance:L4:979,979,L4,L3,L4;M,M;L3,true,true,2521,2521,true,true,PASS
covariance:L4:981,981,L4,L3,L4;M,M;L3,true,true,1261,1261,true,true,PASS
covariance:L4:985,985,L4,L3,L4;M,M;L3,true,true,631,631,true,true,PASS
covariance:L4:995,995,L4,L3,L4;M,M;L3,false,false,,,true,true,PASS
covariance:L4:997,997,L4,L3,L4;M,M;L3,false,false,,,true,true,PASS
covariance:L4:1001,1001,L4,L3,L4;M,M;L3,false,false,,,true,true,PASS
covariance:L4:1009,1009,L4,L3,L4;M,M;L3,false,false,,,true,true,PASS
covariance:L4:1087,1087,L4,L3,L4;M,M;L3,false,false,,,true,true,PASS
covariance:L4:1119,1119,L4,L3,L4;M,M;L3,false,false,,,true,true,PASS
covariance:L4:1135,1135,L4,L3,L4;M,M;L3,false,false,,,true,true,PASS
covariance:L4:1143,1143,L4,L3,L4;M,M;L3,true,true,2615,2615,true,true,PASS
covariance:L4:1147,1147,L4,L3,L4;M,M;L3,false,false,,,true,true,PASS
covariance:L4:1149,1149,L4,L3,L4;M,M;L3,false,false,,,true,true,PASS
covariance:L4:1183,1183,L4,L3,L4;M,M;L3,false,false,,,true,true,PASS
covariance:L4:1199,1199,L4,L3,L4;M,M;L3,false,false,,,true,true,PASS
covariance:L4:1207,1207,L4,L3,L4;M,M;L3,true,true,2647,2647,true,true,PASS
covariance:L4:1211,1211,L4,L3,L4;M,M;L3,false,false,,,true,true,PASS
covariance:L4:1213,1213,L4,L3,L4;M,M;L3,false,false,,,true,true,PASS
covariance:L4:1231,1231,L4,L3,L4;M,M;L3,false,false,,,true,true,PASS
covariance:L4:1239,1239,L4,L3,L4;M,M;L3,true,true,2663,2663,true,true,PASS
covariance:L4:1243,1243,L4,L3,L4;M,M;L3,false,false,,,true,true,PASS
covariance:L4:1245,1245,L4,L3,L4;M,M;L3,false,false,,,true,true,PASS
covariance:L4:1255,1255,L4,L3,L4;M,M;L3,true,true,2667,2667,true,true,PASS
covariance:L4:1259,1259,L4,L3,L4;M,M;L3,true,true,2669,2669,true,true,PASS
covariance:L4:1261,1261,L4,L3,L4;M,M;L3,true,true,1335,1335,true,true,PASS
covariance:L4:1267,1267,L4,L3,L4;M,M;L3,false,false,,,true,true,PASS
covariance:L4:1269,1269,L4,L3,L4;M,M;L3,false,false,,,true,true,PASS
covariance:L4:1273,1273,L4,L3,L4;M,M;L3,false,false,,,true,true,PASS
covariance:L4:1311,1311,L4,L3,L4;M,M;L3,false,false,,,true,true,PASS
covariance:L4:1327,1327,L4,L3,L4;M,M;L3,false,false,,,true,true,PASS
covariance:L4:1335,1335,L4,L3,L4;M,M;L3,true,true,2711,2711,true,true,PASS
covariance:L4:1339,1339,L4,L3,L4;M,M;L3,false,false,,,true,true,PASS
covariance:L4:1341,1341,L4,L3,L4;M,M;L3,false,false,,,true,true,PASS
covariance:L4:1359,1359,L4,L3,L4;M,M;L3,false,false,,,true,true,PASS
covariance:L4:1367,1367,L4,L3,L4;M,M;L3,true,true,2727,2727,true,true,PASS
covariance:L4:1371,1371,L4,L3,L4;M,M;L3,false,false,,,true,true,PASS
covariance:L4:1373,1373,L4,L3,L4;M,M;L3,false,false,,,true,true,PASS
covariance:L4:1383,1383,L4,L3,L4;M,M;L3,true,true,2731,2731,true,true,PASS
covariance:L4:1387,1387,L4,L3,L4;M,M;L3,true,true,2733,2733,true,true,PASS
covariance:L4:1389,1389,L4,L3,L4;M,M;L3,true,true,1367,1367,true,true,PASS
covariance:L4:1395,1395,L4,L3,L4;M,M;L3,false,false,,,true,true,PASS
covariance:L4:1397,1397,L4,L3,L4;M,M;L3,false,false,,,true,true,PASS
covariance:L4:1401,1401,L4,L3,L4;M,M;L3,false,false,,,true,true,PASS
covariance:L4:1423,1423,L4,L3,L4;M,M;L3,false,false,,,true,true,PASS
covariance:L4:1431,1431,L4,L3,L4;M,M;L3,true,true,2759,2759,true,true,PASS
covariance:L4:1435,1435,L4,L3,L4;M,M;L3,false,false,,,true,true,PASS
covariance:L4:1437,1437,L4,L3,L4;M,M;L3,false,false,,,true,true,PASS
covariance:L4:1447,1447,L4,L3,L4;M,M;L3,true,true,2763,2763,true,true,PASS
covariance:L4:1451,1451,L4,L3,L4;M,M;L3,true,true,2765,2765,true,true,PASS
covariance:L4:1453,1453,L4,L3,L4;M,M;L3,true,true,1383,1383,true,true,PASS
covariance:L4:1459,1459,L4,L3,L4;M,M;L3,false,false,,,true,true,PASS
covariance:L4:1461,1461,L4,L3,L4;M,M;L3,false,false,,,true,true,PASS
covariance:L4:1465,1465,L4,L3,L4;M,M;L3,false,false,,,true,true,PASS
covariance:L4:1479,1479,L4,L3,L4;M,M;L3,true,true,2771,2771,true,true,PASS
covariance:L4:1483,1483,L4,L3,L4;M,M;L3,true,true,2773,2773,true,true,PASS
covariance:L4:1485,1485,L4,L3,L4;M,M;L3,true,true,1387,1387,true,true,PASS
covariance:L4:1491,1491,L4,L3,L4;M,M;L3,true,true,2777,2777,true,true,PASS
covariance:L4:1493,1493,L4,L3,L4;M,M;L3,true,true,1389,1389,true,true,PASS
covariance:L4:1497,1497,L4,L3,L4;M,M;L3,true,true,695,695,true,true,PASS
covariance:L4:1507,1507,L4,L3,L4;M,M;L3,false,false,,,true,true,PASS
covariance:L4:1509,1509,L4,L3,L4;M,M;L3,false,false,,,true,true,PASS
covariance:L4:1513,1513,L4,L3,L4;M,M;L3,false,false,,,true,true,PASS
covariance:L4:1521,1521,L4,L3,L4;M,M;L3,false,false,,,true,true,PASS
covariance:L4:1567,1567,L4,L3,L4;M,M;L3,false,false,,,true,true,PASS
covariance:L4:1583,1583,L4,L3,L4;M,M;L3,false,false,,,true,true,PASS
covariance:L4:1591,1591,L4,L3,L4;M,M;L3,true,true,2839,2839,true,true,PASS
covariance:L4:1595,1595,L4,L3,L4;M,M;L3,false,false,,,true,true,PASS
covariance:L4:1597,1597,L4,L3,L4;M,M;L3,false,false,,,true,true,PASS
covariance:L4:1615,1615,L4,L3,L4;M,M;L3,false,false,,,true,true,PASS
covariance:L4:1623,1623,L4,L3,L4;M,M;L3,true,true,2855,2855,true,true,PASS
covariance:L4:1627,1627,L4,L3,L4;M,M;L3,false,false,,,true,true,PASS
covariance:L4:1629,1629,L4,L3,L4;M,M;L3,false,false,,,true,true,PASS
covariance:L4:1639,1639,L4,L3,L4;M,M;L3,true,true,2859,2859,true,true,PASS
covariance:L4:1643,1643,L4,L3,L4;M,M;L3,true,true,2861,2861,true,true,PASS
covariance:L4:1645,1645,L4,L3,L4;M,M;L3,true,true,1431,1431,true,true,PASS
covariance:L4:1651,1651,L4,L3,L4;M,M;L3,false,false,,,true,true,PASS
covariance:L4:1653,1653,L4,L3,L4;M,M;L3,false,false,,,true,true,PASS
covariance:L4:1657,1657,L4,L3,L4;M,M;L3,false,false,,,true,true,PASS
covariance:L4:1679,1679,L4,L3,L4;M,M;L3,false,false,,,true,true,PASS
covariance:L4:1687,1687,L4,L3,L4;M,M;L3,true,true,2887,2887,true,true,PASS
covariance:L4:1691,1691,L4,L3,L4;M,M;L3,false,false,,,true,true,PASS
covariance:L4:1693,1693,L4,L3,L4;M,M;L3,false,false,,,true,true,PASS
covariance:L4:1703,1703,L4,L3,L4;M,M;L3,true,true,2891,2891,true,true,PASS
covariance:L4:1707,1707,L4,L3,L4;M,M;L3,true,true,2893,2893,true,true,PASS
covariance:L4:1709,1709,L4,L3,L4;M,M;L3,true,true,1447,1447,true,true,PASS
covariance:L4:1715,1715,L4,L3,L4;M,M;L3,false,false,,,true,true,PASS
covariance:L4:1717,1717,L4,L3,L4;M,M;L3,false,false,,,true,true,PASS
covariance:L4:1721,1721,L4,L3,L4;M,M;L3,false,false,,,true,true,PASS
covariance:L4:1735,1735,L4,L3,L4;M,M;L3,true,true,2899,2899,true,true,PASS
covariance:L4:1739,1739,L4,L3,L4;M,M;L3,true,true,2901,2901,true,true,PASS
covariance:L4:1741,1741,L4,L3,L4;M,M;L3,true,true,1451,1451,true,true,PASS
covariance:L4:1747,1747,L4,L3,L4;M,M;L3,true,true,2905,2905,true,true,PASS
covariance:L4:1749,1749,L4,L3,L4;M,M;L3,true,true,1453,1453,true,true,PASS
covariance:L4:1753,1753,L4,L3,L4;M,M;L3,true,true,727,727,true,true,PASS
covariance:L4:1763,1763,L4,L3,L4;M,M;L3,false,false,,,true,true,PASS
covariance:L4:1765,1765,L4,L3,L4;M,M;L3,false,false,,,true,true,PASS
covariance:L4:1769,1769,L4,L3,L4;M,M;L3,false,false,,,true,true,PASS
covariance:L4:1777,1777,L4,L3,L4;M,M;L3,false,false,,,true,true,PASS
covariance:L4:1807,1807,L4,L3,L4;M,M;L3,false,false,,,true,true,PASS
covariance:L4:1815,1815,L4,L3,L4;M,M;L3,true,true,2951,2951,true,true,PASS
covariance:L4:1819,1819,L4,L3,L4;M,M;L3,false,false,,,true,true,PASS
covariance:L4:1821,1821,L4,L3,L4;M,M;L3,false,false,,,true,true,PASS
covariance:L4:1831,1831,L4,L3,L4;M,M;L3,true,true,2955,2955,true,true,PASS
covariance:L4:1835,1835,L4,L3,L4;M,M;L3,true,true,2957,2957,true,true,PASS
covariance:L4:1837,1837,L4,L3,L4;M,M;L3,true,true,1479,1479,true,true,PASS
covariance:L4:1843,1843,L4,L3,L4;M,M;L3,false,false,,,true,true,PASS
covariance:L4:1845,1845,L4,L3,L4;M,M;L3,false,false,,,true,true,PASS
covariance:L4:1849,1849,L4,L3,L4;M,M;L3,false,false,,,true,true,PASS
covariance:L4:1863,1863,L4,L3,L4;M,M;L3,true,true,2963,2963,true,true,PASS
covariance:L4:1867,1867,L4,L3,L4;M,M;L3,true,true,2965,2965,true,true,PASS
covariance:L4:1869,1869,L4,L3,L4;M,M;L3,true,true,1483,1483,true,true,PASS
covariance:L4:1875,1875,L4,L3,L4;M,M;L3,true,true,2969,2969,true,true,PASS
covariance:L4:1877,1877,L4,L3,L4;M,M;L3,true,true,1485,1485,true,true,PASS
covariance:L4:1881,1881,L4,L3,L4;M,M;L3,true,true,743,743,true,true,PASS
covariance:L4:1891,1891,L4,L3,L4;M,M;L3,false,false,,,true,true,PASS
covariance:L4:1893,1893,L4,L3,L4;M,M;L3,false,false,,,true,true,PASS
covariance:L4:1897,1897,L4,L3,L4;M,M;L3,false,false,,,true,true,PASS
covariance:L4:1905,1905,L4,L3,L4;M,M;L3,false,false,,,true,true,PASS
covariance:L4:1927,1927,L4,L3,L4;M,M;L3,true,true,2979,2979,true,true,PASS
covariance:L4:1931,1931,L4,L3,L4;M,M;L3,true,true,2981,2981,true,true,PASS
covariance:L4:1933,1933,L4,L3,L4;M,M;L3,true,true,1491,1491,true,true,PASS
covariance:L4:1939,1939,L4,L3,L4;M,M;L3,true,true,2985,2985,true,true,PASS
covariance:L4:1941,1941,L4,L3,L4;M,M;L3,true,true,1493,1493,true,true,PASS
covariance:L4:1945,1945,L4,L3,L4;M,M;L3,true,true,747,747,true,true,PASS
covariance:L4:1955,1955,L4,L3,L4;M,M;L3,true,true,2993,2993,true,true,PASS
covariance:L4:1957,1957,L4,L3,L4;M,M;L3,true,true,1497,1497,true,true,PASS
covariance:L4:1961,1961,L4,L3,L4;M,M;L3,true,true,749,749,true,true,PASS
covariance:L4:1969,1969,L4,L3,L4;M,M;L3,true,true,375,375,true,true,PASS
covariance:L4:1987,1987,L4,L3,L4;M,M;L3,false,false,,,true,true,PASS
covariance:L4:1989,1989,L4,L3,L4;M,M;L3,false,false,,,true,true,PASS
covariance:L4:1993,1993,L4,L3,L4;M,M;L3,false,false,,,true,true,PASS
covariance:L4:2001,2001,L4,L3,L4;M,M;L3,false,false,,,true,true,PASS
covariance:L4:2017,2017,L4,L3,L4;M,M;L3,false,false,,,true,true,PASS
covariance:L4:2111,2111,L4,L3,L4;M,M;L3,false,false,,,true,true,PASS
covariance:L4:2143,2143,L4,L3,L4;M,M;L3,false,false,,,true,true,PASS
covariance:L4:2159,2159,L4,L3,L4;M,M;L3,false,false,,,true,true,PASS
covariance:L4:2167,2167,L4,L3,L4;M,M;L3,true,true,3127,3127,true,true,PASS
covariance:L4:2171,2171,L4,L3,L4;M,M;L3,false,false,,,true,true,PASS
covariance:L4:2173,2173,L4,L3,L4;M,M;L3,false,false,,,true,true,PASS
covariance:L4:2207,2207,L4,L3,L4;M,M;L3,false,false,,,true,true,PASS
covariance:L4:2223,2223,L4,L3,L4;M,M;L3,false,false,,,true,true,PASS
covariance:L4:2231,2231,L4,L3,L4;M,M;L3,true,true,3159,3159,true,true,PASS
covariance:L4:2235,2235,L4,L3,L4;M,M;L3,false,false,,,true,true,PASS
covariance:L4:2237,2237,L4,L3,L4;M,M;L3,false,false,,,true,true,PASS
covariance:L4:2255,2255,L4,L3,L4;M,M;L3,false,false,,,true,true,PASS
covariance:L4:2263,2263,L4,L3,L4;M,M;L3,true,true,3175,3175,true,true,PASS
covariance:L4:2267,2267,L4,L3,L4;M,M;L3,false,false,,,true,true,PASS
covariance:L4:2269,2269,L4,L3,L4;M,M;L3,false,false,,,true,true,PASS
covariance:L4:2279,2279,L4,L3,L4;M,M;L3,true,true,3179,3179,true,true,PASS
covariance:L4:2283,2283,L4,L3,L4;M,M;L3,true,true,3181,3181,true,true,PASS
covariance:L4:2285,2285,L4,L3,L4;M,M;L3,true,true,1591,1591,true,true,PASS
covariance:L4:2291,2291,L4,L3,L4;M,M;L3,false,false,,,true,true,PASS
covariance:L4:2293,2293,L4,L3,L4;M,M;L3,false,false,,,true,true,PASS
covariance:L4:2297,2297,L4,L3,L4;M,M;L3,false,false,,,true,true,PASS
covariance:L4:2335,2335,L4,L3,L4;M,M;L3,false,false,,,true,true,PASS
covariance:L4:2351,2351,L4,L3,L4;M,M;L3,false,false,,,true,true,PASS
covariance:L4:2359,2359,L4,L3,L4;M,M;L3,true,true,3223,3223,true,true,PASS
covariance:L4:2363,2363,L4,L3,L4;M,M;L3,false,false,,,true,true,PASS
covariance:L4:2365,2365,L4,L3,L4;M,M;L3,false,false,,,true,true,PASS
covariance:L4:2383,2383,L4,L3,L4;M,M;L3,false,false,,,true,true,PASS
covariance:L4:2391,2391,L4,L3,L4;M,M;L3,true,true,3239,3239,true,true,PASS
covariance:L4:2395,2395,L4,L3,L4;M,M;L3,false,false,,,true,true,PASS
covariance:L4:2397,2397,L4,L3,L4;M,M;L3,false,false,,,true,true,PASS
covariance:L4:2407,2407,L4,L3,L4;M,M;L3,true,true,3243,3243,true,true,PASS
covariance:L4:2411,2411,L4,L3,L4;M,M;L3,true,true,3245,3245,true,true,PASS
covariance:L4:2413,2413,L4,L3,L4;M,M;L3,true,true,1623,1623,true,true,PASS
covariance:L4:2419,2419,L4,L3,L4;M,M;L3,false,false,,,true,true,PASS
covariance:L4:2421,2421,L4,L3,L4;M,M;L3,false,false,,,true,true,PASS
covariance:L4:2425,2425,L4,L3,L4;M,M;L3,false,false,,,true,true,PASS
covariance:L4:2447,2447,L4,L3,L4;M,M;L3,false,false,,,true,true,PASS
covariance:L4:2455,2455,L4,L3,L4;M,M;L3,true,true,3271,3271,true,true,PASS
covariance:L4:2459,2459,L4,L3,L4;M,M;L3,false,false,,,true,true,PASS
covariance:L4:2461,2461,L4,L3,L4;M,M;L3,false,false,,,true,true,PASS
covariance:L4:2471,2471,L4,L3,L4;M,M;L3,true,true,3275,3275,true,true,PASS
covariance:L4:2475,2475,L4,L3,L4;M,M;L3,true,true,3277,3277,true,true,PASS
covariance:L4:2477,2477,L4,L3,L4;M,M;L3,true,true,1639,1639,true,true,PASS
covariance:L4:2483,2483,L4,L3,L4;M,M;L3,false,false,,,true,true,PASS
covariance:L4:2485,2485,L4,L3,L4;M,M;L3,false,false,,,true,true,PASS
covariance:L4:2489,2489,L4,L3,L4;M,M;L3,false,false,,,true,true,PASS
covariance:L4:2503,2503,L4,L3,L4;M,M;L3,true,true,3283,3283,true,true,PASS
covariance:L4:2507,2507,L4,L3,L4;M,M;L3,true,true,3285,3285,true,true,PASS
covariance:L4:2509,2509,L4,L3,L4;M,M;L3,true,true,1643,1643,true,true,PASS
covariance:L4:2515,2515,L4,L3,L4;M,M;L3,true,true,3289,3289,true,true,PASS
covariance:L4:2517,2517,L4,L3,L4;M,M;L3,true,true,1645,1645,true,true,PASS
covariance:L4:2521,2521,L4,L3,L4;M,M;L3,true,true,823,823,true,true,PASS
covariance:L4:2531,2531,L4,L3,L4;M,M;L3,false,false,,,true,true,PASS
covariance:L4:2533,2533,L4,L3,L4;M,M;L3,false,false,,,true,true,PASS
covariance:L4:2537,2537,L4,L3,L4;M,M;L3,false,false,,,true,true,PASS
covariance:L4:2545,2545,L4,L3,L4;M,M;L3,false,false,,,true,true,PASS
covariance:L4:2591,2591,L4,L3,L4;M,M;L3,false,false,,,true,true,PASS
covariance:L4:2607,2607,L4,L3,L4;M,M;L3,false,false,,,true,true,PASS
covariance:L4:2615,2615,L4,L3,L4;M,M;L3,true,true,3351,3351,true,true,PASS
covariance:L4:2619,2619,L4,L3,L4;M,M;L3,false,false,,,true,true,PASS
covariance:L4:2621,2621,L4,L3,L4;M,M;L3,false,false,,,true,true,PASS
covariance:L4:2639,2639,L4,L3,L4;M,M;L3,false,false,,,true,true,PASS
covariance:L4:2647,2647,L4,L3,L4;M,M;L3,true,true,3367,3367,true,true,PASS
covariance:L4:2651,2651,L4,L3,L4;M,M;L3,false,false,,,true,true,PASS
covariance:L4:2653,2653,L4,L3,L4;M,M;L3,false,false,,,true,true,PASS
covariance:L4:2663,2663,L4,L3,L4;M,M;L3,true,true,3371,3371,true,true,PASS
covariance:L4:2667,2667,L4,L3,L4;M,M;L3,true,true,3373,3373,true,true,PASS
covariance:L4:2669,2669,L4,L3,L4;M,M;L3,true,true,1687,1687,true,true,PASS
covariance:L4:2675,2675,L4,L3,L4;M,M;L3,false,false,,,true,true,PASS
covariance:L4:2677,2677,L4,L3,L4;M,M;L3,false,false,,,true,true,PASS
covariance:L4:2681,2681,L4,L3,L4;M,M;L3,false,false,,,true,true,PASS
covariance:L4:2703,2703,L4,L3,L4;M,M;L3,false,false,,,true,true,PASS
covariance:L4:2711,2711,L4,L3,L4;M,M;L3,true,true,3399,3399,true,true,PASS
covariance:L4:2715,2715,L4,L3,L4;M,M;L3,false,false,,,true,true,PASS
covariance:L4:2717,2717,L4,L3,L4;M,M;L3,false,false,,,true,true,PASS
covariance:L4:2727,2727,L4,L3,L4;M,M;L3,true,true,3403,3403,true,true,PASS
covariance:L4:2731,2731,L4,L3,L4;M,M;L3,true,true,3405,3405,true,true,PASS
covariance:L4:2733,2733,L4,L3,L4;M,M;L3,true,true,1703,1703,true,true,PASS
covariance:L4:2739,2739,L4,L3,L4;M,M;L3,false,false,,,true,true,PASS
covariance:L4:2741,2741,L4,L3,L4;M,M;L3,false,false,,,true,true,PASS
covariance:L4:2745,2745,L4,L3,L4;M,M;L3,false,false,,,true,true,PASS
covariance:L4:2759,2759,L4,L3,L4;M,M;L3,true,true,3411,3411,true,true,PASS
covariance:L4:2763,2763,L4,L3,L4;M,M;L3,true,true,3413,3413,true,true,PASS
covariance:L4:2765,2765,L4,L3,L4;M,M;L3,true,true,1707,1707,true,true,PASS
covariance:L4:2771,2771,L4,L3,L4;M,M;L3,true,true,3417,3417,true,true,PASS
covariance:L4:2773,2773,L4,L3,L4;M,M;L3,true,true,1709,1709,true,true,PASS
covariance:L4:2777,2777,L4,L3,L4;M,M;L3,true,true,855,855,true,true,PASS
covariance:L4:2787,2787,L4,L3,L4;M,M;L3,false,false,,,true,true,PASS
covariance:L4:2789,2789,L4,L3,L4;M,M;L3,false,false,,,true,true,PASS
covariance:L4:2793,2793,L4,L3,L4;M,M;L3,false,false,,,true,true,PASS
covariance:L4:2801,2801,L4,L3,L4;M,M;L3,false,false,,,true,true,PASS
covariance:L4:2831,2831,L4,L3,L4;M,M;L3,false,false,,,true,true,PASS
covariance:L4:2839,2839,L4,L3,L4;M,M;L3,true,true,3463,3463,true,true,PASS
covariance:L4:2843,2843,L4,L3,L4;M,M;L3,false,false,,,true,true,PASS
covariance:L4:2845,2845,L4,L3,L4;M,M;L3,false,false,,,true,true,PASS
covariance:L4:2855,2855,L4,L3,L4;M,M;L3,true,true,3467,3467,true,true,PASS
covariance:L4:2859,2859,L4,L3,L4;M,M;L3,true,true,3469,3469,true,true,PASS
covariance:L4:2861,2861,L4,L3,L4;M,M;L3,true,true,1735,1735,true,true,PASS
covariance:L4:2867,2867,L4,L3,L4;M,M;L3,false,false,,,true,true,PASS
covariance:L4:2869,2869,L4,L3,L4;M,M;L3,false,false,,,true,true,PASS
covariance:L4:2873,2873,L4,L3,L4;M,M;L3,false,false,,,true,true,PASS
covariance:L4:2887,2887,L4,L3,L4;M,M;L3,true,true,3475,3475,true,true,PASS
covariance:L4:2891,2891,L4,L3,L4;M,M;L3,true,true,3477,3477,true,true,PASS
covariance:L4:2893,2893,L4,L3,L4;M,M;L3,true,true,1739,1739,true,true,PASS
covariance:L4:2899,2899,L4,L3,L4;M,M;L3,true,true,3481,3481,true,true,PASS
covariance:L4:2901,2901,L4,L3,L4;M,M;L3,true,true,1741,1741,true,true,PASS
covariance:L4:2905,2905,L4,L3,L4;M,M;L3,true,true,871,871,true,true,PASS
covariance:L4:2915,2915,L4,L3,L4;M,M;L3,false,false,,,true,true,PASS
covariance:L4:2917,2917,L4,L3,L4;M,M;L3,false,false,,,true,true,PASS
covariance:L4:2921,2921,L4,L3,L4;M,M;L3,false,false,,,true,true,PASS
covariance:L4:2929,2929,L4,L3,L4;M,M;L3,false,false,,,true,true,PASS
covariance:L4:2951,2951,L4,L3,L4;M,M;L3,true,true,3491,3491,true,true,PASS
covariance:L4:2955,2955,L4,L3,L4;M,M;L3,true,true,3493,3493,true,true,PASS
covariance:L4:2957,2957,L4,L3,L4;M,M;L3,true,true,1747,1747,true,true,PASS
covariance:L4:2963,2963,L4,L3,L4;M,M;L3,true,true,3497,3497,true,true,PASS
covariance:L4:2965,2965,L4,L3,L4;M,M;L3,true,true,1749,1749,true,true,PASS
covariance:L4:2969,2969,L4,L3,L4;M,M;L3,true,true,875,875,true,true,PASS
covariance:L4:2979,2979,L4,L3,L4;M,M;L3,true,true,3505,3505,true,true,PASS
covariance:L4:2981,2981,L4,L3,L4;M,M;L3,true,true,1753,1753,true,true,PASS
covariance:L4:2985,2985,L4,L3,L4;M,M;L3,true,true,877,877,true,true,PASS
covariance:L4:2993,2993,L4,L3,L4;M,M;L3,true,true,439,439,true,true,PASS
covariance:L4:3011,3011,L4,L3,L4;M,M;L3,false,false,,,true,true,PASS
covariance:L4:3013,3013,L4,L3,L4;M,M;L3,false,false,,,true,true,PASS
covariance:L4:3017,3017,L4,L3,L4;M,M;L3,false,false,,,true,true,PASS
covariance:L4:3025,3025,L4,L3,L4;M,M;L3,false,false,,,true,true,PASS
covariance:L4:3041,3041,L4,L3,L4;M,M;L3,false,false,,,true,true,PASS
covariance:L4:3103,3103,L4,L3,L4;M,M;L3,false,false,,,true,true,PASS
covariance:L4:3119,3119,L4,L3,L4;M,M;L3,false,false,,,true,true,PASS
covariance:L4:3127,3127,L4,L3,L4;M,M;L3,true,true,3607,3607,true,true,PASS
covariance:L4:3131,3131,L4,L3,L4;M,M;L3,false,false,,,true,true,PASS
covariance:L4:3133,3133,L4,L3,L4;M,M;L3,false,false,,,true,true,PASS
covariance:L4:3151,3151,L4,L3,L4;M,M;L3,false,false,,,true,true,PASS
covariance:L4:3159,3159,L4,L3,L4;M,M;L3,true,true,3623,3623,true,true,PASS
covariance:L4:3163,3163,L4,L3,L4;M,M;L3,false,false,,,true,true,PASS
covariance:L4:3165,3165,L4,L3,L4;M,M;L3,false,false,,,true,true,PASS
covariance:L4:3175,3175,L4,L3,L4;M,M;L3,true,true,3627,3627,true,true,PASS
covariance:L4:3179,3179,L4,L3,L4;M,M;L3,true,true,3629,3629,true,true,PASS
covariance:L4:3181,3181,L4,L3,L4;M,M;L3,true,true,1815,1815,true,true,PASS
covariance:L4:3187,3187,L4,L3,L4;M,M;L3,false,false,,,true,true,PASS
covariance:L4:3189,3189,L4,L3,L4;M,M;L3,false,false,,,true,true,PASS
covariance:L4:3193,3193,L4,L3,L4;M,M;L3,false,false,,,true,true,PASS
covariance:L4:3215,3215,L4,L3,L4;M,M;L3,false,false,,,true,true,PASS
covariance:L4:3223,3223,L4,L3,L4;M,M;L3,true,true,3655,3655,true,true,PASS
covariance:L4:3227,3227,L4,L3,L4;M,M;L3,false,false,,,true,true,PASS
covariance:L4:3229,3229,L4,L3,L4;M,M;L3,false,false,,,true,true,PASS
covariance:L4:3239,3239,L4,L3,L4;M,M;L3,true,true,3659,3659,true,true,PASS
covariance:L4:3243,3243,L4,L3,L4;M,M;L3,true,true,3661,3661,true,true,PASS
covariance:L4:3245,3245,L4,L3,L4;M,M;L3,true,true,1831,1831,true,true,PASS
covariance:L4:3251,3251,L4,L3,L4;M,M;L3,false,false,,,true,true,PASS
covariance:L4:3253,3253,L4,L3,L4;M,M;L3,false,false,,,true,true,PASS
covariance:L4:3257,3257,L4,L3,L4;M,M;L3,false,false,,,true,true,PASS
covariance:L4:3271,3271,L4,L3,L4;M,M;L3,true,true,3667,3667,true,true,PASS
covariance:L4:3275,3275,L4,L3,L4;M,M;L3,true,true,3669,3669,true,true,PASS
covariance:L4:3277,3277,L4,L3,L4;M,M;L3,true,true,1835,1835,true,true,PASS
covariance:L4:3283,3283,L4,L3,L4;M,M;L3,true,true,3673,3673,true,true,PASS
covariance:L4:3285,3285,L4,L3,L4;M,M;L3,true,true,1837,1837,true,true,PASS
covariance:L4:3289,3289,L4,L3,L4;M,M;L3,true,true,919,919,true,true,PASS
covariance:L4:3299,3299,L4,L3,L4;M,M;L3,false,false,,,true,true,PASS
covariance:L4:3301,3301,L4,L3,L4;M,M;L3,false,false,,,true,true,PASS
covariance:L4:3305,3305,L4,L3,L4;M,M;L3,false,false,,,true,true,PASS
covariance:L4:3313,3313,L4,L3,L4;M,M;L3,false,false,,,true,true,PASS
covariance:L4:3343,3343,L4,L3,L4;M,M;L3,false,false,,,true,true,PASS
covariance:L4:3351,3351,L4,L3,L4;M,M;L3,true,true,3719,3719,true,true,PASS
covariance:L4:3355,3355,L4,L3,L4;M,M;L3,false,false,,,true,true,PASS
covariance:L4:3357,3357,L4,L3,L4;M,M;L3,false,false,,,true,true,PASS
covariance:L4:3367,3367,L4,L3,L4;M,M;L3,true,true,3723,3723,true,true,PASS
covariance:L4:3371,3371,L4,L3,L4;M,M;L3,true,true,3725,3725,true,true,PASS
covariance:L4:3373,3373,L4,L3,L4;M,M;L3,true,true,1863,1863,true,true,PASS
covariance:L4:3379,3379,L4,L3,L4;M,M;L3,false,false,,,true,true,PASS
covariance:L4:3381,3381,L4,L3,L4;M,M;L3,false,false,,,true,true,PASS
covariance:L4:3385,3385,L4,L3,L4;M,M;L3,false,false,,,true,true,PASS
covariance:L4:3399,3399,L4,L3,L4;M,M;L3,true,true,3731,3731,true,true,PASS
covariance:L4:3403,3403,L4,L3,L4;M,M;L3,true,true,3733,3733,true,true,PASS
covariance:L4:3405,3405,L4,L3,L4;M,M;L3,true,true,1867,1867,true,true,PASS
covariance:L4:3411,3411,L4,L3,L4;M,M;L3,true,true,3737,3737,true,true,PASS
covariance:L4:3413,3413,L4,L3,L4;M,M;L3,true,true,1869,1869,true,true,PASS
covariance:L4:3417,3417,L4,L3,L4;M,M;L3,true,true,935,935,true,true,PASS
covariance:L4:3427,3427,L4,L3,L4;M,M;L3,false,false,,,true,true,PASS
covariance:L4:3429,3429,L4,L3,L4;M,M;L3,false,false,,,true,true,PASS
covariance:L4:3433,3433,L4,L3,L4;M,M;L3,false,false,,,true,true,PASS
covariance:L4:3441,3441,L4,L3,L4;M,M;L3,false,false,,,true,true,PASS
covariance:L4:3463,3463,L4,L3,L4;M,M;L3,true,true,3747,3747,true,true,PASS
covariance:L4:3467,3467,L4,L3,L4;M,M;L3,true,true,3749,3749,true,true,PASS
covariance:L4:3469,3469,L4,L3,L4;M,M;L3,true,true,1875,1875,true,true,PASS
covariance:L4:3475,3475,L4,L3,L4;M,M;L3,true,true,3753,3753,true,true,PASS
covariance:L4:3477,3477,L4,L3,L4;M,M;L3,true,true,1877,1877,true,true,PASS
covariance:L4:3481,3481,L4,L3,L4;M,M;L3,true,true,939,939,true,true,PASS
covariance:L4:3491,3491,L4,L3,L4;M,M;L3,true,true,3761,3761,true,true,PASS
covariance:L4:3493,3493,L4,L3,L4;M,M;L3,true,true,1881,1881,true,true,PASS
covariance:L4:3497,3497,L4,L3,L4;M,M;L3,true,true,941,941,true,true,PASS
covariance:L4:3505,3505,L4,L3,L4;M,M;L3,true,true,471,471,true,true,PASS
covariance:L4:3523,3523,L4,L3,L4;M,M;L3,false,false,,,true,true,PASS
covariance:L4:3525,3525,L4,L3,L4;M,M;L3,false,false,,,true,true,PASS
covariance:L4:3529,3529,L4,L3,L4;M,M;L3,false,false,,,true,true,PASS
covariance:L4:3537,3537,L4,L3,L4;M,M;L3,false,false,,,true,true,PASS
covariance:L4:3553,3553,L4,L3,L4;M,M;L3,false,false,,,true,true,PASS
covariance:L4:3599,3599,L4,L3,L4;M,M;L3,false,false,,,true,true,PASS
covariance:L4:3607,3607,L4,L3,L4;M,M;L3,true,true,3847,3847,true,true,PASS
covariance:L4:3611,3611,L4,L3,L4;M,M;L3,false,false,,,true,true,PASS
covariance:L4:3613,3613,L4,L3,L4;M,M;L3,false,false,,,true,true,PASS
covariance:L4:3623,3623,L4,L3,L4;M,M;L3,true,true,3851,3851,true,true,PASS
covariance:L4:3627,3627,L4,L3,L4;M,M;L3,true,true,3853,3853,true,true,PASS
covariance:L4:3629,3629,L4,L3,L4;M,M;L3,true,true,1927,1927,true,true,PASS
covariance:L4:3635,3635,L4,L3,L4;M,M;L3,false,false,,,true,true,PASS
covariance:L4:3637,3637,L4,L3,L4;M,M;L3,false,false,,,true,true,PASS
covariance:L4:3641,3641,L4,L3,L4;M,M;L3,false,false,,,true,true,PASS
covariance:L4:3655,3655,L4,L3,L4;M,M;L3,true,true,3859,3859,true,true,PASS
covariance:L4:3659,3659,L4,L3,L4;M,M;L3,true,true,3861,3861,true,true,PASS
covariance:L4:3661,3661,L4,L3,L4;M,M;L3,true,true,1931,1931,true,true,PASS
covariance:L4:3667,3667,L4,L3,L4;M,M;L3,true,true,3865,3865,true,true,PASS
covariance:L4:3669,3669,L4,L3,L4;M,M;L3,true,true,1933,1933,true,true,PASS
covariance:L4:3673,3673,L4,L3,L4;M,M;L3,true,true,967,967,true,true,PASS
covariance:L4:3683,3683,L4,L3,L4;M,M;L3,false,false,,,true,true,PASS
covariance:L4:3685,3685,L4,L3,L4;M,M;L3,false,false,,,true,true,PASS
covariance:L4:3689,3689,L4,L3,L4;M,M;L3,false,false,,,true,true,PASS
covariance:L4:3697,3697,L4,L3,L4;M,M;L3,false,false,,,true,true,PASS
covariance:L4:3719,3719,L4,L3,L4;M,M;L3,true,true,3875,3875,true,true,PASS
covariance:L4:3723,3723,L4,L3,L4;M,M;L3,true,true,3877,3877,true,true,PASS
covariance:L4:3725,3725,L4,L3,L4;M,M;L3,true,true,1939,1939,true,true,PASS
covariance:L4:3731,3731,L4,L3,L4;M,M;L3,true,true,3881,3881,true,true,PASS
covariance:L4:3733,3733,L4,L3,L4;M,M;L3,true,true,1941,1941,true,true,PASS
covariance:L4:3737,3737,L4,L3,L4;M,M;L3,true,true,971,971,true,true,PASS
covariance:L4:3747,3747,L4,L3,L4;M,M;L3,true,true,3889,3889,true,true,PASS
covariance:L4:3749,3749,L4,L3,L4;M,M;L3,true,true,1945,1945,true,true,PASS
covariance:L4:3753,3753,L4,L3,L4;M,M;L3,true,true,973,973,true,true,PASS
covariance:L4:3761,3761,L4,L3,L4;M,M;L3,true,true,487,487,true,true,PASS
covariance:L4:3779,3779,L4,L3,L4;M,M;L3,false,false,,,true,true,PASS
covariance:L4:3781,3781,L4,L3,L4;M,M;L3,false,false,,,true,true,PASS
covariance:L4:3785,3785,L4,L3,L4;M,M;L3,false,false,,,true,true,PASS
covariance:L4:3793,3793,L4,L3,L4;M,M;L3,false,false,,,true,true,PASS
covariance:L4:3809,3809,L4,L3,L4;M,M;L3,false,false,,,true,true,PASS
covariance:L4:3847,3847,L4,L3,L4;M,M;L3,true,true,3907,3907,true,true,PASS
covariance:L4:3851,3851,L4,L3,L4;M,M;L3,true,true,3909,3909,true,true,PASS
covariance:L4:3853,3853,L4,L3,L4;M,M;L3,true,true,1955,1955,true,true,PASS
covariance:L4:3859,3859,L4,L3,L4;M,M;L3,true,true,3913,3913,true,true,PASS
covariance:L4:3861,3861,L4,L3,L4;M,M;L3,true,true,1957,1957,true,true,PASS
covariance:L4:3865,3865,L4,L3,L4;M,M;L3,true,true,979,979,true,true,PASS
covariance:L4:3875,3875,L4,L3,L4;M,M;L3,true,true,3921,3921,true,true,PASS
covariance:L4:3877,3877,L4,L3,L4;M,M;L3,true,true,1961,1961,true,true,PASS
covariance:L4:3881,3881,L4,L3,L4;M,M;L3,true,true,981,981,true,true,PASS
covariance:L4:3889,3889,L4,L3,L4;M,M;L3,true,true,491,491,true,true,PASS
covariance:L4:3907,3907,L4,L3,L4;M,M;L3,true,true,3937,3937,true,true,PASS
covariance:L4:3909,3909,L4,L3,L4;M,M;L3,true,true,1969,1969,true,true,PASS
covariance:L4:3913,3913,L4,L3,L4;M,M;L3,true,true,985,985,true,true,PASS
covariance:L4:3921,3921,L4,L3,L4;M,M;L3,true,true,493,493,true,true,PASS
covariance:L4:3937,3937,L4,L3,L4;M,M;L3,true,true,247,247,true,true,PASS
covariance:L4:3971,3971,L4,L3,L4;M,M;L3,false,false,,,true,true,PASS
covariance:L4:3973,3973,L4,L3,L4;M,M;L3,false,false,,,true,true,PASS
covariance:L4:3977,3977,L4,L3,L4;M,M;L3,false,false,,,true,true,PASS
covariance:L4:3985,3985,L4,L3,L4;M,M;L3,false,false,,,true,true,PASS
covariance:L4:4001,4001,L4,L3,L4;M,M;L3,false,false,,,true,true,PASS
covariance:L4:4033,4033,L4,L3,L4;M,M;L3,false,false,,,true,true,PASS
covariance:R5:127,127,R5,R4,R5;M,M;R4,false,false,,,true,true,PASS
covariance:R5:191,191,R5,R4,R5;M,M;R4,false,false,,,true,true,PASS
covariance:R5:223,223,R5,R4,R5;M,M;R4,true,true,2167,2167,true,true,PASS
covariance:R5:239,239,R5,R4,R5;M,M;R4,false,false,,,true,true,PASS
covariance:R5:247,247,R5,R4,R5;M,M;R4,false,false,,,true,true,PASS
covariance:R5:251,251,R5,R4,R5;M,M;R4,false,false,,,true,true,PASS
covariance:R5:253,253,R5,R4,R5;M,M;R4,false,false,,,true,true,PASS
covariance:R5:319,319,R5,R4,R5;M,M;R4,false,false,,,true,true,PASS
covariance:R5:351,351,R5,R4,R5;M,M;R4,true,true,2231,2231,true,true,PASS
covariance:R5:367,367,R5,R4,R5;M,M;R4,false,false,,,true,true,PASS
covariance:R5:375,375,R5,R4,R5;M,M;R4,false,false,,,true,true,PASS
covariance:R5:379,379,R5,R4,R5;M,M;R4,false,false,,,true,true,PASS
covariance:R5:381,381,R5,R4,R5;M,M;R4,false,false,,,true,true,PASS
covariance:R5:415,415,R5,R4,R5;M,M;R4,true,true,2263,2263,true,true,PASS
covariance:R5:431,431,R5,R4,R5;M,M;R4,true,true,2279,2279,true,true,PASS
covariance:R5:439,439,R5,R4,R5;M,M;R4,true,true,2283,2283,true,true,PASS
covariance:R5:443,443,R5,R4,R5;M,M;R4,true,true,2285,2285,true,true,PASS
covariance:R5:445,445,R5,R4,R5;M,M;R4,true,true,1143,1143,true,true,PASS
covariance:R5:463,463,R5,R4,R5;M,M;R4,false,false,,,true,true,PASS
covariance:R5:471,471,R5,R4,R5;M,M;R4,false,false,,,true,true,PASS
covariance:R5:475,475,R5,R4,R5;M,M;R4,false,false,,,true,true,PASS
covariance:R5:477,477,R5,R4,R5;M,M;R4,false,false,,,true,true,PASS
covariance:R5:487,487,R5,R4,R5;M,M;R4,false,false,,,true,true,PASS
covariance:R5:491,491,R5,R4,R5;M,M;R4,false,false,,,true,true,PASS
covariance:R5:493,493,R5,R4,R5;M,M;R4,false,false,,,true,true,PASS
covariance:R5:499,499,R5,R4,R5;M,M;R4,false,false,,,true,true,PASS
covariance:R5:501,501,R5,R4,R5;M,M;R4,false,false,,,true,true,PASS
covariance:R5:505,505,R5,R4,R5;M,M;R4,false,false,,,true,true,PASS
covariance:R5:575,575,R5,R4,R5;M,M;R4,false,false,,,true,true,PASS
covariance:R5:607,607,R5,R4,R5;M,M;R4,true,true,2359,2359,true,true,PASS
covariance:R5:623,623,R5,R4,R5;M,M;R4,false,false,,,true,true,PASS
covariance:R5:631,631,R5,R4,R5;M,M;R4,false,false,,,true,true,PASS
covariance:R5:635,635,R5,R4,R5;M,M;R4,false,false,,,true,true,PASS
covariance:R5:637,637,R5,R4,R5;M,M;R4,false,false,,,true,true,PASS
covariance:R5:671,671,R5,R4,R5;M,M;R4,true,true,2391,2391,true,true,PASS
covariance:R5:687,687,R5,R4,R5;M,M;R4,true,true,2407,2407,true,true,PASS
covariance:R5:695,695,R5,R4,R5;M,M;R4,true,true,2411,2411,true,true,PASS
covariance:R5:699,699,R5,R4,R5;M,M;R4,true,true,2413,2413,true,true,PASS
covariance:R5:701,701,R5,R4,R5;M,M;R4,true,true,1207,1207,true,true,PASS
covariance:R5:719,719,R5,R4,R5;M,M;R4,false,false,,,true,true,PASS
covariance:R5:727,727,R5,R4,R5;M,M;R4,false,false,,,true,true,PASS
covariance:R5:731,731,R5,R4,R5;M,M;R4,false,false,,,true,true,PASS
covariance:R5:733,733,R5,R4,R5;M,M;R4,false,false,,,true,true,PASS
covariance:R5:743,743,R5,R4,R5;M,M;R4,false,false,,,true,true,PASS
covariance:R5:747,747,R5,R4,R5;M,M;R4,false,false,,,true,true,PASS
covariance:R5:749,749,R5,R4,R5;M,M;R4,false,false,,,true,true,PASS
covariance:R5:755,755,R5,R4,R5;M,M;R4,false,false,,,true,true,PASS
covariance:R5:757,757,R5,R4,R5;M,M;R4,false,false,,,true,true,PASS
covariance:R5:761,761,R5,R4,R5;M,M;R4,false,false,,,true,true,PASS
covariance:R5:799,799,R5,R4,R5;M,M;R4,true,true,2455,2455,true,true,PASS
covariance:R5:815,815,R5,R4,R5;M,M;R4,true,true,2471,2471,true,true,PASS
covariance:R5:823,823,R5,R4,R5;M,M;R4,true,true,2475,2475,true,true,PASS
covariance:R5:827,827,R5,R4,R5;M,M;R4,true,true,2477,2477,true,true,PASS
covariance:R5:829,829,R5,R4,R5;M,M;R4,true,true,1239,1239,true,true,PASS
covariance:R5:847,847,R5,R4,R5;M,M;R4,true,true,2503,2503,true,true,PASS
covariance:R5:855,855,R5,R4,R5;M,M;R4,true,true,2507,2507,true,true,PASS
covariance:R5:859,859,R5,R4,R5;M,M;R4,true,true,2509,2509,true,true,PASS
covariance:R5:861,861,R5,R4,R5;M,M;R4,true,true,1255,1255,true,true,PASS
covariance:R5:871,871,R5,R4,R5;M,M;R4,true,true,2515,2515,true,true,PASS
covariance:R5:875,875,R5,R4,R5;M,M;R4,true,true,2517,2517,true,true,PASS
covariance:R5:877,877,R5,R4,R5;M,M;R4,true,true,1259,1259,true,true,PASS
covariance:R5:883,883,R5,R4,R5;M,M;R4,true,true,2521,2521,true,true,PASS
covariance:R5:885,885,R5,R4,R5;M,M;R4,true,true,1261,1261,true,true,PASS
covariance:R5:889,889,R5,R4,R5;M,M;R4,true,true,631,631,true,true,PASS
covariance:R5:911,911,R5,R4,R5;M,M;R4,false,false,,,true,true,PASS
covariance:R5:919,919,R5,R4,R5;M,M;R4,false,false,,,true,true,PASS
covariance:R5:923,923,R5,R4,R5;M,M;R4,false,false,,,true,true,PASS
covariance:R5:925,925,R5,R4,R5;M,M;R4,false,false,,,true,true,PASS
covariance:R5:935,935,R5,R4,R5;M,M;R4,false,false,,,true,true,PASS
covariance:R5:939,939,R5,R4,R5;M,M;R4,false,false,,,true,true,PASS
covariance:R5:941,941,R5,R4,R5;M,M;R4,false,false,,,true,true,PASS
covariance:R5:947,947,R5,R4,R5;M,M;R4,false,false,,,true,true,PASS
covariance:R5:949,949,R5,R4,R5;M,M;R4,false,false,,,true,true,PASS
covariance:R5:953,953,R5,R4,R5;M,M;R4,false,false,,,true,true,PASS
covariance:R5:967,967,R5,R4,R5;M,M;R4,false,false,,,true,true,PASS
covariance:R5:971,971,R5,R4,R5;M,M;R4,false,false,,,true,true,PASS
covariance:R5:973,973,R5,R4,R5;M,M;R4,false,false,,,true,true,PASS
covariance:R5:979,979,R5,R4,R5;M,M;R4,false,false,,,true,true,PASS
covariance:R5:981,981,R5,R4,R5;M,M;R4,false,false,,,true,true,PASS
covariance:R5:985,985,R5,R4,R5;M,M;R4,false,false,,,true,true,PASS
covariance:R5:995,995,R5,R4,R5;M,M;R4,false,false,,,true,true,PASS
covariance:R5:997,997,R5,R4,R5;M,M;R4,false,false,,,true,true,PASS
covariance:R5:1001,1001,R5,R4,R5;M,M;R4,false,false,,,true,true,PASS
covariance:R5:1009,1009,R5,R4,R5;M,M;R4,false,false,,,true,true,PASS
covariance:R5:1087,1087,R5,R4,R5;M,M;R4,false,false,,,true,true,PASS
covariance:R5:1119,1119,R5,R4,R5;M,M;R4,true,true,2615,2615,true,true,PASS
covariance:R5:1135,1135,R5,R4,R5;M,M;R4,false,false,,,true,true,PASS
covariance:R5:1143,1143,R5,R4,R5;M,M;R4,false,false,,,true,true,PASS
covariance:R5:1147,1147,R5,R4,R5;M,M;R4,false,false,,,true,true,PASS
covariance:R5:1149,1149,R5,R4,R5;M,M;R4,false,false,,,true,true,PASS
covariance:R5:1183,1183,R5,R4,R5;M,M;R4,true,true,2647,2647,true,true,PASS
covariance:R5:1199,1199,R5,R4,R5;M,M;R4,true,true,2663,2663,true,true,PASS
covariance:R5:1207,1207,R5,R4,R5;M,M;R4,true,true,2667,2667,true,true,PASS
covariance:R5:1211,1211,R5,R4,R5;M,M;R4,true,true,2669,2669,true,true,PASS
covariance:R5:1213,1213,R5,R4,R5;M,M;R4,true,true,1335,1335,true,true,PASS
covariance:R5:1231,1231,R5,R4,R5;M,M;R4,false,false,,,true,true,PASS
covariance:R5:1239,1239,R5,R4,R5;M,M;R4,false,false,,,true,true,PASS
covariance:R5:1243,1243,R5,R4,R5;M,M;R4,false,false,,,true,true,PASS
covariance:R5:1245,1245,R5,R4,R5;M,M;R4,false,false,,,true,true,PASS
covariance:R5:1255,1255,R5,R4,R5;M,M;R4,false,false,,,true,true,PASS
covariance:R5:1259,1259,R5,R4,R5;M,M;R4,false,false,,,true,true,PASS
covariance:R5:1261,1261,R5,R4,R5;M,M;R4,false,false,,,true,true,PASS
covariance:R5:1267,1267,R5,R4,R5;M,M;R4,false,false,,,true,true,PASS
covariance:R5:1269,1269,R5,R4,R5;M,M;R4,false,false,,,true,true,PASS
covariance:R5:1273,1273,R5,R4,R5;M,M;R4,false,false,,,true,true,PASS
covariance:R5:1311,1311,R5,R4,R5;M,M;R4,true,true,2711,2711,true,true,PASS
covariance:R5:1327,1327,R5,R4,R5;M,M;R4,true,true,2727,2727,true,true,PASS
covariance:R5:1335,1335,R5,R4,R5;M,M;R4,true,true,2731,2731,true,true,PASS
covariance:R5:1339,1339,R5,R4,R5;M,M;R4,true,true,2733,2733,true,true,PASS
covariance:R5:1341,1341,R5,R4,R5;M,M;R4,true,true,1367,1367,true,true,PASS
covariance:R5:1359,1359,R5,R4,R5;M,M;R4,true,true,2759,2759,true,true,PASS
covariance:R5:1367,1367,R5,R4,R5;M,M;R4,true,true,2763,2763,true,true,PASS
covariance:R5:1371,1371,R5,R4,R5;M,M;R4,true,true,2765,2765,true,true,PASS
covariance:R5:1373,1373,R5,R4,R5;M,M;R4,true,true,1383,1383,true,true,PASS
covariance:R5:1383,1383,R5,R4,R5;M,M;R4,true,true,2771,2771,true,true,PASS
covariance:R5:1387,1387,R5,R4,R5;M,M;R4,true,true,2773,2773,true,true,PASS
covariance:R5:1389,1389,R5,R4,R5;M,M;R4,true,true,1387,1387,true,true,PASS
covariance:R5:1395,1395,R5,R4,R5;M,M;R4,true,true,2777,2777,true,true,PASS
covariance:R5:1397,1397,R5,R4,R5;M,M;R4,true,true,1389,1389,true,true,PASS
covariance:R5:1401,1401,R5,R4,R5;M,M;R4,true,true,695,695,true,true,PASS
covariance:R5:1423,1423,R5,R4,R5;M,M;R4,false,false,,,true,true,PASS
covariance:R5:1431,1431,R5,R4,R5;M,M;R4,false,false,,,true,true,PASS
covariance:R5:1435,1435,R5,R4,R5;M,M;R4,false,false,,,true,true,PASS
covariance:R5:1437,1437,R5,R4,R5;M,M;R4,false,false,,,true,true,PASS
covariance:R5:1447,1447,R5,R4,R5;M,M;R4,false,false,,,true,true,PASS
covariance:R5:1451,1451,R5,R4,R5;M,M;R4,false,false,,,true,true,PASS
covariance:R5:1453,1453,R5,R4,R5;M,M;R4,false,false,,,true,true,PASS
covariance:R5:1459,1459,R5,R4,R5;M,M;R4,false,false,,,true,true,PASS
covariance:R5:1461,1461,R5,R4,R5;M,M;R4,false,false,,,true,true,PASS
covariance:R5:1465,1465,R5,R4,R5;M,M;R4,false,false,,,true,true,PASS
covariance:R5:1479,1479,R5,R4,R5;M,M;R4,false,false,,,true,true,PASS
covariance:R5:1483,1483,R5,R4,R5;M,M;R4,false,false,,,true,true,PASS
covariance:R5:1485,1485,R5,R4,R5;M,M;R4,false,false,,,true,true,PASS
covariance:R5:1491,1491,R5,R4,R5;M,M;R4,false,false,,,true,true,PASS
covariance:R5:1493,1493,R5,R4,R5;M,M;R4,false,false,,,true,true,PASS
covariance:R5:1497,1497,R5,R4,R5;M,M;R4,false,false,,,true,true,PASS
covariance:R5:1507,1507,R5,R4,R5;M,M;R4,false,false,,,true,true,PASS
covariance:R5:1509,1509,R5,R4,R5;M,M;R4,false,false,,,true,true,PASS
covariance:R5:1513,1513,R5,R4,R5;M,M;R4,false,false,,,true,true,PASS
covariance:R5:1521,1521,R5,R4,R5;M,M;R4,false,false,,,true,true,PASS
covariance:R5:1567,1567,R5,R4,R5;M,M;R4,true,true,2839,2839,true,true,PASS
covariance:R5:1583,1583,R5,R4,R5;M,M;R4,true,true,2855,2855,true,true,PASS
covariance:R5:1591,1591,R5,R4,R5;M,M;R4,true,true,2859,2859,true,true,PASS
covariance:R5:1595,1595,R5,R4,R5;M,M;R4,true,true,2861,2861,true,true,PASS
covariance:R5:1597,1597,R5,R4,R5;M,M;R4,true,true,1431,1431,true,true,PASS
covariance:R5:1615,1615,R5,R4,R5;M,M;R4,true,true,2887,2887,true,true,PASS
covariance:R5:1623,1623,R5,R4,R5;M,M;R4,true,true,2891,2891,true,true,PASS
covariance:R5:1627,1627,R5,R4,R5;M,M;R4,true,true,2893,2893,true,true,PASS
covariance:R5:1629,1629,R5,R4,R5;M,M;R4,true,true,1447,1447,true,true,PASS
covariance:R5:1639,1639,R5,R4,R5;M,M;R4,true,true,2899,2899,true,true,PASS
covariance:R5:1643,1643,R5,R4,R5;M,M;R4,true,true,2901,2901,true,true,PASS
covariance:R5:1645,1645,R5,R4,R5;M,M;R4,true,true,1451,1451,true,true,PASS
covariance:R5:1651,1651,R5,R4,R5;M,M;R4,true,true,2905,2905,true,true,PASS
covariance:R5:1653,1653,R5,R4,R5;M,M;R4,true,true,1453,1453,true,true,PASS
covariance:R5:1657,1657,R5,R4,R5;M,M;R4,true,true,727,727,true,true,PASS
covariance:R5:1679,1679,R5,R4,R5;M,M;R4,true,true,2951,2951,true,true,PASS
covariance:R5:1687,1687,R5,R4,R5;M,M;R4,true,true,2955,2955,true,true,PASS
covariance:R5:1691,1691,R5,R4,R5;M,M;R4,true,true,2957,2957,true,true,PASS
covariance:R5:1693,1693,R5,R4,R5;M,M;R4,true,true,1479,1479,true,true,PASS
covariance:R5:1703,1703,R5,R4,R5;M,M;R4,true,true,2963,2963,true,true,PASS
covariance:R5:1707,1707,R5,R4,R5;M,M;R4,true,true,2965,2965,true,true,PASS
covariance:R5:1709,1709,R5,R4,R5;M,M;R4,true,true,1483,1483,true,true,PASS
covariance:R5:1715,1715,R5,R4,R5;M,M;R4,true,true,2969,2969,true,true,PASS
covariance:R5:1717,1717,R5,R4,R5;M,M;R4,true,true,1485,1485,true,true,PASS
covariance:R5:1721,1721,R5,R4,R5;M,M;R4,true,true,743,743,true,true,PASS
covariance:R5:1735,1735,R5,R4,R5;M,M;R4,true,true,2979,2979,true,true,PASS
covariance:R5:1739,1739,R5,R4,R5;M,M;R4,true,true,2981,2981,true,true,PASS
covariance:R5:1741,1741,R5,R4,R5;M,M;R4,true,true,1491,1491,true,true,PASS
covariance:R5:1747,1747,R5,R4,R5;M,M;R4,true,true,2985,2985,true,true,PASS
covariance:R5:1749,1749,R5,R4,R5;M,M;R4,true,true,1493,1493,true,true,PASS
covariance:R5:1753,1753,R5,R4,R5;M,M;R4,true,true,747,747,true,true,PASS
covariance:R5:1763,1763,R5,R4,R5;M,M;R4,true,true,2993,2993,true,true,PASS
covariance:R5:1765,1765,R5,R4,R5;M,M;R4,true,true,1497,1497,true,true,PASS
covariance:R5:1769,1769,R5,R4,R5;M,M;R4,true,true,749,749,true,true,PASS
covariance:R5:1777,1777,R5,R4,R5;M,M;R4,true,true,375,375,true,true,PASS
covariance:R5:1807,1807,R5,R4,R5;M,M;R4,false,false,,,true,true,PASS
covariance:R5:1815,1815,R5,R4,R5;M,M;R4,false,false,,,true,true,PASS
covariance:R5:1819,1819,R5,R4,R5;M,M;R4,false,false,,,true,true,PASS
covariance:R5:1821,1821,R5,R4,R5;M,M;R4,false,false,,,true,true,PASS
covariance:R5:1831,1831,R5,R4,R5;M,M;R4,false,false,,,true,true,PASS
covariance:R5:1835,1835,R5,R4,R5;M,M;R4,false,false,,,true,true,PASS
covariance:R5:1837,1837,R5,R4,R5;M,M;R4,false,false,,,true,true,PASS
covariance:R5:1843,1843,R5,R4,R5;M,M;R4,false,false,,,true,true,PASS
covariance:R5:1845,1845,R5,R4,R5;M,M;R4,false,false,,,true,true,PASS
covariance:R5:1849,1849,R5,R4,R5;M,M;R4,false,false,,,true,true,PASS
covariance:R5:1863,1863,R5,R4,R5;M,M;R4,false,false,,,true,true,PASS
covariance:R5:1867,1867,R5,R4,R5;M,M;R4,false,false,,,true,true,PASS
covariance:R5:1869,1869,R5,R4,R5;M,M;R4,false,false,,,true,true,PASS
covariance:R5:1875,1875,R5,R4,R5;M,M;R4,false,false,,,true,true,PASS
covariance:R5:1877,1877,R5,R4,R5;M,M;R4,false,false,,,true,true,PASS
covariance:R5:1881,1881,R5,R4,R5;M,M;R4,false,false,,,true,true,PASS
covariance:R5:1891,1891,R5,R4,R5;M,M;R4,false,false,,,true,true,PASS
covariance:R5:1893,1893,R5,R4,R5;M,M;R4,false,false,,,true,true,PASS
covariance:R5:1897,1897,R5,R4,R5;M,M;R4,false,false,,,true,true,PASS
covariance:R5:1905,1905,R5,R4,R5;M,M;R4,false,false,,,true,true,PASS
covariance:R5:1927,1927,R5,R4,R5;M,M;R4,false,false,,,true,true,PASS
covariance:R5:1931,1931,R5,R4,R5;M,M;R4,false,false,,,true,true,PASS
covariance:R5:1933,1933,R5,R4,R5;M,M;R4,false,false,,,true,true,PASS
covariance:R5:1939,1939,R5,R4,R5;M,M;R4,false,false,,,true,true,PASS
covariance:R5:1941,1941,R5,R4,R5;M,M;R4,false,false,,,true,true,PASS
covariance:R5:1945,1945,R5,R4,R5;M,M;R4,false,false,,,true,true,PASS
covariance:R5:1955,1955,R5,R4,R5;M,M;R4,false,false,,,true,true,PASS
covariance:R5:1957,1957,R5,R4,R5;M,M;R4,false,false,,,true,true,PASS
covariance:R5:1961,1961,R5,R4,R5;M,M;R4,false,false,,,true,true,PASS
covariance:R5:1969,1969,R5,R4,R5;M,M;R4,false,false,,,true,true,PASS
covariance:R5:1987,1987,R5,R4,R5;M,M;R4,false,false,,,true,true,PASS
covariance:R5:1989,1989,R5,R4,R5;M,M;R4,false,false,,,true,true,PASS
covariance:R5:1993,1993,R5,R4,R5;M,M;R4,false,false,,,true,true,PASS
covariance:R5:2001,2001,R5,R4,R5;M,M;R4,false,false,,,true,true,PASS
covariance:R5:2017,2017,R5,R4,R5;M,M;R4,false,false,,,true,true,PASS
covariance:R5:2111,2111,R5,R4,R5;M,M;R4,false,false,,,true,true,PASS
covariance:R5:2143,2143,R5,R4,R5;M,M;R4,true,true,3127,3127,true,true,PASS
covariance:R5:2159,2159,R5,R4,R5;M,M;R4,false,false,,,true,true,PASS
covariance:R5:2167,2167,R5,R4,R5;M,M;R4,false,false,,,true,true,PASS
covariance:R5:2171,2171,R5,R4,R5;M,M;R4,false,false,,,true,true,PASS
covariance:R5:2173,2173,R5,R4,R5;M,M;R4,false,false,,,true,true,PASS
covariance:R5:2207,2207,R5,R4,R5;M,M;R4,true,true,3159,3159,true,true,PASS
covariance:R5:2223,2223,R5,R4,R5;M,M;R4,true,true,3175,3175,true,true,PASS
covariance:R5:2231,2231,R5,R4,R5;M,M;R4,true,true,3179,3179,true,true,PASS
covariance:R5:2235,2235,R5,R4,R5;M,M;R4,true,true,3181,3181,true,true,PASS
covariance:R5:2237,2237,R5,R4,R5;M,M;R4,true,true,1591,1591,true,true,PASS
covariance:R5:2255,2255,R5,R4,R5;M,M;R4,false,false,,,true,true,PASS
covariance:R5:2263,2263,R5,R4,R5;M,M;R4,false,false,,,true,true,PASS
covariance:R5:2267,2267,R5,R4,R5;M,M;R4,false,false,,,true,true,PASS
covariance:R5:2269,2269,R5,R4,R5;M,M;R4,false,false,,,true,true,PASS
covariance:R5:2279,2279,R5,R4,R5;M,M;R4,false,false,,,true,true,PASS
covariance:R5:2283,2283,R5,R4,R5;M,M;R4,false,false,,,true,true,PASS
covariance:R5:2285,2285,R5,R4,R5;M,M;R4,false,false,,,true,true,PASS
covariance:R5:2291,2291,R5,R4,R5;M,M;R4,false,false,,,true,true,PASS
covariance:R5:2293,2293,R5,R4,R5;M,M;R4,false,false,,,true,true,PASS
covariance:R5:2297,2297,R5,R4,R5;M,M;R4,false,false,,,true,true,PASS
covariance:R5:2335,2335,R5,R4,R5;M,M;R4,true,true,3223,3223,true,true,PASS
covariance:R5:2351,2351,R5,R4,R5;M,M;R4,true,true,3239,3239,true,true,PASS
covariance:R5:2359,2359,R5,R4,R5;M,M;R4,true,true,3243,3243,true,true,PASS
covariance:R5:2363,2363,R5,R4,R5;M,M;R4,true,true,3245,3245,true,true,PASS
covariance:R5:2365,2365,R5,R4,R5;M,M;R4,true,true,1623,1623,true,true,PASS
covariance:R5:2383,2383,R5,R4,R5;M,M;R4,true,true,3271,3271,true,true,PASS
covariance:R5:2391,2391,R5,R4,R5;M,M;R4,true,true,3275,3275,true,true,PASS
covariance:R5:2395,2395,R5,R4,R5;M,M;R4,true,true,3277,3277,true,true,PASS
covariance:R5:2397,2397,R5,R4,R5;M,M;R4,true,true,1639,1639,true,true,PASS
covariance:R5:2407,2407,R5,R4,R5;M,M;R4,true,true,3283,3283,true,true,PASS
covariance:R5:2411,2411,R5,R4,R5;M,M;R4,true,true,3285,3285,true,true,PASS
covariance:R5:2413,2413,R5,R4,R5;M,M;R4,true,true,1643,1643,true,true,PASS
covariance:R5:2419,2419,R5,R4,R5;M,M;R4,true,true,3289,3289,true,true,PASS
covariance:R5:2421,2421,R5,R4,R5;M,M;R4,true,true,1645,1645,true,true,PASS
covariance:R5:2425,2425,R5,R4,R5;M,M;R4,true,true,823,823,true,true,PASS
covariance:R5:2447,2447,R5,R4,R5;M,M;R4,false,false,,,true,true,PASS
covariance:R5:2455,2455,R5,R4,R5;M,M;R4,false,false,,,true,true,PASS
covariance:R5:2459,2459,R5,R4,R5;M,M;R4,false,false,,,true,true,PASS
covariance:R5:2461,2461,R5,R4,R5;M,M;R4,false,false,,,true,true,PASS
covariance:R5:2471,2471,R5,R4,R5;M,M;R4,false,false,,,true,true,PASS
covariance:R5:2475,2475,R5,R4,R5;M,M;R4,false,false,,,true,true,PASS
covariance:R5:2477,2477,R5,R4,R5;M,M;R4,false,false,,,true,true,PASS
covariance:R5:2483,2483,R5,R4,R5;M,M;R4,false,false,,,true,true,PASS
covariance:R5:2485,2485,R5,R4,R5;M,M;R4,false,false,,,true,true,PASS
covariance:R5:2489,2489,R5,R4,R5;M,M;R4,false,false,,,true,true,PASS
covariance:R5:2503,2503,R5,R4,R5;M,M;R4,false,false,,,true,true,PASS
covariance:R5:2507,2507,R5,R4,R5;M,M;R4,false,false,,,true,true,PASS
covariance:R5:2509,2509,R5,R4,R5;M,M;R4,false,false,,,true,true,PASS
covariance:R5:2515,2515,R5,R4,R5;M,M;R4,false,false,,,true,true,PASS
covariance:R5:2517,2517,R5,R4,R5;M,M;R4,false,false,,,true,true,PASS
covariance:R5:2521,2521,R5,R4,R5;M,M;R4,false,false,,,true,true,PASS
covariance:R5:2531,2531,R5,R4,R5;M,M;R4,false,false,,,true,true,PASS
covariance:R5:2533,2533,R5,R4,R5;M,M;R4,false,false,,,true,true,PASS
covariance:R5:2537,2537,R5,R4,R5;M,M;R4,false,false,,,true,true,PASS
covariance:R5:2545,2545,R5,R4,R5;M,M;R4,false,false,,,true,true,PASS
covariance:R5:2591,2591,R5,R4,R5;M,M;R4,true,true,3351,3351,true,true,PASS
covariance:R5:2607,2607,R5,R4,R5;M,M;R4,true,true,3367,3367,true,true,PASS
covariance:R5:2615,2615,R5,R4,R5;M,M;R4,true,true,3371,3371,true,true,PASS
covariance:R5:2619,2619,R5,R4,R5;M,M;R4,true,true,3373,3373,true,true,PASS
covariance:R5:2621,2621,R5,R4,R5;M,M;R4,true,true,1687,1687,true,true,PASS
covariance:R5:2639,2639,R5,R4,R5;M,M;R4,true,true,3399,3399,true,true,PASS
covariance:R5:2647,2647,R5,R4,R5;M,M;R4,true,true,3403,3403,true,true,PASS
covariance:R5:2651,2651,R5,R4,R5;M,M;R4,true,true,3405,3405,true,true,PASS
covariance:R5:2653,2653,R5,R4,R5;M,M;R4,true,true,1703,1703,true,true,PASS
covariance:R5:2663,2663,R5,R4,R5;M,M;R4,true,true,3411,3411,true,true,PASS
covariance:R5:2667,2667,R5,R4,R5;M,M;R4,true,true,3413,3413,true,true,PASS
covariance:R5:2669,2669,R5,R4,R5;M,M;R4,true,true,1707,1707,true,true,PASS
covariance:R5:2675,2675,R5,R4,R5;M,M;R4,true,true,3417,3417,true,true,PASS
covariance:R5:2677,2677,R5,R4,R5;M,M;R4,true,true,1709,1709,true,true,PASS
covariance:R5:2681,2681,R5,R4,R5;M,M;R4,true,true,855,855,true,true,PASS
covariance:R5:2703,2703,R5,R4,R5;M,M;R4,true,true,3463,3463,true,true,PASS
covariance:R5:2711,2711,R5,R4,R5;M,M;R4,true,true,3467,3467,true,true,PASS
covariance:R5:2715,2715,R5,R4,R5;M,M;R4,true,true,3469,3469,true,true,PASS
covariance:R5:2717,2717,R5,R4,R5;M,M;R4,true,true,1735,1735,true,true,PASS
covariance:R5:2727,2727,R5,R4,R5;M,M;R4,true,true,3475,3475,true,true,PASS
covariance:R5:2731,2731,R5,R4,R5;M,M;R4,true,true,3477,3477,true,true,PASS
covariance:R5:2733,2733,R5,R4,R5;M,M;R4,true,true,1739,1739,true,true,PASS
covariance:R5:2739,2739,R5,R4,R5;M,M;R4,true,true,3481,3481,true,true,PASS
covariance:R5:2741,2741,R5,R4,R5;M,M;R4,true,true,1741,1741,true,true,PASS
covariance:R5:2745,2745,R5,R4,R5;M,M;R4,true,true,871,871,true,true,PASS
covariance:R5:2759,2759,R5,R4,R5;M,M;R4,true,true,3491,3491,true,true,PASS
covariance:R5:2763,2763,R5,R4,R5;M,M;R4,true,true,3493,3493,true,true,PASS
covariance:R5:2765,2765,R5,R4,R5;M,M;R4,true,true,1747,1747,true,true,PASS
covariance:R5:2771,2771,R5,R4,R5;M,M;R4,true,true,3497,3497,true,true,PASS
covariance:R5:2773,2773,R5,R4,R5;M,M;R4,true,true,1749,1749,true,true,PASS
covariance:R5:2777,2777,R5,R4,R5;M,M;R4,true,true,875,875,true,true,PASS
covariance:R5:2787,2787,R5,R4,R5;M,M;R4,true,true,3505,3505,true,true,PASS
covariance:R5:2789,2789,R5,R4,R5;M,M;R4,true,true,1753,1753,true,true,PASS
covariance:R5:2793,2793,R5,R4,R5;M,M;R4,true,true,877,877,true,true,PASS
covariance:R5:2801,2801,R5,R4,R5;M,M;R4,true,true,439,439,true,true,PASS
covariance:R5:2831,2831,R5,R4,R5;M,M;R4,false,false,,,true,true,PASS
covariance:R5:2839,2839,R5,R4,R5;M,M;R4,false,false,,,true,true,PASS
covariance:R5:2843,2843,R5,R4,R5;M,M;R4,false,false,,,true,true,PASS
covariance:R5:2845,2845,R5,R4,R5;M,M;R4,false,false,,,true,true,PASS
covariance:R5:2855,2855,R5,R4,R5;M,M;R4,false,false,,,true,true,PASS
covariance:R5:2859,2859,R5,R4,R5;M,M;R4,false,false,,,true,true,PASS
covariance:R5:2861,2861,R5,R4,R5;M,M;R4,false,false,,,true,true,PASS
covariance:R5:2867,2867,R5,R4,R5;M,M;R4,false,false,,,true,true,PASS
covariance:R5:2869,2869,R5,R4,R5;M,M;R4,false,false,,,true,true,PASS
covariance:R5:2873,2873,R5,R4,R5;M,M;R4,false,false,,,true,true,PASS
covariance:R5:2887,2887,R5,R4,R5;M,M;R4,false,false,,,true,true,PASS
covariance:R5:2891,2891,R5,R4,R5;M,M;R4,false,false,,,true,true,PASS
covariance:R5:2893,2893,R5,R4,R5;M,M;R4,false,false,,,true,true,PASS
covariance:R5:2899,2899,R5,R4,R5;M,M;R4,false,false,,,true,true,PASS
covariance:R5:2901,2901,R5,R4,R5;M,M;R4,false,false,,,true,true,PASS
covariance:R5:2905,2905,R5,R4,R5;M,M;R4,false,false,,,true,true,PASS
covariance:R5:2915,2915,R5,R4,R5;M,M;R4,false,false,,,true,true,PASS
covariance:R5:2917,2917,R5,R4,R5;M,M;R4,false,false,,,true,true,PASS
covariance:R5:2921,2921,R5,R4,R5;M,M;R4,false,false,,,true,true,PASS
covariance:R5:2929,2929,R5,R4,R5;M,M;R4,false,false,,,true,true,PASS
covariance:R5:2951,2951,R5,R4,R5;M,M;R4,false,false,,,true,true,PASS
covariance:R5:2955,2955,R5,R4,R5;M,M;R4,false,false,,,true,true,PASS
covariance:R5:2957,2957,R5,R4,R5;M,M;R4,false,false,,,true,true,PASS
covariance:R5:2963,2963,R5,R4,R5;M,M;R4,false,false,,,true,true,PASS
covariance:R5:2965,2965,R5,R4,R5;M,M;R4,false,false,,,true,true,PASS
covariance:R5:2969,2969,R5,R4,R5;M,M;R4,false,false,,,true,true,PASS
covariance:R5:2979,2979,R5,R4,R5;M,M;R4,false,false,,,true,true,PASS
covariance:R5:2981,2981,R5,R4,R5;M,M;R4,false,false,,,true,true,PASS
covariance:R5:2985,2985,R5,R4,R5;M,M;R4,false,false,,,true,true,PASS
covariance:R5:2993,2993,R5,R4,R5;M,M;R4,false,false,,,true,true,PASS
covariance:R5:3011,3011,R5,R4,R5;M,M;R4,false,false,,,true,true,PASS
covariance:R5:3013,3013,R5,R4,R5;M,M;R4,false,false,,,true,true,PASS
covariance:R5:3017,3017,R5,R4,R5;M,M;R4,false,false,,,true,true,PASS
covariance:R5:3025,3025,R5,R4,R5;M,M;R4,false,false,,,true,true,PASS
covariance:R5:3041,3041,R5,R4,R5;M,M;R4,false,false,,,true,true,PASS
covariance:R5:3103,3103,R5,R4,R5;M,M;R4,true,true,3607,3607,true,true,PASS
covariance:R5:3119,3119,R5,R4,R5;M,M;R4,true,true,3623,3623,true,true,PASS
covariance:R5:3127,3127,R5,R4,R5;M,M;R4,true,true,3627,3627,true,true,PASS
covariance:R5:3131,3131,R5,R4,R5;M,M;R4,true,true,3629,3629,true,true,PASS
covariance:R5:3133,3133,R5,R4,R5;M,M;R4,true,true,1815,1815,true,true,PASS
covariance:R5:3151,3151,R5,R4,R5;M,M;R4,true,true,3655,3655,true,true,PASS
covariance:R5:3159,3159,R5,R4,R5;M,M;R4,true,true,3659,3659,true,true,PASS
covariance:R5:3163,3163,R5,R4,R5;M,M;R4,true,true,3661,3661,true,true,PASS
covariance:R5:3165,3165,R5,R4,R5;M,M;R4,true,true,1831,1831,true,true,PASS
covariance:R5:3175,3175,R5,R4,R5;M,M;R4,true,true,3667,3667,true,true,PASS
covariance:R5:3179,3179,R5,R4,R5;M,M;R4,true,true,3669,3669,true,true,PASS
covariance:R5:3181,3181,R5,R4,R5;M,M;R4,true,true,1835,1835,true,true,PASS
covariance:R5:3187,3187,R5,R4,R5;M,M;R4,true,true,3673,3673,true,true,PASS
covariance:R5:3189,3189,R5,R4,R5;M,M;R4,true,true,1837,1837,true,true,PASS
covariance:R5:3193,3193,R5,R4,R5;M,M;R4,true,true,919,919,true,true,PASS
covariance:R5:3215,3215,R5,R4,R5;M,M;R4,true,true,3719,3719,true,true,PASS
covariance:R5:3223,3223,R5,R4,R5;M,M;R4,true,true,3723,3723,true,true,PASS
covariance:R5:3227,3227,R5,R4,R5;M,M;R4,true,true,3725,3725,true,true,PASS
covariance:R5:3229,3229,R5,R4,R5;M,M;R4,true,true,1863,1863,true,true,PASS
covariance:R5:3239,3239,R5,R4,R5;M,M;R4,true,true,3731,3731,true,true,PASS
covariance:R5:3243,3243,R5,R4,R5;M,M;R4,true,true,3733,3733,true,true,PASS
covariance:R5:3245,3245,R5,R4,R5;M,M;R4,true,true,1867,1867,true,true,PASS
covariance:R5:3251,3251,R5,R4,R5;M,M;R4,true,true,3737,3737,true,true,PASS
covariance:R5:3253,3253,R5,R4,R5;M,M;R4,true,true,1869,1869,true,true,PASS
covariance:R5:3257,3257,R5,R4,R5;M,M;R4,true,true,935,935,true,true,PASS
covariance:R5:3271,3271,R5,R4,R5;M,M;R4,true,true,3747,3747,true,true,PASS
covariance:R5:3275,3275,R5,R4,R5;M,M;R4,true,true,3749,3749,true,true,PASS
covariance:R5:3277,3277,R5,R4,R5;M,M;R4,true,true,1875,1875,true,true,PASS
covariance:R5:3283,3283,R5,R4,R5;M,M;R4,true,true,3753,3753,true,true,PASS
covariance:R5:3285,3285,R5,R4,R5;M,M;R4,true,true,1877,1877,true,true,PASS
covariance:R5:3289,3289,R5,R4,R5;M,M;R4,true,true,939,939,true,true,PASS
covariance:R5:3299,3299,R5,R4,R5;M,M;R4,true,true,3761,3761,true,true,PASS
covariance:R5:3301,3301,R5,R4,R5;M,M;R4,true,true,1881,1881,true,true,PASS
covariance:R5:3305,3305,R5,R4,R5;M,M;R4,true,true,941,941,true,true,PASS
covariance:R5:3313,3313,R5,R4,R5;M,M;R4,true,true,471,471,true,true,PASS
covariance:R5:3343,3343,R5,R4,R5;M,M;R4,true,true,3847,3847,true,true,PASS
covariance:R5:3351,3351,R5,R4,R5;M,M;R4,true,true,3851,3851,true,true,PASS
covariance:R5:3355,3355,R5,R4,R5;M,M;R4,true,true,3853,3853,true,true,PASS
covariance:R5:3357,3357,R5,R4,R5;M,M;R4,true,true,1927,1927,true,true,PASS
covariance:R5:3367,3367,R5,R4,R5;M,M;R4,true,true,3859,3859,true,true,PASS
covariance:R5:3371,3371,R5,R4,R5;M,M;R4,true,true,3861,3861,true,true,PASS
covariance:R5:3373,3373,R5,R4,R5;M,M;R4,true,true,1931,1931,true,true,PASS
covariance:R5:3379,3379,R5,R4,R5;M,M;R4,true,true,3865,3865,true,true,PASS
covariance:R5:3381,3381,R5,R4,R5;M,M;R4,true,true,1933,1933,true,true,PASS
covariance:R5:3385,3385,R5,R4,R5;M,M;R4,true,true,967,967,true,true,PASS
covariance:R5:3399,3399,R5,R4,R5;M,M;R4,true,true,3875,3875,true,true,PASS
covariance:R5:3403,3403,R5,R4,R5;M,M;R4,true,true,3877,3877,true,true,PASS
covariance:R5:3405,3405,R5,R4,R5;M,M;R4,true,true,1939,1939,true,true,PASS
covariance:R5:3411,3411,R5,R4,R5;M,M;R4,true,true,3881,3881,true,true,PASS
covariance:R5:3413,3413,R5,R4,R5;M,M;R4,true,true,1941,1941,true,true,PASS
covariance:R5:3417,3417,R5,R4,R5;M,M;R4,true,true,971,971,true,true,PASS
covariance:R5:3427,3427,R5,R4,R5;M,M;R4,true,true,3889,3889,true,true,PASS
covariance:R5:3429,3429,R5,R4,R5;M,M;R4,true,true,1945,1945,true,true,PASS
covariance:R5:3433,3433,R5,R4,R5;M,M;R4,true,true,973,973,true,true,PASS
covariance:R5:3441,3441,R5,R4,R5;M,M;R4,true,true,487,487,true,true,PASS
covariance:R5:3463,3463,R5,R4,R5;M,M;R4,true,true,3907,3907,true,true,PASS
covariance:R5:3467,3467,R5,R4,R5;M,M;R4,true,true,3909,3909,true,true,PASS
covariance:R5:3469,3469,R5,R4,R5;M,M;R4,true,true,1955,1955,true,true,PASS
covariance:R5:3475,3475,R5,R4,R5;M,M;R4,true,true,3913,3913,true,true,PASS
covariance:R5:3477,3477,R5,R4,R5;M,M;R4,true,true,1957,1957,true,true,PASS
covariance:R5:3481,3481,R5,R4,R5;M,M;R4,true,true,979,979,true,true,PASS
covariance:R5:3491,3491,R5,R4,R5;M,M;R4,true,true,3921,3921,true,true,PASS
covariance:R5:3493,3493,R5,R4,R5;M,M;R4,true,true,1961,1961,true,true,PASS
covariance:R5:3497,3497,R5,R4,R5;M,M;R4,true,true,981,981,true,true,PASS
covariance:R5:3505,3505,R5,R4,R5;M,M;R4,true,true,491,491,true,true,PASS
covariance:R5:3523,3523,R5,R4,R5;M,M;R4,true,true,3937,3937,true,true,PASS
covariance:R5:3525,3525,R5,R4,R5;M,M;R4,true,true,1969,1969,true,true,PASS
covariance:R5:3529,3529,R5,R4,R5;M,M;R4,true,true,985,985,true,true,PASS
covariance:R5:3537,3537,R5,R4,R5;M,M;R4,true,true,493,493,true,true,PASS
covariance:R5:3553,3553,R5,R4,R5;M,M;R4,true,true,247,247,true,true,PASS
covariance:R5:3599,3599,R5,R4,R5;M,M;R4,false,false,,,true,true,PASS
covariance:R5:3607,3607,R5,R4,R5;M,M;R4,false,false,,,true,true,PASS
covariance:R5:3611,3611,R5,R4,R5;M,M;R4,false,false,,,true,true,PASS
covariance:R5:3613,3613,R5,R4,R5;M,M;R4,false,false,,,true,true,PASS
covariance:R5:3623,3623,R5,R4,R5;M,M;R4,false,false,,,true,true,PASS
covariance:R5:3627,3627,R5,R4,R5;M,M;R4,false,false,,,true,true,PASS
covariance:R5:3629,3629,R5,R4,R5;M,M;R4,false,false,,,true,true,PASS
covariance:R5:3635,3635,R5,R4,R5;M,M;R4,false,false,,,true,true,PASS
covariance:R5:3637,3637,R5,R4,R5;M,M;R4,false,false,,,true,true,PASS
covariance:R5:3641,3641,R5,R4,R5;M,M;R4,false,false,,,true,true,PASS
covariance:R5:3655,3655,R5,R4,R5;M,M;R4,false,false,,,true,true,PASS
covariance:R5:3659,3659,R5,R4,R5;M,M;R4,false,false,,,true,true,PASS
covariance:R5:3661,3661,R5,R4,R5;M,M;R4,false,false,,,true,true,PASS
covariance:R5:3667,3667,R5,R4,R5;M,M;R4,false,false,,,true,true,PASS
covariance:R5:3669,3669,R5,R4,R5;M,M;R4,false,false,,,true,true,PASS
covariance:R5:3673,3673,R5,R4,R5;M,M;R4,false,false,,,true,true,PASS
covariance:R5:3683,3683,R5,R4,R5;M,M;R4,false,false,,,true,true,PASS
covariance:R5:3685,3685,R5,R4,R5;M,M;R4,false,false,,,true,true,PASS
covariance:R5:3689,3689,R5,R4,R5;M,M;R4,false,false,,,true,true,PASS
covariance:R5:3697,3697,R5,R4,R5;M,M;R4,false,false,,,true,true,PASS
covariance:R5:3719,3719,R5,R4,R5;M,M;R4,false,false,,,true,true,PASS
covariance:R5:3723,3723,R5,R4,R5;M,M;R4,false,false,,,true,true,PASS
covariance:R5:3725,3725,R5,R4,R5;M,M;R4,false,false,,,true,true,PASS
covariance:R5:3731,3731,R5,R4,R5;M,M;R4,false,false,,,true,true,PASS
covariance:R5:3733,3733,R5,R4,R5;M,M;R4,false,false,,,true,true,PASS
covariance:R5:3737,3737,R5,R4,R5;M,M;R4,false,false,,,true,true,PASS
covariance:R5:3747,3747,R5,R4,R5;M,M;R4,false,false,,,true,true,PASS
covariance:R5:3749,3749,R5,R4,R5;M,M;R4,false,false,,,true,true,PASS
covariance:R5:3753,3753,R5,R4,R5;M,M;R4,false,false,,,true,true,PASS
covariance:R5:3761,3761,R5,R4,R5;M,M;R4,false,false,,,true,true,PASS
covariance:R5:3779,3779,R5,R4,R5;M,M;R4,false,false,,,true,true,PASS
covariance:R5:3781,3781,R5,R4,R5;M,M;R4,false,false,,,true,true,PASS
covariance:R5:3785,3785,R5,R4,R5;M,M;R4,false,false,,,true,true,PASS
covariance:R5:3793,3793,R5,R4,R5;M,M;R4,false,false,,,true,true,PASS
covariance:R5:3809,3809,R5,R4,R5;M,M;R4,false,false,,,true,true,PASS
covariance:R5:3847,3847,R5,R4,R5;M,M;R4,false,false,,,true,true,PASS
covariance:R5:3851,3851,R5,R4,R5;M,M;R4,false,false,,,true,true,PASS
covariance:R5:3853,3853,R5,R4,R5;M,M;R4,false,false,,,true,true,PASS
covariance:R5:3859,3859,R5,R4,R5;M,M;R4,false,false,,,true,true,PASS
covariance:R5:3861,3861,R5,R4,R5;M,M;R4,false,false,,,true,true,PASS
covariance:R5:3865,3865,R5,R4,R5;M,M;R4,false,false,,,true,true,PASS
covariance:R5:3875,3875,R5,R4,R5;M,M;R4,false,false,,,true,true,PASS
covariance:R5:3877,3877,R5,R4,R5;M,M;R4,false,false,,,true,true,PASS
covariance:R5:3881,3881,R5,R4,R5;M,M;R4,false,false,,,true,true,PASS
covariance:R5:3889,3889,R5,R4,R5;M,M;R4,false,false,,,true,true,PASS
covariance:R5:3907,3907,R5,R4,R5;M,M;R4,false,false,,,true,true,PASS
covariance:R5:3909,3909,R5,R4,R5;M,M;R4,false,false,,,true,true,PASS
covariance:R5:3913,3913,R5,R4,R5;M,M;R4,false,false,,,true,true,PASS
covariance:R5:3921,3921,R5,R4,R5;M,M;R4,false,false,,,true,true,PASS
covariance:R5:3937,3937,R5,R4,R5;M,M;R4,false,false,,,true,true,PASS
covariance:R5:3971,3971,R5,R4,R5;M,M;R4,false,false,,,true,true,PASS
covariance:R5:3973,3973,R5,R4,R5;M,M;R4,false,false,,,true,true,PASS
covariance:R5:3977,3977,R5,R4,R5;M,M;R4,false,false,,,true,true,PASS
covariance:R5:3985,3985,R5,R4,R5;M,M;R4,false,false,,,true,true,PASS
covariance:R5:4001,4001,R5,R4,R5;M,M;R4,false,false,,,true,true,PASS
covariance:R5:4033,4033,R5,R4,R5;M,M;R4,false,false,,,true,true,PASS
covariance:L5:127,127,L5,L4,L5;M,M;L4,false,false,,,true,true,PASS
covariance:L5:191,191,L5,L4,L5;M,M;L4,false,false,,,true,true,PASS
covariance:L5:223,223,L5,L4,L5;M,M;L4,false,false,,,true,true,PASS
covariance:L5:239,239,L5,L4,L5;M,M;L4,true,true,2159,2159,true,true,PASS
covariance:L5:247,247,L5,L4,L5;M,M;L4,false,false,,,true,true,PASS
covariance:L5:251,251,L5,L4,L5;M,M;L4,false,false,,,true,true,PASS
covariance:L5:253,253,L5,L4,L5;M,M;L4,false,false,,,true,true,PASS
covariance:L5:319,319,L5,L4,L5;M,M;L4,false,false,,,true,true,PASS
covariance:L5:351,351,L5,L4,L5;M,M;L4,false,false,,,true,true,PASS
covariance:L5:367,367,L5,L4,L5;M,M;L4,true,true,2223,2223,true,true,PASS
covariance:L5:375,375,L5,L4,L5;M,M;L4,false,false,,,true,true,PASS
covariance:L5:379,379,L5,L4,L5;M,M;L4,false,false,,,true,true,PASS
covariance:L5:381,381,L5,L4,L5;M,M;L4,false,false,,,true,true,PASS
covariance:L5:415,415,L5,L4,L5;M,M;L4,false,false,,,true,true,PASS
covariance:L5:431,431,L5,L4,L5;M,M;L4,true,true,2255,2255,true,true,PASS
covariance:L5:439,439,L5,L4,L5;M,M;L4,false,false,,,true,true,PASS
covariance:L5:443,443,L5,L4,L5;M,M;L4,false,false,,,true,true,PASS
covariance:L5:445,445,L5,L4,L5;M,M;L4,false,false,,,true,true,PASS
covariance:L5:463,463,L5,L4,L5;M,M;L4,true,true,2263,2263,true,true,PASS
covariance:L5:471,471,L5,L4,L5;M,M;L4,true,true,2267,2267,true,true,PASS
covariance:L5:475,475,L5,L4,L5;M,M;L4,true,true,2269,2269,true,true,PASS
covariance:L5:477,477,L5,L4,L5;M,M;L4,true,true,1135,1135,true,true,PASS
covariance:L5:487,487,L5,L4,L5;M,M;L4,false,false,,,true,true,PASS
covariance:L5:491,491,L5,L4,L5;M,M;L4,false,false,,,true,true,PASS
covariance:L5:493,493,L5,L4,L5;M,M;L4,false,false,,,true,true,PASS
covariance:L5:499,499,L5,L4,L5;M,M;L4,false,false,,,true,true,PASS
covariance:L5:501,501,L5,L4,L5;M,M;L4,false,false,,,true,true,PASS
covariance:L5:505,505,L5,L4,L5;M,M;L4,false,false,,,true,true,PASS
covariance:L5:575,575,L5,L4,L5;M,M;L4,false,false,,,true,true,PASS
covariance:L5:607,607,L5,L4,L5;M,M;L4,false,false,,,true,true,PASS
covariance:L5:623,623,L5,L4,L5;M,M;L4,true,true,2351,2351,true,true,PASS
covariance:L5:631,631,L5,L4,L5;M,M;L4,false,false,,,true,true,PASS
covariance:L5:635,635,L5,L4,L5;M,M;L4,false,false,,,true,true,PASS
covariance:L5:637,637,L5,L4,L5;M,M;L4,false,false,,,true,true,PASS
covariance:L5:671,671,L5,L4,L5;M,M;L4,false,false,,,true,true,PASS
covariance:L5:687,687,L5,L4,L5;M,M;L4,true,true,2383,2383,true,true,PASS
covariance:L5:695,695,L5,L4,L5;M,M;L4,false,false,,,true,true,PASS
covariance:L5:699,699,L5,L4,L5;M,M;L4,false,false,,,true,true,PASS
covariance:L5:701,701,L5,L4,L5;M,M;L4,false,false,,,true,true,PASS
covariance:L5:719,719,L5,L4,L5;M,M;L4,true,true,2391,2391,true,true,PASS
covariance:L5:727,727,L5,L4,L5;M,M;L4,true,true,2395,2395,true,true,PASS
covariance:L5:731,731,L5,L4,L5;M,M;L4,true,true,2397,2397,true,true,PASS
covariance:L5:733,733,L5,L4,L5;M,M;L4,true,true,1199,1199,true,true,PASS
covariance:L5:743,743,L5,L4,L5;M,M;L4,false,false,,,true,true,PASS
covariance:L5:747,747,L5,L4,L5;M,M;L4,false,false,,,true,true,PASS
covariance:L5:749,749,L5,L4,L5;M,M;L4,false,false,,,true,true,PASS
covariance:L5:755,755,L5,L4,L5;M,M;L4,false,false,,,true,true,PASS
covariance:L5:757,757,L5,L4,L5;M,M;L4,false,false,,,true,true,PASS
covariance:L5:761,761,L5,L4,L5;M,M;L4,false,false,,,true,true,PASS
covariance:L5:799,799,L5,L4,L5;M,M;L4,false,false,,,true,true,PASS
covariance:L5:815,815,L5,L4,L5;M,M;L4,true,true,2447,2447,true,true,PASS
covariance:L5:823,823,L5,L4,L5;M,M;L4,false,false,,,true,true,PASS
covariance:L5:827,827,L5,L4,L5;M,M;L4,false,false,,,true,true,PASS
covariance:L5:829,829,L5,L4,L5;M,M;L4,false,false,,,true,true,PASS
covariance:L5:847,847,L5,L4,L5;M,M;L4,true,true,2455,2455,true,true,PASS
covariance:L5:855,855,L5,L4,L5;M,M;L4,true,true,2459,2459,true,true,PASS
covariance:L5:859,859,L5,L4,L5;M,M;L4,true,true,2461,2461,true,true,PASS
covariance:L5:861,861,L5,L4,L5;M,M;L4,true,true,1231,1231,true,true,PASS
covariance:L5:871,871,L5,L4,L5;M,M;L4,false,false,,,true,true,PASS
covariance:L5:875,875,L5,L4,L5;M,M;L4,false,false,,,true,true,PASS
covariance:L5:877,877,L5,L4,L5;M,M;L4,false,false,,,true,true,PASS
covariance:L5:883,883,L5,L4,L5;M,M;L4,false,false,,,true,true,PASS
covariance:L5:885,885,L5,L4,L5;M,M;L4,false,false,,,true,true,PASS
covariance:L5:889,889,L5,L4,L5;M,M;L4,false,false,,,true,true,PASS
covariance:L5:911,911,L5,L4,L5;M,M;L4,true,true,2471,2471,true,true,PASS
covariance:L5:919,919,L5,L4,L5;M,M;L4,true,true,2475,2475,true,true,PASS
covariance:L5:923,923,L5,L4,L5;M,M;L4,true,true,2477,2477,true,true,PASS
covariance:L5:925,925,L5,L4,L5;M,M;L4,true,true,1239,1239,true,true,PASS
covariance:L5:935,935,L5,L4,L5;M,M;L4,true,true,2483,2483,true,true,PASS
covariance:L5:939,939,L5,L4,L5;M,M;L4,true,true,2485,2485,true,true,PASS
covariance:L5:941,941,L5,L4,L5;M,M;L4,true,true,1243,1243,true,true,PASS
covariance:L5:947,947,L5,L4,L5;M,M;L4,true,true,2489,2489,true,true,PASS
covariance:L5:949,949,L5,L4,L5;M,M;L4,true,true,1245,1245,true,true,PASS
covariance:L5:953,953,L5,L4,L5;M,M;L4,true,true,623,623,true,true,PASS
covariance:L5:967,967,L5,L4,L5;M,M;L4,false,false,,,true,true,PASS
covariance:L5:971,971,L5,L4,L5;M,M;L4,false,false,,,true,true,PASS
covariance:L5:973,973,L5,L4,L5;M,M;L4,false,false,,,true,true,PASS
covariance:L5:979,979,L5,L4,L5;M,M;L4,false,false,,,true,true,PASS
covariance:L5:981,981,L5,L4,L5;M,M;L4,false,false,,,true,true,PASS
covariance:L5:985,985,L5,L4,L5;M,M;L4,false,false,,,true,true,PASS
covariance:L5:995,995,L5,L4,L5;M,M;L4,false,false,,,true,true,PASS
covariance:L5:997,997,L5,L4,L5;M,M;L4,false,false,,,true,true,PASS
covariance:L5:1001,1001,L5,L4,L5;M,M;L4,false,false,,,true,true,PASS
covariance:L5:1009,1009,L5,L4,L5;M,M;L4,false,false,,,true,true,PASS
covariance:L5:1087,1087,L5,L4,L5;M,M;L4,false,false,,,true,true,PASS
covariance:L5:1119,1119,L5,L4,L5;M,M;L4,false,false,,,true,true,PASS
covariance:L5:1135,1135,L5,L4,L5;M,M;L4,true,true,2607,2607,true,true,PASS
covariance:L5:1143,1143,L5,L4,L5;M,M;L4,false,false,,,true,true,PASS
covariance:L5:1147,1147,L5,L4,L5;M,M;L4,false,false,,,true,true,PASS
covariance:L5:1149,1149,L5,L4,L5;M,M;L4,false,false,,,true,true,PASS
covariance:L5:1183,1183,L5,L4,L5;M,M;L4,false,false,,,true,true,PASS
covariance:L5:1199,1199,L5,L4,L5;M,M;L4,true,true,2639,2639,true,true,PASS
covariance:L5:1207,1207,L5,L4,L5;M,M;L4,false,false,,,true,true,PASS
covariance:L5:1211,1211,L5,L4,L5;M,M;L4,false,false,,,true,true,PASS
covariance:L5:1213,1213,L5,L4,L5;M,M;L4,false,false,,,true,true,PASS
covariance:L5:1231,1231,L5,L4,L5;M,M;L4,true,true,2647,2647,true,true,PASS
covariance:L5:1239,1239,L5,L4,L5;M,M;L4,true,true,2651,2651,true,true,PASS
covariance:L5:1243,1243,L5,L4,L5;M,M;L4,true,true,2653,2653,true,true,PASS
covariance:L5:1245,1245,L5,L4,L5;M,M;L4,true,true,1327,1327,true,true,PASS
covariance:L5:1255,1255,L5,L4,L5;M,M;L4,false,false,,,true,true,PASS
covariance:L5:1259,1259,L5,L4,L5;M,M;L4,false,false,,,true,true,PASS
covariance:L5:1261,1261,L5,L4,L5;M,M;L4,false,false,,,true,true,PASS
covariance:L5:1267,1267,L5,L4,L5;M,M;L4,false,false,,,true,true,PASS
covariance:L5:1269,1269,L5,L4,L5;M,M;L4,false,false,,,true,true,PASS
covariance:L5:1273,1273,L5,L4,L5;M,M;L4,false,false,,,true,true,PASS
covariance:L5:1311,1311,L5,L4,L5;M,M;L4,false,false,,,true,true,PASS
covariance:L5:1327,1327,L5,L4,L5;M,M;L4,true,true,2703,2703,true,true,PASS
covariance:L5:1335,1335,L5,L4,L5;M,M;L4,false,false,,,true,true,PASS
covariance:L5:1339,1339,L5,L4,L5;M,M;L4,false,false,,,true,true,PASS
covariance:L5:1341,1341,L5,L4,L5;M,M;L4,false,false,,,true,true,PASS
covariance:L5:1359,1359,L5,L4,L5;M,M;L4,true,true,2711,2711,true,true,PASS
covariance:L5:1367,1367,L5,L4,L5;M,M;L4,true,true,2715,2715,true,true,PASS
covariance:L5:1371,1371,L5,L4,L5;M,M;L4,true,true,2717,2717,true,true,PASS
covariance:L5:1373,1373,L5,L4,L5;M,M;L4,true,true,1359,1359,true,true,PASS
covariance:L5:1383,1383,L5,L4,L5;M,M;L4,false,false,,,true,true,PASS
covariance:L5:1387,1387,L5,L4,L5;M,M;L4,false,false,,,true,true,PASS
covariance:L5:1389,1389,L5,L4,L5;M,M;L4,false,false,,,true,true,PASS
covariance:L5:1395,1395,L5,L4,L5;M,M;L4,false,false,,,true,true,PASS
covariance:L5:1397,1397,L5,L4,L5;M,M;L4,false,false,,,true,true,PASS
covariance:L5:1401,1401,L5,L4,L5;M,M;L4,false,false,,,true,true,PASS
covariance:L5:1423,1423,L5,L4,L5;M,M;L4,true,true,2727,2727,true,true,PASS
covariance:L5:1431,1431,L5,L4,L5;M,M;L4,true,true,2731,2731,true,true,PASS
covariance:L5:1435,1435,L5,L4,L5;M,M;L4,true,true,2733,2733,true,true,PASS
covariance:L5:1437,1437,L5,L4,L5;M,M;L4,true,true,1367,1367,true,true,PASS
covariance:L5:1447,1447,L5,L4,L5;M,M;L4,true,true,2739,2739,true,true,PASS
covariance:L5:1451,1451,L5,L4,L5;M,M;L4,true,true,2741,2741,true,true,PASS
covariance:L5:1453,1453,L5,L4,L5;M,M;L4,true,true,1371,1371,true,true,PASS
covariance:L5:1459,1459,L5,L4,L5;M,M;L4,true,true,2745,2745,true,true,PASS
covariance:L5:1461,1461,L5,L4,L5;M,M;L4,true,true,1373,1373,true,true,PASS
covariance:L5:1465,1465,L5,L4,L5;M,M;L4,true,true,687,687,true,true,PASS
covariance:L5:1479,1479,L5,L4,L5;M,M;L4,false,false,,,true,true,PASS
covariance:L5:1483,1483,L5,L4,L5;M,M;L4,false,false,,,true,true,PASS
covariance:L5:1485,1485,L5,L4,L5;M,M;L4,false,false,,,true,true,PASS
covariance:L5:1491,1491,L5,L4,L5;M,M;L4,false,false,,,true,true,PASS
covariance:L5:1493,1493,L5,L4,L5;M,M;L4,false,false,,,true,true,PASS
covariance:L5:1497,1497,L5,L4,L5;M,M;L4,false,false,,,true,true,PASS
covariance:L5:1507,1507,L5,L4,L5;M,M;L4,false,false,,,true,true,PASS
covariance:L5:1509,1509,L5,L4,L5;M,M;L4,false,false,,,true,true,PASS
covariance:L5:1513,1513,L5,L4,L5;M,M;L4,false,false,,,true,true,PASS
covariance:L5:1521,1521,L5,L4,L5;M,M;L4,false,false,,,true,true,PASS
covariance:L5:1567,1567,L5,L4,L5;M,M;L4,false,false,,,true,true,PASS
covariance:L5:1583,1583,L5,L4,L5;M,M;L4,true,true,2831,2831,true,true,PASS
covariance:L5:1591,1591,L5,L4,L5;M,M;L4,false,false,,,true,true,PASS
covariance:L5:1595,1595,L5,L4,L5;M,M;L4,false,false,,,true,true,PASS
covariance:L5:1597,1597,L5,L4,L5;M,M;L4,false,false,,,true,true,PASS
covariance:L5:1615,1615,L5,L4,L5;M,M;L4,true,true,2839,2839,true,true,PASS
covariance:L5:1623,1623,L5,L4,L5;M,M;L4,true,true,2843,2843,true,true,PASS
covariance:L5:1627,1627,L5,L4,L5;M,M;L4,true,true,2845,2845,true,true,PASS
covariance:L5:1629,1629,L5,L4,L5;M,M;L4,true,true,1423,1423,true,true,PASS
covariance:L5:1639,1639,L5,L4,L5;M,M;L4,false,false,,,true,true,PASS
covariance:L5:1643,1643,L5,L4,L5;M,M;L4,false,false,,,true,true,PASS
covariance:L5:1645,1645,L5,L4,L5;M,M;L4,false,false,,,true,true,PASS
covariance:L5:1651,1651,L5,L4,L5;M,M;L4,false,false,,,true,true,PASS
covariance:L5:1653,1653,L5,L4,L5;M,M;L4,false,false,,,true,true,PASS
covariance:L5:1657,1657,L5,L4,L5;M,M;L4,false,false,,,true,true,PASS
covariance:L5:1679,1679,L5,L4,L5;M,M;L4,true,true,2855,2855,true,true,PASS
covariance:L5:1687,1687,L5,L4,L5;M,M;L4,true,true,2859,2859,true,true,PASS
covariance:L5:1691,1691,L5,L4,L5;M,M;L4,true,true,2861,2861,true,true,PASS
covariance:L5:1693,1693,L5,L4,L5;M,M;L4,true,true,1431,1431,true,true,PASS
covariance:L5:1703,1703,L5,L4,L5;M,M;L4,true,true,2867,2867,true,true,PASS
covariance:L5:1707,1707,L5,L4,L5;M,M;L4,true,true,2869,2869,true,true,PASS
covariance:L5:1709,1709,L5,L4,L5;M,M;L4,true,true,1435,1435,true,true,PASS
covariance:L5:1715,1715,L5,L4,L5;M,M;L4,true,true,2873,2873,true,true,PASS
covariance:L5:1717,1717,L5,L4,L5;M,M;L4,true,true,1437,1437,true,true,PASS
covariance:L5:1721,1721,L5,L4,L5;M,M;L4,true,true,719,719,true,true,PASS
covariance:L5:1735,1735,L5,L4,L5;M,M;L4,false,false,,,true,true,PASS
covariance:L5:1739,1739,L5,L4,L5;M,M;L4,false,false,,,true,true,PASS
covariance:L5:1741,1741,L5,L4,L5;M,M;L4,false,false,,,true,true,PASS
covariance:L5:1747,1747,L5,L4,L5;M,M;L4,false,false,,,true,true,PASS
covariance:L5:1749,1749,L5,L4,L5;M,M;L4,false,false,,,true,true,PASS
covariance:L5:1753,1753,L5,L4,L5;M,M;L4,false,false,,,true,true,PASS
covariance:L5:1763,1763,L5,L4,L5;M,M;L4,false,false,,,true,true,PASS
covariance:L5:1765,1765,L5,L4,L5;M,M;L4,false,false,,,true,true,PASS
covariance:L5:1769,1769,L5,L4,L5;M,M;L4,false,false,,,true,true,PASS
covariance:L5:1777,1777,L5,L4,L5;M,M;L4,false,false,,,true,true,PASS
covariance:L5:1807,1807,L5,L4,L5;M,M;L4,true,true,2887,2887,true,true,PASS
covariance:L5:1815,1815,L5,L4,L5;M,M;L4,true,true,2891,2891,true,true,PASS
covariance:L5:1819,1819,L5,L4,L5;M,M;L4,true,true,2893,2893,true,true,PASS
covariance:L5:1821,1821,L5,L4,L5;M,M;L4,true,true,1447,1447,true,true,PASS
covariance:L5:1831,1831,L5,L4,L5;M,M;L4,true,true,2899,2899,true,true,PASS
covariance:L5:1835,1835,L5,L4,L5;M,M;L4,true,true,2901,2901,true,true,PASS
covariance:L5:1837,1837,L5,L4,L5;M,M;L4,true,true,1451,1451,true,true,PASS
covariance:L5:1843,1843,L5,L4,L5;M,M;L4,true,true,2905,2905,true,true,PASS
covariance:L5:1845,1845,L5,L4,L5;M,M;L4,true,true,1453,1453,true,true,PASS
covariance:L5:1849,1849,L5,L4,L5;M,M;L4,true,true,727,727,true,true,PASS
covariance:L5:1863,1863,L5,L4,L5;M,M;L4,true,true,2915,2915,true,true,PASS
covariance:L5:1867,1867,L5,L4,L5;M,M;L4,true,true,2917,2917,true,true,PASS
covariance:L5:1869,1869,L5,L4,L5;M,M;L4,true,true,1459,1459,true,true,PASS
covariance:L5:1875,1875,L5,L4,L5;M,M;L4,true,true,2921,2921,true,true,PASS
covariance:L5:1877,1877,L5,L4,L5;M,M;L4,true,true,1461,1461,true,true,PASS
covariance:L5:1881,1881,L5,L4,L5;M,M;L4,true,true,731,731,true,true,PASS
covariance:L5:1891,1891,L5,L4,L5;M,M;L4,true,true,2929,2929,true,true,PASS
covariance:L5:1893,1893,L5,L4,L5;M,M;L4,true,true,1465,1465,true,true,PASS
covariance:L5:1897,1897,L5,L4,L5;M,M;L4,true,true,733,733,true,true,PASS
covariance:L5:1905,1905,L5,L4,L5;M,M;L4,true,true,367,367,true,true,PASS
covariance:L5:1927,1927,L5,L4,L5;M,M;L4,false,false,,,true,true,PASS
covariance:L5:1931,1931,L5,L4,L5;M,M;L4,false,false,,,true,true,PASS
covariance:L5:1933,1933,L5,L4,L5;M,M;L4,false,false,,,true,true,PASS
covariance:L5:1939,1939,L5,L4,L5;M,M;L4,false,false,,,true,true,PASS
covariance:L5:1941,1941,L5,L4,L5;M,M;L4,false,false,,,true,true,PASS
covariance:L5:1945,1945,L5,L4,L5;M,M;L4,false,false,,,true,true,PASS
covariance:L5:1955,1955,L5,L4,L5;M,M;L4,false,false,,,true,true,PASS
covariance:L5:1957,1957,L5,L4,L5;M,M;L4,false,false,,,true,true,PASS
covariance:L5:1961,1961,L5,L4,L5;M,M;L4,false,false,,,true,true,PASS
covariance:L5:1969,1969,L5,L4,L5;M,M;L4,false,false,,,true,true,PASS
covariance:L5:1987,1987,L5,L4,L5;M,M;L4,false,false,,,true,true,PASS
covariance:L5:1989,1989,L5,L4,L5;M,M;L4,false,false,,,true,true,PASS
covariance:L5:1993,1993,L5,L4,L5;M,M;L4,false,false,,,true,true,PASS
covariance:L5:2001,2001,L5,L4,L5;M,M;L4,false,false,,,true,true,PASS
covariance:L5:2017,2017,L5,L4,L5;M,M;L4,false,false,,,true,true,PASS
covariance:L5:2111,2111,L5,L4,L5;M,M;L4,false,false,,,true,true,PASS
covariance:L5:2143,2143,L5,L4,L5;M,M;L4,false,false,,,true,true,PASS
covariance:L5:2159,2159,L5,L4,L5;M,M;L4,true,true,3119,3119,true,true,PASS
covariance:L5:2167,2167,L5,L4,L5;M,M;L4,false,false,,,true,true,PASS
covariance:L5:2171,2171,L5,L4,L5;M,M;L4,false,false,,,true,true,PASS
covariance:L5:2173,2173,L5,L4,L5;M,M;L4,false,false,,,true,true,PASS
covariance:L5:2207,2207,L5,L4,L5;M,M;L4,false,false,,,true,true,PASS
covariance:L5:2223,2223,L5,L4,L5;M,M;L4,true,true,3151,3151,true,true,PASS
covariance:L5:2231,2231,L5,L4,L5;M,M;L4,false,false,,,true,true,PASS
covariance:L5:2235,2235,L5,L4,L5;M,M;L4,false,false,,,true,true,PASS
covariance:L5:2237,2237,L5,L4,L5;M,M;L4,false,false,,,true,true,PASS
covariance:L5:2255,2255,L5,L4,L5;M,M;L4,true,true,3159,3159,true,true,PASS
covariance:L5:2263,2263,L5,L4,L5;M,M;L4,true,true,3163,3163,true,true,PASS
covariance:L5:2267,2267,L5,L4,L5;M,M;L4,true,true,3165,3165,true,true,PASS
covariance:L5:2269,2269,L5,L4,L5;M,M;L4,true,true,1583,1583,true,true,PASS
covariance:L5:2279,2279,L5,L4,L5;M,M;L4,false,false,,,true,true,PASS
covariance:L5:2283,2283,L5,L4,L5;M,M;L4,false,false,,,true,true,PASS
covariance:L5:2285,2285,L5,L4,L5;M,M;L4,false,false,,,true,true,PASS
covariance:L5:2291,2291,L5,L4,L5;M,M;L4,false,false,,,true,true,PASS
covariance:L5:2293,2293,L5,L4,L5;M,M;L4,false,false,,,true,true,PASS
covariance:L5:2297,2297,L5,L4,L5;M,M;L4,false,false,,,true,true,PASS
covariance:L5:2335,2335,L5,L4,L5;M,M;L4,false,false,,,true,true,PASS
covariance:L5:2351,2351,L5,L4,L5;M,M;L4,true,true,3215,3215,true,true,PASS
covariance:L5:2359,2359,L5,L4,L5;M,M;L4,false,false,,,true,true,PASS
covariance:L5:2363,2363,L5,L4,L5;M,M;L4,false,false,,,true,true,PASS
covariance:L5:2365,2365,L5,L4,L5;M,M;L4,false,false,,,true,true,PASS
covariance:L5:2383,2383,L5,L4,L5;M,M;L4,true,true,3223,3223,true,true,PASS
covariance:L5:2391,2391,L5,L4,L5;M,M;L4,true,true,3227,3227,true,true,PASS
covariance:L5:2395,2395,L5,L4,L5;M,M;L4,true,true,3229,3229,true,true,PASS
covariance:L5:2397,2397,L5,L4,L5;M,M;L4,true,true,1615,1615,true,true,PASS
covariance:L5:2407,2407,L5,L4,L5;M,M;L4,false,false,,,true,true,PASS
covariance:L5:2411,2411,L5,L4,L5;M,M;L4,false,false,,,true,true,PASS
covariance:L5:2413,2413,L5,L4,L5;M,M;L4,false,false,,,true,true,PASS
covariance:L5:2419,2419,L5,L4,L5;M,M;L4,false,false,,,true,true,PASS
covariance:L5:2421,2421,L5,L4,L5;M,M;L4,false,false,,,true,true,PASS
covariance:L5:2425,2425,L5,L4,L5;M,M;L4,false,false,,,true,true,PASS
covariance:L5:2447,2447,L5,L4,L5;M,M;L4,true,true,3239,3239,true,true,PASS
covariance:L5:2455,2455,L5,L4,L5;M,M;L4,true,true,3243,3243,true,true,PASS
covariance:L5:2459,2459,L5,L4,L5;M,M;L4,true,true,3245,3245,true,true,PASS
covariance:L5:2461,2461,L5,L4,L5;M,M;L4,true,true,1623,1623,true,true,PASS
covariance:L5:2471,2471,L5,L4,L5;M,M;L4,true,true,3251,3251,true,true,PASS
covariance:L5:2475,2475,L5,L4,L5;M,M;L4,true,true,3253,3253,true,true,PASS
covariance:L5:2477,2477,L5,L4,L5;M,M;L4,true,true,1627,1627,true,true,PASS
covariance:L5:2483,2483,L5,L4,L5;M,M;L4,true,true,3257,3257,true,true,PASS
covariance:L5:2485,2485,L5,L4,L5;M,M;L4,true,true,1629,1629,true,true,PASS
covariance:L5:2489,2489,L5,L4,L5;M,M;L4,true,true,815,815,true,true,PASS
covariance:L5:2503,2503,L5,L4,L5;M,M;L4,false,false,,,true,true,PASS
covariance:L5:2507,2507,L5,L4,L5;M,M;L4,false,false,,,true,true,PASS
covariance:L5:2509,2509,L5,L4,L5;M,M;L4,false,false,,,true,true,PASS
covariance:L5:2515,2515,L5,L4,L5;M,M;L4,false,false,,,true,true,PASS
covariance:L5:2517,2517,L5,L4,L5;M,M;L4,false,false,,,true,true,PASS
covariance:L5:2521,2521,L5,L4,L5;M,M;L4,false,false,,,true,true,PASS
covariance:L5:2531,2531,L5,L4,L5;M,M;L4,false,false,,,true,true,PASS
covariance:L5:2533,2533,L5,L4,L5;M,M;L4,false,false,,,true,true,PASS
covariance:L5:2537,2537,L5,L4,L5;M,M;L4,false,false,,,true,true,PASS
covariance:L5:2545,2545,L5,L4,L5;M,M;L4,false,false,,,true,true,PASS
covariance:L5:2591,2591,L5,L4,L5;M,M;L4,false,false,,,true,true,PASS
covariance:L5:2607,2607,L5,L4,L5;M,M;L4,true,true,3343,3343,true,true,PASS
covariance:L5:2615,2615,L5,L4,L5;M,M;L4,false,false,,,true,true,PASS
covariance:L5:2619,2619,L5,L4,L5;M,M;L4,false,false,,,true,true,PASS
covariance:L5:2621,2621,L5,L4,L5;M,M;L4,false,false,,,true,true,PASS
covariance:L5:2639,2639,L5,L4,L5;M,M;L4,true,true,3351,3351,true,true,PASS
covariance:L5:2647,2647,L5,L4,L5;M,M;L4,true,true,3355,3355,true,true,PASS
covariance:L5:2651,2651,L5,L4,L5;M,M;L4,true,true,3357,3357,true,true,PASS
covariance:L5:2653,2653,L5,L4,L5;M,M;L4,true,true,1679,1679,true,true,PASS
covariance:L5:2663,2663,L5,L4,L5;M,M;L4,false,false,,,true,true,PASS
covariance:L5:2667,2667,L5,L4,L5;M,M;L4,false,false,,,true,true,PASS
covariance:L5:2669,2669,L5,L4,L5;M,M;L4,false,false,,,true,true,PASS
covariance:L5:2675,2675,L5,L4,L5;M,M;L4,false,false,,,true,true,PASS
covariance:L5:2677,2677,L5,L4,L5;M,M;L4,false,false,,,true,true,PASS
covariance:L5:2681,2681,L5,L4,L5;M,M;L4,false,false,,,true,true,PASS
covariance:L5:2703,2703,L5,L4,L5;M,M;L4,true,true,3367,3367,true,true,PASS
covariance:L5:2711,2711,L5,L4,L5;M,M;L4,true,true,3371,3371,true,true,PASS
covariance:L5:2715,2715,L5,L4,L5;M,M;L4,true,true,3373,3373,true,true,PASS
covariance:L5:2717,2717,L5,L4,L5;M,M;L4,true,true,1687,1687,true,true,PASS
covariance:L5:2727,2727,L5,L4,L5;M,M;L4,true,true,3379,3379,true,true,PASS
covariance:L5:2731,2731,L5,L4,L5;M,M;L4,true,true,3381,3381,true,true,PASS
covariance:L5:2733,2733,L5,L4,L5;M,M;L4,true,true,1691,1691,true,true,PASS
covariance:L5:2739,2739,L5,L4,L5;M,M;L4,true,true,3385,3385,true,true,PASS
covariance:L5:2741,2741,L5,L4,L5;M,M;L4,true,true,1693,1693,true,true,PASS
covariance:L5:2745,2745,L5,L4,L5;M,M;L4,true,true,847,847,true,true,PASS
covariance:L5:2759,2759,L5,L4,L5;M,M;L4,false,false,,,true,true,PASS
covariance:L5:2763,2763,L5,L4,L5;M,M;L4,false,false,,,true,true,PASS
covariance:L5:2765,2765,L5,L4,L5;M,M;L4,false,false,,,true,true,PASS
covariance:L5:2771,2771,L5,L4,L5;M,M;L4,false,false,,,true,true,PASS
covariance:L5:2773,2773,L5,L4,L5;M,M;L4,false,false,,,true,true,PASS
covariance:L5:2777,2777,L5,L4,L5;M,M;L4,false,false,,,true,true,PASS
covariance:L5:2787,2787,L5,L4,L5;M,M;L4,false,false,,,true,true,PASS
covariance:L5:2789,2789,L5,L4,L5;M,M;L4,false,false,,,true,true,PASS
covariance:L5:2793,2793,L5,L4,L5;M,M;L4,false,false,,,true,true,PASS
covariance:L5:2801,2801,L5,L4,L5;M,M;L4,false,false,,,true,true,PASS
covariance:L5:2831,2831,L5,L4,L5;M,M;L4,true,true,3399,3399,true,true,PASS
covariance:L5:2839,2839,L5,L4,L5;M,M;L4,true,true,3403,3403,true,true,PASS
covariance:L5:2843,2843,L5,L4,L5;M,M;L4,true,true,3405,3405,true,true,PASS
covariance:L5:2845,2845,L5,L4,L5;M,M;L4,true,true,1703,1703,true,true,PASS
covariance:L5:2855,2855,L5,L4,L5;M,M;L4,true,true,3411,3411,true,true,PASS
covariance:L5:2859,2859,L5,L4,L5;M,M;L4,true,true,3413,3413,true,true,PASS
covariance:L5:2861,2861,L5,L4,L5;M,M;L4,true,true,1707,1707,true,true,PASS
covariance:L5:2867,2867,L5,L4,L5;M,M;L4,true,true,3417,3417,true,true,PASS
covariance:L5:2869,2869,L5,L4,L5;M,M;L4,true,true,1709,1709,true,true,PASS
covariance:L5:2873,2873,L5,L4,L5;M,M;L4,true,true,855,855,true,true,PASS
covariance:L5:2887,2887,L5,L4,L5;M,M;L4,true,true,3427,3427,true,true,PASS
covariance:L5:2891,2891,L5,L4,L5;M,M;L4,true,true,3429,3429,true,true,PASS
covariance:L5:2893,2893,L5,L4,L5;M,M;L4,true,true,1715,1715,true,true,PASS
covariance:L5:2899,2899,L5,L4,L5;M,M;L4,true,true,3433,3433,true,true,PASS
covariance:L5:2901,2901,L5,L4,L5;M,M;L4,true,true,1717,1717,true,true,PASS
covariance:L5:2905,2905,L5,L4,L5;M,M;L4,true,true,859,859,true,true,PASS
covariance:L5:2915,2915,L5,L4,L5;M,M;L4,true,true,3441,3441,true,true,PASS
covariance:L5:2917,2917,L5,L4,L5;M,M;L4,true,true,1721,1721,true,true,PASS
covariance:L5:2921,2921,L5,L4,L5;M,M;L4,true,true,861,861,true,true,PASS
covariance:L5:2929,2929,L5,L4,L5;M,M;L4,true,true,431,431,true,true,PASS
covariance:L5:2951,2951,L5,L4,L5;M,M;L4,false,false,,,true,true,PASS
covariance:L5:2955,2955,L5,L4,L5;M,M;L4,false,false,,,true,true,PASS
covariance:L5:2957,2957,L5,L4,L5;M,M;L4,false,false,,,true,true,PASS
covariance:L5:2963,2963,L5,L4,L5;M,M;L4,false,false,,,true,true,PASS
covariance:L5:2965,2965,L5,L4,L5;M,M;L4,false,false,,,true,true,PASS
covariance:L5:2969,2969,L5,L4,L5;M,M;L4,false,false,,,true,true,PASS
covariance:L5:2979,2979,L5,L4,L5;M,M;L4,false,false,,,true,true,PASS
covariance:L5:2981,2981,L5,L4,L5;M,M;L4,false,false,,,true,true,PASS
covariance:L5:2985,2985,L5,L4,L5;M,M;L4,false,false,,,true,true,PASS
covariance:L5:2993,2993,L5,L4,L5;M,M;L4,false,false,,,true,true,PASS
covariance:L5:3011,3011,L5,L4,L5;M,M;L4,false,false,,,true,true,PASS
covariance:L5:3013,3013,L5,L4,L5;M,M;L4,false,false,,,true,true,PASS
covariance:L5:3017,3017,L5,L4,L5;M,M;L4,false,false,,,true,true,PASS
covariance:L5:3025,3025,L5,L4,L5;M,M;L4,false,false,,,true,true,PASS
covariance:L5:3041,3041,L5,L4,L5;M,M;L4,false,false,,,true,true,PASS
covariance:L5:3103,3103,L5,L4,L5;M,M;L4,false,false,,,true,true,PASS
covariance:L5:3119,3119,L5,L4,L5;M,M;L4,true,true,3599,3599,true,true,PASS
covariance:L5:3127,3127,L5,L4,L5;M,M;L4,false,false,,,true,true,PASS
covariance:L5:3131,3131,L5,L4,L5;M,M;L4,false,false,,,true,true,PASS
covariance:L5:3133,3133,L5,L4,L5;M,M;L4,false,false,,,true,true,PASS
covariance:L5:3151,3151,L5,L4,L5;M,M;L4,true,true,3607,3607,true,true,PASS
covariance:L5:3159,3159,L5,L4,L5;M,M;L4,true,true,3611,3611,true,true,PASS
covariance:L5:3163,3163,L5,L4,L5;M,M;L4,true,true,3613,3613,true,true,PASS
covariance:L5:3165,3165,L5,L4,L5;M,M;L4,true,true,1807,1807,true,true,PASS
covariance:L5:3175,3175,L5,L4,L5;M,M;L4,false,false,,,true,true,PASS
covariance:L5:3179,3179,L5,L4,L5;M,M;L4,false,false,,,true,true,PASS
covariance:L5:3181,3181,L5,L4,L5;M,M;L4,false,false,,,true,true,PASS
covariance:L5:3187,3187,L5,L4,L5;M,M;L4,false,false,,,true,true,PASS
covariance:L5:3189,3189,L5,L4,L5;M,M;L4,false,false,,,true,true,PASS
covariance:L5:3193,3193,L5,L4,L5;M,M;L4,false,false,,,true,true,PASS
covariance:L5:3215,3215,L5,L4,L5;M,M;L4,true,true,3623,3623,true,true,PASS
covariance:L5:3223,3223,L5,L4,L5;M,M;L4,true,true,3627,3627,true,true,PASS
covariance:L5:3227,3227,L5,L4,L5;M,M;L4,true,true,3629,3629,true,true,PASS
covariance:L5:3229,3229,L5,L4,L5;M,M;L4,true,true,1815,1815,true,true,PASS
covariance:L5:3239,3239,L5,L4,L5;M,M;L4,true,true,3635,3635,true,true,PASS
covariance:L5:3243,3243,L5,L4,L5;M,M;L4,true,true,3637,3637,true,true,PASS
covariance:L5:3245,3245,L5,L4,L5;M,M;L4,true,true,1819,1819,true,true,PASS
covariance:L5:3251,3251,L5,L4,L5;M,M;L4,true,true,3641,3641,true,true,PASS
covariance:L5:3253,3253,L5,L4,L5;M,M;L4,true,true,1821,1821,true,true,PASS
covariance:L5:3257,3257,L5,L4,L5;M,M;L4,true,true,911,911,true,true,PASS
covariance:L5:3271,3271,L5,L4,L5;M,M;L4,false,false,,,true,true,PASS
covariance:L5:3275,3275,L5,L4,L5;M,M;L4,false,false,,,true,true,PASS
covariance:L5:3277,3277,L5,L4,L5;M,M;L4,false,false,,,true,true,PASS
covariance:L5:3283,3283,L5,L4,L5;M,M;L4,false,false,,,true,true,PASS
covariance:L5:3285,3285,L5,L4,L5;M,M;L4,false,false,,,true,true,PASS
covariance:L5:3289,3289,L5,L4,L5;M,M;L4,false,false,,,true,true,PASS
covariance:L5:3299,3299,L5,L4,L5;M,M;L4,false,false,,,true,true,PASS
covariance:L5:3301,3301,L5,L4,L5;M,M;L4,false,false,,,true,true,PASS
covariance:L5:3305,3305,L5,L4,L5;M,M;L4,false,false,,,true,true,PASS
covariance:L5:3313,3313,L5,L4,L5;M,M;L4,false,false,,,true,true,PASS
covariance:L5:3343,3343,L5,L4,L5;M,M;L4,true,true,3655,3655,true,true,PASS
covariance:L5:3351,3351,L5,L4,L5;M,M;L4,true,true,3659,3659,true,true,PASS
covariance:L5:3355,3355,L5,L4,L5;M,M;L4,true,true,3661,3661,true,true,PASS
covariance:L5:3357,3357,L5,L4,L5;M,M;L4,true,true,1831,1831,true,true,PASS
covariance:L5:3367,3367,L5,L4,L5;M,M;L4,true,true,3667,3667,true,true,PASS
covariance:L5:3371,3371,L5,L4,L5;M,M;L4,true,true,3669,3669,true,true,PASS
covariance:L5:3373,3373,L5,L4,L5;M,M;L4,true,true,1835,1835,true,true,PASS
covariance:L5:3379,3379,L5,L4,L5;M,M;L4,true,true,3673,3673,true,true,PASS
covariance:L5:3381,3381,L5,L4,L5;M,M;L4,true,true,1837,1837,true,true,PASS
covariance:L5:3385,3385,L5,L4,L5;M,M;L4,true,true,919,919,true,true,PASS
covariance:L5:3399,3399,L5,L4,L5;M,M;L4,true,true,3683,3683,true,true,PASS
covariance:L5:3403,3403,L5,L4,L5;M,M;L4,true,true,3685,3685,true,true,PASS
covariance:L5:3405,3405,L5,L4,L5;M,M;L4,true,true,1843,1843,true,true,PASS
covariance:L5:3411,3411,L5,L4,L5;M,M;L4,true,true,3689,3689,true,true,PASS
covariance:L5:3413,3413,L5,L4,L5;M,M;L4,true,true,1845,1845,true,true,PASS
covariance:L5:3417,3417,L5,L4,L5;M,M;L4,true,true,923,923,true,true,PASS
covariance:L5:3427,3427,L5,L4,L5;M,M;L4,true,true,3697,3697,true,true,PASS
covariance:L5:3429,3429,L5,L4,L5;M,M;L4,true,true,1849,1849,true,true,PASS
covariance:L5:3433,3433,L5,L4,L5;M,M;L4,true,true,925,925,true,true,PASS
covariance:L5:3441,3441,L5,L4,L5;M,M;L4,true,true,463,463,true,true,PASS
covariance:L5:3463,3463,L5,L4,L5;M,M;L4,false,false,,,true,true,PASS
covariance:L5:3467,3467,L5,L4,L5;M,M;L4,false,false,,,true,true,PASS
covariance:L5:3469,3469,L5,L4,L5;M,M;L4,false,false,,,true,true,PASS
covariance:L5:3475,3475,L5,L4,L5;M,M;L4,false,false,,,true,true,PASS
covariance:L5:3477,3477,L5,L4,L5;M,M;L4,false,false,,,true,true,PASS
covariance:L5:3481,3481,L5,L4,L5;M,M;L4,false,false,,,true,true,PASS
covariance:L5:3491,3491,L5,L4,L5;M,M;L4,false,false,,,true,true,PASS
covariance:L5:3493,3493,L5,L4,L5;M,M;L4,false,false,,,true,true,PASS
covariance:L5:3497,3497,L5,L4,L5;M,M;L4,false,false,,,true,true,PASS
covariance:L5:3505,3505,L5,L4,L5;M,M;L4,false,false,,,true,true,PASS
covariance:L5:3523,3523,L5,L4,L5;M,M;L4,false,false,,,true,true,PASS
covariance:L5:3525,3525,L5,L4,L5;M,M;L4,false,false,,,true,true,PASS
covariance:L5:3529,3529,L5,L4,L5;M,M;L4,false,false,,,true,true,PASS
covariance:L5:3537,3537,L5,L4,L5;M,M;L4,false,false,,,true,true,PASS
covariance:L5:3553,3553,L5,L4,L5;M,M;L4,false,false,,,true,true,PASS
covariance:L5:3599,3599,L5,L4,L5;M,M;L4,true,true,3719,3719,true,true,PASS
covariance:L5:3607,3607,L5,L4,L5;M,M;L4,true,true,3723,3723,true,true,PASS
covariance:L5:3611,3611,L5,L4,L5;M,M;L4,true,true,3725,3725,true,true,PASS
covariance:L5:3613,3613,L5,L4,L5;M,M;L4,true,true,1863,1863,true,true,PASS
covariance:L5:3623,3623,L5,L4,L5;M,M;L4,true,true,3731,3731,true,true,PASS
covariance:L5:3627,3627,L5,L4,L5;M,M;L4,true,true,3733,3733,true,true,PASS
covariance:L5:3629,3629,L5,L4,L5;M,M;L4,true,true,1867,1867,true,true,PASS
covariance:L5:3635,3635,L5,L4,L5;M,M;L4,true,true,3737,3737,true,true,PASS
covariance:L5:3637,3637,L5,L4,L5;M,M;L4,true,true,1869,1869,true,true,PASS
covariance:L5:3641,3641,L5,L4,L5;M,M;L4,true,true,935,935,true,true,PASS
covariance:L5:3655,3655,L5,L4,L5;M,M;L4,true,true,3747,3747,true,true,PASS
covariance:L5:3659,3659,L5,L4,L5;M,M;L4,true,true,3749,3749,true,true,PASS
covariance:L5:3661,3661,L5,L4,L5;M,M;L4,true,true,1875,1875,true,true,PASS
covariance:L5:3667,3667,L5,L4,L5;M,M;L4,true,true,3753,3753,true,true,PASS
covariance:L5:3669,3669,L5,L4,L5;M,M;L4,true,true,1877,1877,true,true,PASS
covariance:L5:3673,3673,L5,L4,L5;M,M;L4,true,true,939,939,true,true,PASS
covariance:L5:3683,3683,L5,L4,L5;M,M;L4,true,true,3761,3761,true,true,PASS
covariance:L5:3685,3685,L5,L4,L5;M,M;L4,true,true,1881,1881,true,true,PASS
covariance:L5:3689,3689,L5,L4,L5;M,M;L4,true,true,941,941,true,true,PASS
covariance:L5:3697,3697,L5,L4,L5;M,M;L4,true,true,471,471,true,true,PASS
covariance:L5:3719,3719,L5,L4,L5;M,M;L4,true,true,3779,3779,true,true,PASS
covariance:L5:3723,3723,L5,L4,L5;M,M;L4,true,true,3781,3781,true,true,PASS
covariance:L5:3725,3725,L5,L4,L5;M,M;L4,true,true,1891,1891,true,true,PASS
covariance:L5:3731,3731,L5,L4,L5;M,M;L4,true,true,3785,3785,true,true,PASS
covariance:L5:3733,3733,L5,L4,L5;M,M;L4,true,true,1893,1893,true,true,PASS
covariance:L5:3737,3737,L5,L4,L5;M,M;L4,true,true,947,947,true,true,PASS
covariance:L5:3747,3747,L5,L4,L5;M,M;L4,true,true,3793,3793,true,true,PASS
covariance:L5:3749,3749,L5,L4,L5;M,M;L4,true,true,1897,1897,true,true,PASS
covariance:L5:3753,3753,L5,L4,L5;M,M;L4,true,true,949,949,true,true,PASS
covariance:L5:3761,3761,L5,L4,L5;M,M;L4,true,true,475,475,true,true,PASS
covariance:L5:3779,3779,L5,L4,L5;M,M;L4,true,true,3809,3809,true,true,PASS
covariance:L5:3781,3781,L5,L4,L5;M,M;L4,true,true,1905,1905,true,true,PASS
covariance:L5:3785,3785,L5,L4,L5;M,M;L4,true,true,953,953,true,true,PASS
covariance:L5:3793,3793,L5,L4,L5;M,M;L4,true,true,477,477,true,true,PASS
covariance:L5:3809,3809,L5,L4,L5;M,M;L4,true,true,239,239,true,true,PASS
covariance:L5:3847,3847,L5,L4,L5;M,M;L4,false,false,,,true,true,PASS
covariance:L5:3851,3851,L5,L4,L5;M,M;L4,false,false,,,true,true,PASS
covariance:L5:3853,3853,L5,L4,L5;M,M;L4,false,false,,,true,true,PASS
covariance:L5:3859,3859,L5,L4,L5;M,M;L4,false,false,,,true,true,PASS
covariance:L5:3861,3861,L5,L4,L5;M,M;L4,false,false,,,true,true,PASS
covariance:L5:3865,3865,L5,L4,L5;M,M;L4,false,false,,,true,true,PASS
covariance:L5:3875,3875,L5,L4,L5;M,M;L4,false,false,,,true,true,PASS
covariance:L5:3877,3877,L5,L4,L5;M,M;L4,false,false,,,true,true,PASS
covariance:L5:3881,3881,L5,L4,L5;M,M;L4,false,false,,,true,true,PASS
covariance:L5:3889,3889,L5,L4,L5;M,M;L4,false,false,,,true,true,PASS
covariance:L5:3907,3907,L5,L4,L5;M,M;L4,false,false,,,true,true,PASS
covariance:L5:3909,3909,L5,L4,L5;M,M;L4,false,false,,,true,true,PASS
covariance:L5:3913,3913,L5,L4,L5;M,M;L4,false,false,,,true,true,PASS
covariance:L5:3921,3921,L5,L4,L5;M,M;L4,false,false,,,true,true,PASS
covariance:L5:3937,3937,L5,L4,L5;M,M;L4,false,false,,,true,true,PASS
covariance:L5:3971,3971,L5,L4,L5;M,M;L4,false,false,,,true,true,PASS
covariance:L5:3973,3973,L5,L4,L5;M,M;L4,false,false,,,true,true,PASS
covariance:L5:3977,3977,L5,L4,L5;M,M;L4,false,false,,,true,true,PASS
covariance:L5:3985,3985,L5,L4,L5;M,M;L4,false,false,,,true,true,PASS
covariance:L5:4001,4001,L5,L4,L5;M,M;L4,false,false,,,true,true,PASS
covariance:L5:4033,4033,L5,L4,L5;M,M;L4,false,false,,,true,true,PASS
covariance:R6:127,127,R6,R5,R6;M,M;R5,false,false,,,true,true,PASS
covariance:R6:191,191,R6,R5,R6;M,M;R5,true,true,2159,2159,true,true,PASS
covariance:R6:223,223,R6,R5,R6;M,M;R5,false,false,,,true,true,PASS
covariance:R6:239,239,R6,R5,R6;M,M;R5,false,false,,,true,true,PASS
covariance:R6:247,247,R6,R5,R6;M,M;R5,false,false,,,true,true,PASS
covariance:R6:251,251,R6,R5,R6;M,M;R5,false,false,,,true,true,PASS
covariance:R6:253,253,R6,R5,R6;M,M;R5,false,false,,,true,true,PASS
covariance:R6:319,319,R6,R5,R6;M,M;R5,true,true,2223,2223,true,true,PASS
covariance:R6:351,351,R6,R5,R6;M,M;R5,true,true,2255,2255,true,true,PASS
covariance:R6:367,367,R6,R5,R6;M,M;R5,true,true,2263,2263,true,true,PASS
covariance:R6:375,375,R6,R5,R6;M,M;R5,true,true,2267,2267,true,true,PASS
covariance:R6:379,379,R6,R5,R6;M,M;R5,true,true,2269,2269,true,true,PASS
covariance:R6:381,381,R6,R5,R6;M,M;R5,true,true,1135,1135,true,true,PASS
covariance:R6:415,415,R6,R5,R6;M,M;R5,false,false,,,true,true,PASS
covariance:R6:431,431,R6,R5,R6;M,M;R5,false,false,,,true,true,PASS
covariance:R6:439,439,R6,R5,R6;M,M;R5,false,false,,,true,true,PASS
covariance:R6:443,443,R6,R5,R6;M,M;R5,false,false,,,true,true,PASS
covariance:R6:445,445,R6,R5,R6;M,M;R5,false,false,,,true,true,PASS
covariance:R6:463,463,R6,R5,R6;M,M;R5,false,false,,,true,true,PASS
covariance:R6:471,471,R6,R5,R6;M,M;R5,false,false,,,true,true,PASS
covariance:R6:475,475,R6,R5,R6;M,M;R5,false,false,,,true,true,PASS
covariance:R6:477,477,R6,R5,R6;M,M;R5,false,false,,,true,true,PASS
covariance:R6:487,487,R6,R5,R6;M,M;R5,false,false,,,true,true,PASS
covariance:R6:491,491,R6,R5,R6;M,M;R5,false,false,,,true,true,PASS
covariance:R6:493,493,R6,R5,R6;M,M;R5,false,false,,,true,true,PASS
covariance:R6:499,499,R6,R5,R6;M,M;R5,false,false,,,true,true,PASS
covariance:R6:501,501,R6,R5,R6;M,M;R5,false,false,,,true,true,PASS
covariance:R6:505,505,R6,R5,R6;M,M;R5,false,false,,,true,true,PASS
covariance:R6:575,575,R6,R5,R6;M,M;R5,true,true,2351,2351,true,true,PASS
covariance:R6:607,607,R6,R5,R6;M,M;R5,true,true,2383,2383,true,true,PASS
covariance:R6:623,623,R6,R5,R6;M,M;R5,true,true,2391,2391,true,true,PASS
covariance:R6:631,631,R6,R5,R6;M,M;R5,true,true,2395,2395,true,true,PASS
covariance:R6:635,635,R6,R5,R6;M,M;R5,true,true,2397,2397,true,true,PASS
covariance:R6:637,637,R6,R5,R6;M,M;R5,true,true,1199,1199,true,true,PASS
covariance:R6:671,671,R6,R5,R6;M,M;R5,true,true,2447,2447,true,true,PASS
covariance:R6:687,687,R6,R5,R6;M,M;R5,true,true,2455,2455,true,true,PASS
covariance:R6:695,695,R6,R5,R6;M,M;R5,true,true,2459,2459,true,true,PASS
covariance:R6:699,699,R6,R5,R6;M,M;R5,true,true,2461,2461,true,true,PASS
covariance:R6:701,701,R6,R5,R6;M,M;R5,true,true,1231,1231,true,true,PASS
covariance:R6:719,719,R6,R5,R6;M,M;R5,true,true,2471,2471,true,true,PASS
covariance:R6:727,727,R6,R5,R6;M,M;R5,true,true,2475,2475,true,true,PASS
covariance:R6:731,731,R6,R5,R6;M,M;R5,true,true,2477,2477,true,true,PASS
covariance:R6:733,733,R6,R5,R6;M,M;R5,true,true,1239,1239,true,true,PASS
covariance:R6:743,743,R6,R5,R6;M,M;R5,true,true,2483,2483,true,true,PASS
covariance:R6:747,747,R6,R5,R6;M,M;R5,true,true,2485,2485,true,true,PASS
covariance:R6:749,749,R6,R5,R6;M,M;R5,true,true,1243,1243,true,true,PASS
covariance:R6:755,755,R6,R5,R6;M,M;R5,true,true,2489,2489,true,true,PASS
covariance:R6:757,757,R6,R5,R6;M,M;R5,true,true,1245,1245,true,true,PASS
covariance:R6:761,761,R6,R5,R6;M,M;R5,true,true,623,623,true,true,PASS
covariance:R6:799,799,R6,R5,R6;M,M;R5,false,false,,,true,true,PASS
covariance:R6:815,815,R6,R5,R6;M,M;R5,false,false,,,true,true,PASS
covariance:R6:823,823,R6,R5,R6;M,M;R5,false,false,,,true,true,PASS
covariance:R6:827,827,R6,R5,R6;M,M;R5,false,false,,,true,true,PASS
covariance:R6:829,829,R6,R5,R6;M,M;R5,false,false,,,true,true,PASS
covariance:R6:847,847,R6,R5,R6;M,M;R5,false,false,,,true,true,PASS
covariance:R6:855,855,R6,R5,R6;M,M;R5,false,false,,,true,true,PASS
covariance:R6:859,859,R6,R5,R6;M,M;R5,false,false,,,true,true,PASS
covariance:R6:861,861,R6,R5,R6;M,M;R5,false,false,,,true,true,PASS
covariance:R6:871,871,R6,R5,R6;M,M;R5,false,false,,,true,true,PASS
covariance:R6:875,875,R6,R5,R6;M,M;R5,false,false,,,true,true,PASS
covariance:R6:877,877,R6,R5,R6;M,M;R5,false,false,,,true,true,PASS
covariance:R6:883,883,R6,R5,R6;M,M;R5,false,false,,,true,true,PASS
covariance:R6:885,885,R6,R5,R6;M,M;R5,false,false,,,true,true,PASS
covariance:R6:889,889,R6,R5,R6;M,M;R5,false,false,,,true,true,PASS
covariance:R6:911,911,R6,R5,R6;M,M;R5,false,false,,,true,true,PASS
covariance:R6:919,919,R6,R5,R6;M,M;R5,false,false,,,true,true,PASS
covariance:R6:923,923,R6,R5,R6;M,M;R5,false,false,,,true,true,PASS
covariance:R6:925,925,R6,R5,R6;M,M;R5,false,false,,,true,true,PASS
covariance:R6:935,935,R6,R5,R6;M,M;R5,false,false,,,true,true,PASS
covariance:R6:939,939,R6,R5,R6;M,M;R5,false,false,,,true,true,PASS
covariance:R6:941,941,R6,R5,R6;M,M;R5,false,false,,,true,true,PASS
covariance:R6:947,947,R6,R5,R6;M,M;R5,false,false,,,true,true,PASS
covariance:R6:949,949,R6,R5,R6;M,M;R5,false,false,,,true,true,PASS
covariance:R6:953,953,R6,R5,R6;M,M;R5,false,false,,,true,true,PASS
covariance:R6:967,967,R6,R5,R6;M,M;R5,false,false,,,true,true,PASS
covariance:R6:971,971,R6,R5,R6;M,M;R5,false,false,,,true,true,PASS
covariance:R6:973,973,R6,R5,R6;M,M;R5,false,false,,,true,true,PASS
covariance:R6:979,979,R6,R5,R6;M,M;R5,false,false,,,true,true,PASS
covariance:R6:981,981,R6,R5,R6;M,M;R5,false,false,,,true,true,PASS
covariance:R6:985,985,R6,R5,R6;M,M;R5,false,false,,,true,true,PASS
covariance:R6:995,995,R6,R5,R6;M,M;R5,false,false,,,true,true,PASS
covariance:R6:997,997,R6,R5,R6;M,M;R5,false,false,,,true,true,PASS
covariance:R6:1001,1001,R6,R5,R6;M,M;R5,false,false,,,true,true,PASS
covariance:R6:1009,1009,R6,R5,R6;M,M;R5,false,false,,,true,true,PASS
covariance:R6:1087,1087,R6,R5,R6;M,M;R5,true,true,2607,2607,true,true,PASS
covariance:R6:1119,1119,R6,R5,R6;M,M;R5,true,true,2639,2639,true,true,PASS
covariance:R6:1135,1135,R6,R5,R6;M,M;R5,true,true,2647,2647,true,true,PASS
covariance:R6:1143,1143,R6,R5,R6;M,M;R5,true,true,2651,2651,true,true,PASS
covariance:R6:1147,1147,R6,R5,R6;M,M;R5,true,true,2653,2653,true,true,PASS
covariance:R6:1149,1149,R6,R5,R6;M,M;R5,true,true,1327,1327,true,true,PASS
covariance:R6:1183,1183,R6,R5,R6;M,M;R5,true,true,2703,2703,true,true,PASS
covariance:R6:1199,1199,R6,R5,R6;M,M;R5,true,true,2711,2711,true,true,PASS
covariance:R6:1207,1207,R6,R5,R6;M,M;R5,true,true,2715,2715,true,true,PASS
covariance:R6:1211,1211,R6,R5,R6;M,M;R5,true,true,2717,2717,true,true,PASS
covariance:R6:1213,1213,R6,R5,R6;M,M;R5,true,true,1359,1359,true,true,PASS
covariance:R6:1231,1231,R6,R5,R6;M,M;R5,true,true,2727,2727,true,true,PASS
covariance:R6:1239,1239,R6,R5,R6;M,M;R5,true,true,2731,2731,true,true,PASS
covariance:R6:1243,1243,R6,R5,R6;M,M;R5,true,true,2733,2733,true,true,PASS
covariance:R6:1245,1245,R6,R5,R6;M,M;R5,true,true,1367,1367,true,true,PASS
covariance:R6:1255,1255,R6,R5,R6;M,M;R5,true,true,2739,2739,true,true,PASS
covariance:R6:1259,1259,R6,R5,R6;M,M;R5,true,true,2741,2741,true,true,PASS
covariance:R6:1261,1261,R6,R5,R6;M,M;R5,true,true,1371,1371,true,true,PASS
covariance:R6:1267,1267,R6,R5,R6;M,M;R5,true,true,2745,2745,true,true,PASS
covariance:R6:1269,1269,R6,R5,R6;M,M;R5,true,true,1373,1373,true,true,PASS
covariance:R6:1273,1273,R6,R5,R6;M,M;R5,true,true,687,687,true,true,PASS
covariance:R6:1311,1311,R6,R5,R6;M,M;R5,true,true,2831,2831,true,true,PASS
covariance:R6:1327,1327,R6,R5,R6;M,M;R5,true,true,2839,2839,true,true,PASS
covariance:R6:1335,1335,R6,R5,R6;M,M;R5,true,true,2843,2843,true,true,PASS
covariance:R6:1339,1339,R6,R5,R6;M,M;R5,true,true,2845,2845,true,true,PASS
covariance:R6:1341,1341,R6,R5,R6;M,M;R5,true,true,1423,1423,true,true,PASS
covariance:R6:1359,1359,R6,R5,R6;M,M;R5,true,true,2855,2855,true,true,PASS
covariance:R6:1367,1367,R6,R5,R6;M,M;R5,true,true,2859,2859,true,true,PASS
covariance:R6:1371,1371,R6,R5,R6;M,M;R5,true,true,2861,2861,true,true,PASS
covariance:R6:1373,1373,R6,R5,R6;M,M;R5,true,true,1431,1431,true,true,PASS
covariance:R6:1383,1383,R6,R5,R6;M,M;R5,true,true,2867,2867,true,true,PASS
covariance:R6:1387,1387,R6,R5,R6;M,M;R5,true,true,2869,2869,true,true,PASS
covariance:R6:1389,1389,R6,R5,R6;M,M;R5,true,true,1435,1435,true,true,PASS
covariance:R6:1395,1395,R6,R5,R6;M,M;R5,true,true,2873,2873,true,true,PASS
covariance:R6:1397,1397,R6,R5,R6;M,M;R5,true,true,1437,1437,true,true,PASS
covariance:R6:1401,1401,R6,R5,R6;M,M;R5,true,true,719,719,true,true,PASS
covariance:R6:1423,1423,R6,R5,R6;M,M;R5,true,true,2887,2887,true,true,PASS
covariance:R6:1431,1431,R6,R5,R6;M,M;R5,true,true,2891,2891,true,true,PASS
covariance:R6:1435,1435,R6,R5,R6;M,M;R5,true,true,2893,2893,true,true,PASS
covariance:R6:1437,1437,R6,R5,R6;M,M;R5,true,true,1447,1447,true,true,PASS
covariance:R6:1447,1447,R6,R5,R6;M,M;R5,true,true,2899,2899,true,true,PASS
covariance:R6:1451,1451,R6,R5,R6;M,M;R5,true,true,2901,2901,true,true,PASS
covariance:R6:1453,1453,R6,R5,R6;M,M;R5,true,true,1451,1451,true,true,PASS
covariance:R6:1459,1459,R6,R5,R6;M,M;R5,true,true,2905,2905,true,true,PASS
covariance:R6:1461,1461,R6,R5,R6;M,M;R5,true,true,1453,1453,true,true,PASS
covariance:R6:1465,1465,R6,R5,R6;M,M;R5,true,true,727,727,true,true,PASS
covariance:R6:1479,1479,R6,R5,R6;M,M;R5,true,true,2915,2915,true,true,PASS
covariance:R6:1483,1483,R6,R5,R6;M,M;R5,true,true,2917,2917,true,true,PASS
covariance:R6:1485,1485,R6,R5,R6;M,M;R5,true,true,1459,1459,true,true,PASS
covariance:R6:1491,1491,R6,R5,R6;M,M;R5,true,true,2921,2921,true,true,PASS
covariance:R6:1493,1493,R6,R5,R6;M,M;R5,true,true,1461,1461,true,true,PASS
covariance:R6:1497,1497,R6,R5,R6;M,M;R5,true,true,731,731,true,true,PASS
covariance:R6:1507,1507,R6,R5,R6;M,M;R5,true,true,2929,2929,true,true,PASS
covariance:R6:1509,1509,R6,R5,R6;M,M;R5,true,true,1465,1465,true,true,PASS
covariance:R6:1513,1513,R6,R5,R6;M,M;R5,true,true,733,733,true,true,PASS
covariance:R6:1521,1521,R6,R5,R6;M,M;R5,true,true,367,367,true,true,PASS
covariance:R6:1567,1567,R6,R5,R6;M,M;R5,false,false,,,true,true,PASS
covariance:R6:1583,1583,R6,R5,R6;M,M;R5,false,false,,,true,true,PASS
covariance:R6:1591,1591,R6,R5,R6;M,M;R5,false,false,,,true,true,PASS
covariance:R6:1595,1595,R6,R5,R6;M,M;R5,false,false,,,true,true,PASS
covariance:R6:1597,1597,R6,R5,R6;M,M;R5,false,false,,,true,true,PASS
covariance:R6:1615,1615,R6,R5,R6;M,M;R5,false,false,,,true,true,PASS
covariance:R6:1623,1623,R6,R5,R6;M,M;R5,false,false,,,true,true,PASS
covariance:R6:1627,1627,R6,R5,R6;M,M;R5,false,false,,,true,true,PASS
covariance:R6:1629,1629,R6,R5,R6;M,M;R5,false,false,,,true,true,PASS
covariance:R6:1639,1639,R6,R5,R6;M,M;R5,false,false,,,true,true,PASS
covariance:R6:1643,1643,R6,R5,R6;M,M;R5,false,false,,,true,true,PASS
covariance:R6:1645,1645,R6,R5,R6;M,M;R5,false,false,,,true,true,PASS
covariance:R6:1651,1651,R6,R5,R6;M,M;R5,false,false,,,true,true,PASS
covariance:R6:1653,1653,R6,R5,R6;M,M;R5,false,false,,,true,true,PASS
covariance:R6:1657,1657,R6,R5,R6;M,M;R5,false,false,,,true,true,PASS
covariance:R6:1679,1679,R6,R5,R6;M,M;R5,false,false,,,true,true,PASS
covariance:R6:1687,1687,R6,R5,R6;M,M;R5,false,false,,,true,true,PASS
covariance:R6:1691,1691,R6,R5,R6;M,M;R5,false,false,,,true,true,PASS
covariance:R6:1693,1693,R6,R5,R6;M,M;R5,false,false,,,true,true,PASS
covariance:R6:1703,1703,R6,R5,R6;M,M;R5,false,false,,,true,true,PASS
covariance:R6:1707,1707,R6,R5,R6;M,M;R5,false,false,,,true,true,PASS
covariance:R6:1709,1709,R6,R5,R6;M,M;R5,false,false,,,true,true,PASS
covariance:R6:1715,1715,R6,R5,R6;M,M;R5,false,false,,,true,true,PASS
covariance:R6:1717,1717,R6,R5,R6;M,M;R5,false,false,,,true,true,PASS
covariance:R6:1721,1721,R6,R5,R6;M,M;R5,false,false,,,true,true,PASS
covariance:R6:1735,1735,R6,R5,R6;M,M;R5,false,false,,,true,true,PASS
covariance:R6:1739,1739,R6,R5,R6;M,M;R5,false,false,,,true,true,PASS
covariance:R6:1741,1741,R6,R5,R6;M,M;R5,false,false,,,true,true,PASS
covariance:R6:1747,1747,R6,R5,R6;M,M;R5,false,false,,,true,true,PASS
covariance:R6:1749,1749,R6,R5,R6;M,M;R5,false,false,,,true,true,PASS
covariance:R6:1753,1753,R6,R5,R6;M,M;R5,false,false,,,true,true,PASS
covariance:R6:1763,1763,R6,R5,R6;M,M;R5,false,false,,,true,true,PASS
covariance:R6:1765,1765,R6,R5,R6;M,M;R5,false,false,,,true,true,PASS
covariance:R6:1769,1769,R6,R5,R6;M,M;R5,false,false,,,true,true,PASS
covariance:R6:1777,1777,R6,R5,R6;M,M;R5,false,false,,,true,true,PASS
covariance:R6:1807,1807,R6,R5,R6;M,M;R5,false,false,,,true,true,PASS
covariance:R6:1815,1815,R6,R5,R6;M,M;R5,false,false,,,true,true,PASS
covariance:R6:1819,1819,R6,R5,R6;M,M;R5,false,false,,,true,true,PASS
covariance:R6:1821,1821,R6,R5,R6;M,M;R5,false,false,,,true,true,PASS
covariance:R6:1831,1831,R6,R5,R6;M,M;R5,false,false,,,true,true,PASS
covariance:R6:1835,1835,R6,R5,R6;M,M;R5,false,false,,,true,true,PASS
covariance:R6:1837,1837,R6,R5,R6;M,M;R5,false,false,,,true,true,PASS
covariance:R6:1843,1843,R6,R5,R6;M,M;R5,false,false,,,true,true,PASS
covariance:R6:1845,1845,R6,R5,R6;M,M;R5,false,false,,,true,true,PASS
covariance:R6:1849,1849,R6,R5,R6;M,M;R5,false,false,,,true,true,PASS
covariance:R6:1863,1863,R6,R5,R6;M,M;R5,false,false,,,true,true,PASS
covariance:R6:1867,1867,R6,R5,R6;M,M;R5,false,false,,,true,true,PASS
covariance:R6:1869,1869,R6,R5,R6;M,M;R5,false,false,,,true,true,PASS
covariance:R6:1875,1875,R6,R5,R6;M,M;R5,false,false,,,true,true,PASS
covariance:R6:1877,1877,R6,R5,R6;M,M;R5,false,false,,,true,true,PASS
covariance:R6:1881,1881,R6,R5,R6;M,M;R5,false,false,,,true,true,PASS
covariance:R6:1891,1891,R6,R5,R6;M,M;R5,false,false,,,true,true,PASS
covariance:R6:1893,1893,R6,R5,R6;M,M;R5,false,false,,,true,true,PASS
covariance:R6:1897,1897,R6,R5,R6;M,M;R5,false,false,,,true,true,PASS
covariance:R6:1905,1905,R6,R5,R6;M,M;R5,false,false,,,true,true,PASS
covariance:R6:1927,1927,R6,R5,R6;M,M;R5,false,false,,,true,true,PASS
covariance:R6:1931,1931,R6,R5,R6;M,M;R5,false,false,,,true,true,PASS
covariance:R6:1933,1933,R6,R5,R6;M,M;R5,false,false,,,true,true,PASS
covariance:R6:1939,1939,R6,R5,R6;M,M;R5,false,false,,,true,true,PASS
covariance:R6:1941,1941,R6,R5,R6;M,M;R5,false,false,,,true,true,PASS
covariance:R6:1945,1945,R6,R5,R6;M,M;R5,false,false,,,true,true,PASS
covariance:R6:1955,1955,R6,R5,R6;M,M;R5,false,false,,,true,true,PASS
covariance:R6:1957,1957,R6,R5,R6;M,M;R5,false,false,,,true,true,PASS
covariance:R6:1961,1961,R6,R5,R6;M,M;R5,false,false,,,true,true,PASS
covariance:R6:1969,1969,R6,R5,R6;M,M;R5,false,false,,,true,true,PASS
covariance:R6:1987,1987,R6,R5,R6;M,M;R5,false,false,,,true,true,PASS
covariance:R6:1989,1989,R6,R5,R6;M,M;R5,false,false,,,true,true,PASS
covariance:R6:1993,1993,R6,R5,R6;M,M;R5,false,false,,,true,true,PASS
covariance:R6:2001,2001,R6,R5,R6;M,M;R5,false,false,,,true,true,PASS
covariance:R6:2017,2017,R6,R5,R6;M,M;R5,false,false,,,true,true,PASS
covariance:R6:2111,2111,R6,R5,R6;M,M;R5,true,true,3119,3119,true,true,PASS
covariance:R6:2143,2143,R6,R5,R6;M,M;R5,true,true,3151,3151,true,true,PASS
covariance:R6:2159,2159,R6,R5,R6;M,M;R5,true,true,3159,3159,true,true,PASS
covariance:R6:2167,2167,R6,R5,R6;M,M;R5,true,true,3163,3163,true,true,PASS
covariance:R6:2171,2171,R6,R5,R6;M,M;R5,true,true,3165,3165,true,true,PASS
covariance:R6:2173,2173,R6,R5,R6;M,M;R5,true,true,1583,1583,true,true,PASS
covariance:R6:2207,2207,R6,R5,R6;M,M;R5,true,true,3215,3215,true,true,PASS
covariance:R6:2223,2223,R6,R5,R6;M,M;R5,true,true,3223,3223,true,true,PASS
covariance:R6:2231,2231,R6,R5,R6;M,M;R5,true,true,3227,3227,true,true,PASS
covariance:R6:2235,2235,R6,R5,R6;M,M;R5,true,true,3229,3229,true,true,PASS
covariance:R6:2237,2237,R6,R5,R6;M,M;R5,true,true,1615,1615,true,true,PASS
covariance:R6:2255,2255,R6,R5,R6;M,M;R5,true,true,3239,3239,true,true,PASS
covariance:R6:2263,2263,R6,R5,R6;M,M;R5,true,true,3243,3243,true,true,PASS
covariance:R6:2267,2267,R6,R5,R6;M,M;R5,true,true,3245,3245,true,true,PASS
covariance:R6:2269,2269,R6,R5,R6;M,M;R5,true,true,1623,1623,true,true,PASS
covariance:R6:2279,2279,R6,R5,R6;M,M;R5,true,true,3251,3251,true,true,PASS
covariance:R6:2283,2283,R6,R5,R6;M,M;R5,true,true,3253,3253,true,true,PASS
covariance:R6:2285,2285,R6,R5,R6;M,M;R5,true,true,1627,1627,true,true,PASS
covariance:R6:2291,2291,R6,R5,R6;M,M;R5,true,true,3257,3257,true,true,PASS
covariance:R6:2293,2293,R6,R5,R6;M,M;R5,true,true,1629,1629,true,true,PASS
covariance:R6:2297,2297,R6,R5,R6;M,M;R5,true,true,815,815,true,true,PASS
covariance:R6:2335,2335,R6,R5,R6;M,M;R5,true,true,3343,3343,true,true,PASS
covariance:R6:2351,2351,R6,R5,R6;M,M;R5,true,true,3351,3351,true,true,PASS
covariance:R6:2359,2359,R6,R5,R6;M,M;R5,true,true,3355,3355,true,true,PASS
covariance:R6:2363,2363,R6,R5,R6;M,M;R5,true,true,3357,3357,true,true,PASS
covariance:R6:2365,2365,R6,R5,R6;M,M;R5,true,true,1679,1679,true,true,PASS
covariance:R6:2383,2383,R6,R5,R6;M,M;R5,true,true,3367,3367,true,true,PASS
covariance:R6:2391,2391,R6,R5,R6;M,M;R5,true,true,3371,3371,true,true,PASS
covariance:R6:2395,2395,R6,R5,R6;M,M;R5,true,true,3373,3373,true,true,PASS
covariance:R6:2397,2397,R6,R5,R6;M,M;R5,true,true,1687,1687,true,true,PASS
covariance:R6:2407,2407,R6,R5,R6;M,M;R5,true,true,3379,3379,true,true,PASS
covariance:R6:2411,2411,R6,R5,R6;M,M;R5,true,true,3381,3381,true,true,PASS
covariance:R6:2413,2413,R6,R5,R6;M,M;R5,true,true,1691,1691,true,true,PASS
covariance:R6:2419,2419,R6,R5,R6;M,M;R5,true,true,3385,3385,true,true,PASS
covariance:R6:2421,2421,R6,R5,R6;M,M;R5,true,true,1693,1693,true,true,PASS
covariance:R6:2425,2425,R6,R5,R6;M,M;R5,true,true,847,847,true,true,PASS
covariance:R6:2447,2447,R6,R5,R6;M,M;R5,true,true,3399,3399,true,true,PASS
covariance:R6:2455,2455,R6,R5,R6;M,M;R5,true,true,3403,3403,true,true,PASS
covariance:R6:2459,2459,R6,R5,R6;M,M;R5,true,true,3405,3405,true,true,PASS
covariance:R6:2461,2461,R6,R5,R6;M,M;R5,true,true,1703,1703,true,true,PASS
covariance:R6:2471,2471,R6,R5,R6;M,M;R5,true,true,3411,3411,true,true,PASS
covariance:R6:2475,2475,R6,R5,R6;M,M;R5,true,true,3413,3413,true,true,PASS
covariance:R6:2477,2477,R6,R5,R6;M,M;R5,true,true,1707,1707,true,true,PASS
covariance:R6:2483,2483,R6,R5,R6;M,M;R5,true,true,3417,3417,true,true,PASS
covariance:R6:2485,2485,R6,R5,R6;M,M;R5,true,true,1709,1709,true,true,PASS
covariance:R6:2489,2489,R6,R5,R6;M,M;R5,true,true,855,855,true,true,PASS
covariance:R6:2503,2503,R6,R5,R6;M,M;R5,true,true,3427,3427,true,true,PASS
covariance:R6:2507,2507,R6,R5,R6;M,M;R5,true,true,3429,3429,true,true,PASS
covariance:R6:2509,2509,R6,R5,R6;M,M;R5,true,true,1715,1715,true,true,PASS
covariance:R6:2515,2515,R6,R5,R6;M,M;R5,true,true,3433,3433,true,true,PASS
covariance:R6:2517,2517,R6,R5,R6;M,M;R5,true,true,1717,1717,true,true,PASS
covariance:R6:2521,2521,R6,R5,R6;M,M;R5,true,true,859,859,true,true,PASS
covariance:R6:2531,2531,R6,R5,R6;M,M;R5,true,true,3441,3441,true,true,PASS
covariance:R6:2533,2533,R6,R5,R6;M,M;R5,true,true,1721,1721,true,true,PASS
covariance:R6:2537,2537,R6,R5,R6;M,M;R5,true,true,861,861,true,true,PASS
covariance:R6:2545,2545,R6,R5,R6;M,M;R5,true,true,431,431,true,true,PASS
covariance:R6:2591,2591,R6,R5,R6;M,M;R5,true,true,3599,3599,true,true,PASS
covariance:R6:2607,2607,R6,R5,R6;M,M;R5,true,true,3607,3607,true,true,PASS
covariance:R6:2615,2615,R6,R5,R6;M,M;R5,true,true,3611,3611,true,true,PASS
covariance:R6:2619,2619,R6,R5,R6;M,M;R5,true,true,3613,3613,true,true,PASS
covariance:R6:2621,2621,R6,R5,R6;M,M;R5,true,true,1807,1807,true,true,PASS
covariance:R6:2639,2639,R6,R5,R6;M,M;R5,true,true,3623,3623,true,true,PASS
covariance:R6:2647,2647,R6,R5,R6;M,M;R5,true,true,3627,3627,true,true,PASS
covariance:R6:2651,2651,R6,R5,R6;M,M;R5,true,true,3629,3629,true,true,PASS
covariance:R6:2653,2653,R6,R5,R6;M,M;R5,true,true,1815,1815,true,true,PASS
covariance:R6:2663,2663,R6,R5,R6;M,M;R5,true,true,3635,3635,true,true,PASS
covariance:R6:2667,2667,R6,R5,R6;M,M;R5,true,true,3637,3637,true,true,PASS
covariance:R6:2669,2669,R6,R5,R6;M,M;R5,true,true,1819,1819,true,true,PASS
covariance:R6:2675,2675,R6,R5,R6;M,M;R5,true,true,3641,3641,true,true,PASS
covariance:R6:2677,2677,R6,R5,R6;M,M;R5,true,true,1821,1821,true,true,PASS
covariance:R6:2681,2681,R6,R5,R6;M,M;R5,true,true,911,911,true,true,PASS
covariance:R6:2703,2703,R6,R5,R6;M,M;R5,true,true,3655,3655,true,true,PASS
covariance:R6:2711,2711,R6,R5,R6;M,M;R5,true,true,3659,3659,true,true,PASS
covariance:R6:2715,2715,R6,R5,R6;M,M;R5,true,true,3661,3661,true,true,PASS
covariance:R6:2717,2717,R6,R5,R6;M,M;R5,true,true,1831,1831,true,true,PASS
covariance:R6:2727,2727,R6,R5,R6;M,M;R5,true,true,3667,3667,true,true,PASS
covariance:R6:2731,2731,R6,R5,R6;M,M;R5,true,true,3669,3669,true,true,PASS
covariance:R6:2733,2733,R6,R5,R6;M,M;R5,true,true,1835,1835,true,true,PASS
covariance:R6:2739,2739,R6,R5,R6;M,M;R5,true,true,3673,3673,true,true,PASS
covariance:R6:2741,2741,R6,R5,R6;M,M;R5,true,true,1837,1837,true,true,PASS
covariance:R6:2745,2745,R6,R5,R6;M,M;R5,true,true,919,919,true,true,PASS
covariance:R6:2759,2759,R6,R5,R6;M,M;R5,true,true,3683,3683,true,true,PASS
covariance:R6:2763,2763,R6,R5,R6;M,M;R5,true,true,3685,3685,true,true,PASS
covariance:R6:2765,2765,R6,R5,R6;M,M;R5,true,true,1843,1843,true,true,PASS
covariance:R6:2771,2771,R6,R5,R6;M,M;R5,true,true,3689,3689,true,true,PASS
covariance:R6:2773,2773,R6,R5,R6;M,M;R5,true,true,1845,1845,true,true,PASS
covariance:R6:2777,2777,R6,R5,R6;M,M;R5,true,true,923,923,true,true,PASS
covariance:R6:2787,2787,R6,R5,R6;M,M;R5,true,true,3697,3697,true,true,PASS
covariance:R6:2789,2789,R6,R5,R6;M,M;R5,true,true,1849,1849,true,true,PASS
covariance:R6:2793,2793,R6,R5,R6;M,M;R5,true,true,925,925,true,true,PASS
covariance:R6:2801,2801,R6,R5,R6;M,M;R5,true,true,463,463,true,true,PASS
covariance:R6:2831,2831,R6,R5,R6;M,M;R5,true,true,3719,3719,true,true,PASS
covariance:R6:2839,2839,R6,R5,R6;M,M;R5,true,true,3723,3723,true,true,PASS
covariance:R6:2843,2843,R6,R5,R6;M,M;R5,true,true,3725,3725,true,true,PASS
covariance:R6:2845,2845,R6,R5,R6;M,M;R5,true,true,1863,1863,true,true,PASS
covariance:R6:2855,2855,R6,R5,R6;M,M;R5,true,true,3731,3731,true,true,PASS
covariance:R6:2859,2859,R6,R5,R6;M,M;R5,true,true,3733,3733,true,true,PASS
covariance:R6:2861,2861,R6,R5,R6;M,M;R5,true,true,1867,1867,true,true,PASS
covariance:R6:2867,2867,R6,R5,R6;M,M;R5,true,true,3737,3737,true,true,PASS
covariance:R6:2869,2869,R6,R5,R6;M,M;R5,true,true,1869,1869,true,true,PASS
covariance:R6:2873,2873,R6,R5,R6;M,M;R5,true,true,935,935,true,true,PASS
covariance:R6:2887,2887,R6,R5,R6;M,M;R5,true,true,3747,3747,true,true,PASS
covariance:R6:2891,2891,R6,R5,R6;M,M;R5,true,true,3749,3749,true,true,PASS
covariance:R6:2893,2893,R6,R5,R6;M,M;R5,true,true,1875,1875,true,true,PASS
covariance:R6:2899,2899,R6,R5,R6;M,M;R5,true,true,3753,3753,true,true,PASS
covariance:R6:2901,2901,R6,R5,R6;M,M;R5,true,true,1877,1877,true,true,PASS
covariance:R6:2905,2905,R6,R5,R6;M,M;R5,true,true,939,939,true,true,PASS
covariance:R6:2915,2915,R6,R5,R6;M,M;R5,true,true,3761,3761,true,true,PASS
covariance:R6:2917,2917,R6,R5,R6;M,M;R5,true,true,1881,1881,true,true,PASS
covariance:R6:2921,2921,R6,R5,R6;M,M;R5,true,true,941,941,true,true,PASS
covariance:R6:2929,2929,R6,R5,R6;M,M;R5,true,true,471,471,true,true,PASS
covariance:R6:2951,2951,R6,R5,R6;M,M;R5,true,true,3779,3779,true,true,PASS
covariance:R6:2955,2955,R6,R5,R6;M,M;R5,true,true,3781,3781,true,true,PASS
covariance:R6:2957,2957,R6,R5,R6;M,M;R5,true,true,1891,1891,true,true,PASS
covariance:R6:2963,2963,R6,R5,R6;M,M;R5,true,true,3785,3785,true,true,PASS
covariance:R6:2965,2965,R6,R5,R6;M,M;R5,true,true,1893,1893,true,true,PASS
covariance:R6:2969,2969,R6,R5,R6;M,M;R5,true,true,947,947,true,true,PASS
covariance:R6:2979,2979,R6,R5,R6;M,M;R5,true,true,3793,3793,true,true,PASS
covariance:R6:2981,2981,R6,R5,R6;M,M;R5,true,true,1897,1897,true,true,PASS
covariance:R6:2985,2985,R6,R5,R6;M,M;R5,true,true,949,949,true,true,PASS
covariance:R6:2993,2993,R6,R5,R6;M,M;R5,true,true,475,475,true,true,PASS
covariance:R6:3011,3011,R6,R5,R6;M,M;R5,true,true,3809,3809,true,true,PASS
covariance:R6:3013,3013,R6,R5,R6;M,M;R5,true,true,1905,1905,true,true,PASS
covariance:R6:3017,3017,R6,R5,R6;M,M;R5,true,true,953,953,true,true,PASS
covariance:R6:3025,3025,R6,R5,R6;M,M;R5,true,true,477,477,true,true,PASS
covariance:R6:3041,3041,R6,R5,R6;M,M;R5,true,true,239,239,true,true,PASS
covariance:R6:3103,3103,R6,R5,R6;M,M;R5,false,false,,,true,true,PASS
covariance:R6:3119,3119,R6,R5,R6;M,M;R5,false,false,,,true,true,PASS
covariance:R6:3127,3127,R6,R5,R6;M,M;R5,false,false,,,true,true,PASS
covariance:R6:3131,3131,R6,R5,R6;M,M;R5,false,false,,,true,true,PASS
covariance:R6:3133,3133,R6,R5,R6;M,M;R5,false,false,,,true,true,PASS
covariance:R6:3151,3151,R6,R5,R6;M,M;R5,false,false,,,true,true,PASS
covariance:R6:3159,3159,R6,R5,R6;M,M;R5,false,false,,,true,true,PASS
covariance:R6:3163,3163,R6,R5,R6;M,M;R5,false,false,,,true,true,PASS
covariance:R6:3165,3165,R6,R5,R6;M,M;R5,false,false,,,true,true,PASS
covariance:R6:3175,3175,R6,R5,R6;M,M;R5,false,false,,,true,true,PASS
covariance:R6:3179,3179,R6,R5,R6;M,M;R5,false,false,,,true,true,PASS
covariance:R6:3181,3181,R6,R5,R6;M,M;R5,false,false,,,true,true,PASS
covariance:R6:3187,3187,R6,R5,R6;M,M;R5,false,false,,,true,true,PASS
covariance:R6:3189,3189,R6,R5,R6;M,M;R5,false,false,,,true,true,PASS
covariance:R6:3193,3193,R6,R5,R6;M,M;R5,false,false,,,true,true,PASS
covariance:R6:3215,3215,R6,R5,R6;M,M;R5,false,false,,,true,true,PASS
covariance:R6:3223,3223,R6,R5,R6;M,M;R5,false,false,,,true,true,PASS
covariance:R6:3227,3227,R6,R5,R6;M,M;R5,false,false,,,true,true,PASS
covariance:R6:3229,3229,R6,R5,R6;M,M;R5,false,false,,,true,true,PASS
covariance:R6:3239,3239,R6,R5,R6;M,M;R5,false,false,,,true,true,PASS
covariance:R6:3243,3243,R6,R5,R6;M,M;R5,false,false,,,true,true,PASS
covariance:R6:3245,3245,R6,R5,R6;M,M;R5,false,false,,,true,true,PASS
covariance:R6:3251,3251,R6,R5,R6;M,M;R5,false,false,,,true,true,PASS
covariance:R6:3253,3253,R6,R5,R6;M,M;R5,false,false,,,true,true,PASS
covariance:R6:3257,3257,R6,R5,R6;M,M;R5,false,false,,,true,true,PASS
covariance:R6:3271,3271,R6,R5,R6;M,M;R5,false,false,,,true,true,PASS
covariance:R6:3275,3275,R6,R5,R6;M,M;R5,false,false,,,true,true,PASS
covariance:R6:3277,3277,R6,R5,R6;M,M;R5,false,false,,,true,true,PASS
covariance:R6:3283,3283,R6,R5,R6;M,M;R5,false,false,,,true,true,PASS
covariance:R6:3285,3285,R6,R5,R6;M,M;R5,false,false,,,true,true,PASS
covariance:R6:3289,3289,R6,R5,R6;M,M;R5,false,false,,,true,true,PASS
covariance:R6:3299,3299,R6,R5,R6;M,M;R5,false,false,,,true,true,PASS
covariance:R6:3301,3301,R6,R5,R6;M,M;R5,false,false,,,true,true,PASS
covariance:R6:3305,3305,R6,R5,R6;M,M;R5,false,false,,,true,true,PASS
covariance:R6:3313,3313,R6,R5,R6;M,M;R5,false,false,,,true,true,PASS
covariance:R6:3343,3343,R6,R5,R6;M,M;R5,false,false,,,true,true,PASS
covariance:R6:3351,3351,R6,R5,R6;M,M;R5,false,false,,,true,true,PASS
covariance:R6:3355,3355,R6,R5,R6;M,M;R5,false,false,,,true,true,PASS
covariance:R6:3357,3357,R6,R5,R6;M,M;R5,false,false,,,true,true,PASS
covariance:R6:3367,3367,R6,R5,R6;M,M;R5,false,false,,,true,true,PASS
covariance:R6:3371,3371,R6,R5,R6;M,M;R5,false,false,,,true,true,PASS
covariance:R6:3373,3373,R6,R5,R6;M,M;R5,false,false,,,true,true,PASS
covariance:R6:3379,3379,R6,R5,R6;M,M;R5,false,false,,,true,true,PASS
covariance:R6:3381,3381,R6,R5,R6;M,M;R5,false,false,,,true,true,PASS
covariance:R6:3385,3385,R6,R5,R6;M,M;R5,false,false,,,true,true,PASS
covariance:R6:3399,3399,R6,R5,R6;M,M;R5,false,false,,,true,true,PASS
covariance:R6:3403,3403,R6,R5,R6;M,M;R5,false,false,,,true,true,PASS
covariance:R6:3405,3405,R6,R5,R6;M,M;R5,false,false,,,true,true,PASS
covariance:R6:3411,3411,R6,R5,R6;M,M;R5,false,false,,,true,true,PASS
covariance:R6:3413,3413,R6,R5,R6;M,M;R5,false,false,,,true,true,PASS
covariance:R6:3417,3417,R6,R5,R6;M,M;R5,false,false,,,true,true,PASS
covariance:R6:3427,3427,R6,R5,R6;M,M;R5,false,false,,,true,true,PASS
covariance:R6:3429,3429,R6,R5,R6;M,M;R5,false,false,,,true,true,PASS
covariance:R6:3433,3433,R6,R5,R6;M,M;R5,false,false,,,true,true,PASS
covariance:R6:3441,3441,R6,R5,R6;M,M;R5,false,false,,,true,true,PASS
covariance:R6:3463,3463,R6,R5,R6;M,M;R5,false,false,,,true,true,PASS
covariance:R6:3467,3467,R6,R5,R6;M,M;R5,false,false,,,true,true,PASS
covariance:R6:3469,3469,R6,R5,R6;M,M;R5,false,false,,,true,true,PASS
covariance:R6:3475,3475,R6,R5,R6;M,M;R5,false,false,,,true,true,PASS
covariance:R6:3477,3477,R6,R5,R6;M,M;R5,false,false,,,true,true,PASS
covariance:R6:3481,3481,R6,R5,R6;M,M;R5,false,false,,,true,true,PASS
covariance:R6:3491,3491,R6,R5,R6;M,M;R5,false,false,,,true,true,PASS
covariance:R6:3493,3493,R6,R5,R6;M,M;R5,false,false,,,true,true,PASS
covariance:R6:3497,3497,R6,R5,R6;M,M;R5,false,false,,,true,true,PASS
covariance:R6:3505,3505,R6,R5,R6;M,M;R5,false,false,,,true,true,PASS
covariance:R6:3523,3523,R6,R5,R6;M,M;R5,false,false,,,true,true,PASS
covariance:R6:3525,3525,R6,R5,R6;M,M;R5,false,false,,,true,true,PASS
covariance:R6:3529,3529,R6,R5,R6;M,M;R5,false,false,,,true,true,PASS
covariance:R6:3537,3537,R6,R5,R6;M,M;R5,false,false,,,true,true,PASS
covariance:R6:3553,3553,R6,R5,R6;M,M;R5,false,false,,,true,true,PASS
covariance:R6:3599,3599,R6,R5,R6;M,M;R5,false,false,,,true,true,PASS
covariance:R6:3607,3607,R6,R5,R6;M,M;R5,false,false,,,true,true,PASS
covariance:R6:3611,3611,R6,R5,R6;M,M;R5,false,false,,,true,true,PASS
covariance:R6:3613,3613,R6,R5,R6;M,M;R5,false,false,,,true,true,PASS
covariance:R6:3623,3623,R6,R5,R6;M,M;R5,false,false,,,true,true,PASS
covariance:R6:3627,3627,R6,R5,R6;M,M;R5,false,false,,,true,true,PASS
covariance:R6:3629,3629,R6,R5,R6;M,M;R5,false,false,,,true,true,PASS
covariance:R6:3635,3635,R6,R5,R6;M,M;R5,false,false,,,true,true,PASS
covariance:R6:3637,3637,R6,R5,R6;M,M;R5,false,false,,,true,true,PASS
covariance:R6:3641,3641,R6,R5,R6;M,M;R5,false,false,,,true,true,PASS
covariance:R6:3655,3655,R6,R5,R6;M,M;R5,false,false,,,true,true,PASS
covariance:R6:3659,3659,R6,R5,R6;M,M;R5,false,false,,,true,true,PASS
covariance:R6:3661,3661,R6,R5,R6;M,M;R5,false,false,,,true,true,PASS
covariance:R6:3667,3667,R6,R5,R6;M,M;R5,false,false,,,true,true,PASS
covariance:R6:3669,3669,R6,R5,R6;M,M;R5,false,false,,,true,true,PASS
covariance:R6:3673,3673,R6,R5,R6;M,M;R5,false,false,,,true,true,PASS
covariance:R6:3683,3683,R6,R5,R6;M,M;R5,false,false,,,true,true,PASS
covariance:R6:3685,3685,R6,R5,R6;M,M;R5,false,false,,,true,true,PASS
covariance:R6:3689,3689,R6,R5,R6;M,M;R5,false,false,,,true,true,PASS
covariance:R6:3697,3697,R6,R5,R6;M,M;R5,false,false,,,true,true,PASS
covariance:R6:3719,3719,R6,R5,R6;M,M;R5,false,false,,,true,true,PASS
covariance:R6:3723,3723,R6,R5,R6;M,M;R5,false,false,,,true,true,PASS
covariance:R6:3725,3725,R6,R5,R6;M,M;R5,false,false,,,true,true,PASS
covariance:R6:3731,3731,R6,R5,R6;M,M;R5,false,false,,,true,true,PASS
covariance:R6:3733,3733,R6,R5,R6;M,M;R5,false,false,,,true,true,PASS
covariance:R6:3737,3737,R6,R5,R6;M,M;R5,false,false,,,true,true,PASS
covariance:R6:3747,3747,R6,R5,R6;M,M;R5,false,false,,,true,true,PASS
covariance:R6:3749,3749,R6,R5,R6;M,M;R5,false,false,,,true,true,PASS
covariance:R6:3753,3753,R6,R5,R6;M,M;R5,false,false,,,true,true,PASS
covariance:R6:3761,3761,R6,R5,R6;M,M;R5,false,false,,,true,true,PASS
covariance:R6:3779,3779,R6,R5,R6;M,M;R5,false,false,,,true,true,PASS
covariance:R6:3781,3781,R6,R5,R6;M,M;R5,false,false,,,true,true,PASS
covariance:R6:3785,3785,R6,R5,R6;M,M;R5,false,false,,,true,true,PASS
covariance:R6:3793,3793,R6,R5,R6;M,M;R5,false,false,,,true,true,PASS
covariance:R6:3809,3809,R6,R5,R6;M,M;R5,false,false,,,true,true,PASS
covariance:R6:3847,3847,R6,R5,R6;M,M;R5,false,false,,,true,true,PASS
covariance:R6:3851,3851,R6,R5,R6;M,M;R5,false,false,,,true,true,PASS
covariance:R6:3853,3853,R6,R5,R6;M,M;R5,false,false,,,true,true,PASS
covariance:R6:3859,3859,R6,R5,R6;M,M;R5,false,false,,,true,true,PASS
covariance:R6:3861,3861,R6,R5,R6;M,M;R5,false,false,,,true,true,PASS
covariance:R6:3865,3865,R6,R5,R6;M,M;R5,false,false,,,true,true,PASS
covariance:R6:3875,3875,R6,R5,R6;M,M;R5,false,false,,,true,true,PASS
covariance:R6:3877,3877,R6,R5,R6;M,M;R5,false,false,,,true,true,PASS
covariance:R6:3881,3881,R6,R5,R6;M,M;R5,false,false,,,true,true,PASS
covariance:R6:3889,3889,R6,R5,R6;M,M;R5,false,false,,,true,true,PASS
covariance:R6:3907,3907,R6,R5,R6;M,M;R5,false,false,,,true,true,PASS
covariance:R6:3909,3909,R6,R5,R6;M,M;R5,false,false,,,true,true,PASS
covariance:R6:3913,3913,R6,R5,R6;M,M;R5,false,false,,,true,true,PASS
covariance:R6:3921,3921,R6,R5,R6;M,M;R5,false,false,,,true,true,PASS
covariance:R6:3937,3937,R6,R5,R6;M,M;R5,false,false,,,true,true,PASS
covariance:R6:3971,3971,R6,R5,R6;M,M;R5,false,false,,,true,true,PASS
covariance:R6:3973,3973,R6,R5,R6;M,M;R5,false,false,,,true,true,PASS
covariance:R6:3977,3977,R6,R5,R6;M,M;R5,false,false,,,true,true,PASS
covariance:R6:3985,3985,R6,R5,R6;M,M;R5,false,false,,,true,true,PASS
covariance:R6:4001,4001,R6,R5,R6;M,M;R5,false,false,,,true,true,PASS
covariance:R6:4033,4033,R6,R5,R6;M,M;R5,false,false,,,true,true,PASS
covariance:L6:127,127,L6,L5,L6;M,M;L5,false,false,,,true,true,PASS
covariance:L6:191,191,L6,L5,L6;M,M;L5,false,false,,,true,true,PASS
covariance:L6:223,223,L6,L5,L6;M,M;L5,true,true,2143,2143,true,true,PASS
covariance:L6:239,239,L6,L5,L6;M,M;L5,false,false,,,true,true,PASS
covariance:L6:247,247,L6,L5,L6;M,M;L5,false,false,,,true,true,PASS
covariance:L6:251,251,L6,L5,L6;M,M;L5,false,false,,,true,true,PASS
covariance:L6:253,253,L6,L5,L6;M,M;L5,false,false,,,true,true,PASS
covariance:L6:319,319,L6,L5,L6;M,M;L5,false,false,,,true,true,PASS
covariance:L6:351,351,L6,L5,L6;M,M;L5,true,true,2207,2207,true,true,PASS
covariance:L6:367,367,L6,L5,L6;M,M;L5,false,false,,,true,true,PASS
covariance:L6:375,375,L6,L5,L6;M,M;L5,false,false,,,true,true,PASS
covariance:L6:379,379,L6,L5,L6;M,M;L5,false,false,,,true,true,PASS
covariance:L6:381,381,L6,L5,L6;M,M;L5,false,false,,,true,true,PASS
covariance:L6:415,415,L6,L5,L6;M,M;L5,true,true,2223,2223,true,true,PASS
covariance:L6:431,431,L6,L5,L6;M,M;L5,true,true,2231,2231,true,true,PASS
covariance:L6:439,439,L6,L5,L6;M,M;L5,true,true,2235,2235,true,true,PASS
covariance:L6:443,443,L6,L5,L6;M,M;L5,true,true,2237,2237,true,true,PASS
covariance:L6:445,445,L6,L5,L6;M,M;L5,true,true,1119,1119,true,true,PASS
covariance:L6:463,463,L6,L5,L6;M,M;L5,false,false,,,true,true,PASS
covariance:L6:471,471,L6,L5,L6;M,M;L5,false,false,,,true,true,PASS
covariance:L6:475,475,L6,L5,L6;M,M;L5,false,false,,,true,true,PASS
covariance:L6:477,477,L6,L5,L6;M,M;L5,false,false,,,true,true,PASS
covariance:L6:487,487,L6,L5,L6;M,M;L5,false,false,,,true,true,PASS
covariance:L6:491,491,L6,L5,L6;M,M;L5,false,false,,,true,true,PASS
covariance:L6:493,493,L6,L5,L6;M,M;L5,false,false,,,true,true,PASS
covariance:L6:499,499,L6,L5,L6;M,M;L5,false,false,,,true,true,PASS
covariance:L6:501,501,L6,L5,L6;M,M;L5,false,false,,,true,true,PASS
covariance:L6:505,505,L6,L5,L6;M,M;L5,false,false,,,true,true,PASS
covariance:L6:575,575,L6,L5,L6;M,M;L5,false,false,,,true,true,PASS
covariance:L6:607,607,L6,L5,L6;M,M;L5,true,true,2335,2335,true,true,PASS
covariance:L6:623,623,L6,L5,L6;M,M;L5,false,false,,,true,true,PASS
covariance:L6:631,631,L6,L5,L6;M,M;L5,false,false,,,true,true,PASS
covariance:L6:635,635,L6,L5,L6;M,M;L5,false,false,,,true,true,PASS
covariance:L6:637,637,L6,L5,L6;M,M;L5,false,false,,,true,true,PASS
covariance:L6:671,671,L6,L5,L6;M,M;L5,true,true,2351,2351,true,true,PASS
covariance:L6:687,687,L6,L5,L6;M,M;L5,true,true,2359,2359,true,true,PASS
covariance:L6:695,695,L6,L5,L6;M,M;L5,true,true,2363,2363,true,true,PASS
covariance:L6:699,699,L6,L5,L6;M,M;L5,true,true,2365,2365,true,true,PASS
covariance:L6:701,701,L6,L5,L6;M,M;L5,true,true,1183,1183,true,true,PASS
covariance:L6:719,719,L6,L5,L6;M,M;L5,false,false,,,true,true,PASS
covariance:L6:727,727,L6,L5,L6;M,M;L5,false,false,,,true,true,PASS
covariance:L6:731,731,L6,L5,L6;M,M;L5,false,false,,,true,true,PASS
covariance:L6:733,733,L6,L5,L6;M,M;L5,false,false,,,true,true,PASS
covariance:L6:743,743,L6,L5,L6;M,M;L5,false,false,,,true,true,PASS
covariance:L6:747,747,L6,L5,L6;M,M;L5,false,false,,,true,true,PASS
covariance:L6:749,749,L6,L5,L6;M,M;L5,false,false,,,true,true,PASS
covariance:L6:755,755,L6,L5,L6;M,M;L5,false,false,,,true,true,PASS
covariance:L6:757,757,L6,L5,L6;M,M;L5,false,false,,,true,true,PASS
covariance:L6:761,761,L6,L5,L6;M,M;L5,false,false,,,true,true,PASS
covariance:L6:799,799,L6,L5,L6;M,M;L5,true,true,2383,2383,true,true,PASS
covariance:L6:815,815,L6,L5,L6;M,M;L5,true,true,2391,2391,true,true,PASS
covariance:L6:823,823,L6,L5,L6;M,M;L5,true,true,2395,2395,true,true,PASS
covariance:L6:827,827,L6,L5,L6;M,M;L5,true,true,2397,2397,true,true,PASS
covariance:L6:829,829,L6,L5,L6;M,M;L5,true,true,1199,1199,true,true,PASS
covariance:L6:847,847,L6,L5,L6;M,M;L5,true,true,2407,2407,true,true,PASS
covariance:L6:855,855,L6,L5,L6;M,M;L5,true,true,2411,2411,true,true,PASS
covariance:L6:859,859,L6,L5,L6;M,M;L5,true,true,2413,2413,true,true,PASS
covariance:L6:861,861,L6,L5,L6;M,M;L5,true,true,1207,1207,true,true,PASS
covariance:L6:871,871,L6,L5,L6;M,M;L5,true,true,2419,2419,true,true,PASS
covariance:L6:875,875,L6,L5,L6;M,M;L5,true,true,2421,2421,true,true,PASS
covariance:L6:877,877,L6,L5,L6;M,M;L5,true,true,1211,1211,true,true,PASS
covariance:L6:883,883,L6,L5,L6;M,M;L5,true,true,2425,2425,true,true,PASS
covariance:L6:885,885,L6,L5,L6;M,M;L5,true,true,1213,1213,true,true,PASS
covariance:L6:889,889,L6,L5,L6;M,M;L5,true,true,607,607,true,true,PASS
covariance:L6:911,911,L6,L5,L6;M,M;L5,false,false,,,true,true,PASS
covariance:L6:919,919,L6,L5,L6;M,M;L5,false,false,,,true,true,PASS
covariance:L6:923,923,L6,L5,L6;M,M;L5,false,false,,,true,true,PASS
covariance:L6:925,925,L6,L5,L6;M,M;L5,false,false,,,true,true,PASS
covariance:L6:935,935,L6,L5,L6;M,M;L5,false,false,,,true,true,PASS
covariance:L6:939,939,L6,L5,L6;M,M;L5,false,false,,,true,true,PASS
covariance:L6:941,941,L6,L5,L6;M,M;L5,false,false,,,true,true,PASS
covariance:L6:947,947,L6,L5,L6;M,M;L5,false,false,,,true,true,PASS
covariance:L6:949,949,L6,L5,L6;M,M;L5,false,false,,,true,true,PASS
covariance:L6:953,953,L6,L5,L6;M,M;L5,false,false,,,true,true,PASS
covariance:L6:967,967,L6,L5,L6;M,M;L5,false,false,,,true,true,PASS
covariance:L6:971,971,L6,L5,L6;M,M;L5,false,false,,,true,true,PASS
covariance:L6:973,973,L6,L5,L6;M,M;L5,false,false,,,true,true,PASS
covariance:L6:979,979,L6,L5,L6;M,M;L5,false,false,,,true,true,PASS
covariance:L6:981,981,L6,L5,L6;M,M;L5,false,false,,,true,true,PASS
covariance:L6:985,985,L6,L5,L6;M,M;L5,false,false,,,true,true,PASS
covariance:L6:995,995,L6,L5,L6;M,M;L5,false,false,,,true,true,PASS
covariance:L6:997,997,L6,L5,L6;M,M;L5,false,false,,,true,true,PASS
covariance:L6:1001,1001,L6,L5,L6;M,M;L5,false,false,,,true,true,PASS
covariance:L6:1009,1009,L6,L5,L6;M,M;L5,false,false,,,true,true,PASS
covariance:L6:1087,1087,L6,L5,L6;M,M;L5,false,false,,,true,true,PASS
covariance:L6:1119,1119,L6,L5,L6;M,M;L5,true,true,2591,2591,true,true,PASS
covariance:L6:1135,1135,L6,L5,L6;M,M;L5,false,false,,,true,true,PASS
covariance:L6:1143,1143,L6,L5,L6;M,M;L5,false,false,,,true,true,PASS
covariance:L6:1147,1147,L6,L5,L6;M,M;L5,false,false,,,true,true,PASS
covariance:L6:1149,1149,L6,L5,L6;M,M;L5,false,false,,,true,true,PASS
covariance:L6:1183,1183,L6,L5,L6;M,M;L5,true,true,2607,2607,true,true,PASS
covariance:L6:1199,1199,L6,L5,L6;M,M;L5,true,true,2615,2615,true,true,PASS
covariance:L6:1207,1207,L6,L5,L6;M,M;L5,true,true,2619,2619,true,true,PASS
covariance:L6:1211,1211,L6,L5,L6;M,M;L5,true,true,2621,2621,true,true,PASS
covariance:L6:1213,1213,L6,L5,L6;M,M;L5,true,true,1311,1311,true,true,PASS
covariance:L6:1231,1231,L6,L5,L6;M,M;L5,false,false,,,true,true,PASS
covariance:L6:1239,1239,L6,L5,L6;M,M;L5,false,false,,,true,true,PASS
covariance:L6:1243,1243,L6,L5,L6;M,M;L5,false,false,,,true,true,PASS
covariance:L6:1245,1245,L6,L5,L6;M,M;L5,false,false,,,true,true,PASS
covariance:L6:1255,1255,L6,L5,L6;M,M;L5,false,false,,,true,true,PASS
covariance:L6:1259,1259,L6,L5,L6;M,M;L5,false,false,,,true,true,PASS
covariance:L6:1261,1261,L6,L5,L6;M,M;L5,false,false,,,true,true,PASS
covariance:L6:1267,1267,L6,L5,L6;M,M;L5,false,false,,,true,true,PASS
covariance:L6:1269,1269,L6,L5,L6;M,M;L5,false,false,,,true,true,PASS
covariance:L6:1273,1273,L6,L5,L6;M,M;L5,false,false,,,true,true,PASS
covariance:L6:1311,1311,L6,L5,L6;M,M;L5,true,true,2639,2639,true,true,PASS
covariance:L6:1327,1327,L6,L5,L6;M,M;L5,true,true,2647,2647,true,true,PASS
covariance:L6:1335,1335,L6,L5,L6;M,M;L5,true,true,2651,2651,true,true,PASS
covariance:L6:1339,1339,L6,L5,L6;M,M;L5,true,true,2653,2653,true,true,PASS
covariance:L6:1341,1341,L6,L5,L6;M,M;L5,true,true,1327,1327,true,true,PASS
covariance:L6:1359,1359,L6,L5,L6;M,M;L5,true,true,2663,2663,true,true,PASS
covariance:L6:1367,1367,L6,L5,L6;M,M;L5,true,true,2667,2667,true,true,PASS
covariance:L6:1371,1371,L6,L5,L6;M,M;L5,true,true,2669,2669,true,true,PASS
covariance:L6:1373,1373,L6,L5,L6;M,M;L5,true,true,1335,1335,true,true,PASS
covariance:L6:1383,1383,L6,L5,L6;M,M;L5,true,true,2675,2675,true,true,PASS
covariance:L6:1387,1387,L6,L5,L6;M,M;L5,true,true,2677,2677,true,true,PASS
covariance:L6:1389,1389,L6,L5,L6;M,M;L5,true,true,1339,1339,true,true,PASS
covariance:L6:1395,1395,L6,L5,L6;M,M;L5,true,true,2681,2681,true,true,PASS
covariance:L6:1397,1397,L6,L5,L6;M,M;L5,true,true,1341,1341,true,true,PASS
covariance:L6:1401,1401,L6,L5,L6;M,M;L5,true,true,671,671,true,true,PASS
covariance:L6:1423,1423,L6,L5,L6;M,M;L5,false,false,,,true,true,PASS
covariance:L6:1431,1431,L6,L5,L6;M,M;L5,false,false,,,true,true,PASS
covariance:L6:1435,1435,L6,L5,L6;M,M;L5,false,false,,,true,true,PASS
covariance:L6:1437,1437,L6,L5,L6;M,M;L5,false,false,,,true,true,PASS
covariance:L6:1447,1447,L6,L5,L6;M,M;L5,false,false,,,true,true,PASS
covariance:L6:1451,1451,L6,L5,L6;M,M;L5,false,false,,,true,true,PASS
covariance:L6:1453,1453,L6,L5,L6;M,M;L5,false,false,,,true,true,PASS
covariance:L6:1459,1459,L6,L5,L6;M,M;L5,false,false,,,true,true,PASS
covariance:L6:1461,1461,L6,L5,L6;M,M;L5,false,false,,,true,true,PASS
covariance:L6:1465,1465,L6,L5,L6;M,M;L5,false,false,,,true,true,PASS
covariance:L6:1479,1479,L6,L5,L6;M,M;L5,false,false,,,true,true,PASS
covariance:L6:1483,1483,L6,L5,L6;M,M;L5,false,false,,,true,true,PASS
covariance:L6:1485,1485,L6,L5,L6;M,M;L5,false,false,,,true,true,PASS
covariance:L6:1491,1491,L6,L5,L6;M,M;L5,false,false,,,true,true,PASS
covariance:L6:1493,1493,L6,L5,L6;M,M;L5,false,false,,,true,true,PASS
covariance:L6:1497,1497,L6,L5,L6;M,M;L5,false,false,,,true,true,PASS
covariance:L6:1507,1507,L6,L5,L6;M,M;L5,false,false,,,true,true,PASS
covariance:L6:1509,1509,L6,L5,L6;M,M;L5,false,false,,,true,true,PASS
covariance:L6:1513,1513,L6,L5,L6;M,M;L5,false,false,,,true,true,PASS
covariance:L6:1521,1521,L6,L5,L6;M,M;L5,false,false,,,true,true,PASS
covariance:L6:1567,1567,L6,L5,L6;M,M;L5,true,true,2703,2703,true,true,PASS
covariance:L6:1583,1583,L6,L5,L6;M,M;L5,true,true,2711,2711,true,true,PASS
covariance:L6:1591,1591,L6,L5,L6;M,M;L5,true,true,2715,2715,true,true,PASS
covariance:L6:1595,1595,L6,L5,L6;M,M;L5,true,true,2717,2717,true,true,PASS
covariance:L6:1597,1597,L6,L5,L6;M,M;L5,true,true,1359,1359,true,true,PASS
covariance:L6:1615,1615,L6,L5,L6;M,M;L5,true,true,2727,2727,true,true,PASS
covariance:L6:1623,1623,L6,L5,L6;M,M;L5,true,true,2731,2731,true,true,PASS
covariance:L6:1627,1627,L6,L5,L6;M,M;L5,true,true,2733,2733,true,true,PASS
covariance:L6:1629,1629,L6,L5,L6;M,M;L5,true,true,1367,1367,true,true,PASS
covariance:L6:1639,1639,L6,L5,L6;M,M;L5,true,true,2739,2739,true,true,PASS
covariance:L6:1643,1643,L6,L5,L6;M,M;L5,true,true,2741,2741,true,true,PASS
covariance:L6:1645,1645,L6,L5,L6;M,M;L5,true,true,1371,1371,true,true,PASS
covariance:L6:1651,1651,L6,L5,L6;M,M;L5,true,true,2745,2745,true,true,PASS
covariance:L6:1653,1653,L6,L5,L6;M,M;L5,true,true,1373,1373,true,true,PASS
covariance:L6:1657,1657,L6,L5,L6;M,M;L5,true,true,687,687,true,true,PASS
covariance:L6:1679,1679,L6,L5,L6;M,M;L5,true,true,2759,2759,true,true,PASS
covariance:L6:1687,1687,L6,L5,L6;M,M;L5,true,true,2763,2763,true,true,PASS
covariance:L6:1691,1691,L6,L5,L6;M,M;L5,true,true,2765,2765,true,true,PASS
covariance:L6:1693,1693,L6,L5,L6;M,M;L5,true,true,1383,1383,true,true,PASS
covariance:L6:1703,1703,L6,L5,L6;M,M;L5,true,true,2771,2771,true,true,PASS
covariance:L6:1707,1707,L6,L5,L6;M,M;L5,true,true,2773,2773,true,true,PASS
covariance:L6:1709,1709,L6,L5,L6;M,M;L5,true,true,1387,1387,true,true,PASS
covariance:L6:1715,1715,L6,L5,L6;M,M;L5,true,true,2777,2777,true,true,PASS
covariance:L6:1717,1717,L6,L5,L6;M,M;L5,true,true,1389,1389,true,true,PASS
covariance:L6:1721,1721,L6,L5,L6;M,M;L5,true,true,695,695,true,true,PASS
covariance:L6:1735,1735,L6,L5,L6;M,M;L5,true,true,2787,2787,true,true,PASS
covariance:L6:1739,1739,L6,L5,L6;M,M;L5,true,true,2789,2789,true,true,PASS
covariance:L6:1741,1741,L6,L5,L6;M,M;L5,true,true,1395,1395,true,true,PASS
covariance:L6:1747,1747,L6,L5,L6;M,M;L5,true,true,2793,2793,true,true,PASS
covariance:L6:1749,1749,L6,L5,L6;M,M;L5,true,true,1397,1397,true,true,PASS
covariance:L6:1753,1753,L6,L5,L6;M,M;L5,true,true,699,699,true,true,PASS
covariance:L6:1763,1763,L6,L5,L6;M,M;L5,true,true,2801,2801,true,true,PASS
covariance:L6:1765,1765,L6,L5,L6;M,M;L5,true,true,1401,1401,true,true,PASS
covariance:L6:1769,1769,L6,L5,L6;M,M;L5,true,true,701,701,true,true,PASS
covariance:L6:1777,1777,L6,L5,L6;M,M;L5,true,true,351,351,true,true,PASS
covariance:L6:1807,1807,L6,L5,L6;M,M;L5,false,false,,,true,true,PASS
covariance:L6:1815,1815,L6,L5,L6;M,M;L5,false,false,,,true,true,PASS
covariance:L6:1819,1819,L6,L5,L6;M,M;L5,false,false,,,true,true,PASS
covariance:L6:1821,1821,L6,L5,L6;M,M;L5,false,false,,,true,true,PASS
covariance:L6:1831,1831,L6,L5,L6;M,M;L5,false,false,,,true,true,PASS
covariance:L6:1835,1835,L6,L5,L6;M,M;L5,false,false,,,true,true,PASS
covariance:L6:1837,1837,L6,L5,L6;M,M;L5,false,false,,,true,true,PASS
covariance:L6:1843,1843,L6,L5,L6;M,M;L5,false,false,,,true,true,PASS
covariance:L6:1845,1845,L6,L5,L6;M,M;L5,false,false,,,true,true,PASS
covariance:L6:1849,1849,L6,L5,L6;M,M;L5,false,false,,,true,true,PASS
covariance:L6:1863,1863,L6,L5,L6;M,M;L5,false,false,,,true,true,PASS
covariance:L6:1867,1867,L6,L5,L6;M,M;L5,false,false,,,true,true,PASS
covariance:L6:1869,1869,L6,L5,L6;M,M;L5,false,false,,,true,true,PASS
covariance:L6:1875,1875,L6,L5,L6;M,M;L5,false,false,,,true,true,PASS
covariance:L6:1877,1877,L6,L5,L6;M,M;L5,false,false,,,true,true,PASS
covariance:L6:1881,1881,L6,L5,L6;M,M;L5,false,false,,,true,true,PASS
covariance:L6:1891,1891,L6,L5,L6;M,M;L5,false,false,,,true,true,PASS
covariance:L6:1893,1893,L6,L5,L6;M,M;L5,false,false,,,true,true,PASS
covariance:L6:1897,1897,L6,L5,L6;M,M;L5,false,false,,,true,true,PASS
covariance:L6:1905,1905,L6,L5,L6;M,M;L5,false,false,,,true,true,PASS
covariance:L6:1927,1927,L6,L5,L6;M,M;L5,false,false,,,true,true,PASS
covariance:L6:1931,1931,L6,L5,L6;M,M;L5,false,false,,,true,true,PASS
covariance:L6:1933,1933,L6,L5,L6;M,M;L5,false,false,,,true,true,PASS
covariance:L6:1939,1939,L6,L5,L6;M,M;L5,false,false,,,true,true,PASS
covariance:L6:1941,1941,L6,L5,L6;M,M;L5,false,false,,,true,true,PASS
covariance:L6:1945,1945,L6,L5,L6;M,M;L5,false,false,,,true,true,PASS
covariance:L6:1955,1955,L6,L5,L6;M,M;L5,false,false,,,true,true,PASS
covariance:L6:1957,1957,L6,L5,L6;M,M;L5,false,false,,,true,true,PASS
covariance:L6:1961,1961,L6,L5,L6;M,M;L5,false,false,,,true,true,PASS
covariance:L6:1969,1969,L6,L5,L6;M,M;L5,false,false,,,true,true,PASS
covariance:L6:1987,1987,L6,L5,L6;M,M;L5,false,false,,,true,true,PASS
covariance:L6:1989,1989,L6,L5,L6;M,M;L5,false,false,,,true,true,PASS
covariance:L6:1993,1993,L6,L5,L6;M,M;L5,false,false,,,true,true,PASS
covariance:L6:2001,2001,L6,L5,L6;M,M;L5,false,false,,,true,true,PASS
covariance:L6:2017,2017,L6,L5,L6;M,M;L5,false,false,,,true,true,PASS
covariance:L6:2111,2111,L6,L5,L6;M,M;L5,false,false,,,true,true,PASS
covariance:L6:2143,2143,L6,L5,L6;M,M;L5,true,true,3103,3103,true,true,PASS
covariance:L6:2159,2159,L6,L5,L6;M,M;L5,false,false,,,true,true,PASS
covariance:L6:2167,2167,L6,L5,L6;M,M;L5,false,false,,,true,true,PASS
covariance:L6:2171,2171,L6,L5,L6;M,M;L5,false,false,,,true,true,PASS
covariance:L6:2173,2173,L6,L5,L6;M,M;L5,false,false,,,true,true,PASS
covariance:L6:2207,2207,L6,L5,L6;M,M;L5,true,true,3119,3119,true,true,PASS
covariance:L6:2223,2223,L6,L5,L6;M,M;L5,true,true,3127,3127,true,true,PASS
covariance:L6:2231,2231,L6,L5,L6;M,M;L5,true,true,3131,3131,true,true,PASS
covariance:L6:2235,2235,L6,L5,L6;M,M;L5,true,true,3133,3133,true,true,PASS
covariance:L6:2237,2237,L6,L5,L6;M,M;L5,true,true,1567,1567,true,true,PASS
covariance:L6:2255,2255,L6,L5,L6;M,M;L5,false,false,,,true,true,PASS
covariance:L6:2263,2263,L6,L5,L6;M,M;L5,false,false,,,true,true,PASS
covariance:L6:2267,2267,L6,L5,L6;M,M;L5,false,false,,,true,true,PASS
covariance:L6:2269,2269,L6,L5,L6;M,M;L5,false,false,,,true,true,PASS
covariance:L6:2279,2279,L6,L5,L6;M,M;L5,false,false,,,true,true,PASS
covariance:L6:2283,2283,L6,L5,L6;M,M;L5,false,false,,,true,true,PASS
covariance:L6:2285,2285,L6,L5,L6;M,M;L5,false,false,,,true,true,PASS
covariance:L6:2291,2291,L6,L5,L6;M,M;L5,false,false,,,true,true,PASS
covariance:L6:2293,2293,L6,L5,L6;M,M;L5,false,false,,,true,true,PASS
covariance:L6:2297,2297,L6,L5,L6;M,M;L5,false,false,,,true,true,PASS
covariance:L6:2335,2335,L6,L5,L6;M,M;L5,true,true,3151,3151,true,true,PASS
covariance:L6:2351,2351,L6,L5,L6;M,M;L5,true,true,3159,3159,true,true,PASS
covariance:L6:2359,2359,L6,L5,L6;M,M;L5,true,true,3163,3163,true,true,PASS
covariance:L6:2363,2363,L6,L5,L6;M,M;L5,true,true,3165,3165,true,true,PASS
covariance:L6:2365,2365,L6,L5,L6;M,M;L5,true,true,1583,1583,true,true,PASS
covariance:L6:2383,2383,L6,L5,L6;M,M;L5,true,true,3175,3175,true,true,PASS
covariance:L6:2391,2391,L6,L5,L6;M,M;L5,true,true,3179,3179,true,true,PASS
covariance:L6:2395,2395,L6,L5,L6;M,M;L5,true,true,3181,3181,true,true,PASS
covariance:L6:2397,2397,L6,L5,L6;M,M;L5,true,true,1591,1591,true,true,PASS
covariance:L6:2407,2407,L6,L5,L6;M,M;L5,true,true,3187,3187,true,true,PASS
covariance:L6:2411,2411,L6,L5,L6;M,M;L5,true,true,3189,3189,true,true,PASS
covariance:L6:2413,2413,L6,L5,L6;M,M;L5,true,true,1595,1595,true,true,PASS
covariance:L6:2419,2419,L6,L5,L6;M,M;L5,true,true,3193,3193,true,true,PASS
covariance:L6:2421,2421,L6,L5,L6;M,M;L5,true,true,1597,1597,true,true,PASS
covariance:L6:2425,2425,L6,L5,L6;M,M;L5,true,true,799,799,true,true,PASS
covariance:L6:2447,2447,L6,L5,L6;M,M;L5,false,false,,,true,true,PASS
covariance:L6:2455,2455,L6,L5,L6;M,M;L5,false,false,,,true,true,PASS
covariance:L6:2459,2459,L6,L5,L6;M,M;L5,false,false,,,true,true,PASS
covariance:L6:2461,2461,L6,L5,L6;M,M;L5,false,false,,,true,true,PASS
covariance:L6:2471,2471,L6,L5,L6;M,M;L5,false,false,,,true,true,PASS
covariance:L6:2475,2475,L6,L5,L6;M,M;L5,false,false,,,true,true,PASS
covariance:L6:2477,2477,L6,L5,L6;M,M;L5,false,false,,,true,true,PASS
covariance:L6:2483,2483,L6,L5,L6;M,M;L5,false,false,,,true,true,PASS
covariance:L6:2485,2485,L6,L5,L6;M,M;L5,false,false,,,true,true,PASS
covariance:L6:2489,2489,L6,L5,L6;M,M;L5,false,false,,,true,true,PASS
covariance:L6:2503,2503,L6,L5,L6;M,M;L5,false,false,,,true,true,PASS
covariance:L6:2507,2507,L6,L5,L6;M,M;L5,false,false,,,true,true,PASS
covariance:L6:2509,2509,L6,L5,L6;M,M;L5,false,false,,,true,true,PASS
covariance:L6:2515,2515,L6,L5,L6;M,M;L5,false,false,,,true,true,PASS
covariance:L6:2517,2517,L6,L5,L6;M,M;L5,false,false,,,true,true,PASS
covariance:L6:2521,2521,L6,L5,L6;M,M;L5,false,false,,,true,true,PASS
covariance:L6:2531,2531,L6,L5,L6;M,M;L5,false,false,,,true,true,PASS
covariance:L6:2533,2533,L6,L5,L6;M,M;L5,false,false,,,true,true,PASS
covariance:L6:2537,2537,L6,L5,L6;M,M;L5,false,false,,,true,true,PASS
covariance:L6:2545,2545,L6,L5,L6;M,M;L5,false,false,,,true,true,PASS
covariance:L6:2591,2591,L6,L5,L6;M,M;L5,true,true,3215,3215,true,true,PASS
covariance:L6:2607,2607,L6,L5,L6;M,M;L5,true,true,3223,3223,true,true,PASS
covariance:L6:2615,2615,L6,L5,L6;M,M;L5,true,true,3227,3227,true,true,PASS
covariance:L6:2619,2619,L6,L5,L6;M,M;L5,true,true,3229,3229,true,true,PASS
covariance:L6:2621,2621,L6,L5,L6;M,M;L5,true,true,1615,1615,true,true,PASS
covariance:L6:2639,2639,L6,L5,L6;M,M;L5,true,true,3239,3239,true,true,PASS
covariance:L6:2647,2647,L6,L5,L6;M,M;L5,true,true,3243,3243,true,true,PASS
covariance:L6:2651,2651,L6,L5,L6;M,M;L5,true,true,3245,3245,true,true,PASS
covariance:L6:2653,2653,L6,L5,L6;M,M;L5,true,true,1623,1623,true,true,PASS
covariance:L6:2663,2663,L6,L5,L6;M,M;L5,true,true,3251,3251,true,true,PASS
covariance:L6:2667,2667,L6,L5,L6;M,M;L5,true,true,3253,3253,true,true,PASS
covariance:L6:2669,2669,L6,L5,L6;M,M;L5,true,true,1627,1627,true,true,PASS
covariance:L6:2675,2675,L6,L5,L6;M,M;L5,true,true,3257,3257,true,true,PASS
covariance:L6:2677,2677,L6,L5,L6;M,M;L5,true,true,1629,1629,true,true,PASS
covariance:L6:2681,2681,L6,L5,L6;M,M;L5,true,true,815,815,true,true,PASS
covariance:L6:2703,2703,L6,L5,L6;M,M;L5,true,true,3271,3271,true,true,PASS
covariance:L6:2711,2711,L6,L5,L6;M,M;L5,true,true,3275,3275,true,true,PASS
covariance:L6:2715,2715,L6,L5,L6;M,M;L5,true,true,3277,3277,true,true,PASS
covariance:L6:2717,2717,L6,L5,L6;M,M;L5,true,true,1639,1639,true,true,PASS
covariance:L6:2727,2727,L6,L5,L6;M,M;L5,true,true,3283,3283,true,true,PASS
covariance:L6:2731,2731,L6,L5,L6;M,M;L5,true,true,3285,3285,true,true,PASS
covariance:L6:2733,2733,L6,L5,L6;M,M;L5,true,true,1643,1643,true,true,PASS
covariance:L6:2739,2739,L6,L5,L6;M,M;L5,true,true,3289,3289,true,true,PASS
covariance:L6:2741,2741,L6,L5,L6;M,M;L5,true,true,1645,1645,true,true,PASS
covariance:L6:2745,2745,L6,L5,L6;M,M;L5,true,true,823,823,true,true,PASS
covariance:L6:2759,2759,L6,L5,L6;M,M;L5,true,true,3299,3299,true,true,PASS
covariance:L6:2763,2763,L6,L5,L6;M,M;L5,true,true,3301,3301,true,true,PASS
covariance:L6:2765,2765,L6,L5,L6;M,M;L5,true,true,1651,1651,true,true,PASS
covariance:L6:2771,2771,L6,L5,L6;M,M;L5,true,true,3305,3305,true,true,PASS
covariance:L6:2773,2773,L6,L5,L6;M,M;L5,true,true,1653,1653,true,true,PASS
covariance:L6:2777,2777,L6,L5,L6;M,M;L5,true,true,827,827,true,true,PASS
covariance:L6:2787,2787,L6,L5,L6;M,M;L5,true,true,3313,3313,true,true,PASS
covariance:L6:2789,2789,L6,L5,L6;M,M;L5,true,true,1657,1657,true,true,PASS
covariance:L6:2793,2793,L6,L5,L6;M,M;L5,true,true,829,829,true,true,PASS
covariance:L6:2801,2801,L6,L5,L6;M,M;L5,true,true,415,415,true,true,PASS
covariance:L6:2831,2831,L6,L5,L6;M,M;L5,false,false,,,true,true,PASS
covariance:L6:2839,2839,L6,L5,L6;M,M;L5,false,false,,,true,true,PASS
covariance:L6:2843,2843,L6,L5,L6;M,M;L5,false,false,,,true,true,PASS
covariance:L6:2845,2845,L6,L5,L6;M,M;L5,false,false,,,true,true,PASS
covariance:L6:2855,2855,L6,L5,L6;M,M;L5,false,false,,,true,true,PASS
covariance:L6:2859,2859,L6,L5,L6;M,M;L5,false,false,,,true,true,PASS
covariance:L6:2861,2861,L6,L5,L6;M,M;L5,false,false,,,true,true,PASS
covariance:L6:2867,2867,L6,L5,L6;M,M;L5,false,false,,,true,true,PASS
covariance:L6:2869,2869,L6,L5,L6;M,M;L5,false,false,,,true,true,PASS
covariance:L6:2873,2873,L6,L5,L6;M,M;L5,false,false,,,true,true,PASS
covariance:L6:2887,2887,L6,L5,L6;M,M;L5,false,false,,,true,true,PASS
covariance:L6:2891,2891,L6,L5,L6;M,M;L5,false,false,,,true,true,PASS
covariance:L6:2893,2893,L6,L5,L6;M,M;L5,false,false,,,true,true,PASS
covariance:L6:2899,2899,L6,L5,L6;M,M;L5,false,false,,,true,true,PASS
covariance:L6:2901,2901,L6,L5,L6;M,M;L5,false,false,,,true,true,PASS
covariance:L6:2905,2905,L6,L5,L6;M,M;L5,false,false,,,true,true,PASS
covariance:L6:2915,2915,L6,L5,L6;M,M;L5,false,false,,,true,true,PASS
covariance:L6:2917,2917,L6,L5,L6;M,M;L5,false,false,,,true,true,PASS
covariance:L6:2921,2921,L6,L5,L6;M,M;L5,false,false,,,true,true,PASS
covariance:L6:2929,2929,L6,L5,L6;M,M;L5,false,false,,,true,true,PASS
covariance:L6:2951,2951,L6,L5,L6;M,M;L5,false,false,,,true,true,PASS
covariance:L6:2955,2955,L6,L5,L6;M,M;L5,false,false,,,true,true,PASS
covariance:L6:2957,2957,L6,L5,L6;M,M;L5,false,false,,,true,true,PASS
covariance:L6:2963,2963,L6,L5,L6;M,M;L5,false,false,,,true,true,PASS
covariance:L6:2965,2965,L6,L5,L6;M,M;L5,false,false,,,true,true,PASS
covariance:L6:2969,2969,L6,L5,L6;M,M;L5,false,false,,,true,true,PASS
covariance:L6:2979,2979,L6,L5,L6;M,M;L5,false,false,,,true,true,PASS
covariance:L6:2981,2981,L6,L5,L6;M,M;L5,false,false,,,true,true,PASS
covariance:L6:2985,2985,L6,L5,L6;M,M;L5,false,false,,,true,true,PASS
covariance:L6:2993,2993,L6,L5,L6;M,M;L5,false,false,,,true,true,PASS
covariance:L6:3011,3011,L6,L5,L6;M,M;L5,false,false,,,true,true,PASS
covariance:L6:3013,3013,L6,L5,L6;M,M;L5,false,false,,,true,true,PASS
covariance:L6:3017,3017,L6,L5,L6;M,M;L5,false,false,,,true,true,PASS
covariance:L6:3025,3025,L6,L5,L6;M,M;L5,false,false,,,true,true,PASS
covariance:L6:3041,3041,L6,L5,L6;M,M;L5,false,false,,,true,true,PASS
covariance:L6:3103,3103,L6,L5,L6;M,M;L5,true,true,3343,3343,true,true,PASS
covariance:L6:3119,3119,L6,L5,L6;M,M;L5,true,true,3351,3351,true,true,PASS
covariance:L6:3127,3127,L6,L5,L6;M,M;L5,true,true,3355,3355,true,true,PASS
covariance:L6:3131,3131,L6,L5,L6;M,M;L5,true,true,3357,3357,true,true,PASS
covariance:L6:3133,3133,L6,L5,L6;M,M;L5,true,true,1679,1679,true,true,PASS
covariance:L6:3151,3151,L6,L5,L6;M,M;L5,true,true,3367,3367,true,true,PASS
covariance:L6:3159,3159,L6,L5,L6;M,M;L5,true,true,3371,3371,true,true,PASS
covariance:L6:3163,3163,L6,L5,L6;M,M;L5,true,true,3373,3373,true,true,PASS
covariance:L6:3165,3165,L6,L5,L6;M,M;L5,true,true,1687,1687,true,true,PASS
covariance:L6:3175,3175,L6,L5,L6;M,M;L5,true,true,3379,3379,true,true,PASS
covariance:L6:3179,3179,L6,L5,L6;M,M;L5,true,true,3381,3381,true,true,PASS
covariance:L6:3181,3181,L6,L5,L6;M,M;L5,true,true,1691,1691,true,true,PASS
covariance:L6:3187,3187,L6,L5,L6;M,M;L5,true,true,3385,3385,true,true,PASS
covariance:L6:3189,3189,L6,L5,L6;M,M;L5,true,true,1693,1693,true,true,PASS
covariance:L6:3193,3193,L6,L5,L6;M,M;L5,true,true,847,847,true,true,PASS
covariance:L6:3215,3215,L6,L5,L6;M,M;L5,true,true,3399,3399,true,true,PASS
covariance:L6:3223,3223,L6,L5,L6;M,M;L5,true,true,3403,3403,true,true,PASS
covariance:L6:3227,3227,L6,L5,L6;M,M;L5,true,true,3405,3405,true,true,PASS
covariance:L6:3229,3229,L6,L5,L6;M,M;L5,true,true,1703,1703,true,true,PASS
covariance:L6:3239,3239,L6,L5,L6;M,M;L5,true,true,3411,3411,true,true,PASS
covariance:L6:3243,3243,L6,L5,L6;M,M;L5,true,true,3413,3413,true,true,PASS
covariance:L6:3245,3245,L6,L5,L6;M,M;L5,true,true,1707,1707,true,true,PASS
covariance:L6:3251,3251,L6,L5,L6;M,M;L5,true,true,3417,3417,true,true,PASS
covariance:L6:3253,3253,L6,L5,L6;M,M;L5,true,true,1709,1709,true,true,PASS
covariance:L6:3257,3257,L6,L5,L6;M,M;L5,true,true,855,855,true,true,PASS
covariance:L6:3271,3271,L6,L5,L6;M,M;L5,true,true,3427,3427,true,true,PASS
covariance:L6:3275,3275,L6,L5,L6;M,M;L5,true,true,3429,3429,true,true,PASS
covariance:L6:3277,3277,L6,L5,L6;M,M;L5,true,true,1715,1715,true,true,PASS
covariance:L6:3283,3283,L6,L5,L6;M,M;L5,true,true,3433,3433,true,true,PASS
covariance:L6:3285,3285,L6,L5,L6;M,M;L5,true,true,1717,1717,true,true,PASS
covariance:L6:3289,3289,L6,L5,L6;M,M;L5,true,true,859,859,true,true,PASS
covariance:L6:3299,3299,L6,L5,L6;M,M;L5,true,true,3441,3441,true,true,PASS
covariance:L6:3301,3301,L6,L5,L6;M,M;L5,true,true,1721,1721,true,true,PASS
covariance:L6:3305,3305,L6,L5,L6;M,M;L5,true,true,861,861,true,true,PASS
covariance:L6:3313,3313,L6,L5,L6;M,M;L5,true,true,431,431,true,true,PASS
covariance:L6:3343,3343,L6,L5,L6;M,M;L5,true,true,3463,3463,true,true,PASS
covariance:L6:3351,3351,L6,L5,L6;M,M;L5,true,true,3467,3467,true,true,PASS
covariance:L6:3355,3355,L6,L5,L6;M,M;L5,true,true,3469,3469,true,true,PASS
covariance:L6:3357,3357,L6,L5,L6;M,M;L5,true,true,1735,1735,true,true,PASS
covariance:L6:3367,3367,L6,L5,L6;M,M;L5,true,true,3475,3475,true,true,PASS
covariance:L6:3371,3371,L6,L5,L6;M,M;L5,true,true,3477,3477,true,true,PASS
covariance:L6:3373,3373,L6,L5,L6;M,M;L5,true,true,1739,1739,true,true,PASS
covariance:L6:3379,3379,L6,L5,L6;M,M;L5,true,true,3481,3481,true,true,PASS
covariance:L6:3381,3381,L6,L5,L6;M,M;L5,true,true,1741,1741,true,true,PASS
covariance:L6:3385,3385,L6,L5,L6;M,M;L5,true,true,871,871,true,true,PASS
covariance:L6:3399,3399,L6,L5,L6;M,M;L5,true,true,3491,3491,true,true,PASS
covariance:L6:3403,3403,L6,L5,L6;M,M;L5,true,true,3493,3493,true,true,PASS
covariance:L6:3405,3405,L6,L5,L6;M,M;L5,true,true,1747,1747,true,true,PASS
covariance:L6:3411,3411,L6,L5,L6;M,M;L5,true,true,3497,3497,true,true,PASS
covariance:L6:3413,3413,L6,L5,L6;M,M;L5,true,true,1749,1749,true,true,PASS
covariance:L6:3417,3417,L6,L5,L6;M,M;L5,true,true,875,875,true,true,PASS
covariance:L6:3427,3427,L6,L5,L6;M,M;L5,true,true,3505,3505,true,true,PASS
covariance:L6:3429,3429,L6,L5,L6;M,M;L5,true,true,1753,1753,true,true,PASS
covariance:L6:3433,3433,L6,L5,L6;M,M;L5,true,true,877,877,true,true,PASS
covariance:L6:3441,3441,L6,L5,L6;M,M;L5,true,true,439,439,true,true,PASS
covariance:L6:3463,3463,L6,L5,L6;M,M;L5,true,true,3523,3523,true,true,PASS
covariance:L6:3467,3467,L6,L5,L6;M,M;L5,true,true,3525,3525,true,true,PASS
covariance:L6:3469,3469,L6,L5,L6;M,M;L5,true,true,1763,1763,true,true,PASS
covariance:L6:3475,3475,L6,L5,L6;M,M;L5,true,true,3529,3529,true,true,PASS
covariance:L6:3477,3477,L6,L5,L6;M,M;L5,true,true,1765,1765,true,true,PASS
covariance:L6:3481,3481,L6,L5,L6;M,M;L5,true,true,883,883,true,true,PASS
covariance:L6:3491,3491,L6,L5,L6;M,M;L5,true,true,3537,3537,true,true,PASS
covariance:L6:3493,3493,L6,L5,L6;M,M;L5,true,true,1769,1769,true,true,PASS
covariance:L6:3497,3497,L6,L5,L6;M,M;L5,true,true,885,885,true,true,PASS
covariance:L6:3505,3505,L6,L5,L6;M,M;L5,true,true,443,443,true,true,PASS
covariance:L6:3523,3523,L6,L5,L6;M,M;L5,true,true,3553,3553,true,true,PASS
covariance:L6:3525,3525,L6,L5,L6;M,M;L5,true,true,1777,1777,true,true,PASS
covariance:L6:3529,3529,L6,L5,L6;M,M;L5,true,true,889,889,true,true,PASS
covariance:L6:3537,3537,L6,L5,L6;M,M;L5,true,true,445,445,true,true,PASS
covariance:L6:3553,3553,L6,L5,L6;M,M;L5,true,true,223,223,true,true,PASS
covariance:L6:3599,3599,L6,L5,L6;M,M;L5,false,false,,,true,true,PASS
covariance:L6:3607,3607,L6,L5,L6;M,M;L5,false,false,,,true,true,PASS
covariance:L6:3611,3611,L6,L5,L6;M,M;L5,false,false,,,true,true,PASS
covariance:L6:3613,3613,L6,L5,L6;M,M;L5,false,false,,,true,true,PASS
covariance:L6:3623,3623,L6,L5,L6;M,M;L5,false,false,,,true,true,PASS
covariance:L6:3627,3627,L6,L5,L6;M,M;L5,false,false,,,true,true,PASS
covariance:L6:3629,3629,L6,L5,L6;M,M;L5,false,false,,,true,true,PASS
covariance:L6:3635,3635,L6,L5,L6;M,M;L5,false,false,,,true,true,PASS
covariance:L6:3637,3637,L6,L5,L6;M,M;L5,false,false,,,true,true,PASS
covariance:L6:3641,3641,L6,L5,L6;M,M;L5,false,false,,,true,true,PASS
covariance:L6:3655,3655,L6,L5,L6;M,M;L5,false,false,,,true,true,PASS
covariance:L6:3659,3659,L6,L5,L6;M,M;L5,false,false,,,true,true,PASS
covariance:L6:3661,3661,L6,L5,L6;M,M;L5,false,false,,,true,true,PASS
covariance:L6:3667,3667,L6,L5,L6;M,M;L5,false,false,,,true,true,PASS
covariance:L6:3669,3669,L6,L5,L6;M,M;L5,false,false,,,true,true,PASS
covariance:L6:3673,3673,L6,L5,L6;M,M;L5,false,false,,,true,true,PASS
covariance:L6:3683,3683,L6,L5,L6;M,M;L5,false,false,,,true,true,PASS
covariance:L6:3685,3685,L6,L5,L6;M,M;L5,false,false,,,true,true,PASS
covariance:L6:3689,3689,L6,L5,L6;M,M;L5,false,false,,,true,true,PASS
covariance:L6:3697,3697,L6,L5,L6;M,M;L5,false,false,,,true,true,PASS
covariance:L6:3719,3719,L6,L5,L6;M,M;L5,false,false,,,true,true,PASS
covariance:L6:3723,3723,L6,L5,L6;M,M;L5,false,false,,,true,true,PASS
covariance:L6:3725,3725,L6,L5,L6;M,M;L5,false,false,,,true,true,PASS
covariance:L6:3731,3731,L6,L5,L6;M,M;L5,false,false,,,true,true,PASS
covariance:L6:3733,3733,L6,L5,L6;M,M;L5,false,false,,,true,true,PASS
covariance:L6:3737,3737,L6,L5,L6;M,M;L5,false,false,,,true,true,PASS
covariance:L6:3747,3747,L6,L5,L6;M,M;L5,false,false,,,true,true,PASS
covariance:L6:3749,3749,L6,L5,L6;M,M;L5,false,false,,,true,true,PASS
covariance:L6:3753,3753,L6,L5,L6;M,M;L5,false,false,,,true,true,PASS
covariance:L6:3761,3761,L6,L5,L6;M,M;L5,false,false,,,true,true,PASS
covariance:L6:3779,3779,L6,L5,L6;M,M;L5,false,false,,,true,true,PASS
covariance:L6:3781,3781,L6,L5,L6;M,M;L5,false,false,,,true,true,PASS
covariance:L6:3785,3785,L6,L5,L6;M,M;L5,false,false,,,true,true,PASS
covariance:L6:3793,3793,L6,L5,L6;M,M;L5,false,false,,,true,true,PASS
covariance:L6:3809,3809,L6,L5,L6;M,M;L5,false,false,,,true,true,PASS
covariance:L6:3847,3847,L6,L5,L6;M,M;L5,false,false,,,true,true,PASS
covariance:L6:3851,3851,L6,L5,L6;M,M;L5,false,false,,,true,true,PASS
covariance:L6:3853,3853,L6,L5,L6;M,M;L5,false,false,,,true,true,PASS
covariance:L6:3859,3859,L6,L5,L6;M,M;L5,false,false,,,true,true,PASS
covariance:L6:3861,3861,L6,L5,L6;M,M;L5,false,false,,,true,true,PASS
covariance:L6:3865,3865,L6,L5,L6;M,M;L5,false,false,,,true,true,PASS
covariance:L6:3875,3875,L6,L5,L6;M,M;L5,false,false,,,true,true,PASS
covariance:L6:3877,3877,L6,L5,L6;M,M;L5,false,false,,,true,true,PASS
covariance:L6:3881,3881,L6,L5,L6;M,M;L5,false,false,,,true,true,PASS
covariance:L6:3889,3889,L6,L5,L6;M,M;L5,false,false,,,true,true,PASS
covariance:L6:3907,3907,L6,L5,L6;M,M;L5,false,false,,,true,true,PASS
covariance:L6:3909,3909,L6,L5,L6;M,M;L5,false,false,,,true,true,PASS
covariance:L6:3913,3913,L6,L5,L6;M,M;L5,false,false,,,true,true,PASS
covariance:L6:3921,3921,L6,L5,L6;M,M;L5,false,false,,,true,true,PASS
covariance:L6:3937,3937,L6,L5,L6;M,M;L5,false,false,,,true,true,PASS
covariance:L6:3971,3971,L6,L5,L6;M,M;L5,false,false,,,true,true,PASS
covariance:L6:3973,3973,L6,L5,L6;M,M;L5,false,false,,,true,true,PASS
covariance:L6:3977,3977,L6,L5,L6;M,M;L5,false,false,,,true,true,PASS
covariance:L6:3985,3985,L6,L5,L6;M,M;L5,false,false,,,true,true,PASS
covariance:L6:4001,4001,L6,L5,L6;M,M;L5,false,false,,,true,true,PASS
covariance:L6:4033,4033,L6,L5,L6;M,M;L5,false,false,,,true,true,PASS
covariance:R7:127,127,R7,R6,R7;M,M;R6,true,true,2143,2143,true,true,PASS
covariance:R7:191,191,R7,R6,R7;M,M;R6,true,true,2207,2207,true,true,PASS
covariance:R7:223,223,R7,R6,R7;M,M;R6,true,true,2223,2223,true,true,PASS
covariance:R7:239,239,R7,R6,R7;M,M;R6,true,true,2231,2231,true,true,PASS
covariance:R7:247,247,R7,R6,R7;M,M;R6,true,true,2235,2235,true,true,PASS
covariance:R7:251,251,R7,R6,R7;M,M;R6,true,true,2237,2237,true,true,PASS
covariance:R7:253,253,R7,R6,R7;M,M;R6,true,true,1119,1119,true,true,PASS
covariance:R7:319,319,R7,R6,R7;M,M;R6,true,true,2335,2335,true,true,PASS
covariance:R7:351,351,R7,R6,R7;M,M;R6,true,true,2351,2351,true,true,PASS
covariance:R7:367,367,R7,R6,R7;M,M;R6,true,true,2359,2359,true,true,PASS
covariance:R7:375,375,R7,R6,R7;M,M;R6,true,true,2363,2363,true,true,PASS
covariance:R7:379,379,R7,R6,R7;M,M;R6,true,true,2365,2365,true,true,PASS
covariance:R7:381,381,R7,R6,R7;M,M;R6,true,true,1183,1183,true,true,PASS
covariance:R7:415,415,R7,R6,R7;M,M;R6,true,true,2383,2383,true,true,PASS
covariance:R7:431,431,R7,R6,R7;M,M;R6,true,true,2391,2391,true,true,PASS
covariance:R7:439,439,R7,R6,R7;M,M;R6,true,true,2395,2395,true,true,PASS
covariance:R7:443,443,R7,R6,R7;M,M;R6,true,true,2397,2397,true,true,PASS
covariance:R7:445,445,R7,R6,R7;M,M;R6,true,true,1199,1199,true,true,PASS
covariance:R7:463,463,R7,R6,R7;M,M;R6,true,true,2407,2407,true,true,PASS
covariance:R7:471,471,R7,R6,R7;M,M;R6,true,true,2411,2411,true,true,PASS
covariance:R7:475,475,R7,R6,R7;M,M;R6,true,true,2413,2413,true,true,PASS
covariance:R7:477,477,R7,R6,R7;M,M;R6,true,true,1207,1207,true,true,PASS
covariance:R7:487,487,R7,R6,R7;M,M;R6,true,true,2419,2419,true,true,PASS
covariance:R7:491,491,R7,R6,R7;M,M;R6,true,true,2421,2421,true,true,PASS
covariance:R7:493,493,R7,R6,R7;M,M;R6,true,true,1211,1211,true,true,PASS
covariance:R7:499,499,R7,R6,R7;M,M;R6,true,true,2425,2425,true,true,PASS
covariance:R7:501,501,R7,R6,R7;M,M;R6,true,true,1213,1213,true,true,PASS
covariance:R7:505,505,R7,R6,R7;M,M;R6,true,true,607,607,true,true,PASS
covariance:R7:575,575,R7,R6,R7;M,M;R6,true,true,2591,2591,true,true,PASS
covariance:R7:607,607,R7,R6,R7;M,M;R6,true,true,2607,2607,true,true,PASS
covariance:R7:623,623,R7,R6,R7;M,M;R6,true,true,2615,2615,true,true,PASS
covariance:R7:631,631,R7,R6,R7;M,M;R6,true,true,2619,2619,true,true,PASS
covariance:R7:635,635,R7,R6,R7;M,M;R6,true,true,2621,2621,true,true,PASS
covariance:R7:637,637,R7,R6,R7;M,M;R6,true,true,1311,1311,true,true,PASS
covariance:R7:671,671,R7,R6,R7;M,M;R6,true,true,2639,2639,true,true,PASS
covariance:R7:687,687,R7,R6,R7;M,M;R6,true,true,2647,2647,true,true,PASS
covariance:R7:695,695,R7,R6,R7;M,M;R6,true,true,2651,2651,true,true,PASS
covariance:R7:699,699,R7,R6,R7;M,M;R6,true,true,2653,2653,true,true,PASS
covariance:R7:701,701,R7,R6,R7;M,M;R6,true,true,1327,1327,true,true,PASS
covariance:R7:719,719,R7,R6,R7;M,M;R6,true,true,2663,2663,true,true,PASS
covariance:R7:727,727,R7,R6,R7;M,M;R6,true,true,2667,2667,true,true,PASS
covariance:R7:731,731,R7,R6,R7;M,M;R6,true,true,2669,2669,true,true,PASS
covariance:R7:733,733,R7,R6,R7;M,M;R6,true,true,1335,1335,true,true,PASS
covariance:R7:743,743,R7,R6,R7;M,M;R6,true,true,2675,2675,true,true,PASS
covariance:R7:747,747,R7,R6,R7;M,M;R6,true,true,2677,2677,true,true,PASS
covariance:R7:749,749,R7,R6,R7;M,M;R6,true,true,1339,1339,true,true,PASS
covariance:R7:755,755,R7,R6,R7;M,M;R6,true,true,2681,2681,true,true,PASS
covariance:R7:757,757,R7,R6,R7;M,M;R6,true,true,1341,1341,true,true,PASS
covariance:R7:761,761,R7,R6,R7;M,M;R6,true,true,671,671,true,true,PASS
covariance:R7:799,799,R7,R6,R7;M,M;R6,true,true,2703,2703,true,true,PASS
covariance:R7:815,815,R7,R6,R7;M,M;R6,true,true,2711,2711,true,true,PASS
covariance:R7:823,823,R7,R6,R7;M,M;R6,true,true,2715,2715,true,true,PASS
covariance:R7:827,827,R7,R6,R7;M,M;R6,true,true,2717,2717,true,true,PASS
covariance:R7:829,829,R7,R6,R7;M,M;R6,true,true,1359,1359,true,true,PASS
covariance:R7:847,847,R7,R6,R7;M,M;R6,true,true,2727,2727,true,true,PASS
covariance:R7:855,855,R7,R6,R7;M,M;R6,true,true,2731,2731,true,true,PASS
covariance:R7:859,859,R7,R6,R7;M,M;R6,true,true,2733,2733,true,true,PASS
covariance:R7:861,861,R7,R6,R7;M,M;R6,true,true,1367,1367,true,true,PASS
covariance:R7:871,871,R7,R6,R7;M,M;R6,true,true,2739,2739,true,true,PASS
covariance:R7:875,875,R7,R6,R7;M,M;R6,true,true,2741,2741,true,true,PASS
covariance:R7:877,877,R7,R6,R7;M,M;R6,true,true,1371,1371,true,true,PASS
covariance:R7:883,883,R7,R6,R7;M,M;R6,true,true,2745,2745,true,true,PASS
covariance:R7:885,885,R7,R6,R7;M,M;R6,true,true,1373,1373,true,true,PASS
covariance:R7:889,889,R7,R6,R7;M,M;R6,true,true,687,687,true,true,PASS
covariance:R7:911,911,R7,R6,R7;M,M;R6,true,true,2759,2759,true,true,PASS
covariance:R7:919,919,R7,R6,R7;M,M;R6,true,true,2763,2763,true,true,PASS
covariance:R7:923,923,R7,R6,R7;M,M;R6,true,true,2765,2765,true,true,PASS
covariance:R7:925,925,R7,R6,R7;M,M;R6,true,true,1383,1383,true,true,PASS
covariance:R7:935,935,R7,R6,R7;M,M;R6,true,true,2771,2771,true,true,PASS
covariance:R7:939,939,R7,R6,R7;M,M;R6,true,true,2773,2773,true,true,PASS
covariance:R7:941,941,R7,R6,R7;M,M;R6,true,true,1387,1387,true,true,PASS
covariance:R7:947,947,R7,R6,R7;M,M;R6,true,true,2777,2777,true,true,PASS
covariance:R7:949,949,R7,R6,R7;M,M;R6,true,true,1389,1389,true,true,PASS
covariance:R7:953,953,R7,R6,R7;M,M;R6,true,true,695,695,true,true,PASS
covariance:R7:967,967,R7,R6,R7;M,M;R6,true,true,2787,2787,true,true,PASS
covariance:R7:971,971,R7,R6,R7;M,M;R6,true,true,2789,2789,true,true,PASS
covariance:R7:973,973,R7,R6,R7;M,M;R6,true,true,1395,1395,true,true,PASS
covariance:R7:979,979,R7,R6,R7;M,M;R6,true,true,2793,2793,true,true,PASS
covariance:R7:981,981,R7,R6,R7;M,M;R6,true,true,1397,1397,true,true,PASS
covariance:R7:985,985,R7,R6,R7;M,M;R6,true,true,699,699,true,true,PASS
covariance:R7:995,995,R7,R6,R7;M,M;R6,true,true,2801,2801,true,true,PASS
covariance:R7:997,997,R7,R6,R7;M,M;R6,true,true,1401,1401,true,true,PASS
covariance:R7:1001,1001,R7,R6,R7;M,M;R6,true,true,701,701,true,true,PASS
covariance:R7:1009,1009,R7,R6,R7;M,M;R6,true,true,351,351,true,true,PASS
covariance:R7:1087,1087,R7,R6,R7;M,M;R6,true,true,3103,3103,true,true,PASS
covariance:R7:1119,1119,R7,R6,R7;M,M;R6,true,true,3119,3119,true,true,PASS
covariance:R7:1135,1135,R7,R6,R7;M,M;R6,true,true,3127,3127,true,true,PASS
covariance:R7:1143,1143,R7,R6,R7;M,M;R6,true,true,3131,3131,true,true,PASS
covariance:R7:1147,1147,R7,R6,R7;M,M;R6,true,true,3133,3133,true,true,PASS
covariance:R7:1149,1149,R7,R6,R7;M,M;R6,true,true,1567,1567,true,true,PASS
covariance:R7:1183,1183,R7,R6,R7;M,M;R6,true,true,3151,3151,true,true,PASS
covariance:R7:1199,1199,R7,R6,R7;M,M;R6,true,true,3159,3159,true,true,PASS
covariance:R7:1207,1207,R7,R6,R7;M,M;R6,true,true,3163,3163,true,true,PASS
covariance:R7:1211,1211,R7,R6,R7;M,M;R6,true,true,3165,3165,true,true,PASS
covariance:R7:1213,1213,R7,R6,R7;M,M;R6,true,true,1583,1583,true,true,PASS
covariance:R7:1231,1231,R7,R6,R7;M,M;R6,true,true,3175,3175,true,true,PASS
covariance:R7:1239,1239,R7,R6,R7;M,M;R6,true,true,3179,3179,true,true,PASS
covariance:R7:1243,1243,R7,R6,R7;M,M;R6,true,true,3181,3181,true,true,PASS
covariance:R7:1245,1245,R7,R6,R7;M,M;R6,true,true,1591,1591,true,true,PASS
covariance:R7:1255,1255,R7,R6,R7;M,M;R6,true,true,3187,3187,true,true,PASS
covariance:R7:1259,1259,R7,R6,R7;M,M;R6,true,true,3189,3189,true,true,PASS
covariance:R7:1261,1261,R7,R6,R7;M,M;R6,true,true,1595,1595,true,true,PASS
covariance:R7:1267,1267,R7,R6,R7;M,M;R6,true,true,3193,3193,true,true,PASS
covariance:R7:1269,1269,R7,R6,R7;M,M;R6,true,true,1597,1597,true,true,PASS
covariance:R7:1273,1273,R7,R6,R7;M,M;R6,true,true,799,799,true,true,PASS
covariance:R7:1311,1311,R7,R6,R7;M,M;R6,true,true,3215,3215,true,true,PASS
covariance:R7:1327,1327,R7,R6,R7;M,M;R6,true,true,3223,3223,true,true,PASS
covariance:R7:1335,1335,R7,R6,R7;M,M;R6,true,true,3227,3227,true,true,PASS
covariance:R7:1339,1339,R7,R6,R7;M,M;R6,true,true,3229,3229,true,true,PASS
covariance:R7:1341,1341,R7,R6,R7;M,M;R6,true,true,1615,1615,true,true,PASS
covariance:R7:1359,1359,R7,R6,R7;M,M;R6,true,true,3239,3239,true,true,PASS
covariance:R7:1367,1367,R7,R6,R7;M,M;R6,true,true,3243,3243,true,true,PASS
covariance:R7:1371,1371,R7,R6,R7;M,M;R6,true,true,3245,3245,true,true,PASS
covariance:R7:1373,1373,R7,R6,R7;M,M;R6,true,true,1623,1623,true,true,PASS
covariance:R7:1383,1383,R7,R6,R7;M,M;R6,true,true,3251,3251,true,true,PASS
covariance:R7:1387,1387,R7,R6,R7;M,M;R6,true,true,3253,3253,true,true,PASS
covariance:R7:1389,1389,R7,R6,R7;M,M;R6,true,true,1627,1627,true,true,PASS
covariance:R7:1395,1395,R7,R6,R7;M,M;R6,true,true,3257,3257,true,true,PASS
covariance:R7:1397,1397,R7,R6,R7;M,M;R6,true,true,1629,1629,true,true,PASS
covariance:R7:1401,1401,R7,R6,R7;M,M;R6,true,true,815,815,true,true,PASS
covariance:R7:1423,1423,R7,R6,R7;M,M;R6,true,true,3271,3271,true,true,PASS
covariance:R7:1431,1431,R7,R6,R7;M,M;R6,true,true,3275,3275,true,true,PASS
covariance:R7:1435,1435,R7,R6,R7;M,M;R6,true,true,3277,3277,true,true,PASS
covariance:R7:1437,1437,R7,R6,R7;M,M;R6,true,true,1639,1639,true,true,PASS
covariance:R7:1447,1447,R7,R6,R7;M,M;R6,true,true,3283,3283,true,true,PASS
covariance:R7:1451,1451,R7,R6,R7;M,M;R6,true,true,3285,3285,true,true,PASS
covariance:R7:1453,1453,R7,R6,R7;M,M;R6,true,true,1643,1643,true,true,PASS
covariance:R7:1459,1459,R7,R6,R7;M,M;R6,true,true,3289,3289,true,true,PASS
covariance:R7:1461,1461,R7,R6,R7;M,M;R6,true,true,1645,1645,true,true,PASS
covariance:R7:1465,1465,R7,R6,R7;M,M;R6,true,true,823,823,true,true,PASS
covariance:R7:1479,1479,R7,R6,R7;M,M;R6,true,true,3299,3299,true,true,PASS
covariance:R7:1483,1483,R7,R6,R7;M,M;R6,true,true,3301,3301,true,true,PASS
covariance:R7:1485,1485,R7,R6,R7;M,M;R6,true,true,1651,1651,true,true,PASS
covariance:R7:1491,1491,R7,R6,R7;M,M;R6,true,true,3305,3305,true,true,PASS
covariance:R7:1493,1493,R7,R6,R7;M,M;R6,true,true,1653,1653,true,true,PASS
covariance:R7:1497,1497,R7,R6,R7;M,M;R6,true,true,827,827,true,true,PASS
covariance:R7:1507,1507,R7,R6,R7;M,M;R6,true,true,3313,3313,true,true,PASS
covariance:R7:1509,1509,R7,R6,R7;M,M;R6,true,true,1657,1657,true,true,PASS
covariance:R7:1513,1513,R7,R6,R7;M,M;R6,true,true,829,829,true,true,PASS
covariance:R7:1521,1521,R7,R6,R7;M,M;R6,true,true,415,415,true,true,PASS
covariance:R7:1567,1567,R7,R6,R7;M,M;R6,true,true,3343,3343,true,true,PASS
covariance:R7:1583,1583,R7,R6,R7;M,M;R6,true,true,3351,3351,true,true,PASS
covariance:R7:1591,1591,R7,R6,R7;M,M;R6,true,true,3355,3355,true,true,PASS
covariance:R7:1595,1595,R7,R6,R7;M,M;R6,true,true,3357,3357,true,true,PASS
covariance:R7:1597,1597,R7,R6,R7;M,M;R6,true,true,1679,1679,true,true,PASS
covariance:R7:1615,1615,R7,R6,R7;M,M;R6,true,true,3367,3367,true,true,PASS
covariance:R7:1623,1623,R7,R6,R7;M,M;R6,true,true,3371,3371,true,true,PASS
covariance:R7:1627,1627,R7,R6,R7;M,M;R6,true,true,3373,3373,true,true,PASS
covariance:R7:1629,1629,R7,R6,R7;M,M;R6,true,true,1687,1687,true,true,PASS
covariance:R7:1639,1639,R7,R6,R7;M,M;R6,true,true,3379,3379,true,true,PASS
covariance:R7:1643,1643,R7,R6,R7;M,M;R6,true,true,3381,3381,true,true,PASS
covariance:R7:1645,1645,R7,R6,R7;M,M;R6,true,true,1691,1691,true,true,PASS
covariance:R7:1651,1651,R7,R6,R7;M,M;R6,true,true,3385,3385,true,true,PASS
covariance:R7:1653,1653,R7,R6,R7;M,M;R6,true,true,1693,1693,true,true,PASS
covariance:R7:1657,1657,R7,R6,R7;M,M;R6,true,true,847,847,true,true,PASS
covariance:R7:1679,1679,R7,R6,R7;M,M;R6,true,true,3399,3399,true,true,PASS
covariance:R7:1687,1687,R7,R6,R7;M,M;R6,true,true,3403,3403,true,true,PASS
covariance:R7:1691,1691,R7,R6,R7;M,M;R6,true,true,3405,3405,true,true,PASS
covariance:R7:1693,1693,R7,R6,R7;M,M;R6,true,true,1703,1703,true,true,PASS
covariance:R7:1703,1703,R7,R6,R7;M,M;R6,true,true,3411,3411,true,true,PASS
covariance:R7:1707,1707,R7,R6,R7;M,M;R6,true,true,3413,3413,true,true,PASS
covariance:R7:1709,1709,R7,R6,R7;M,M;R6,true,true,1707,1707,true,true,PASS
covariance:R7:1715,1715,R7,R6,R7;M,M;R6,true,true,3417,3417,true,true,PASS
covariance:R7:1717,1717,R7,R6,R7;M,M;R6,true,true,1709,1709,true,true,PASS
covariance:R7:1721,1721,R7,R6,R7;M,M;R6,true,true,855,855,true,true,PASS
covariance:R7:1735,1735,R7,R6,R7;M,M;R6,true,true,3427,3427,true,true,PASS
covariance:R7:1739,1739,R7,R6,R7;M,M;R6,true,true,3429,3429,true,true,PASS
covariance:R7:1741,1741,R7,R6,R7;M,M;R6,true,true,1715,1715,true,true,PASS
covariance:R7:1747,1747,R7,R6,R7;M,M;R6,true,true,3433,3433,true,true,PASS
covariance:R7:1749,1749,R7,R6,R7;M,M;R6,true,true,1717,1717,true,true,PASS
covariance:R7:1753,1753,R7,R6,R7;M,M;R6,true,true,859,859,true,true,PASS
covariance:R7:1763,1763,R7,R6,R7;M,M;R6,true,true,3441,3441,true,true,PASS
covariance:R7:1765,1765,R7,R6,R7;M,M;R6,true,true,1721,1721,true,true,PASS
covariance:R7:1769,1769,R7,R6,R7;M,M;R6,true,true,861,861,true,true,PASS
covariance:R7:1777,1777,R7,R6,R7;M,M;R6,true,true,431,431,true,true,PASS
covariance:R7:1807,1807,R7,R6,R7;M,M;R6,true,true,3463,3463,true,true,PASS
covariance:R7:1815,1815,R7,R6,R7;M,M;R6,true,true,3467,3467,true,true,PASS
covariance:R7:1819,1819,R7,R6,R7;M,M;R6,true,true,3469,3469,true,true,PASS
covariance:R7:1821,1821,R7,R6,R7;M,M;R6,true,true,1735,1735,true,true,PASS
covariance:R7:1831,1831,R7,R6,R7;M,M;R6,true,true,3475,3475,true,true,PASS
covariance:R7:1835,1835,R7,R6,R7;M,M;R6,true,true,3477,3477,true,true,PASS
covariance:R7:1837,1837,R7,R6,R7;M,M;R6,true,true,1739,1739,true,true,PASS
covariance:R7:1843,1843,R7,R6,R7;M,M;R6,true,true,3481,3481,true,true,PASS
covariance:R7:1845,1845,R7,R6,R7;M,M;R6,true,true,1741,1741,true,true,PASS
covariance:R7:1849,1849,R7,R6,R7;M,M;R6,true,true,871,871,true,true,PASS
covariance:R7:1863,1863,R7,R6,R7;M,M;R6,true,true,3491,3491,true,true,PASS
covariance:R7:1867,1867,R7,R6,R7;M,M;R6,true,true,3493,3493,true,true,PASS
covariance:R7:1869,1869,R7,R6,R7;M,M;R6,true,true,1747,1747,true,true,PASS
covariance:R7:1875,1875,R7,R6,R7;M,M;R6,true,true,3497,3497,true,true,PASS
covariance:R7:1877,1877,R7,R6,R7;M,M;R6,true,true,1749,1749,true,true,PASS
covariance:R7:1881,1881,R7,R6,R7;M,M;R6,true,true,875,875,true,true,PASS
covariance:R7:1891,1891,R7,R6,R7;M,M;R6,true,true,3505,3505,true,true,PASS
covariance:R7:1893,1893,R7,R6,R7;M,M;R6,true,true,1753,1753,true,true,PASS
covariance:R7:1897,1897,R7,R6,R7;M,M;R6,true,true,877,877,true,true,PASS
covariance:R7:1905,1905,R7,R6,R7;M,M;R6,true,true,439,439,true,true,PASS
covariance:R7:1927,1927,R7,R6,R7;M,M;R6,true,true,3523,3523,true,true,PASS
covariance:R7:1931,1931,R7,R6,R7;M,M;R6,true,true,3525,3525,true,true,PASS
covariance:R7:1933,1933,R7,R6,R7;M,M;R6,true,true,1763,1763,true,true,PASS
covariance:R7:1939,1939,R7,R6,R7;M,M;R6,true,true,3529,3529,true,true,PASS
covariance:R7:1941,1941,R7,R6,R7;M,M;R6,true,true,1765,1765,true,true,PASS
covariance:R7:1945,1945,R7,R6,R7;M,M;R6,true,true,883,883,true,true,PASS
covariance:R7:1955,1955,R7,R6,R7;M,M;R6,true,true,3537,3537,true,true,PASS
covariance:R7:1957,1957,R7,R6,R7;M,M;R6,true,true,1769,1769,true,true,PASS
covariance:R7:1961,1961,R7,R6,R7;M,M;R6,true,true,885,885,true,true,PASS
covariance:R7:1969,1969,R7,R6,R7;M,M;R6,true,true,443,443,true,true,PASS
covariance:R7:1987,1987,R7,R6,R7;M,M;R6,true,true,3553,3553,true,true,PASS
covariance:R7:1989,1989,R7,R6,R7;M,M;R6,true,true,1777,1777,true,true,PASS
covariance:R7:1993,1993,R7,R6,R7;M,M;R6,true,true,889,889,true,true,PASS
covariance:R7:2001,2001,R7,R6,R7;M,M;R6,true,true,445,445,true,true,PASS
covariance:R7:2017,2017,R7,R6,R7;M,M;R6,true,true,223,223,true,true,PASS
covariance:R7:2111,2111,R7,R6,R7;M,M;R6,false,false,,,true,true,PASS
covariance:R7:2143,2143,R7,R6,R7;M,M;R6,false,false,,,true,true,PASS
covariance:R7:2159,2159,R7,R6,R7;M,M;R6,false,false,,,true,true,PASS
covariance:R7:2167,2167,R7,R6,R7;M,M;R6,false,false,,,true,true,PASS
covariance:R7:2171,2171,R7,R6,R7;M,M;R6,false,false,,,true,true,PASS
covariance:R7:2173,2173,R7,R6,R7;M,M;R6,false,false,,,true,true,PASS
covariance:R7:2207,2207,R7,R6,R7;M,M;R6,false,false,,,true,true,PASS
covariance:R7:2223,2223,R7,R6,R7;M,M;R6,false,false,,,true,true,PASS
covariance:R7:2231,2231,R7,R6,R7;M,M;R6,false,false,,,true,true,PASS
covariance:R7:2235,2235,R7,R6,R7;M,M;R6,false,false,,,true,true,PASS
covariance:R7:2237,2237,R7,R6,R7;M,M;R6,false,false,,,true,true,PASS
covariance:R7:2255,2255,R7,R6,R7;M,M;R6,false,false,,,true,true,PASS
covariance:R7:2263,2263,R7,R6,R7;M,M;R6,false,false,,,true,true,PASS
covariance:R7:2267,2267,R7,R6,R7;M,M;R6,false,false,,,true,true,PASS
covariance:R7:2269,2269,R7,R6,R7;M,M;R6,false,false,,,true,true,PASS
covariance:R7:2279,2279,R7,R6,R7;M,M;R6,false,false,,,true,true,PASS
covariance:R7:2283,2283,R7,R6,R7;M,M;R6,false,false,,,true,true,PASS
covariance:R7:2285,2285,R7,R6,R7;M,M;R6,false,false,,,true,true,PASS
covariance:R7:2291,2291,R7,R6,R7;M,M;R6,false,false,,,true,true,PASS
covariance:R7:2293,2293,R7,R6,R7;M,M;R6,false,false,,,true,true,PASS
covariance:R7:2297,2297,R7,R6,R7;M,M;R6,false,false,,,true,true,PASS
covariance:R7:2335,2335,R7,R6,R7;M,M;R6,false,false,,,true,true,PASS
covariance:R7:2351,2351,R7,R6,R7;M,M;R6,false,false,,,true,true,PASS
covariance:R7:2359,2359,R7,R6,R7;M,M;R6,false,false,,,true,true,PASS
covariance:R7:2363,2363,R7,R6,R7;M,M;R6,false,false,,,true,true,PASS
covariance:R7:2365,2365,R7,R6,R7;M,M;R6,false,false,,,true,true,PASS
covariance:R7:2383,2383,R7,R6,R7;M,M;R6,false,false,,,true,true,PASS
covariance:R7:2391,2391,R7,R6,R7;M,M;R6,false,false,,,true,true,PASS
covariance:R7:2395,2395,R7,R6,R7;M,M;R6,false,false,,,true,true,PASS
covariance:R7:2397,2397,R7,R6,R7;M,M;R6,false,false,,,true,true,PASS
covariance:R7:2407,2407,R7,R6,R7;M,M;R6,false,false,,,true,true,PASS
covariance:R7:2411,2411,R7,R6,R7;M,M;R6,false,false,,,true,true,PASS
covariance:R7:2413,2413,R7,R6,R7;M,M;R6,false,false,,,true,true,PASS
covariance:R7:2419,2419,R7,R6,R7;M,M;R6,false,false,,,true,true,PASS
covariance:R7:2421,2421,R7,R6,R7;M,M;R6,false,false,,,true,true,PASS
covariance:R7:2425,2425,R7,R6,R7;M,M;R6,false,false,,,true,true,PASS
covariance:R7:2447,2447,R7,R6,R7;M,M;R6,false,false,,,true,true,PASS
covariance:R7:2455,2455,R7,R6,R7;M,M;R6,false,false,,,true,true,PASS
covariance:R7:2459,2459,R7,R6,R7;M,M;R6,false,false,,,true,true,PASS
covariance:R7:2461,2461,R7,R6,R7;M,M;R6,false,false,,,true,true,PASS
covariance:R7:2471,2471,R7,R6,R7;M,M;R6,false,false,,,true,true,PASS
covariance:R7:2475,2475,R7,R6,R7;M,M;R6,false,false,,,true,true,PASS
covariance:R7:2477,2477,R7,R6,R7;M,M;R6,false,false,,,true,true,PASS
covariance:R7:2483,2483,R7,R6,R7;M,M;R6,false,false,,,true,true,PASS
covariance:R7:2485,2485,R7,R6,R7;M,M;R6,false,false,,,true,true,PASS
covariance:R7:2489,2489,R7,R6,R7;M,M;R6,false,false,,,true,true,PASS
covariance:R7:2503,2503,R7,R6,R7;M,M;R6,false,false,,,true,true,PASS
covariance:R7:2507,2507,R7,R6,R7;M,M;R6,false,false,,,true,true,PASS
covariance:R7:2509,2509,R7,R6,R7;M,M;R6,false,false,,,true,true,PASS
covariance:R7:2515,2515,R7,R6,R7;M,M;R6,false,false,,,true,true,PASS
covariance:R7:2517,2517,R7,R6,R7;M,M;R6,false,false,,,true,true,PASS
covariance:R7:2521,2521,R7,R6,R7;M,M;R6,false,false,,,true,true,PASS
covariance:R7:2531,2531,R7,R6,R7;M,M;R6,false,false,,,true,true,PASS
covariance:R7:2533,2533,R7,R6,R7;M,M;R6,false,false,,,true,true,PASS
covariance:R7:2537,2537,R7,R6,R7;M,M;R6,false,false,,,true,true,PASS
covariance:R7:2545,2545,R7,R6,R7;M,M;R6,false,false,,,true,true,PASS
covariance:R7:2591,2591,R7,R6,R7;M,M;R6,false,false,,,true,true,PASS
covariance:R7:2607,2607,R7,R6,R7;M,M;R6,false,false,,,true,true,PASS
covariance:R7:2615,2615,R7,R6,R7;M,M;R6,false,false,,,true,true,PASS
covariance:R7:2619,2619,R7,R6,R7;M,M;R6,false,false,,,true,true,PASS
covariance:R7:2621,2621,R7,R6,R7;M,M;R6,false,false,,,true,true,PASS
covariance:R7:2639,2639,R7,R6,R7;M,M;R6,false,false,,,true,true,PASS
covariance:R7:2647,2647,R7,R6,R7;M,M;R6,false,false,,,true,true,PASS
covariance:R7:2651,2651,R7,R6,R7;M,M;R6,false,false,,,true,true,PASS
covariance:R7:2653,2653,R7,R6,R7;M,M;R6,false,false,,,true,true,PASS
covariance:R7:2663,2663,R7,R6,R7;M,M;R6,false,false,,,true,true,PASS
covariance:R7:2667,2667,R7,R6,R7;M,M;R6,false,false,,,true,true,PASS
covariance:R7:2669,2669,R7,R6,R7;M,M;R6,false,false,,,true,true,PASS
covariance:R7:2675,2675,R7,R6,R7;M,M;R6,false,false,,,true,true,PASS
covariance:R7:2677,2677,R7,R6,R7;M,M;R6,false,false,,,true,true,PASS
covariance:R7:2681,2681,R7,R6,R7;M,M;R6,false,false,,,true,true,PASS
covariance:R7:2703,2703,R7,R6,R7;M,M;R6,false,false,,,true,true,PASS
covariance:R7:2711,2711,R7,R6,R7;M,M;R6,false,false,,,true,true,PASS
covariance:R7:2715,2715,R7,R6,R7;M,M;R6,false,false,,,true,true,PASS
covariance:R7:2717,2717,R7,R6,R7;M,M;R6,false,false,,,true,true,PASS
covariance:R7:2727,2727,R7,R6,R7;M,M;R6,false,false,,,true,true,PASS
covariance:R7:2731,2731,R7,R6,R7;M,M;R6,false,false,,,true,true,PASS
covariance:R7:2733,2733,R7,R6,R7;M,M;R6,false,false,,,true,true,PASS
covariance:R7:2739,2739,R7,R6,R7;M,M;R6,false,false,,,true,true,PASS
covariance:R7:2741,2741,R7,R6,R7;M,M;R6,false,false,,,true,true,PASS
covariance:R7:2745,2745,R7,R6,R7;M,M;R6,false,false,,,true,true,PASS
covariance:R7:2759,2759,R7,R6,R7;M,M;R6,false,false,,,true,true,PASS
covariance:R7:2763,2763,R7,R6,R7;M,M;R6,false,false,,,true,true,PASS
covariance:R7:2765,2765,R7,R6,R7;M,M;R6,false,false,,,true,true,PASS
covariance:R7:2771,2771,R7,R6,R7;M,M;R6,false,false,,,true,true,PASS
covariance:R7:2773,2773,R7,R6,R7;M,M;R6,false,false,,,true,true,PASS
covariance:R7:2777,2777,R7,R6,R7;M,M;R6,false,false,,,true,true,PASS
covariance:R7:2787,2787,R7,R6,R7;M,M;R6,false,false,,,true,true,PASS
covariance:R7:2789,2789,R7,R6,R7;M,M;R6,false,false,,,true,true,PASS
covariance:R7:2793,2793,R7,R6,R7;M,M;R6,false,false,,,true,true,PASS
covariance:R7:2801,2801,R7,R6,R7;M,M;R6,false,false,,,true,true,PASS
covariance:R7:2831,2831,R7,R6,R7;M,M;R6,false,false,,,true,true,PASS
covariance:R7:2839,2839,R7,R6,R7;M,M;R6,false,false,,,true,true,PASS
covariance:R7:2843,2843,R7,R6,R7;M,M;R6,false,false,,,true,true,PASS
covariance:R7:2845,2845,R7,R6,R7;M,M;R6,false,false,,,true,true,PASS
covariance:R7:2855,2855,R7,R6,R7;M,M;R6,false,false,,,true,true,PASS
covariance:R7:2859,2859,R7,R6,R7;M,M;R6,false,false,,,true,true,PASS
covariance:R7:2861,2861,R7,R6,R7;M,M;R6,false,false,,,true,true,PASS
covariance:R7:2867,2867,R7,R6,R7;M,M;R6,false,false,,,true,true,PASS
covariance:R7:2869,2869,R7,R6,R7;M,M;R6,false,false,,,true,true,PASS
covariance:R7:2873,2873,R7,R6,R7;M,M;R6,false,false,,,true,true,PASS
covariance:R7:2887,2887,R7,R6,R7;M,M;R6,false,false,,,true,true,PASS
covariance:R7:2891,2891,R7,R6,R7;M,M;R6,false,false,,,true,true,PASS
covariance:R7:2893,2893,R7,R6,R7;M,M;R6,false,false,,,true,true,PASS
covariance:R7:2899,2899,R7,R6,R7;M,M;R6,false,false,,,true,true,PASS
covariance:R7:2901,2901,R7,R6,R7;M,M;R6,false,false,,,true,true,PASS
covariance:R7:2905,2905,R7,R6,R7;M,M;R6,false,false,,,true,true,PASS
covariance:R7:2915,2915,R7,R6,R7;M,M;R6,false,false,,,true,true,PASS
covariance:R7:2917,2917,R7,R6,R7;M,M;R6,false,false,,,true,true,PASS
covariance:R7:2921,2921,R7,R6,R7;M,M;R6,false,false,,,true,true,PASS
covariance:R7:2929,2929,R7,R6,R7;M,M;R6,false,false,,,true,true,PASS
covariance:R7:2951,2951,R7,R6,R7;M,M;R6,false,false,,,true,true,PASS
covariance:R7:2955,2955,R7,R6,R7;M,M;R6,false,false,,,true,true,PASS
covariance:R7:2957,2957,R7,R6,R7;M,M;R6,false,false,,,true,true,PASS
covariance:R7:2963,2963,R7,R6,R7;M,M;R6,false,false,,,true,true,PASS
covariance:R7:2965,2965,R7,R6,R7;M,M;R6,false,false,,,true,true,PASS
covariance:R7:2969,2969,R7,R6,R7;M,M;R6,false,false,,,true,true,PASS
covariance:R7:2979,2979,R7,R6,R7;M,M;R6,false,false,,,true,true,PASS
covariance:R7:2981,2981,R7,R6,R7;M,M;R6,false,false,,,true,true,PASS
covariance:R7:2985,2985,R7,R6,R7;M,M;R6,false,false,,,true,true,PASS
covariance:R7:2993,2993,R7,R6,R7;M,M;R6,false,false,,,true,true,PASS
covariance:R7:3011,3011,R7,R6,R7;M,M;R6,false,false,,,true,true,PASS
covariance:R7:3013,3013,R7,R6,R7;M,M;R6,false,false,,,true,true,PASS
covariance:R7:3017,3017,R7,R6,R7;M,M;R6,false,false,,,true,true,PASS
covariance:R7:3025,3025,R7,R6,R7;M,M;R6,false,false,,,true,true,PASS
covariance:R7:3041,3041,R7,R6,R7;M,M;R6,false,false,,,true,true,PASS
covariance:R7:3103,3103,R7,R6,R7;M,M;R6,false,false,,,true,true,PASS
covariance:R7:3119,3119,R7,R6,R7;M,M;R6,false,false,,,true,true,PASS
covariance:R7:3127,3127,R7,R6,R7;M,M;R6,false,false,,,true,true,PASS
covariance:R7:3131,3131,R7,R6,R7;M,M;R6,false,false,,,true,true,PASS
covariance:R7:3133,3133,R7,R6,R7;M,M;R6,false,false,,,true,true,PASS
covariance:R7:3151,3151,R7,R6,R7;M,M;R6,false,false,,,true,true,PASS
covariance:R7:3159,3159,R7,R6,R7;M,M;R6,false,false,,,true,true,PASS
covariance:R7:3163,3163,R7,R6,R7;M,M;R6,false,false,,,true,true,PASS
covariance:R7:3165,3165,R7,R6,R7;M,M;R6,false,false,,,true,true,PASS
covariance:R7:3175,3175,R7,R6,R7;M,M;R6,false,false,,,true,true,PASS
covariance:R7:3179,3179,R7,R6,R7;M,M;R6,false,false,,,true,true,PASS
covariance:R7:3181,3181,R7,R6,R7;M,M;R6,false,false,,,true,true,PASS
covariance:R7:3187,3187,R7,R6,R7;M,M;R6,false,false,,,true,true,PASS
covariance:R7:3189,3189,R7,R6,R7;M,M;R6,false,false,,,true,true,PASS
covariance:R7:3193,3193,R7,R6,R7;M,M;R6,false,false,,,true,true,PASS
covariance:R7:3215,3215,R7,R6,R7;M,M;R6,false,false,,,true,true,PASS
covariance:R7:3223,3223,R7,R6,R7;M,M;R6,false,false,,,true,true,PASS
covariance:R7:3227,3227,R7,R6,R7;M,M;R6,false,false,,,true,true,PASS
covariance:R7:3229,3229,R7,R6,R7;M,M;R6,false,false,,,true,true,PASS
covariance:R7:3239,3239,R7,R6,R7;M,M;R6,false,false,,,true,true,PASS
covariance:R7:3243,3243,R7,R6,R7;M,M;R6,false,false,,,true,true,PASS
covariance:R7:3245,3245,R7,R6,R7;M,M;R6,false,false,,,true,true,PASS
covariance:R7:3251,3251,R7,R6,R7;M,M;R6,false,false,,,true,true,PASS
covariance:R7:3253,3253,R7,R6,R7;M,M;R6,false,false,,,true,true,PASS
covariance:R7:3257,3257,R7,R6,R7;M,M;R6,false,false,,,true,true,PASS
covariance:R7:3271,3271,R7,R6,R7;M,M;R6,false,false,,,true,true,PASS
covariance:R7:3275,3275,R7,R6,R7;M,M;R6,false,false,,,true,true,PASS
covariance:R7:3277,3277,R7,R6,R7;M,M;R6,false,false,,,true,true,PASS
covariance:R7:3283,3283,R7,R6,R7;M,M;R6,false,false,,,true,true,PASS
covariance:R7:3285,3285,R7,R6,R7;M,M;R6,false,false,,,true,true,PASS
covariance:R7:3289,3289,R7,R6,R7;M,M;R6,false,false,,,true,true,PASS
covariance:R7:3299,3299,R7,R6,R7;M,M;R6,false,false,,,true,true,PASS
covariance:R7:3301,3301,R7,R6,R7;M,M;R6,false,false,,,true,true,PASS
covariance:R7:3305,3305,R7,R6,R7;M,M;R6,false,false,,,true,true,PASS
covariance:R7:3313,3313,R7,R6,R7;M,M;R6,false,false,,,true,true,PASS
covariance:R7:3343,3343,R7,R6,R7;M,M;R6,false,false,,,true,true,PASS
covariance:R7:3351,3351,R7,R6,R7;M,M;R6,false,false,,,true,true,PASS
covariance:R7:3355,3355,R7,R6,R7;M,M;R6,false,false,,,true,true,PASS
covariance:R7:3357,3357,R7,R6,R7;M,M;R6,false,false,,,true,true,PASS
covariance:R7:3367,3367,R7,R6,R7;M,M;R6,false,false,,,true,true,PASS
covariance:R7:3371,3371,R7,R6,R7;M,M;R6,false,false,,,true,true,PASS
covariance:R7:3373,3373,R7,R6,R7;M,M;R6,false,false,,,true,true,PASS
covariance:R7:3379,3379,R7,R6,R7;M,M;R6,false,false,,,true,true,PASS
covariance:R7:3381,3381,R7,R6,R7;M,M;R6,false,false,,,true,true,PASS
covariance:R7:3385,3385,R7,R6,R7;M,M;R6,false,false,,,true,true,PASS
covariance:R7:3399,3399,R7,R6,R7;M,M;R6,false,false,,,true,true,PASS
covariance:R7:3403,3403,R7,R6,R7;M,M;R6,false,false,,,true,true,PASS
covariance:R7:3405,3405,R7,R6,R7;M,M;R6,false,false,,,true,true,PASS
covariance:R7:3411,3411,R7,R6,R7;M,M;R6,false,false,,,true,true,PASS
covariance:R7:3413,3413,R7,R6,R7;M,M;R6,false,false,,,true,true,PASS
covariance:R7:3417,3417,R7,R6,R7;M,M;R6,false,false,,,true,true,PASS
covariance:R7:3427,3427,R7,R6,R7;M,M;R6,false,false,,,true,true,PASS
covariance:R7:3429,3429,R7,R6,R7;M,M;R6,false,false,,,true,true,PASS
covariance:R7:3433,3433,R7,R6,R7;M,M;R6,false,false,,,true,true,PASS
covariance:R7:3441,3441,R7,R6,R7;M,M;R6,false,false,,,true,true,PASS
covariance:R7:3463,3463,R7,R6,R7;M,M;R6,false,false,,,true,true,PASS
covariance:R7:3467,3467,R7,R6,R7;M,M;R6,false,false,,,true,true,PASS
covariance:R7:3469,3469,R7,R6,R7;M,M;R6,false,false,,,true,true,PASS
covariance:R7:3475,3475,R7,R6,R7;M,M;R6,false,false,,,true,true,PASS
covariance:R7:3477,3477,R7,R6,R7;M,M;R6,false,false,,,true,true,PASS
covariance:R7:3481,3481,R7,R6,R7;M,M;R6,false,false,,,true,true,PASS
covariance:R7:3491,3491,R7,R6,R7;M,M;R6,false,false,,,true,true,PASS
covariance:R7:3493,3493,R7,R6,R7;M,M;R6,false,false,,,true,true,PASS
covariance:R7:3497,3497,R7,R6,R7;M,M;R6,false,false,,,true,true,PASS
covariance:R7:3505,3505,R7,R6,R7;M,M;R6,false,false,,,true,true,PASS
covariance:R7:3523,3523,R7,R6,R7;M,M;R6,false,false,,,true,true,PASS
covariance:R7:3525,3525,R7,R6,R7;M,M;R6,false,false,,,true,true,PASS
covariance:R7:3529,3529,R7,R6,R7;M,M;R6,false,false,,,true,true,PASS
covariance:R7:3537,3537,R7,R6,R7;M,M;R6,false,false,,,true,true,PASS
covariance:R7:3553,3553,R7,R6,R7;M,M;R6,false,false,,,true,true,PASS
covariance:R7:3599,3599,R7,R6,R7;M,M;R6,false,false,,,true,true,PASS
covariance:R7:3607,3607,R7,R6,R7;M,M;R6,false,false,,,true,true,PASS
covariance:R7:3611,3611,R7,R6,R7;M,M;R6,false,false,,,true,true,PASS
covariance:R7:3613,3613,R7,R6,R7;M,M;R6,false,false,,,true,true,PASS
covariance:R7:3623,3623,R7,R6,R7;M,M;R6,false,false,,,true,true,PASS
covariance:R7:3627,3627,R7,R6,R7;M,M;R6,false,false,,,true,true,PASS
covariance:R7:3629,3629,R7,R6,R7;M,M;R6,false,false,,,true,true,PASS
covariance:R7:3635,3635,R7,R6,R7;M,M;R6,false,false,,,true,true,PASS
covariance:R7:3637,3637,R7,R6,R7;M,M;R6,false,false,,,true,true,PASS
covariance:R7:3641,3641,R7,R6,R7;M,M;R6,false,false,,,true,true,PASS
covariance:R7:3655,3655,R7,R6,R7;M,M;R6,false,false,,,true,true,PASS
covariance:R7:3659,3659,R7,R6,R7;M,M;R6,false,false,,,true,true,PASS
covariance:R7:3661,3661,R7,R6,R7;M,M;R6,false,false,,,true,true,PASS
covariance:R7:3667,3667,R7,R6,R7;M,M;R6,false,false,,,true,true,PASS
covariance:R7:3669,3669,R7,R6,R7;M,M;R6,false,false,,,true,true,PASS
covariance:R7:3673,3673,R7,R6,R7;M,M;R6,false,false,,,true,true,PASS
covariance:R7:3683,3683,R7,R6,R7;M,M;R6,false,false,,,true,true,PASS
covariance:R7:3685,3685,R7,R6,R7;M,M;R6,false,false,,,true,true,PASS
covariance:R7:3689,3689,R7,R6,R7;M,M;R6,false,false,,,true,true,PASS
covariance:R7:3697,3697,R7,R6,R7;M,M;R6,false,false,,,true,true,PASS
covariance:R7:3719,3719,R7,R6,R7;M,M;R6,false,false,,,true,true,PASS
covariance:R7:3723,3723,R7,R6,R7;M,M;R6,false,false,,,true,true,PASS
covariance:R7:3725,3725,R7,R6,R7;M,M;R6,false,false,,,true,true,PASS
covariance:R7:3731,3731,R7,R6,R7;M,M;R6,false,false,,,true,true,PASS
covariance:R7:3733,3733,R7,R6,R7;M,M;R6,false,false,,,true,true,PASS
covariance:R7:3737,3737,R7,R6,R7;M,M;R6,false,false,,,true,true,PASS
covariance:R7:3747,3747,R7,R6,R7;M,M;R6,false,false,,,true,true,PASS
covariance:R7:3749,3749,R7,R6,R7;M,M;R6,false,false,,,true,true,PASS
covariance:R7:3753,3753,R7,R6,R7;M,M;R6,false,false,,,true,true,PASS
covariance:R7:3761,3761,R7,R6,R7;M,M;R6,false,false,,,true,true,PASS
covariance:R7:3779,3779,R7,R6,R7;M,M;R6,false,false,,,true,true,PASS
covariance:R7:3781,3781,R7,R6,R7;M,M;R6,false,false,,,true,true,PASS
covariance:R7:3785,3785,R7,R6,R7;M,M;R6,false,false,,,true,true,PASS
covariance:R7:3793,3793,R7,R6,R7;M,M;R6,false,false,,,true,true,PASS
covariance:R7:3809,3809,R7,R6,R7;M,M;R6,false,false,,,true,true,PASS
covariance:R7:3847,3847,R7,R6,R7;M,M;R6,false,false,,,true,true,PASS
covariance:R7:3851,3851,R7,R6,R7;M,M;R6,false,false,,,true,true,PASS
covariance:R7:3853,3853,R7,R6,R7;M,M;R6,false,false,,,true,true,PASS
covariance:R7:3859,3859,R7,R6,R7;M,M;R6,false,false,,,true,true,PASS
covariance:R7:3861,3861,R7,R6,R7;M,M;R6,false,false,,,true,true,PASS
covariance:R7:3865,3865,R7,R6,R7;M,M;R6,false,false,,,true,true,PASS
covariance:R7:3875,3875,R7,R6,R7;M,M;R6,false,false,,,true,true,PASS
covariance:R7:3877,3877,R7,R6,R7;M,M;R6,false,false,,,true,true,PASS
covariance:R7:3881,3881,R7,R6,R7;M,M;R6,false,false,,,true,true,PASS
covariance:R7:3889,3889,R7,R6,R7;M,M;R6,false,false,,,true,true,PASS
covariance:R7:3907,3907,R7,R6,R7;M,M;R6,false,false,,,true,true,PASS
covariance:R7:3909,3909,R7,R6,R7;M,M;R6,false,false,,,true,true,PASS
covariance:R7:3913,3913,R7,R6,R7;M,M;R6,false,false,,,true,true,PASS
covariance:R7:3921,3921,R7,R6,R7;M,M;R6,false,false,,,true,true,PASS
covariance:R7:3937,3937,R7,R6,R7;M,M;R6,false,false,,,true,true,PASS
covariance:R7:3971,3971,R7,R6,R7;M,M;R6,false,false,,,true,true,PASS
covariance:R7:3973,3973,R7,R6,R7;M,M;R6,false,false,,,true,true,PASS
covariance:R7:3977,3977,R7,R6,R7;M,M;R6,false,false,,,true,true,PASS
covariance:R7:3985,3985,R7,R6,R7;M,M;R6,false,false,,,true,true,PASS
covariance:R7:4001,4001,R7,R6,R7;M,M;R6,false,false,,,true,true,PASS
covariance:R7:4033,4033,R7,R6,R7;M,M;R6,false,false,,,true,true,PASS
covariance:L7:127,127,L7,L6,L7;M,M;L6,false,false,,,true,true,PASS
covariance:L7:191,191,L7,L6,L7;M,M;L6,true,true,2111,2111,true,true,PASS
covariance:L7:223,223,L7,L6,L7;M,M;L6,false,false,,,true,true,PASS
covariance:L7:239,239,L7,L6,L7;M,M;L6,false,false,,,true,true,PASS
covariance:L7:247,247,L7,L6,L7;M,M;L6,false,false,,,true,true,PASS
covariance:L7:251,251,L7,L6,L7;M,M;L6,false,false,,,true,true,PASS
covariance:L7:253,253,L7,L6,L7;M,M;L6,false,false,,,true,true,PASS
covariance:L7:319,319,L7,L6,L7;M,M;L6,true,true,2143,2143,true,true,PASS
covariance:L7:351,351,L7,L6,L7;M,M;L6,true,true,2159,2159,true,true,PASS
covariance:L7:367,367,L7,L6,L7;M,M;L6,true,true,2167,2167,true,true,PASS
covariance:L7:375,375,L7,L6,L7;M,M;L6,true,true,2171,2171,true,true,PASS
covariance:L7:379,379,L7,L6,L7;M,M;L6,true,true,2173,2173,true,true,PASS
covariance:L7:381,381,L7,L6,L7;M,M;L6,true,true,1087,1087,true,true,PASS
covariance:L7:415,415,L7,L6,L7;M,M;L6,false,false,,,true,true,PASS
covariance:L7:431,431,L7,L6,L7;M,M;L6,false,false,,,true,true,PASS
covariance:L7:439,439,L7,L6,L7;M,M;L6,false,false,,,true,true,PASS
covariance:L7:443,443,L7,L6,L7;M,M;L6,false,false,,,true,true,PASS
covariance:L7:445,445,L7,L6,L7;M,M;L6,false,false,,,true,true,PASS
covariance:L7:463,463,L7,L6,L7;M,M;L6,false,false,,,true,true,PASS
covariance:L7:471,471,L7,L6,L7;M,M;L6,false,false,,,true,true,PASS
covariance:L7:475,475,L7,L6,L7;M,M;L6,false,false,,,true,true,PASS
covariance:L7:477,477,L7,L6,L7;M,M;L6,false,false,,,true,true,PASS
covariance:L7:487,487,L7,L6,L7;M,M;L6,false,false,,,true,true,PASS
covariance:L7:491,491,L7,L6,L7;M,M;L6,false,false,,,true,true,PASS
covariance:L7:493,493,L7,L6,L7;M,M;L6,false,false,,,true,true,PASS
covariance:L7:499,499,L7,L6,L7;M,M;L6,false,false,,,true,true,PASS
covariance:L7:501,501,L7,L6,L7;M,M;L6,false,false,,,true,true,PASS
covariance:L7:505,505,L7,L6,L7;M,M;L6,false,false,,,true,true,PASS
covariance:L7:575,575,L7,L6,L7;M,M;L6,true,true,2207,2207,true,true,PASS
covariance:L7:607,607,L7,L6,L7;M,M;L6,true,true,2223,2223,true,true,PASS
covariance:L7:623,623,L7,L6,L7;M,M;L6,true,true,2231,2231,true,true,PASS
covariance:L7:631,631,L7,L6,L7;M,M;L6,true,true,2235,2235,true,true,PASS
covariance:L7:635,635,L7,L6,L7;M,M;L6,true,true,2237,2237,true,true,PASS
covariance:L7:637,637,L7,L6,L7;M,M;L6,true,true,1119,1119,true,true,PASS
covariance:L7:671,671,L7,L6,L7;M,M;L6,true,true,2255,2255,true,true,PASS
covariance:L7:687,687,L7,L6,L7;M,M;L6,true,true,2263,2263,true,true,PASS
covariance:L7:695,695,L7,L6,L7;M,M;L6,true,true,2267,2267,true,true,PASS
covariance:L7:699,699,L7,L6,L7;M,M;L6,true,true,2269,2269,true,true,PASS
covariance:L7:701,701,L7,L6,L7;M,M;L6,true,true,1135,1135,true,true,PASS
covariance:L7:719,719,L7,L6,L7;M,M;L6,true,true,2279,2279,true,true,PASS
covariance:L7:727,727,L7,L6,L7;M,M;L6,true,true,2283,2283,true,true,PASS
covariance:L7:731,731,L7,L6,L7;M,M;L6,true,true,2285,2285,true,true,PASS
covariance:L7:733,733,L7,L6,L7;M,M;L6,true,true,1143,1143,true,true,PASS
covariance:L7:743,743,L7,L6,L7;M,M;L6,true,true,2291,2291,true,true,PASS
covariance:L7:747,747,L7,L6,L7;M,M;L6,true,true,2293,2293,true,true,PASS
covariance:L7:749,749,L7,L6,L7;M,M;L6,true,true,1147,1147,true,true,PASS
covariance:L7:755,755,L7,L6,L7;M,M;L6,true,true,2297,2297,true,true,PASS
covariance:L7:757,757,L7,L6,L7;M,M;L6,true,true,1149,1149,true,true,PASS
covariance:L7:761,761,L7,L6,L7;M,M;L6,true,true,575,575,true,true,PASS
covariance:L7:799,799,L7,L6,L7;M,M;L6,false,false,,,true,true,PASS
covariance:L7:815,815,L7,L6,L7;M,M;L6,false,false,,,true,true,PASS
covariance:L7:823,823,L7,L6,L7;M,M;L6,false,false,,,true,true,PASS
covariance:L7:827,827,L7,L6,L7;M,M;L6,false,false,,,true,true,PASS
covariance:L7:829,829,L7,L6,L7;M,M;L6,false,false,,,true,true,PASS
covariance:L7:847,847,L7,L6,L7;M,M;L6,false,false,,,true,true,PASS
covariance:L7:855,855,L7,L6,L7;M,M;L6,false,false,,,true,true,PASS
covariance:L7:859,859,L7,L6,L7;M,M;L6,false,false,,,true,true,PASS
covariance:L7:861,861,L7,L6,L7;M,M;L6,false,false,,,true,true,PASS
covariance:L7:871,871,L7,L6,L7;M,M;L6,false,false,,,true,true,PASS
covariance:L7:875,875,L7,L6,L7;M,M;L6,false,false,,,true,true,PASS
covariance:L7:877,877,L7,L6,L7;M,M;L6,false,false,,,true,true,PASS
covariance:L7:883,883,L7,L6,L7;M,M;L6,false,false,,,true,true,PASS
covariance:L7:885,885,L7,L6,L7;M,M;L6,false,false,,,true,true,PASS
covariance:L7:889,889,L7,L6,L7;M,M;L6,false,false,,,true,true,PASS
covariance:L7:911,911,L7,L6,L7;M,M;L6,false,false,,,true,true,PASS
covariance:L7:919,919,L7,L6,L7;M,M;L6,false,false,,,true,true,PASS
covariance:L7:923,923,L7,L6,L7;M,M;L6,false,false,,,true,true,PASS
covariance:L7:925,925,L7,L6,L7;M,M;L6,false,false,,,true,true,PASS
covariance:L7:935,935,L7,L6,L7;M,M;L6,false,false,,,true,true,PASS
covariance:L7:939,939,L7,L6,L7;M,M;L6,false,false,,,true,true,PASS
covariance:L7:941,941,L7,L6,L7;M,M;L6,false,false,,,true,true,PASS
covariance:L7:947,947,L7,L6,L7;M,M;L6,false,false,,,true,true,PASS
covariance:L7:949,949,L7,L6,L7;M,M;L6,false,false,,,true,true,PASS
covariance:L7:953,953,L7,L6,L7;M,M;L6,false,false,,,true,true,PASS
covariance:L7:967,967,L7,L6,L7;M,M;L6,false,false,,,true,true,PASS
covariance:L7:971,971,L7,L6,L7;M,M;L6,false,false,,,true,true,PASS
covariance:L7:973,973,L7,L6,L7;M,M;L6,false,false,,,true,true,PASS
covariance:L7:979,979,L7,L6,L7;M,M;L6,false,false,,,true,true,PASS
covariance:L7:981,981,L7,L6,L7;M,M;L6,false,false,,,true,true,PASS
covariance:L7:985,985,L7,L6,L7;M,M;L6,false,false,,,true,true,PASS
covariance:L7:995,995,L7,L6,L7;M,M;L6,false,false,,,true,true,PASS
covariance:L7:997,997,L7,L6,L7;M,M;L6,false,false,,,true,true,PASS
covariance:L7:1001,1001,L7,L6,L7;M,M;L6,false,false,,,true,true,PASS
covariance:L7:1009,1009,L7,L6,L7;M,M;L6,false,false,,,true,true,PASS
covariance:L7:1087,1087,L7,L6,L7;M,M;L6,true,true,2335,2335,true,true,PASS
covariance:L7:1119,1119,L7,L6,L7;M,M;L6,true,true,2351,2351,true,true,PASS
covariance:L7:1135,1135,L7,L6,L7;M,M;L6,true,true,2359,2359,true,true,PASS
covariance:L7:1143,1143,L7,L6,L7;M,M;L6,true,true,2363,2363,true,true,PASS
covariance:L7:1147,1147,L7,L6,L7;M,M;L6,true,true,2365,2365,true,true,PASS
covariance:L7:1149,1149,L7,L6,L7;M,M;L6,true,true,1183,1183,true,true,PASS
covariance:L7:1183,1183,L7,L6,L7;M,M;L6,true,true,2383,2383,true,true,PASS
covariance:L7:1199,1199,L7,L6,L7;M,M;L6,true,true,2391,2391,true,true,PASS
covariance:L7:1207,1207,L7,L6,L7;M,M;L6,true,true,2395,2395,true,true,PASS
covariance:L7:1211,1211,L7,L6,L7;M,M;L6,true,true,2397,2397,true,true,PASS
covariance:L7:1213,1213,L7,L6,L7;M,M;L6,true,true,1199,1199,true,true,PASS
covariance:L7:1231,1231,L7,L6,L7;M,M;L6,true,true,2407,2407,true,true,PASS
covariance:L7:1239,1239,L7,L6,L7;M,M;L6,true,true,2411,2411,true,true,PASS
covariance:L7:1243,1243,L7,L6,L7;M,M;L6,true,true,2413,2413,true,true,PASS
covariance:L7:1245,1245,L7,L6,L7;M,M;L6,true,true,1207,1207,true,true,PASS
covariance:L7:1255,1255,L7,L6,L7;M,M;L6,true,true,2419,2419,true,true,PASS
covariance:L7:1259,1259,L7,L6,L7;M,M;L6,true,true,2421,2421,true,true,PASS
covariance:L7:1261,1261,L7,L6,L7;M,M;L6,true,true,1211,1211,true,true,PASS
covariance:L7:1267,1267,L7,L6,L7;M,M;L6,true,true,2425,2425,true,true,PASS
covariance:L7:1269,1269,L7,L6,L7;M,M;L6,true,true,1213,1213,true,true,PASS
covariance:L7:1273,1273,L7,L6,L7;M,M;L6,true,true,607,607,true,true,PASS
covariance:L7:1311,1311,L7,L6,L7;M,M;L6,true,true,2447,2447,true,true,PASS
covariance:L7:1327,1327,L7,L6,L7;M,M;L6,true,true,2455,2455,true,true,PASS
covariance:L7:1335,1335,L7,L6,L7;M,M;L6,true,true,2459,2459,true,true,PASS
covariance:L7:1339,1339,L7,L6,L7;M,M;L6,true,true,2461,2461,true,true,PASS
covariance:L7:1341,1341,L7,L6,L7;M,M;L6,true,true,1231,1231,true,true,PASS
covariance:L7:1359,1359,L7,L6,L7;M,M;L6,true,true,2471,2471,true,true,PASS
covariance:L7:1367,1367,L7,L6,L7;M,M;L6,true,true,2475,2475,true,true,PASS
covariance:L7:1371,1371,L7,L6,L7;M,M;L6,true,true,2477,2477,true,true,PASS
covariance:L7:1373,1373,L7,L6,L7;M,M;L6,true,true,1239,1239,true,true,PASS
covariance:L7:1383,1383,L7,L6,L7;M,M;L6,true,true,2483,2483,true,true,PASS
covariance:L7:1387,1387,L7,L6,L7;M,M;L6,true,true,2485,2485,true,true,PASS
covariance:L7:1389,1389,L7,L6,L7;M,M;L6,true,true,1243,1243,true,true,PASS
covariance:L7:1395,1395,L7,L6,L7;M,M;L6,true,true,2489,2489,true,true,PASS
covariance:L7:1397,1397,L7,L6,L7;M,M;L6,true,true,1245,1245,true,true,PASS
covariance:L7:1401,1401,L7,L6,L7;M,M;L6,true,true,623,623,true,true,PASS
covariance:L7:1423,1423,L7,L6,L7;M,M;L6,true,true,2503,2503,true,true,PASS
covariance:L7:1431,1431,L7,L6,L7;M,M;L6,true,true,2507,2507,true,true,PASS
covariance:L7:1435,1435,L7,L6,L7;M,M;L6,true,true,2509,2509,true,true,PASS
covariance:L7:1437,1437,L7,L6,L7;M,M;L6,true,true,1255,1255,true,true,PASS
covariance:L7:1447,1447,L7,L6,L7;M,M;L6,true,true,2515,2515,true,true,PASS
covariance:L7:1451,1451,L7,L6,L7;M,M;L6,true,true,2517,2517,true,true,PASS
covariance:L7:1453,1453,L7,L6,L7;M,M;L6,true,true,1259,1259,true,true,PASS
covariance:L7:1459,1459,L7,L6,L7;M,M;L6,true,true,2521,2521,true,true,PASS
covariance:L7:1461,1461,L7,L6,L7;M,M;L6,true,true,1261,1261,true,true,PASS
covariance:L7:1465,1465,L7,L6,L7;M,M;L6,true,true,631,631,true,true,PASS
covariance:L7:1479,1479,L7,L6,L7;M,M;L6,true,true,2531,2531,true,true,PASS
covariance:L7:1483,1483,L7,L6,L7;M,M;L6,true,true,2533,2533,true,true,PASS
covariance:L7:1485,1485,L7,L6,L7;M,M;L6,true,true,1267,1267,true,true,PASS
covariance:L7:1491,1491,L7,L6,L7;M,M;L6,true,true,2537,2537,true,true,PASS
covariance:L7:1493,1493,L7,L6,L7;M,M;L6,true,true,1269,1269,true,true,PASS
covariance:L7:1497,1497,L7,L6,L7;M,M;L6,true,true,635,635,true,true,PASS
covariance:L7:1507,1507,L7,L6,L7;M,M;L6,true,true,2545,2545,true,true,PASS
covariance:L7:1509,1509,L7,L6,L7;M,M;L6,true,true,1273,1273,true,true,PASS
covariance:L7:1513,1513,L7,L6,L7;M,M;L6,true,true,637,637,true,true,PASS
covariance:L7:1521,1521,L7,L6,L7;M,M;L6,true,true,319,319,true,true,PASS
covariance:L7:1567,1567,L7,L6,L7;M,M;L6,false,false,,,true,true,PASS
covariance:L7:1583,1583,L7,L6,L7;M,M;L6,false,false,,,true,true,PASS
covariance:L7:1591,1591,L7,L6,L7;M,M;L6,false,false,,,true,true,PASS
covariance:L7:1595,1595,L7,L6,L7;M,M;L6,false,false,,,true,true,PASS
covariance:L7:1597,1597,L7,L6,L7;M,M;L6,false,false,,,true,true,PASS
covariance:L7:1615,1615,L7,L6,L7;M,M;L6,false,false,,,true,true,PASS
covariance:L7:1623,1623,L7,L6,L7;M,M;L6,false,false,,,true,true,PASS
covariance:L7:1627,1627,L7,L6,L7;M,M;L6,false,false,,,true,true,PASS
covariance:L7:1629,1629,L7,L6,L7;M,M;L6,false,false,,,true,true,PASS
covariance:L7:1639,1639,L7,L6,L7;M,M;L6,false,false,,,true,true,PASS
covariance:L7:1643,1643,L7,L6,L7;M,M;L6,false,false,,,true,true,PASS
covariance:L7:1645,1645,L7,L6,L7;M,M;L6,false,false,,,true,true,PASS
covariance:L7:1651,1651,L7,L6,L7;M,M;L6,false,false,,,true,true,PASS
covariance:L7:1653,1653,L7,L6,L7;M,M;L6,false,false,,,true,true,PASS
covariance:L7:1657,1657,L7,L6,L7;M,M;L6,false,false,,,true,true,PASS
covariance:L7:1679,1679,L7,L6,L7;M,M;L6,false,false,,,true,true,PASS
covariance:L7:1687,1687,L7,L6,L7;M,M;L6,false,false,,,true,true,PASS
covariance:L7:1691,1691,L7,L6,L7;M,M;L6,false,false,,,true,true,PASS
covariance:L7:1693,1693,L7,L6,L7;M,M;L6,false,false,,,true,true,PASS
covariance:L7:1703,1703,L7,L6,L7;M,M;L6,false,false,,,true,true,PASS
covariance:L7:1707,1707,L7,L6,L7;M,M;L6,false,false,,,true,true,PASS
covariance:L7:1709,1709,L7,L6,L7;M,M;L6,false,false,,,true,true,PASS
covariance:L7:1715,1715,L7,L6,L7;M,M;L6,false,false,,,true,true,PASS
covariance:L7:1717,1717,L7,L6,L7;M,M;L6,false,false,,,true,true,PASS
covariance:L7:1721,1721,L7,L6,L7;M,M;L6,false,false,,,true,true,PASS
covariance:L7:1735,1735,L7,L6,L7;M,M;L6,false,false,,,true,true,PASS
covariance:L7:1739,1739,L7,L6,L7;M,M;L6,false,false,,,true,true,PASS
covariance:L7:1741,1741,L7,L6,L7;M,M;L6,false,false,,,true,true,PASS
covariance:L7:1747,1747,L7,L6,L7;M,M;L6,false,false,,,true,true,PASS
covariance:L7:1749,1749,L7,L6,L7;M,M;L6,false,false,,,true,true,PASS
covariance:L7:1753,1753,L7,L6,L7;M,M;L6,false,false,,,true,true,PASS
covariance:L7:1763,1763,L7,L6,L7;M,M;L6,false,false,,,true,true,PASS
covariance:L7:1765,1765,L7,L6,L7;M,M;L6,false,false,,,true,true,PASS
covariance:L7:1769,1769,L7,L6,L7;M,M;L6,false,false,,,true,true,PASS
covariance:L7:1777,1777,L7,L6,L7;M,M;L6,false,false,,,true,true,PASS
covariance:L7:1807,1807,L7,L6,L7;M,M;L6,false,false,,,true,true,PASS
covariance:L7:1815,1815,L7,L6,L7;M,M;L6,false,false,,,true,true,PASS
covariance:L7:1819,1819,L7,L6,L7;M,M;L6,false,false,,,true,true,PASS
covariance:L7:1821,1821,L7,L6,L7;M,M;L6,false,false,,,true,true,PASS
covariance:L7:1831,1831,L7,L6,L7;M,M;L6,false,false,,,true,true,PASS
covariance:L7:1835,1835,L7,L6,L7;M,M;L6,false,false,,,true,true,PASS
covariance:L7:1837,1837,L7,L6,L7;M,M;L6,false,false,,,true,true,PASS
covariance:L7:1843,1843,L7,L6,L7;M,M;L6,false,false,,,true,true,PASS
covariance:L7:1845,1845,L7,L6,L7;M,M;L6,false,false,,,true,true,PASS
covariance:L7:1849,1849,L7,L6,L7;M,M;L6,false,false,,,true,true,PASS
covariance:L7:1863,1863,L7,L6,L7;M,M;L6,false,false,,,true,true,PASS
covariance:L7:1867,1867,L7,L6,L7;M,M;L6,false,false,,,true,true,PASS
covariance:L7:1869,1869,L7,L6,L7;M,M;L6,false,false,,,true,true,PASS
covariance:L7:1875,1875,L7,L6,L7;M,M;L6,false,false,,,true,true,PASS
covariance:L7:1877,1877,L7,L6,L7;M,M;L6,false,false,,,true,true,PASS
covariance:L7:1881,1881,L7,L6,L7;M,M;L6,false,false,,,true,true,PASS
covariance:L7:1891,1891,L7,L6,L7;M,M;L6,false,false,,,true,true,PASS
covariance:L7:1893,1893,L7,L6,L7;M,M;L6,false,false,,,true,true,PASS
covariance:L7:1897,1897,L7,L6,L7;M,M;L6,false,false,,,true,true,PASS
covariance:L7:1905,1905,L7,L6,L7;M,M;L6,false,false,,,true,true,PASS
covariance:L7:1927,1927,L7,L6,L7;M,M;L6,false,false,,,true,true,PASS
covariance:L7:1931,1931,L7,L6,L7;M,M;L6,false,false,,,true,true,PASS
covariance:L7:1933,1933,L7,L6,L7;M,M;L6,false,false,,,true,true,PASS
covariance:L7:1939,1939,L7,L6,L7;M,M;L6,false,false,,,true,true,PASS
covariance:L7:1941,1941,L7,L6,L7;M,M;L6,false,false,,,true,true,PASS
covariance:L7:1945,1945,L7,L6,L7;M,M;L6,false,false,,,true,true,PASS
covariance:L7:1955,1955,L7,L6,L7;M,M;L6,false,false,,,true,true,PASS
covariance:L7:1957,1957,L7,L6,L7;M,M;L6,false,false,,,true,true,PASS
covariance:L7:1961,1961,L7,L6,L7;M,M;L6,false,false,,,true,true,PASS
covariance:L7:1969,1969,L7,L6,L7;M,M;L6,false,false,,,true,true,PASS
covariance:L7:1987,1987,L7,L6,L7;M,M;L6,false,false,,,true,true,PASS
covariance:L7:1989,1989,L7,L6,L7;M,M;L6,false,false,,,true,true,PASS
covariance:L7:1993,1993,L7,L6,L7;M,M;L6,false,false,,,true,true,PASS
covariance:L7:2001,2001,L7,L6,L7;M,M;L6,false,false,,,true,true,PASS
covariance:L7:2017,2017,L7,L6,L7;M,M;L6,false,false,,,true,true,PASS
covariance:L7:2111,2111,L7,L6,L7;M,M;L6,true,true,2591,2591,true,true,PASS
covariance:L7:2143,2143,L7,L6,L7;M,M;L6,true,true,2607,2607,true,true,PASS
covariance:L7:2159,2159,L7,L6,L7;M,M;L6,true,true,2615,2615,true,true,PASS
covariance:L7:2167,2167,L7,L6,L7;M,M;L6,true,true,2619,2619,true,true,PASS
covariance:L7:2171,2171,L7,L6,L7;M,M;L6,true,true,2621,2621,true,true,PASS
covariance:L7:2173,2173,L7,L6,L7;M,M;L6,true,true,1311,1311,true,true,PASS
covariance:L7:2207,2207,L7,L6,L7;M,M;L6,true,true,2639,2639,true,true,PASS
covariance:L7:2223,2223,L7,L6,L7;M,M;L6,true,true,2647,2647,true,true,PASS
covariance:L7:2231,2231,L7,L6,L7;M,M;L6,true,true,2651,2651,true,true,PASS
covariance:L7:2235,2235,L7,L6,L7;M,M;L6,true,true,2653,2653,true,true,PASS
covariance:L7:2237,2237,L7,L6,L7;M,M;L6,true,true,1327,1327,true,true,PASS
covariance:L7:2255,2255,L7,L6,L7;M,M;L6,true,true,2663,2663,true,true,PASS
covariance:L7:2263,2263,L7,L6,L7;M,M;L6,true,true,2667,2667,true,true,PASS
covariance:L7:2267,2267,L7,L6,L7;M,M;L6,true,true,2669,2669,true,true,PASS
covariance:L7:2269,2269,L7,L6,L7;M,M;L6,true,true,1335,1335,true,true,PASS
covariance:L7:2279,2279,L7,L6,L7;M,M;L6,true,true,2675,2675,true,true,PASS
covariance:L7:2283,2283,L7,L6,L7;M,M;L6,true,true,2677,2677,true,true,PASS
covariance:L7:2285,2285,L7,L6,L7;M,M;L6,true,true,1339,1339,true,true,PASS
covariance:L7:2291,2291,L7,L6,L7;M,M;L6,true,true,2681,2681,true,true,PASS
covariance:L7:2293,2293,L7,L6,L7;M,M;L6,true,true,1341,1341,true,true,PASS
covariance:L7:2297,2297,L7,L6,L7;M,M;L6,true,true,671,671,true,true,PASS
covariance:L7:2335,2335,L7,L6,L7;M,M;L6,true,true,2703,2703,true,true,PASS
covariance:L7:2351,2351,L7,L6,L7;M,M;L6,true,true,2711,2711,true,true,PASS
covariance:L7:2359,2359,L7,L6,L7;M,M;L6,true,true,2715,2715,true,true,PASS
covariance:L7:2363,2363,L7,L6,L7;M,M;L6,true,true,2717,2717,true,true,PASS
covariance:L7:2365,2365,L7,L6,L7;M,M;L6,true,true,1359,1359,true,true,PASS
covariance:L7:2383,2383,L7,L6,L7;M,M;L6,true,true,2727,2727,true,true,PASS
covariance:L7:2391,2391,L7,L6,L7;M,M;L6,true,true,2731,2731,true,true,PASS
covariance:L7:2395,2395,L7,L6,L7;M,M;L6,true,true,2733,2733,true,true,PASS
covariance:L7:2397,2397,L7,L6,L7;M,M;L6,true,true,1367,1367,true,true,PASS
covariance:L7:2407,2407,L7,L6,L7;M,M;L6,true,true,2739,2739,true,true,PASS
covariance:L7:2411,2411,L7,L6,L7;M,M;L6,true,true,2741,2741,true,true,PASS
covariance:L7:2413,2413,L7,L6,L7;M,M;L6,true,true,1371,1371,true,true,PASS
covariance:L7:2419,2419,L7,L6,L7;M,M;L6,true,true,2745,2745,true,true,PASS
covariance:L7:2421,2421,L7,L6,L7;M,M;L6,true,true,1373,1373,true,true,PASS
covariance:L7:2425,2425,L7,L6,L7;M,M;L6,true,true,687,687,true,true,PASS
covariance:L7:2447,2447,L7,L6,L7;M,M;L6,true,true,2759,2759,true,true,PASS
covariance:L7:2455,2455,L7,L6,L7;M,M;L6,true,true,2763,2763,true,true,PASS
covariance:L7:2459,2459,L7,L6,L7;M,M;L6,true,true,2765,2765,true,true,PASS
covariance:L7:2461,2461,L7,L6,L7;M,M;L6,true,true,1383,1383,true,true,PASS
covariance:L7:2471,2471,L7,L6,L7;M,M;L6,true,true,2771,2771,true,true,PASS
covariance:L7:2475,2475,L7,L6,L7;M,M;L6,true,true,2773,2773,true,true,PASS
covariance:L7:2477,2477,L7,L6,L7;M,M;L6,true,true,1387,1387,true,true,PASS
covariance:L7:2483,2483,L7,L6,L7;M,M;L6,true,true,2777,2777,true,true,PASS
covariance:L7:2485,2485,L7,L6,L7;M,M;L6,true,true,1389,1389,true,true,PASS
covariance:L7:2489,2489,L7,L6,L7;M,M;L6,true,true,695,695,true,true,PASS
covariance:L7:2503,2503,L7,L6,L7;M,M;L6,true,true,2787,2787,true,true,PASS
covariance:L7:2507,2507,L7,L6,L7;M,M;L6,true,true,2789,2789,true,true,PASS
covariance:L7:2509,2509,L7,L6,L7;M,M;L6,true,true,1395,1395,true,true,PASS
covariance:L7:2515,2515,L7,L6,L7;M,M;L6,true,true,2793,2793,true,true,PASS
covariance:L7:2517,2517,L7,L6,L7;M,M;L6,true,true,1397,1397,true,true,PASS
covariance:L7:2521,2521,L7,L6,L7;M,M;L6,true,true,699,699,true,true,PASS
covariance:L7:2531,2531,L7,L6,L7;M,M;L6,true,true,2801,2801,true,true,PASS
covariance:L7:2533,2533,L7,L6,L7;M,M;L6,true,true,1401,1401,true,true,PASS
covariance:L7:2537,2537,L7,L6,L7;M,M;L6,true,true,701,701,true,true,PASS
covariance:L7:2545,2545,L7,L6,L7;M,M;L6,true,true,351,351,true,true,PASS
covariance:L7:2591,2591,L7,L6,L7;M,M;L6,true,true,2831,2831,true,true,PASS
covariance:L7:2607,2607,L7,L6,L7;M,M;L6,true,true,2839,2839,true,true,PASS
covariance:L7:2615,2615,L7,L6,L7;M,M;L6,true,true,2843,2843,true,true,PASS
covariance:L7:2619,2619,L7,L6,L7;M,M;L6,true,true,2845,2845,true,true,PASS
covariance:L7:2621,2621,L7,L6,L7;M,M;L6,true,true,1423,1423,true,true,PASS
covariance:L7:2639,2639,L7,L6,L7;M,M;L6,true,true,2855,2855,true,true,PASS
covariance:L7:2647,2647,L7,L6,L7;M,M;L6,true,true,2859,2859,true,true,PASS
covariance:L7:2651,2651,L7,L6,L7;M,M;L6,true,true,2861,2861,true,true,PASS
covariance:L7:2653,2653,L7,L6,L7;M,M;L6,true,true,1431,1431,true,true,PASS
covariance:L7:2663,2663,L7,L6,L7;M,M;L6,true,true,2867,2867,true,true,PASS
covariance:L7:2667,2667,L7,L6,L7;M,M;L6,true,true,2869,2869,true,true,PASS
covariance:L7:2669,2669,L7,L6,L7;M,M;L6,true,true,1435,1435,true,true,PASS
covariance:L7:2675,2675,L7,L6,L7;M,M;L6,true,true,2873,2873,true,true,PASS
covariance:L7:2677,2677,L7,L6,L7;M,M;L6,true,true,1437,1437,true,true,PASS
covariance:L7:2681,2681,L7,L6,L7;M,M;L6,true,true,719,719,true,true,PASS
covariance:L7:2703,2703,L7,L6,L7;M,M;L6,true,true,2887,2887,true,true,PASS
covariance:L7:2711,2711,L7,L6,L7;M,M;L6,true,true,2891,2891,true,true,PASS
covariance:L7:2715,2715,L7,L6,L7;M,M;L6,true,true,2893,2893,true,true,PASS
covariance:L7:2717,2717,L7,L6,L7;M,M;L6,true,true,1447,1447,true,true,PASS
covariance:L7:2727,2727,L7,L6,L7;M,M;L6,true,true,2899,2899,true,true,PASS
covariance:L7:2731,2731,L7,L6,L7;M,M;L6,true,true,2901,2901,true,true,PASS
covariance:L7:2733,2733,L7,L6,L7;M,M;L6,true,true,1451,1451,true,true,PASS
covariance:L7:2739,2739,L7,L6,L7;M,M;L6,true,true,2905,2905,true,true,PASS
covariance:L7:2741,2741,L7,L6,L7;M,M;L6,true,true,1453,1453,true,true,PASS
covariance:L7:2745,2745,L7,L6,L7;M,M;L6,true,true,727,727,true,true,PASS
covariance:L7:2759,2759,L7,L6,L7;M,M;L6,true,true,2915,2915,true,true,PASS
covariance:L7:2763,2763,L7,L6,L7;M,M;L6,true,true,2917,2917,true,true,PASS
covariance:L7:2765,2765,L7,L6,L7;M,M;L6,true,true,1459,1459,true,true,PASS
covariance:L7:2771,2771,L7,L6,L7;M,M;L6,true,true,2921,2921,true,true,PASS
covariance:L7:2773,2773,L7,L6,L7;M,M;L6,true,true,1461,1461,true,true,PASS
covariance:L7:2777,2777,L7,L6,L7;M,M;L6,true,true,731,731,true,true,PASS
covariance:L7:2787,2787,L7,L6,L7;M,M;L6,true,true,2929,2929,true,true,PASS
covariance:L7:2789,2789,L7,L6,L7;M,M;L6,true,true,1465,1465,true,true,PASS
covariance:L7:2793,2793,L7,L6,L7;M,M;L6,true,true,733,733,true,true,PASS
covariance:L7:2801,2801,L7,L6,L7;M,M;L6,true,true,367,367,true,true,PASS
covariance:L7:2831,2831,L7,L6,L7;M,M;L6,true,true,2951,2951,true,true,PASS
covariance:L7:2839,2839,L7,L6,L7;M,M;L6,true,true,2955,2955,true,true,PASS
covariance:L7:2843,2843,L7,L6,L7;M,M;L6,true,true,2957,2957,true,true,PASS
covariance:L7:2845,2845,L7,L6,L7;M,M;L6,true,true,1479,1479,true,true,PASS
covariance:L7:2855,2855,L7,L6,L7;M,M;L6,true,true,2963,2963,true,true,PASS
covariance:L7:2859,2859,L7,L6,L7;M,M;L6,true,true,2965,2965,true,true,PASS
covariance:L7:2861,2861,L7,L6,L7;M,M;L6,true,true,1483,1483,true,true,PASS
covariance:L7:2867,2867,L7,L6,L7;M,M;L6,true,true,2969,2969,true,true,PASS
covariance:L7:2869,2869,L7,L6,L7;M,M;L6,true,true,1485,1485,true,true,PASS
covariance:L7:2873,2873,L7,L6,L7;M,M;L6,true,true,743,743,true,true,PASS
covariance:L7:2887,2887,L7,L6,L7;M,M;L6,true,true,2979,2979,true,true,PASS
covariance:L7:2891,2891,L7,L6,L7;M,M;L6,true,true,2981,2981,true,true,PASS
covariance:L7:2893,2893,L7,L6,L7;M,M;L6,true,true,1491,1491,true,true,PASS
covariance:L7:2899,2899,L7,L6,L7;M,M;L6,true,true,2985,2985,true,true,PASS
covariance:L7:2901,2901,L7,L6,L7;M,M;L6,true,true,1493,1493,true,true,PASS
covariance:L7:2905,2905,L7,L6,L7;M,M;L6,true,true,747,747,true,true,PASS
covariance:L7:2915,2915,L7,L6,L7;M,M;L6,true,true,2993,2993,true,true,PASS
covariance:L7:2917,2917,L7,L6,L7;M,M;L6,true,true,1497,1497,true,true,PASS
covariance:L7:2921,2921,L7,L6,L7;M,M;L6,true,true,749,749,true,true,PASS
covariance:L7:2929,2929,L7,L6,L7;M,M;L6,true,true,375,375,true,true,PASS
covariance:L7:2951,2951,L7,L6,L7;M,M;L6,true,true,3011,3011,true,true,PASS
covariance:L7:2955,2955,L7,L6,L7;M,M;L6,true,true,3013,3013,true,true,PASS
covariance:L7:2957,2957,L7,L6,L7;M,M;L6,true,true,1507,1507,true,true,PASS
covariance:L7:2963,2963,L7,L6,L7;M,M;L6,true,true,3017,3017,true,true,PASS
covariance:L7:2965,2965,L7,L6,L7;M,M;L6,true,true,1509,1509,true,true,PASS
covariance:L7:2969,2969,L7,L6,L7;M,M;L6,true,true,755,755,true,true,PASS
covariance:L7:2979,2979,L7,L6,L7;M,M;L6,true,true,3025,3025,true,true,PASS
covariance:L7:2981,2981,L7,L6,L7;M,M;L6,true,true,1513,1513,true,true,PASS
covariance:L7:2985,2985,L7,L6,L7;M,M;L6,true,true,757,757,true,true,PASS
covariance:L7:2993,2993,L7,L6,L7;M,M;L6,true,true,379,379,true,true,PASS
covariance:L7:3011,3011,L7,L6,L7;M,M;L6,true,true,3041,3041,true,true,PASS
covariance:L7:3013,3013,L7,L6,L7;M,M;L6,true,true,1521,1521,true,true,PASS
covariance:L7:3017,3017,L7,L6,L7;M,M;L6,true,true,761,761,true,true,PASS
covariance:L7:3025,3025,L7,L6,L7;M,M;L6,true,true,381,381,true,true,PASS
covariance:L7:3041,3041,L7,L6,L7;M,M;L6,true,true,191,191,true,true,PASS
covariance:L7:3103,3103,L7,L6,L7;M,M;L6,false,false,,,true,true,PASS
covariance:L7:3119,3119,L7,L6,L7;M,M;L6,false,false,,,true,true,PASS
covariance:L7:3127,3127,L7,L6,L7;M,M;L6,false,false,,,true,true,PASS
covariance:L7:3131,3131,L7,L6,L7;M,M;L6,false,false,,,true,true,PASS
covariance:L7:3133,3133,L7,L6,L7;M,M;L6,false,false,,,true,true,PASS
covariance:L7:3151,3151,L7,L6,L7;M,M;L6,false,false,,,true,true,PASS
covariance:L7:3159,3159,L7,L6,L7;M,M;L6,false,false,,,true,true,PASS
covariance:L7:3163,3163,L7,L6,L7;M,M;L6,false,false,,,true,true,PASS
covariance:L7:3165,3165,L7,L6,L7;M,M;L6,false,false,,,true,true,PASS
covariance:L7:3175,3175,L7,L6,L7;M,M;L6,false,false,,,true,true,PASS
covariance:L7:3179,3179,L7,L6,L7;M,M;L6,false,false,,,true,true,PASS
covariance:L7:3181,3181,L7,L6,L7;M,M;L6,false,false,,,true,true,PASS
covariance:L7:3187,3187,L7,L6,L7;M,M;L6,false,false,,,true,true,PASS
covariance:L7:3189,3189,L7,L6,L7;M,M;L6,false,false,,,true,true,PASS
covariance:L7:3193,3193,L7,L6,L7;M,M;L6,false,false,,,true,true,PASS
covariance:L7:3215,3215,L7,L6,L7;M,M;L6,false,false,,,true,true,PASS
covariance:L7:3223,3223,L7,L6,L7;M,M;L6,false,false,,,true,true,PASS
covariance:L7:3227,3227,L7,L6,L7;M,M;L6,false,false,,,true,true,PASS
covariance:L7:3229,3229,L7,L6,L7;M,M;L6,false,false,,,true,true,PASS
covariance:L7:3239,3239,L7,L6,L7;M,M;L6,false,false,,,true,true,PASS
covariance:L7:3243,3243,L7,L6,L7;M,M;L6,false,false,,,true,true,PASS
covariance:L7:3245,3245,L7,L6,L7;M,M;L6,false,false,,,true,true,PASS
covariance:L7:3251,3251,L7,L6,L7;M,M;L6,false,false,,,true,true,PASS
covariance:L7:3253,3253,L7,L6,L7;M,M;L6,false,false,,,true,true,PASS
covariance:L7:3257,3257,L7,L6,L7;M,M;L6,false,false,,,true,true,PASS
covariance:L7:3271,3271,L7,L6,L7;M,M;L6,false,false,,,true,true,PASS
covariance:L7:3275,3275,L7,L6,L7;M,M;L6,false,false,,,true,true,PASS
covariance:L7:3277,3277,L7,L6,L7;M,M;L6,false,false,,,true,true,PASS
covariance:L7:3283,3283,L7,L6,L7;M,M;L6,false,false,,,true,true,PASS
covariance:L7:3285,3285,L7,L6,L7;M,M;L6,false,false,,,true,true,PASS
covariance:L7:3289,3289,L7,L6,L7;M,M;L6,false,false,,,true,true,PASS
covariance:L7:3299,3299,L7,L6,L7;M,M;L6,false,false,,,true,true,PASS
covariance:L7:3301,3301,L7,L6,L7;M,M;L6,false,false,,,true,true,PASS
covariance:L7:3305,3305,L7,L6,L7;M,M;L6,false,false,,,true,true,PASS
covariance:L7:3313,3313,L7,L6,L7;M,M;L6,false,false,,,true,true,PASS
covariance:L7:3343,3343,L7,L6,L7;M,M;L6,false,false,,,true,true,PASS
covariance:L7:3351,3351,L7,L6,L7;M,M;L6,false,false,,,true,true,PASS
covariance:L7:3355,3355,L7,L6,L7;M,M;L6,false,false,,,true,true,PASS
covariance:L7:3357,3357,L7,L6,L7;M,M;L6,false,false,,,true,true,PASS
covariance:L7:3367,3367,L7,L6,L7;M,M;L6,false,false,,,true,true,PASS
covariance:L7:3371,3371,L7,L6,L7;M,M;L6,false,false,,,true,true,PASS
covariance:L7:3373,3373,L7,L6,L7;M,M;L6,false,false,,,true,true,PASS
covariance:L7:3379,3379,L7,L6,L7;M,M;L6,false,false,,,true,true,PASS
covariance:L7:3381,3381,L7,L6,L7;M,M;L6,false,false,,,true,true,PASS
covariance:L7:3385,3385,L7,L6,L7;M,M;L6,false,false,,,true,true,PASS
covariance:L7:3399,3399,L7,L6,L7;M,M;L6,false,false,,,true,true,PASS
covariance:L7:3403,3403,L7,L6,L7;M,M;L6,false,false,,,true,true,PASS
covariance:L7:3405,3405,L7,L6,L7;M,M;L6,false,false,,,true,true,PASS
covariance:L7:3411,3411,L7,L6,L7;M,M;L6,false,false,,,true,true,PASS
covariance:L7:3413,3413,L7,L6,L7;M,M;L6,false,false,,,true,true,PASS
covariance:L7:3417,3417,L7,L6,L7;M,M;L6,false,false,,,true,true,PASS
covariance:L7:3427,3427,L7,L6,L7;M,M;L6,false,false,,,true,true,PASS
covariance:L7:3429,3429,L7,L6,L7;M,M;L6,false,false,,,true,true,PASS
covariance:L7:3433,3433,L7,L6,L7;M,M;L6,false,false,,,true,true,PASS
covariance:L7:3441,3441,L7,L6,L7;M,M;L6,false,false,,,true,true,PASS
covariance:L7:3463,3463,L7,L6,L7;M,M;L6,false,false,,,true,true,PASS
covariance:L7:3467,3467,L7,L6,L7;M,M;L6,false,false,,,true,true,PASS
covariance:L7:3469,3469,L7,L6,L7;M,M;L6,false,false,,,true,true,PASS
covariance:L7:3475,3475,L7,L6,L7;M,M;L6,false,false,,,true,true,PASS
covariance:L7:3477,3477,L7,L6,L7;M,M;L6,false,false,,,true,true,PASS
covariance:L7:3481,3481,L7,L6,L7;M,M;L6,false,false,,,true,true,PASS
covariance:L7:3491,3491,L7,L6,L7;M,M;L6,false,false,,,true,true,PASS
covariance:L7:3493,3493,L7,L6,L7;M,M;L6,false,false,,,true,true,PASS
covariance:L7:3497,3497,L7,L6,L7;M,M;L6,false,false,,,true,true,PASS
covariance:L7:3505,3505,L7,L6,L7;M,M;L6,false,false,,,true,true,PASS
covariance:L7:3523,3523,L7,L6,L7;M,M;L6,false,false,,,true,true,PASS
covariance:L7:3525,3525,L7,L6,L7;M,M;L6,false,false,,,true,true,PASS
covariance:L7:3529,3529,L7,L6,L7;M,M;L6,false,false,,,true,true,PASS
covariance:L7:3537,3537,L7,L6,L7;M,M;L6,false,false,,,true,true,PASS
covariance:L7:3553,3553,L7,L6,L7;M,M;L6,false,false,,,true,true,PASS
covariance:L7:3599,3599,L7,L6,L7;M,M;L6,false,false,,,true,true,PASS
covariance:L7:3607,3607,L7,L6,L7;M,M;L6,false,false,,,true,true,PASS
covariance:L7:3611,3611,L7,L6,L7;M,M;L6,false,false,,,true,true,PASS
covariance:L7:3613,3613,L7,L6,L7;M,M;L6,false,false,,,true,true,PASS
covariance:L7:3623,3623,L7,L6,L7;M,M;L6,false,false,,,true,true,PASS
covariance:L7:3627,3627,L7,L6,L7;M,M;L6,false,false,,,true,true,PASS
covariance:L7:3629,3629,L7,L6,L7;M,M;L6,false,false,,,true,true,PASS
covariance:L7:3635,3635,L7,L6,L7;M,M;L6,false,false,,,true,true,PASS
covariance:L7:3637,3637,L7,L6,L7;M,M;L6,false,false,,,true,true,PASS
covariance:L7:3641,3641,L7,L6,L7;M,M;L6,false,false,,,true,true,PASS
covariance:L7:3655,3655,L7,L6,L7;M,M;L6,false,false,,,true,true,PASS
covariance:L7:3659,3659,L7,L6,L7;M,M;L6,false,false,,,true,true,PASS
covariance:L7:3661,3661,L7,L6,L7;M,M;L6,false,false,,,true,true,PASS
covariance:L7:3667,3667,L7,L6,L7;M,M;L6,false,false,,,true,true,PASS
covariance:L7:3669,3669,L7,L6,L7;M,M;L6,false,false,,,true,true,PASS
covariance:L7:3673,3673,L7,L6,L7;M,M;L6,false,false,,,true,true,PASS
covariance:L7:3683,3683,L7,L6,L7;M,M;L6,false,false,,,true,true,PASS
covariance:L7:3685,3685,L7,L6,L7;M,M;L6,false,false,,,true,true,PASS
covariance:L7:3689,3689,L7,L6,L7;M,M;L6,false,false,,,true,true,PASS
covariance:L7:3697,3697,L7,L6,L7;M,M;L6,false,false,,,true,true,PASS
covariance:L7:3719,3719,L7,L6,L7;M,M;L6,false,false,,,true,true,PASS
covariance:L7:3723,3723,L7,L6,L7;M,M;L6,false,false,,,true,true,PASS
covariance:L7:3725,3725,L7,L6,L7;M,M;L6,false,false,,,true,true,PASS
covariance:L7:3731,3731,L7,L6,L7;M,M;L6,false,false,,,true,true,PASS
covariance:L7:3733,3733,L7,L6,L7;M,M;L6,false,false,,,true,true,PASS
covariance:L7:3737,3737,L7,L6,L7;M,M;L6,false,false,,,true,true,PASS
covariance:L7:3747,3747,L7,L6,L7;M,M;L6,false,false,,,true,true,PASS
covariance:L7:3749,3749,L7,L6,L7;M,M;L6,false,false,,,true,true,PASS
covariance:L7:3753,3753,L7,L6,L7;M,M;L6,false,false,,,true,true,PASS
covariance:L7:3761,3761,L7,L6,L7;M,M;L6,false,false,,,true,true,PASS
covariance:L7:3779,3779,L7,L6,L7;M,M;L6,false,false,,,true,true,PASS
covariance:L7:3781,3781,L7,L6,L7;M,M;L6,false,false,,,true,true,PASS
covariance:L7:3785,3785,L7,L6,L7;M,M;L6,false,false,,,true,true,PASS
covariance:L7:3793,3793,L7,L6,L7;M,M;L6,false,false,,,true,true,PASS
covariance:L7:3809,3809,L7,L6,L7;M,M;L6,false,false,,,true,true,PASS
covariance:L7:3847,3847,L7,L6,L7;M,M;L6,false,false,,,true,true,PASS
covariance:L7:3851,3851,L7,L6,L7;M,M;L6,false,false,,,true,true,PASS
covariance:L7:3853,3853,L7,L6,L7;M,M;L6,false,false,,,true,true,PASS
covariance:L7:3859,3859,L7,L6,L7;M,M;L6,false,false,,,true,true,PASS
covariance:L7:3861,3861,L7,L6,L7;M,M;L6,false,false,,,true,true,PASS
covariance:L7:3865,3865,L7,L6,L7;M,M;L6,false,false,,,true,true,PASS
covariance:L7:3875,3875,L7,L6,L7;M,M;L6,false,false,,,true,true,PASS
covariance:L7:3877,3877,L7,L6,L7;M,M;L6,false,false,,,true,true,PASS
covariance:L7:3881,3881,L7,L6,L7;M,M;L6,false,false,,,true,true,PASS
covariance:L7:3889,3889,L7,L6,L7;M,M;L6,false,false,,,true,true,PASS
covariance:L7:3907,3907,L7,L6,L7;M,M;L6,false,false,,,true,true,PASS
covariance:L7:3909,3909,L7,L6,L7;M,M;L6,false,false,,,true,true,PASS
covariance:L7:3913,3913,L7,L6,L7;M,M;L6,false,false,,,true,true,PASS
covariance:L7:3921,3921,L7,L6,L7;M,M;L6,false,false,,,true,true,PASS
covariance:L7:3937,3937,L7,L6,L7;M,M;L6,false,false,,,true,true,PASS
covariance:L7:3971,3971,L7,L6,L7;M,M;L6,false,false,,,true,true,PASS
covariance:L7:3973,3973,L7,L6,L7;M,M;L6,false,false,,,true,true,PASS
covariance:L7:3977,3977,L7,L6,L7;M,M;L6,false,false,,,true,true,PASS
covariance:L7:3985,3985,L7,L6,L7;M,M;L6,false,false,,,true,true,PASS
covariance:L7:4001,4001,L7,L6,L7;M,M;L6,false,false,,,true,true,PASS
covariance:L7:4033,4033,L7,L6,L7;M,M;L6,false,false,,,true,true,PASS
