id,name,forte,orientation,chirality,bit,bitReverse,pitchSet,intervalCycle,intervalVector,maxCyclicGap,ianMainIndexAdmissible,registeredBeforeCompletion,addedByCompletion,role,fineRole,tier,office,officeIndex,universalClassification,relationalOffice,pluralityContactOffice,zPartner,sourceProvenance
127,7-1 terminal cluster state 127,7-1,7-1 single orientation,achiral,b111111100000,b000001111111,"{0,1,2,3,4,5,6}",1-1-1-1-1-1-6,"6,5,4,3,2,1",6,false,false,true,anchor,terminal_anchor_D7,D7,Jupiter,4,terminal_anchor,,,,Independent enumeration of rooted seven-note subsets of Z12
2111,7-1 terminal cluster state 2111,7-1,7-1 single orientation,achiral,b111111000001,b100000111111,"{0,1,2,3,4,5,11}",1-1-1-1-1-6-1,"6,5,4,3,2,1",6,false,false,true,anchor,terminal_anchor_D7,D7,Saturn,6,terminal_anchor,,,,Independent enumeration of rooted seven-note subsets of Z12
3103,7-1 terminal cluster state 3103,7-1,7-1 single orientation,achiral,b111110000011,b110000011111,"{0,1,2,3,4,10,11}",1-1-1-1-6-1-1,"6,5,4,3,2,1",6,false,false,true,anchor,terminal_anchor_D7,D7,Moon,1,terminal_anchor,,,,Independent enumeration of rooted seven-note subsets of Z12
3599,7-1 terminal cluster state 3599,7-1,7-1 single orientation,achiral,b111100000111,b111000001111,"{0,1,2,3,9,10,11}",1-1-1-6-1-1-1,"6,5,4,3,2,1",6,false,false,true,anchor,terminal_anchor_D7,D7,Mercury,3,terminal_anchor,,,,Independent enumeration of rooted seven-note subsets of Z12
3847,7-1 terminal cluster state 3847,7-1,7-1 single orientation,achiral,b111000001111,b111100000111,"{0,1,2,8,9,10,11}",1-1-6-1-1-1-1,"6,5,4,3,2,1",6,false,false,true,anchor,terminal_anchor_D7,D7,Venus,5,terminal_anchor,,,,Independent enumeration of rooted seven-note subsets of Z12
3971,7-1 terminal cluster state 3971,7-1,7-1 single orientation,achiral,b110000011111,b111110000011,"{0,1,7,8,9,10,11}",1-6-1-1-1-1-1,"6,5,4,3,2,1",6,false,false,true,anchor,terminal_anchor_D7,D7,Sun,0,terminal_anchor,,,,Independent enumeration of rooted seven-note subsets of Z12
4033,7-1 terminal cluster state 4033,7-1,7-1 single orientation,achiral,b100000111111,b111111000001,"{0,6,7,8,9,10,11}",6-1-1-1-1-1-1,"6,5,4,3,2,1",6,false,false,true,anchor,terminal_anchor_D7,D7,Mars,2,terminal_anchor,,,,Independent enumeration of rooted seven-note subsets of Z12
191,Ultra-Alt 67,7-2,7-2 orientation A,chiral,b111111010000,b000010111111,"{0,1,2,3,4,5,7}",1-1-1-1-1-2-5,"5,5,4,3,3,1",5,false,true,false,satellite,satellite_D6,D6,Jupiter,4,d6_satellite,,,,Preserved A0–D6 network state
2017,Dominant +34♯2,7-2,7-2 orientation A,chiral,b100001111110,b011111100001,"{0,5,6,7,8,9,10}",5-1-1-1-1-1-2,"5,5,4,3,3,1",5,false,true,false,satellite,satellite_D6,D6,Mars,2,d6_satellite,,,,Preserved A0–D6 network state
2143,Alt ♮734♭56,7-2,7-2 orientation A,chiral,b111110100001,b100001011111,"{0,1,2,3,4,6,11}",1-1-1-1-2-5-1,"5,5,4,3,3,1",5,false,true,false,satellite,satellite_D6,D6,Saturn,6,d6_satellite,,,,Preserved A0–D6 network state
3119,Alt ♮7♯6345,7-2,7-2 orientation A,chiral,b111101000011,b110000101111,"{0,1,2,3,5,10,11}",1-1-1-2-5-1-1,"5,5,4,3,3,1",5,false,true,false,satellite,satellite_D6,D6,Moon,1,d6_satellite,,,,Preserved A0–D6 network state
3607,Alt ♮7♯653,7-2,7-2 orientation A,chiral,b111010000111,b111000010111,"{0,1,2,4,9,10,11}",1-1-2-5-1-1-1,"5,5,4,3,3,1",5,false,true,false,satellite,satellite_D6,D6,Mercury,3,d6_satellite,,,,Preserved A0–D6 network state
3851,Phrygian +5♯4,7-2,7-2 orientation A,chiral,b110100001111,b111100001011,"{0,1,3,8,9,10,11}",1-2-5-1-1-1-1,"5,5,4,3,3,1",5,false,true,false,satellite,satellite_D6,D6,Venus,5,d6_satellite,,,,Preserved A0–D6 network state
3973,Superlydian Augmented ♮25♯34,7-2,7-2 orientation A,chiral,b101000011111,b111110000101,"{0,2,7,8,9,10,11}",2-5-1-1-1-1-1,"5,5,4,3,3,1",5,false,true,false,satellite,satellite_D6,D6,Sun,0,d6_satellite,,,,Preserved A0–D6 network state
253,Alt ♮25♭67,7-2,7-2 orientation B,chiral,b101111110000,b000011111101,"{0,2,3,4,5,6,7}",2-1-1-1-1-1-5,"5,5,4,3,3,1",5,false,true,false,satellite,satellite_D6,D6,Jupiter,4,d6_satellite,,,,Preserved A0–D6 network state
1087,Infra-Alt 5♭76,7-2,7-2 orientation B,chiral,b111111000010,b010000111111,"{0,1,2,3,4,5,10}",1-1-1-1-1-5-2,"5,5,4,3,3,1",5,false,true,false,satellite,satellite_D6,D6,Saturn,6,d6_satellite,,,,Preserved A0–D6 network state
2591,Quixotic,7-2,7-2 orientation B,chiral,b111110000101,b101000011111,"{0,1,2,3,4,9,11}",1-1-1-1-5-2-1,"5,5,4,3,3,1",5,false,true,false,satellite,satellite_D6,D6,Moon,1,d6_satellite,,,,Preserved A0–D6 network state
3343,Phrygian +34,7-2,7-2 orientation B,chiral,b111100001011,b110100001111,"{0,1,2,3,8,10,11}",1-1-1-5-2-1-1,"5,5,4,3,3,1",5,false,true,false,satellite,satellite_D6,D6,Mercury,3,d6_satellite,,,,Preserved A0–D6 network state
3719,Phrygian +𝄫3𝄪45,7-2,7-2 orientation B,chiral,b111000010111,b111010000111,"{0,1,2,7,9,10,11}",1-1-5-2-1-1-1,"5,5,4,3,3,1",5,false,true,false,satellite,satellite_D6,D6,Venus,5,d6_satellite,,,,Preserved A0–D6 network state
3907,YUTian,7-2,7-2 orientation B,chiral,b110000101111,b111101000011,"{0,1,6,8,9,10,11}",1-5-2-1-1-1-1,"5,5,4,3,3,1",5,false,true,false,satellite,satellite_D6,D6,Sun,0,d6_satellite,,,,Preserved A0–D6 network state
4001,Superlydian Augmented ♯2♯3♯45,7-2,7-2 orientation B,chiral,b100001011111,b111110100001,"{0,5,7,8,9,10,11}",5-2-1-1-1-1-1,"5,5,4,3,3,1",5,false,true,false,satellite,satellite_D6,D6,Mars,2,d6_satellite,,,,Preserved A0–D6 network state
319,7-3 rooted state 319,7-3,7-3 orientation A,chiral,b111111001000,b000100111111,"{0,1,2,3,4,5,8}",1-1-1-1-1-3-4,"5,4,4,4,3,1",4,true,false,true,boundary,oriented_convergence,,,,oriented_convergence,Jupiter,,,Independent enumeration of rooted seven-note subsets of Z12
1009,7-3 rooted state 1009,7-3,7-3 orientation A,chiral,b100011111100,b001111110001,"{0,4,5,6,7,8,9}",4-1-1-1-1-1-3,"5,4,4,4,3,1",4,true,false,true,boundary,oriented_convergence,,,,oriented_convergence,Mars,,,Independent enumeration of rooted seven-note subsets of Z12
2207,7-3 rooted state 2207,7-3,7-3 orientation A,chiral,b111110010001,b100010011111,"{0,1,2,3,4,7,11}",1-1-1-1-3-4-1,"5,4,4,4,3,1",4,true,false,true,boundary,oriented_convergence,,,,oriented_convergence,Saturn,,,Independent enumeration of rooted seven-note subsets of Z12
3151,7-3 rooted state 3151,7-3,7-3 orientation A,chiral,b111100100011,b110001001111,"{0,1,2,3,6,10,11}",1-1-1-3-4-1-1,"5,4,4,4,3,1",4,true,false,true,boundary,oriented_convergence,,,,oriented_convergence,Moon,,,Independent enumeration of rooted seven-note subsets of Z12
3623,7-3 rooted state 3623,7-3,7-3 orientation A,chiral,b111001000111,b111000100111,"{0,1,2,5,9,10,11}",1-1-3-4-1-1-1,"5,4,4,4,3,1",4,true,false,true,boundary,oriented_convergence,,,,oriented_convergence,Mercury,,,Independent enumeration of rooted seven-note subsets of Z12
3859,7-3 rooted state 3859,7-3,7-3 orientation A,chiral,b110010001111,b111100010011,"{0,1,4,8,9,10,11}",1-3-4-1-1-1-1,"5,4,4,4,3,1",4,true,false,true,boundary,oriented_convergence,,,,oriented_convergence,Venus,,,Independent enumeration of rooted seven-note subsets of Z12
3977,Scale 3977,7-3,7-3 orientation A,chiral,b100100011111,b111110001001,"{0,3,7,8,9,10,11}",3-4-1-1-1-1-1,"5,4,4,4,3,1",4,true,true,false,boundary,oriented_convergence,,,,oriented_convergence,Sun,,,Preserved A0–D6 network state
505,7-3 rooted state 505,7-3,7-3 orientation B,chiral,b100111111000,b000111111001,"{0,3,4,5,6,7,8}",3-1-1-1-1-1-4,"5,4,4,4,3,1",4,true,false,true,boundary,oriented_convergence,,,,oriented_convergence,Jupiter,,,Independent enumeration of rooted seven-note subsets of Z12
575,Scale 575,7-3,7-3 orientation B,chiral,b111111000100,b001000111111,"{0,1,2,3,4,5,9}",1-1-1-1-1-4-3,"5,4,4,4,3,1",4,true,true,false,boundary,oriented_convergence,,,,oriented_convergence,Saturn,,,Preserved A0–D6 network state
2335,7-3 rooted state 2335,7-3,7-3 orientation B,chiral,b111110001001,b100100011111,"{0,1,2,3,4,8,11}",1-1-1-1-4-3-1,"5,4,4,4,3,1",4,true,false,true,boundary,oriented_convergence,,,,oriented_convergence,Moon,,,Independent enumeration of rooted seven-note subsets of Z12
3215,7-3 rooted state 3215,7-3,7-3 orientation B,chiral,b111100010011,b110010001111,"{0,1,2,3,7,10,11}",1-1-1-4-3-1-1,"5,4,4,4,3,1",4,true,false,true,boundary,oriented_convergence,,,,oriented_convergence,Mercury,,,Independent enumeration of rooted seven-note subsets of Z12
3655,7-3 rooted state 3655,7-3,7-3 orientation B,chiral,b111000100111,b111001000111,"{0,1,2,6,9,10,11}",1-1-4-3-1-1-1,"5,4,4,4,3,1",4,true,false,true,boundary,oriented_convergence,,,,oriented_convergence,Venus,,,Independent enumeration of rooted seven-note subsets of Z12
3875,7-3 rooted state 3875,7-3,7-3 orientation B,chiral,b110001001111,b111100100011,"{0,1,5,8,9,10,11}",1-4-3-1-1-1-1,"5,4,4,4,3,1",4,true,false,true,boundary,oriented_convergence,,,,oriented_convergence,Sun,,,Independent enumeration of rooted seven-note subsets of Z12
3985,7-3 rooted state 3985,7-3,7-3 orientation B,chiral,b100010011111,b111110010001,"{0,4,7,8,9,10,11}",4-3-1-1-1-1-1,"5,4,4,4,3,1",4,true,false,true,boundary,oriented_convergence,,,,oriented_convergence,Mars,,,Independent enumeration of rooted seven-note subsets of Z12
223,Scale 223,7-4,7-4 orientation A,chiral,b111110110000,b000011011111,"{0,1,2,3,4,6,7}",1-1-1-1-2-1-5,"5,4,4,3,3,2",5,false,true,false,boundary,oriented_convergence,,,,oriented_convergence,Jupiter,,,Preserved A0–D6 network state
1987,7-4 rooted state 1987,7-4,7-4 orientation A,chiral,b110000111110,b011111000011,"{0,1,6,7,8,9,10}",1-5-1-1-1-1-2,"5,4,4,3,3,2",5,false,false,true,boundary,oriented_convergence,,,,oriented_convergence,Sun,,,Independent enumeration of rooted seven-note subsets of Z12
2159,7-4 rooted state 2159,7-4,7-4 orientation A,chiral,b111101100001,b100001101111,"{0,1,2,3,5,6,11}",1-1-1-2-1-5-1,"5,4,4,3,3,2",5,false,false,true,boundary,oriented_convergence,,,,oriented_convergence,Saturn,,,Independent enumeration of rooted seven-note subsets of Z12
3041,Scale 3041,7-4,7-4 orientation A,chiral,b100001111101,b101111100001,"{0,5,6,7,8,9,11}",5-1-1-1-1-2-1,"5,4,4,3,3,2",5,false,true,false,boundary,oriented_convergence,,,,oriented_convergence,Mars,,,Preserved A0–D6 network state
3127,7-4 rooted state 3127,7-4,7-4 orientation A,chiral,b111011000011,b110000110111,"{0,1,2,4,5,10,11}",1-1-2-1-5-1-1,"5,4,4,3,3,2",5,false,false,true,boundary,oriented_convergence,,,,oriented_convergence,Moon,,,Independent enumeration of rooted seven-note subsets of Z12
3611,7-4 rooted state 3611,7-4,7-4 orientation A,chiral,b110110000111,b111000011011,"{0,1,3,4,9,10,11}",1-2-1-5-1-1-1,"5,4,4,3,3,2",5,false,false,true,boundary,oriented_convergence,,,,oriented_convergence,Mercury,,,Independent enumeration of rooted seven-note subsets of Z12
3853,7-4 rooted state 3853,7-4,7-4 orientation A,chiral,b101100001111,b111100001101,"{0,2,3,8,9,10,11}",2-1-5-1-1-1-1,"5,4,4,3,3,2",5,false,false,true,boundary,oriented_convergence,,,,oriented_convergence,Venus,,,Independent enumeration of rooted seven-note subsets of Z12
251,Scale 251,7-4,7-4 orientation B,chiral,b110111110000,b000011111011,"{0,1,3,4,5,6,7}",1-2-1-1-1-1-5,"5,4,4,3,3,2",5,false,true,false,boundary,oriented_convergence,,,,oriented_convergence,Jupiter,,,Preserved A0–D6 network state
1567,7-4 rooted state 1567,7-4,7-4 orientation B,chiral,b111110000110,b011000011111,"{0,1,2,3,4,9,10}",1-1-1-1-5-1-2,"5,4,4,3,3,2",5,false,false,true,boundary,oriented_convergence,,,,oriented_convergence,Moon,,,Independent enumeration of rooted seven-note subsets of Z12
2173,7-4 rooted state 2173,7-4,7-4 orientation B,chiral,b101111100001,b100001111101,"{0,2,3,4,5,6,11}",2-1-1-1-1-5-1,"5,4,4,3,3,2",5,false,false,true,boundary,oriented_convergence,,,,oriented_convergence,Saturn,,,Independent enumeration of rooted seven-note subsets of Z12
2831,7-4 rooted state 2831,7-4,7-4 orientation B,chiral,b111100001101,b101100001111,"{0,1,2,3,8,9,11}",1-1-1-5-1-2-1,"5,4,4,3,3,2",5,false,false,true,boundary,oriented_convergence,,,,oriented_convergence,Mercury,,,Independent enumeration of rooted seven-note subsets of Z12
3463,7-4 rooted state 3463,7-4,7-4 orientation B,chiral,b111000011011,b110110000111,"{0,1,2,7,8,10,11}",1-1-5-1-2-1-1,"5,4,4,3,3,2",5,false,false,true,boundary,oriented_convergence,,,,oriented_convergence,Venus,,,Independent enumeration of rooted seven-note subsets of Z12
3779,7-4 rooted state 3779,7-4,7-4 orientation B,chiral,b110000110111,b111011000011,"{0,1,6,7,9,10,11}",1-5-1-2-1-1-1,"5,4,4,3,3,2",5,false,false,true,boundary,oriented_convergence,,,,oriented_convergence,Sun,,,Independent enumeration of rooted seven-note subsets of Z12
3937,Scale 3937,7-4,7-4 orientation B,chiral,b100001101111,b111101100001,"{0,5,6,8,9,10,11}",5-1-2-1-1-1-1,"5,4,4,3,3,2",5,false,true,false,boundary,oriented_convergence,,,,oriented_convergence,Mars,,,Preserved A0–D6 network state
239,Infra-Alt 6𝄫𝄫7,7-5,7-5 orientation A,chiral,b111101110000,b000011101111,"{0,1,2,3,5,6,7}",1-1-1-2-1-1-5,"5,4,3,3,4,2",5,false,true,false,boundary,peripheral_leaf,,,,peripheral_leaf,,,,Preserved A0–D6 network state
1927,7-5 rooted state 1927,7-5,7-5 orientation A,chiral,b111000011110,b011110000111,"{0,1,2,7,8,9,10}",1-1-5-1-1-1-2,"5,4,3,3,4,2",5,false,false,true,boundary,peripheral_leaf,,,,peripheral_leaf,,,,Independent enumeration of rooted seven-note subsets of Z12
2167,7-5 rooted state 2167,7-5,7-5 orientation A,chiral,b111011100001,b100001110111,"{0,1,2,4,5,6,11}",1-1-2-1-1-5-1,"5,4,3,3,4,2",5,false,false,true,boundary,peripheral_leaf,,,,peripheral_leaf,,,,Independent enumeration of rooted seven-note subsets of Z12
3011,7-5 rooted state 3011,7-5,7-5 orientation A,chiral,b110000111101,b101111000011,"{0,1,6,7,8,9,11}",1-5-1-1-1-2-1,"5,4,3,3,4,2",5,false,false,true,boundary,peripheral_leaf,,,,peripheral_leaf,,,,Independent enumeration of rooted seven-note subsets of Z12
3131,7-5 rooted state 3131,7-5,7-5 orientation A,chiral,b110111000011,b110000111011,"{0,1,3,4,5,10,11}",1-2-1-1-5-1-1,"5,4,3,3,4,2",5,false,false,true,boundary,peripheral_leaf,,,,peripheral_leaf,,,,Independent enumeration of rooted seven-note subsets of Z12
3553,Scale 3553,7-5,7-5 orientation A,chiral,b100001111011,b110111100001,"{0,5,6,7,8,10,11}",5-1-1-1-2-1-1,"5,4,3,3,4,2",5,false,true,false,boundary,peripheral_leaf,,,,peripheral_leaf,,,,Preserved A0–D6 network state
3613,7-5 rooted state 3613,7-5,7-5 orientation A,chiral,b101110000111,b111000011101,"{0,2,3,4,9,10,11}",2-1-1-5-1-1-1,"5,4,3,3,4,2",5,false,false,true,boundary,peripheral_leaf,,,,peripheral_leaf,,,,Independent enumeration of rooted seven-note subsets of Z12
247,Scale 247,7-5,7-5 orientation B,chiral,b111011110000,b000011110111,"{0,1,2,4,5,6,7}",1-1-2-1-1-1-5,"5,4,3,3,4,2",5,false,true,false,boundary,peripheral_leaf,,,,peripheral_leaf,,,,Preserved A0–D6 network state
1807,7-5 rooted state 1807,7-5,7-5 orientation B,chiral,b111100001110,b011100001111,"{0,1,2,3,8,9,10}",1-1-1-5-1-1-2,"5,4,3,3,4,2",5,false,false,true,boundary,peripheral_leaf,,,,peripheral_leaf,,,,Independent enumeration of rooted seven-note subsets of Z12
2171,7-5 rooted state 2171,7-5,7-5 orientation B,chiral,b110111100001,b100001111011,"{0,1,3,4,5,6,11}",1-2-1-1-1-5-1,"5,4,3,3,4,2",5,false,false,true,boundary,peripheral_leaf,,,,peripheral_leaf,,,,Independent enumeration of rooted seven-note subsets of Z12
2951,7-5 rooted state 2951,7-5,7-5 orientation B,chiral,b111000011101,b101110000111,"{0,1,2,7,8,9,11}",1-1-5-1-1-2-1,"5,4,3,3,4,2",5,false,false,true,boundary,peripheral_leaf,,,,peripheral_leaf,,,,Independent enumeration of rooted seven-note subsets of Z12
3133,7-5 rooted state 3133,7-5,7-5 orientation B,chiral,b101111000011,b110000111101,"{0,2,3,4,5,10,11}",2-1-1-1-5-1-1,"5,4,3,3,4,2",5,false,false,true,boundary,peripheral_leaf,,,,peripheral_leaf,,,,Independent enumeration of rooted seven-note subsets of Z12
3523,7-5 rooted state 3523,7-5,7-5 orientation B,chiral,b110000111011,b110111000011,"{0,1,6,7,8,10,11}",1-5-1-1-2-1-1,"5,4,3,3,4,2",5,false,false,true,boundary,peripheral_leaf,,,,peripheral_leaf,,,,Independent enumeration of rooted seven-note subsets of Z12
3809,Borean Mode I,7-5,7-5 orientation B,chiral,b100001110111,b111011100001,"{0,5,6,7,9,10,11}",5-1-1-2-1-1-1,"5,4,3,3,4,2",5,false,true,false,boundary,peripheral_leaf,,,,peripheral_leaf,,,,Preserved A0–D6 network state
415,Infra-Alt 57,7-6,7-6 orientation A,chiral,b111110011000,b000110011111,"{0,1,2,3,4,7,8}",1-1-1-1-3-1-4,"5,3,3,4,4,2",4,true,true,false,satellite,satellite_D5,D5,Saturn,6,d5_satellite,,,,Preserved A0–D6 network state
995,Lydian ♭2♯3♭67,7-6,7-6 orientation A,chiral,b110001111100,b001111100011,"{0,1,5,6,7,8,9}",1-4-1-1-1-1-3,"5,3,3,4,4,2",4,true,true,false,satellite,satellite_D5,D5,Mars,2,d5_satellite,,,,Preserved A0–D6 network state
2255,Alt ♮7346,7-6,7-6 orientation A,chiral,b111100110001,b100011001111,"{0,1,2,3,6,7,11}",1-1-1-3-1-4-1,"5,3,3,4,4,2",4,true,true,false,satellite,satellite_D5,D5,Moon,1,d5_satellite,,,,Preserved A0–D6 network state
2545,Lydian 2♯3♭6,7-6,7-6 orientation A,chiral,b100011111001,b100111110001,"{0,4,5,6,7,8,11}",4-1-1-1-1-3-1,"5,3,3,4,4,2",4,true,true,false,satellite,satellite_D5,D5,Jupiter,4,d5_satellite,,,,Preserved A0–D6 network state
3175,Locrian 3♯6♮7,7-6,7-6 orientation A,chiral,b111001100011,b110001100111,"{0,1,2,5,6,10,11}",1-1-3-1-4-1-1,"5,3,3,4,4,2",4,true,true,false,satellite,satellite_D5,D5,Mercury,3,d5_satellite,,,,Preserved A0–D6 network state
3635,Ionian ♭25♯6,7-6,7-6 orientation A,chiral,b110011000111,b111000110011,"{0,1,4,5,9,10,11}",1-3-1-4-1-1-1,"5,3,3,4,4,2",4,true,true,false,satellite,satellite_D5,D5,Venus,5,d5_satellite,,,,Preserved A0–D6 network state
3865,Ionian ♯2♯45♯6,7-6,7-6 orientation A,chiral,b100110001111,b111100011001,"{0,3,4,8,9,10,11}",3-1-4-1-1-1-1,"5,3,3,4,4,2",4,true,true,false,satellite,satellite_D5,D5,Sun,0,d5_satellite,,,,Preserved A0–D6 network state
499,Major Locrian ♭26♭7,7-6,7-6 orientation B,chiral,b110011111000,b000111110011,"{0,1,4,5,6,7,8}",1-3-1-1-1-1-4,"5,3,3,4,4,2",4,true,true,false,satellite,satellite_D5,D5,Mars,2,d5_satellite,,,,Preserved A0–D6 network state
799,Infra-Alt 5♭6,7-6,7-6 orientation B,chiral,b111110001100,b001100011111,"{0,1,2,3,4,8,9}",1-1-1-1-4-1-3,"5,3,3,4,4,2",4,true,true,false,satellite,satellite_D5,D5,Saturn,6,d5_satellite,,,,Preserved A0–D6 network state
2297,Raghupriya V,7-6,7-6 orientation B,chiral,b100111110001,b100011111001,"{0,3,4,5,6,7,11}",3-1-1-1-1-4-1,"5,3,3,4,4,2",4,true,true,false,satellite,satellite_D5,D5,Jupiter,4,d5_satellite,,,,Preserved A0–D6 network state
2447,Alt ♮5734,7-6,7-6 orientation B,chiral,b111100011001,b100110001111,"{0,1,2,3,7,8,11}",1-1-1-4-1-3-1,"5,3,3,4,4,2",4,true,true,false,satellite,satellite_D5,D5,Moon,1,d5_satellite,,,,Preserved A0–D6 network state
3271,Mela Raghupriya,7-6,7-6 orientation B,chiral,b111000110011,b110011000111,"{0,1,2,6,7,10,11}",1-1-4-1-3-1-1,"5,3,3,4,4,2",4,true,true,false,satellite,satellite_D5,D5,Mercury,3,d5_satellite,,,,Preserved A0–D6 network state
3683,Phrygian +♯35,7-6,7-6 orientation B,chiral,b110001100111,b111001100011,"{0,1,5,6,9,10,11}",1-4-1-3-1-1-1,"5,3,3,4,4,2",4,true,true,false,satellite,satellite_D5,D5,Venus,5,d5_satellite,,,,Preserved A0–D6 network state
3889,Raghupriya III,7-6,7-6 orientation B,chiral,b100011001111,b111100110001,"{0,4,5,8,9,10,11}",4-1-3-1-1-1-1,"5,3,3,4,4,2",4,true,true,false,satellite,satellite_D5,D5,Sun,0,d5_satellite,,,,Preserved A0–D6 network state
463,Scale 463,7-7,7-7 orientation A,chiral,b111100111000,b000111001111,"{0,1,2,3,6,7,8}",1-1-1-3-1-1-4,"5,3,2,3,5,3",4,true,true,false,satellite,satellite_D2,D2,Jupiter,4,d2_satellite,,,,Preserved A0–D6 network state
967,Scale 967,7-7,7-7 orientation A,chiral,b111000111100,b001111000111,"{0,1,2,6,7,8,9}",1-1-4-1-1-1-3,"5,3,2,3,5,3",4,true,true,false,satellite,satellite_D2,D2,Venus,5,d2_satellite,,,,Preserved A0–D6 network state
2279,Scale 2279,7-7,7-7 orientation A,chiral,b111001110001,b100011100111,"{0,1,2,5,6,7,11}",1-1-3-1-1-4-1,"5,3,2,3,5,3",4,true,true,false,satellite,satellite_D2,D2,Saturn,6,d2_satellite,,,,Preserved A0–D6 network state
2531,Scale 2531,7-7,7-7 orientation A,chiral,b110001111001,b100111100011,"{0,1,5,6,7,8,11}",1-4-1-1-1-3-1,"5,3,2,3,5,3",4,true,true,false,satellite,satellite_D2,D2,Sun,0,d2_satellite,,,,Preserved A0–D6 network state
3187,Scale 3187,7-7,7-7 orientation A,chiral,b110011100011,b110001110011,"{0,1,4,5,6,10,11}",1-3-1-1-4-1-1,"5,3,2,3,5,3",4,true,true,false,satellite,satellite_D2,D2,Moon,1,d2_satellite,,,,Preserved A0–D6 network state
3313,Scale 3313,7-7,7-7 orientation A,chiral,b100011110011,b110011110001,"{0,4,5,6,7,10,11}",4-1-1-1-3-1-1,"5,3,2,3,5,3",4,true,true,false,satellite,satellite_D2,D2,Mars,2,d2_satellite,,,,Preserved A0–D6 network state
3641,Ionian ♯2𝄪5♯6,7-7,7-7 orientation A,chiral,b100111000111,b111000111001,"{0,3,4,5,9,10,11}",3-1-1-4-1-1-1,"5,3,2,3,5,3",4,true,true,false,satellite,satellite_D2,D2,Mercury,3,d2_satellite,,,,Preserved A0–D6 network state
487,Scale 487,7-7,7-7 orientation B,chiral,b111001111000,b000111100111,"{0,1,2,5,6,7,8}",1-1-3-1-1-1-4,"5,3,2,3,5,3",4,true,true,false,satellite,satellite_D2,D2,Jupiter,4,d2_satellite,,,,Preserved A0–D6 network state
911,Phrygian 𝄫3𝄫4𝄫7,7-7,7-7 orientation B,chiral,b111100011100,b001110001111,"{0,1,2,3,7,8,9}",1-1-1-4-1-1-3,"5,3,2,3,5,3",4,true,true,false,satellite,satellite_D2,D2,Mercury,3,d2_satellite,,,,Preserved A0–D6 network state
2291,Scale 2291,7-7,7-7 orientation B,chiral,b110011110001,b100011110011,"{0,1,4,5,6,7,11}",1-3-1-1-1-4-1,"5,3,2,3,5,3",4,true,true,false,satellite,satellite_D2,D2,Saturn,6,d2_satellite,,,,Preserved A0–D6 network state
2503,Scale 2503,7-7,7-7 orientation B,chiral,b111000111001,b100111000111,"{0,1,2,6,7,8,11}",1-1-4-1-1-3-1,"5,3,2,3,5,3",4,true,true,false,satellite,satellite_D2,D2,Venus,5,d2_satellite,,,,Preserved A0–D6 network state
3193,Scale 3193,7-7,7-7 orientation B,chiral,b100111100011,b110001111001,"{0,3,4,5,6,10,11}",3-1-1-1-4-1-1,"5,3,2,3,5,3",4,true,true,false,satellite,satellite_D2,D2,Moon,1,d2_satellite,,,,Preserved A0–D6 network state
3299,Scale 3299,7-7,7-7 orientation B,chiral,b110001110011,b110011100011,"{0,1,5,6,7,10,11}",1-4-1-1-3-1-1,"5,3,2,3,5,3",4,true,true,false,satellite,satellite_D2,D2,Sun,0,d2_satellite,,,,Preserved A0–D6 network state
3697,Scale 3697,7-7,7-7 orientation B,chiral,b100011100111,b111001110001,"{0,4,5,6,9,10,11}",4-1-1-3-1-1-1,"5,3,2,3,5,3",4,true,true,false,satellite,satellite_D2,D2,Mars,2,d2_satellite,,,,Preserved A0–D6 network state
381,Alt ♮25♭67,7-8,7-8 single orientation,achiral,b101111101000,b000101111101,"{0,2,3,4,5,6,8}",2-1-1-1-1-2-4,"4,5,4,4,2,2",4,true,true,false,anchor,anchor_D6,D6,Jupiter,4,d6_anchor,,,,Preserved A0–D6 network state
1119,Infra-Alt 56♭7,7-8,7-8 single orientation,achiral,b111110100010,b010001011111,"{0,1,2,3,4,6,10}",1-1-1-1-2-4-2,"4,5,4,4,2,2",4,true,true,false,anchor,anchor_D6,D6,Saturn,6,d6_anchor,,,,Preserved A0–D6 network state
2001,Dominant +234,7-8,7-8 single orientation,achiral,b100010111110,b011111010001,"{0,4,6,7,8,9,10}",4-2-1-1-1-1-2,"4,5,4,4,2,2",4,true,true,false,anchor,anchor_D6,D6,Mars,2,d6_anchor,,,,Preserved A0–D6 network state
2607,Alt ♮67345,7-8,7-8 single orientation,achiral,b111101000101,b101000101111,"{0,1,2,3,5,9,11}",1-1-1-2-4-2-1,"4,5,4,4,2,2",4,true,true,false,anchor,anchor_D6,D6,Moon,1,d6_anchor,,,,Preserved A0–D6 network state
3351,Crater Scale,7-8,7-8 single orientation,achiral,b111010001011,b110100010111,"{0,1,2,4,8,10,11}",1-1-2-4-2-1-1,"4,5,4,4,2,2",4,true,true,false,anchor,anchor_D6,D6,Mercury,3,d6_anchor,,,,Preserved A0–D6 network state
3723,Phrygian +45,7-8,7-8 single orientation,achiral,b110100010111,b111010001011,"{0,1,3,7,9,10,11}",1-2-4-2-1-1-1,"4,5,4,4,2,2",4,true,true,false,anchor,anchor_D6,D6,Venus,5,d6_anchor,,,,Preserved A0–D6 network state
3909,Superlydian Augmented ♮235♯4,7-8,7-8 single orientation,achiral,b101000101111,b111101000101,"{0,2,6,8,9,10,11}",2-4-2-1-1-1-1,"4,5,4,4,2,2",4,true,true,false,anchor,anchor_D6,D6,Sun,0,d6_anchor,,,,Preserved A0–D6 network state
351,Infra-Alt 567,7-9,7-9 orientation A,chiral,b111110101000,b000101011111,"{0,1,2,3,4,6,8}",1-1-1-1-2-2-4,"4,5,3,4,3,2",4,true,true,false,boundary,oriented_convergence,,,,oriented_convergence,Saturn,,,Preserved A0–D6 network state
1521,Lydian 7♭6♯32,7-9,7-9 orientation A,chiral,b100011111010,b010111110001,"{0,4,5,6,7,8,10}",4-1-1-1-1-2-2,"4,5,3,4,3,2",4,true,true,false,boundary,oriented_convergence,,,,oriented_convergence,Jupiter,,,Preserved A0–D6 network state
1989,Dominant +34,7-9,7-9 orientation A,chiral,b101000111110,b011111000101,"{0,2,6,7,8,9,10}",2-4-1-1-1-1-2,"4,5,3,4,3,2",4,true,true,false,boundary,oriented_convergence,,,,oriented_convergence,Mars,,,Preserved A0–D6 network state
2223,Arcadian Minor,7-9,7-9 orientation A,chiral,b111101010001,b100010101111,"{0,1,2,3,5,7,11}",1-1-1-2-2-4-1,"4,5,3,4,3,2",4,true,true,false,boundary,oriented_convergence,,,,oriented_convergence,Moon,,,Preserved A0–D6 network state
3159,Alt ♮7♯6𝄫3,7-9,7-9 orientation A,chiral,b111010100011,b110001010111,"{0,1,2,4,6,10,11}",1-1-2-2-4-1-1,"4,5,3,4,3,2",4,true,true,false,boundary,oriented_convergence,,,,oriented_convergence,Mercury,,,Preserved A0–D6 network state
3627,Neapolitan Maj 5♯6,7-9,7-9 orientation A,chiral,b110101000111,b111000101011,"{0,1,3,5,9,10,11}",1-2-2-4-1-1-1,"4,5,3,4,3,2",4,true,true,false,boundary,oriented_convergence,,,,oriented_convergence,Venus,,,Preserved A0–D6 network state
3861,Ionian ♯45♯6,7-9,7-9 orientation A,chiral,b101010001111,b111100010101,"{0,2,4,8,9,10,11}",2-2-4-1-1-1-1,"4,5,3,4,3,2",4,true,true,false,boundary,oriented_convergence,,,,oriented_convergence,Sun,,,Preserved A0–D6 network state
501,Major Locrian 6♭7,7-9,7-9 orientation B,chiral,b101011111000,b000111110101,"{0,2,4,5,6,7,8}",2-2-1-1-1-1-4,"4,5,3,4,3,2",4,true,true,false,boundary,oriented_convergence,,,,oriented_convergence,Mars,,,Preserved A0–D6 network state
1149,Alt ♮25♭6,7-9,7-9 orientation B,chiral,b101111100010,b010001111101,"{0,2,3,4,5,6,10}",2-1-1-1-1-4-2,"4,5,3,4,3,2",4,true,true,false,boundary,oriented_convergence,,,,oriented_convergence,Jupiter,,,Preserved A0–D6 network state
1311,Alt 34♭5,7-9,7-9 orientation B,chiral,b111110001010,b010100011111,"{0,1,2,3,4,8,10}",1-1-1-1-4-2-2,"4,5,3,4,3,2",4,true,true,false,boundary,oriented_convergence,,,,oriented_convergence,Saturn,,,Preserved A0–D6 network state
2703,Erratic Minor,7-9,7-9 orientation B,chiral,b111100010101,b101010001111,"{0,1,2,3,7,9,11}",1-1-1-4-2-2-1,"4,5,3,4,3,2",4,true,true,false,boundary,oriented_convergence,,,,oriented_convergence,Moon,,,Preserved A0–D6 network state
3399,Phrygian +𝄫3,7-9,7-9 orientation B,chiral,b111000101011,b110101000111,"{0,1,2,6,8,10,11}",1-1-4-2-2-1-1,"4,5,3,4,3,2",4,true,true,false,boundary,oriented_convergence,,,,oriented_convergence,Mercury,,,Preserved A0–D6 network state
3747,Superlydian Augmented ♭2𝄪4𝄪5,7-9,7-9 orientation B,chiral,b110001010111,b111010100011,"{0,1,5,7,9,10,11}",1-4-2-2-1-1-1,"4,5,3,4,3,2",4,true,true,false,boundary,oriented_convergence,,,,oriented_convergence,Venus,,,Preserved A0–D6 network state
3921,Superlydian Augmented 23♯45,7-9,7-9 orientation B,chiral,b100010101111,b111101010001,"{0,4,6,8,9,10,11}",4-2-2-1-1-1-1,"4,5,3,4,3,2",4,true,true,false,boundary,oriented_convergence,,,,oriented_convergence,Sun,,,Preserved A0–D6 network state
607,Infra-Alt 56,7-10,7-10 orientation A,chiral,b111110100100,b001001011111,"{0,1,2,3,4,6,9}",1-1-1-1-2-3-3,"4,4,5,3,3,2",3,true,true,false,satellite,satellite_D5,D5,Saturn,6,d5_satellite,,,,Preserved A0–D6 network state
761,Major Locrian ♯267,7-10,7-10 orientation A,chiral,b100111110100,b001011111001,"{0,3,4,5,6,7,9}",3-1-1-1-1-2-3,"4,4,5,3,3,2",3,true,true,false,satellite,satellite_D5,D5,Jupiter,4,d5_satellite,,,,Preserved A0–D6 network state
1993,Dominant +♯234,7-10,7-10 orientation A,chiral,b100100111110,b011111001001,"{0,3,6,7,8,9,10}",3-3-1-1-1-1-2,"4,4,5,3,3,2",3,true,true,false,satellite,satellite_D5,D5,Mars,2,d5_satellite,,,,Preserved A0–D6 network state
2351,Alt ♮7345,7-10,7-10 orientation A,chiral,b111101001001,b100100101111,"{0,1,2,3,5,8,11}",1-1-1-2-3-3-1,"4,4,5,3,3,2",3,true,true,false,satellite,satellite_D5,D5,Moon,1,d5_satellite,,,,Preserved A0–D6 network state
3223,Alt ♮57♯63,7-10,7-10 orientation A,chiral,b111010010011,b110010010111,"{0,1,2,4,7,10,11}",1-1-2-3-3-1-1,"4,4,5,3,3,2",3,true,true,false,satellite,satellite_D5,D5,Mercury,3,d5_satellite,,,,Preserved A0–D6 network state
3659,Phrygian +5,7-10,7-10 orientation A,chiral,b110100100111,b111001001011,"{0,1,3,6,9,10,11}",1-2-3-3-1-1-1,"4,4,5,3,3,2",3,true,true,false,satellite,satellite_D5,D5,Venus,5,d5_satellite,,,,Preserved A0–D6 network state
3877,Ionian ♯3♯45♯6,7-10,7-10 orientation A,chiral,b101001001111,b111100100101,"{0,2,5,8,9,10,11}",2-3-3-1-1-1-1,"4,4,5,3,3,2",3,true,true,false,satellite,satellite_D5,D5,Sun,0,d5_satellite,,,,Preserved A0–D6 network state
637,Debussy's Heptatonic,7-10,7-10 orientation B,chiral,b101111100100,b001001111101,"{0,2,3,4,5,6,9}",2-1-1-1-1-3-3,"4,4,5,3,3,2",3,true,true,false,satellite,satellite_D5,D5,Jupiter,4,d5_satellite,,,,Preserved A0–D6 network state
1001,Lydian ♯2♯3♭67,7-10,7-10 orientation B,chiral,b100101111100,b001111101001,"{0,3,5,6,7,8,9}",3-2-1-1-1-1-3,"4,4,5,3,3,2",3,true,true,false,satellite,satellite_D5,D5,Mars,2,d5_satellite,,,,Preserved A0–D6 network state
1183,Infra-Alt 5♭7,7-10,7-10 orientation B,chiral,b111110010010,b010010011111,"{0,1,2,3,4,7,10}",1-1-1-1-3-3-2,"4,4,5,3,3,2",3,true,true,false,satellite,satellite_D5,D5,Saturn,6,d5_satellite,,,,Preserved A0–D6 network state
2639,Alt ♮6734,7-10,7-10 orientation B,chiral,b111100100101,b101001001111,"{0,1,2,3,6,9,11}",1-1-1-3-3-2-1,"4,4,5,3,3,2",3,true,true,false,satellite,satellite_D5,D5,Moon,1,d5_satellite,,,,Preserved A0–D6 network state
3367,Neapolitan Major 3♯5♯6,7-10,7-10 orientation B,chiral,b111001001011,b110100100111,"{0,1,2,5,8,10,11}",1-1-3-3-2-1-1,"4,4,5,3,3,2",3,true,true,false,satellite,satellite_D5,D5,Mercury,3,d5_satellite,,,,Preserved A0–D6 network state
3731,Aeryrian,7-10,7-10 orientation B,chiral,b110010010111,b111010010011,"{0,1,4,7,9,10,11}",1-3-3-2-1-1-1,"4,4,5,3,3,2",3,true,true,false,satellite,satellite_D5,D5,Venus,5,d5_satellite,,,,Preserved A0–D6 network state
3913,Bonian,7-10,7-10 orientation B,chiral,b100100101111,b111101001001,"{0,3,6,8,9,10,11}",3-3-2-1-1-1-1,"4,4,5,3,3,2",3,true,true,false,satellite,satellite_D5,D5,Sun,0,d5_satellite,,,,Preserved A0–D6 network state
379,Kaikian Mode II,7-11,7-11 orientation A,chiral,b110111101000,b000101111011,"{0,1,3,4,5,6,8}",1-2-1-1-1-2-4,"4,4,4,4,4,1",4,true,true,false,satellite,satellite_D3,D3,Jupiter,4,d3_satellite,,,,Preserved A0–D6 network state
1583,Alt ♮6♭♭3♭4♭5,7-11,7-11 orientation A,chiral,b111101000110,b011000101111,"{0,1,2,3,5,9,10}",1-1-1-2-4-1-2,"4,4,4,4,4,1",4,true,true,false,satellite,satellite_D3,D3,Moon,1,d3_satellite,,,,Preserved A0–D6 network state
1969,Dominant +♯3𝄪2♭4,7-11,7-11 orientation A,chiral,b100011011110,b011110110001,"{0,4,5,7,8,9,10}",4-1-2-1-1-1-2,"4,4,4,4,4,1",4,true,true,false,satellite,satellite_D3,D3,Mars,2,d3_satellite,,,,Preserved A0–D6 network state
2237,Alt ♮27♭♭56,7-11,7-11 orientation A,chiral,b101111010001,b100010111101,"{0,2,3,4,5,7,11}",2-1-1-1-2-4-1,"4,4,4,4,4,1",4,true,true,false,satellite,satellite_D3,D3,Saturn,6,d3_satellite,,,,Preserved A0–D6 network state
2839,Kaikian Mode V,7-11,7-11 orientation A,chiral,b111010001101,b101100010111,"{0,1,2,4,8,9,11}",1-1-2-4-1-2-1,"4,4,4,4,4,1",4,true,true,false,satellite,satellite_D3,D3,Mercury,3,d3_satellite,,,,Preserved A0–D6 network state
3467,Phrygian +𝄪4,7-11,7-11 orientation A,chiral,b110100011011,b110110001011,"{0,1,3,7,8,10,11}",1-2-4-1-2-1-1,"4,4,4,4,4,1",4,true,true,false,satellite,satellite_D3,D3,Venus,5,d3_satellite,,,,Preserved A0–D6 network state
3781,Kaikian Mode VII,7-11,7-11 orientation A,chiral,b101000110111,b111011000101,"{0,2,6,7,9,10,11}",2-4-1-2-1-1-1,"4,4,4,4,4,1",4,true,true,false,satellite,satellite_D3,D3,Sun,0,d3_satellite,,,,Preserved A0–D6 network state
445,Alt ♮2♭♭5♭6♭♭♭7,7-11,7-11 orientation B,chiral,b101111011000,b000110111101,"{0,2,3,4,5,7,8}",2-1-1-1-2-1-4,"4,4,4,4,4,1",4,true,true,false,satellite,satellite_D3,D3,Jupiter,4,d3_satellite,,,,Preserved A0–D6 network state
1135,Eurean Mode III,7-11,7-11 orientation B,chiral,b111101100010,b010001101111,"{0,1,2,3,5,6,10}",1-1-1-2-1-4-2,"4,4,4,4,4,1",4,true,true,false,satellite,satellite_D3,D3,Saturn,6,d3_satellite,,,,Preserved A0–D6 network state
1955,Dominant +♭2♯3𝄪4,7-11,7-11 orientation B,chiral,b110001011110,b011110100011,"{0,1,5,7,8,9,10}",1-4-2-1-1-1-2,"4,4,4,4,4,1",4,true,true,false,satellite,satellite_D3,D3,Sun,0,d3_satellite,,,,Preserved A0–D6 network state
2615,Alt ♮67♭♭35,7-11,7-11 orientation B,chiral,b111011000101,b101000110111,"{0,1,2,4,5,9,11}",1-1-2-1-4-2-1,"4,4,4,4,4,1",4,true,true,false,satellite,satellite_D3,D3,Moon,1,d3_satellite,,,,Preserved A0–D6 network state
3025,Ionian +𝄪234,7-11,7-11 orientation B,chiral,b100010111101,b101111010001,"{0,4,6,7,8,9,11}",4-2-1-1-1-2-1,"4,4,4,4,4,1",4,true,true,false,satellite,satellite_D3,D3,Mars,2,d3_satellite,,,,Preserved A0–D6 network state
3355,Phrygian +♭4,7-11,7-11 orientation B,chiral,b110110001011,b110100011011,"{0,1,3,4,8,10,11}",1-2-1-4-2-1-1,"4,4,4,4,4,1",4,true,true,false,satellite,satellite_D3,D3,Mercury,3,d3_satellite,,,,Preserved A0–D6 network state
3725,Eurean Mode VI,7-11,7-11 orientation B,chiral,b101100010111,b111010001101,"{0,2,3,7,9,10,11}",2-1-4-2-1-1-1,"4,4,4,4,4,1",4,true,true,false,satellite,satellite_D3,D3,Venus,5,d3_satellite,,,,Preserved A0–D6 network state
671,Infra-Alt 5,7-Z12,7-Z12 single orientation,achiral,b111110010100,b001010011111,"{0,1,2,3,4,7,9}",1-1-1-1-3-2-3,"4,4,4,3,4,2",3,true,true,false,anchor,anchor_D5,D5,Saturn,6,d5_anchor,,,7-Z36,Preserved A0–D6 network state
997,Tanarupi IV,7-Z12,7-Z12 single orientation,achiral,b101001111100,b001111100101,"{0,2,5,6,7,8,9}",2-3-1-1-1-1-3,"4,4,4,3,4,2",3,true,true,false,anchor,anchor_D5,D5,Mars,2,d5_anchor,,,7-Z36,Preserved A0–D6 network state
1273,Tanarupi V,7-Z12,7-Z12 single orientation,achiral,b100111110010,b010011111001,"{0,3,4,5,6,7,10}",3-1-1-1-1-3-2,"4,4,4,3,4,2",3,true,true,false,anchor,anchor_D5,D5,Jupiter,4,d5_anchor,,,7-Z36,Preserved A0–D6 network state
2383,Alt ♮734,7-Z12,7-Z12 single orientation,achiral,b111100101001,b100101001111,"{0,1,2,3,6,8,11}",1-1-1-3-2-3-1,"4,4,4,3,4,2",3,true,true,false,anchor,anchor_D5,D5,Moon,1,d5_anchor,,,7-Z36,Preserved A0–D6 network state
3239,Rāga Tanukirti,7-Z12,7-Z12 single orientation,achiral,b111001010011,b110010100111,"{0,1,2,5,7,10,11}",1-1-3-2-3-1-1,"4,4,4,3,4,2",3,true,true,false,anchor,anchor_D5,D5,Mercury,3,d5_anchor,,,7-Z36,Preserved A0–D6 network state
3667,Lydian ♭25♯6,7-Z12,7-Z12 single orientation,achiral,b110010100111,b111001010011,"{0,1,4,6,9,10,11}",1-3-2-3-1-1-1,"4,4,4,3,4,2",3,true,true,false,anchor,anchor_D5,D5,Venus,5,d5_anchor,,,7-Z36,Preserved A0–D6 network state
3881,Tanarupi III,7-Z12,7-Z12 single orientation,achiral,b100101001111,b111100101001,"{0,3,5,8,9,10,11}",3-2-3-1-1-1-1,"4,4,4,3,4,2",3,true,true,false,anchor,anchor_D5,D5,Sun,0,d5_anchor,,,7-Z36,Preserved A0–D6 network state
375,Scale 375,7-13,7-13 orientation A,chiral,b111011101000,b000101110111,"{0,1,2,4,5,6,8}",1-1-2-1-1-2-4,"4,4,3,5,3,2",4,true,true,false,satellite,satellite_D4,D4,Venus,5,d4_satellite,,,,Preserved A0–D6 network state
1815,Scale 1815,7-13,7-13 orientation A,chiral,b111010001110,b011100010111,"{0,1,2,4,8,9,10}",1-1-2-4-1-1-2,"4,4,3,5,3,2",4,true,true,false,satellite,satellite_D4,D4,Jupiter,4,d4_satellite,,,,Preserved A0–D6 network state
1905,Lydian 7+♯3𝄪2,7-13,7-13 orientation A,chiral,b100011101110,b011101110001,"{0,4,5,6,8,9,10}",4-1-1-2-1-1-2,"4,4,3,5,3,2",4,true,true,false,satellite,satellite_D4,D4,Mercury,3,d4_satellite,,,,Preserved A0–D6 network state
2235,Exotic Minor,7-13,7-13 orientation A,chiral,b110111010001,b100010111011,"{0,1,3,4,5,7,11}",1-2-1-1-2-4-1,"4,4,3,5,3,2",4,true,true,false,satellite,satellite_D4,D4,Sun,0,d4_satellite,,,,Preserved A0–D6 network state
2955,Neapolitan Maj 𝄪4♯5,7-13,7-13 orientation A,chiral,b110100011101,b101110001011,"{0,1,3,7,8,9,11}",1-2-4-1-1-2-1,"4,4,3,5,3,2",4,true,true,false,satellite,satellite_D4,D4,Saturn,6,d4_satellite,,,,Preserved A0–D6 network state
3165,Scale 3165,7-13,7-13 orientation A,chiral,b101110100011,b110001011101,"{0,2,3,4,6,10,11}",2-1-1-2-4-1-1,"4,4,3,5,3,2",4,true,true,false,satellite,satellite_D4,D4,Mars,2,d4_satellite,,,,Preserved A0–D6 network state
3525,Scale 3525,7-13,7-13 orientation A,chiral,b101000111011,b110111000101,"{0,2,6,7,8,10,11}",2-4-1-1-2-1-1,"4,4,3,5,3,2",4,true,true,false,satellite,satellite_D4,D4,Moon,1,d4_satellite,,,,Preserved A0–D6 network state
477,Alt ♮2𝄫6♭𝄫7,7-13,7-13 orientation B,chiral,b101110111000,b000111011101,"{0,2,3,4,6,7,8}",2-1-1-2-1-1-4,"4,4,3,5,3,2",4,true,true,false,satellite,satellite_D4,D4,Mercury,3,d4_satellite,,,,Preserved A0–D6 network state
1143,Scale 1143,7-13,7-13 orientation B,chiral,b111011100010,b010001110111,"{0,1,2,4,5,6,10}",1-1-2-1-1-4-2,"4,4,3,5,3,2",4,true,true,false,satellite,satellite_D4,D4,Venus,5,d4_satellite,,,,Preserved A0–D6 network state
1863,Scale 1863,7-13,7-13 orientation B,chiral,b111000101110,b011101000111,"{0,1,2,6,8,9,10}",1-1-4-2-1-1-2,"4,4,3,5,3,2",4,true,true,false,satellite,satellite_D4,D4,Jupiter,4,d4_satellite,,,,Preserved A0–D6 network state
2619,Alt ♮675,7-13,7-13 orientation B,chiral,b110111000101,b101000111011,"{0,1,3,4,5,9,11}",1-2-1-1-4-2-1,"4,4,3,5,3,2",4,true,true,false,satellite,satellite_D4,D4,Sun,0,d4_satellite,,,,Preserved A0–D6 network state
2979,Ionian +♭2♯3𝄪4,7-13,7-13 orientation B,chiral,b110001011101,b101110100011,"{0,1,5,7,8,9,11}",1-4-2-1-1-2-1,"4,4,3,5,3,2",4,true,true,false,satellite,satellite_D4,D4,Saturn,6,d4_satellite,,,,Preserved A0–D6 network state
3357,Scale 3357,7-13,7-13 orientation B,chiral,b101110001011,b110100011101,"{0,2,3,4,8,10,11}",2-1-1-4-2-1-1,"4,4,3,5,3,2",4,true,true,false,satellite,satellite_D4,D4,Mars,2,d4_satellite,,,,Preserved A0–D6 network state
3537,Scale 3537,7-13,7-13 orientation B,chiral,b100010111011,b110111010001,"{0,4,6,7,8,10,11}",4-2-1-1-2-1-1,"4,4,3,5,3,2",4,true,true,false,satellite,satellite_D4,D4,Moon,1,d4_satellite,,,,Preserved A0–D6 network state
431,Infra-Alt 7,7-14,7-14 orientation A,chiral,b111101011000,b000110101111,"{0,1,2,3,5,7,8}",1-1-1-2-2-1-4,"4,4,3,3,5,2",4,true,true,false,boundary,office_junction,,,,office_junction,,Saturn,,Preserved A0–D6 network state
1507,Lydian ♭7♭2♭6♯3,7-14,7-14 orientation A,chiral,b110001111010,b010111100011,"{0,1,5,6,7,8,10}",1-4-1-1-1-2-2,"4,4,3,3,5,2",4,true,true,false,boundary,office_junction,,,,office_junction,,Mars,,Preserved A0–D6 network state
1933,Dorian +𝄪4,7-14,7-14 orientation A,chiral,b101100011110,b011110001101,"{0,2,3,7,8,9,10}",2-1-4-1-1-1-2,"4,4,3,3,5,2",4,true,true,false,boundary,office_junction,,,,office_junction,,Sun,,Preserved A0–D6 network state
2263,Phlegmatic Minor,7-14,7-14 orientation A,chiral,b111010110001,b100011010111,"{0,1,2,4,6,7,11}",1-1-2-2-1-4-1,"4,4,3,3,5,2",4,true,true,false,boundary,office_junction,,,,office_junction,,Moon,,Preserved A0–D6 network state
2801,Rāga Hindolita,7-14,7-14 orientation A,chiral,b100011110101,b101011110001,"{0,4,5,6,7,9,11}",4-1-1-1-2-2-1,"4,4,3,3,5,2",4,true,true,false,boundary,office_junction,,,,office_junction,,Jupiter,,Preserved A0–D6 network state
3179,Locrian ♮7♯6,7-14,7-14 orientation A,chiral,b110101100011,b110001101011,"{0,1,3,5,6,10,11}",1-2-2-1-4-1-1,"4,4,3,3,5,2",4,true,true,false,boundary,office_junction,,,,office_junction,,Mercury,,Preserved A0–D6 network state
3637,Rāga Rageshri,7-14,7-14 orientation A,chiral,b101011000111,b111000110101,"{0,2,4,5,9,10,11}",2-2-1-4-1-1-1,"4,4,3,3,5,2",4,true,true,false,boundary,office_junction,,,,office_junction,,Venus,,Preserved A0–D6 network state
491,Locrian ♭♭6♭♭♭7,7-14,7-14 orientation B,chiral,b110101111000,b000111101011,"{0,1,3,5,6,7,8}",1-2-2-1-1-1-4,"4,4,3,3,5,2",4,true,true,false,boundary,office_junction,,,,office_junction,,Mars,,Preserved A0–D6 network state
1423,Alt ♮5♭♭3♭4,7-14,7-14 orientation B,chiral,b111100011010,b010110001111,"{0,1,2,3,7,8,10}",1-1-1-4-1-2-2,"4,4,3,3,5,2",4,true,true,false,boundary,office_junction,,,,office_junction,,Moon,,Preserved A0–D6 network state
1597,Rāga Ravikosh,7-14,7-14 orientation B,chiral,b101111000110,b011000111101,"{0,2,3,4,5,9,10}",2-1-1-1-4-1-2,"4,4,3,3,5,2",4,true,true,false,boundary,office_junction,,,,office_junction,,Saturn,,Preserved A0–D6 network state
2293,Bucolic,7-14,7-14 orientation B,chiral,b101011110001,b100011110101,"{0,2,4,5,6,7,11}",2-2-1-1-1-4-1,"4,4,3,3,5,2",4,true,true,false,boundary,office_junction,,,,office_junction,,Jupiter,,Preserved A0–D6 network state
2759,Lydian ♭2♭♭3,7-14,7-14 orientation B,chiral,b111000110101,b101011000111,"{0,1,2,6,7,9,11}",1-1-4-1-2-2-1,"4,4,3,3,5,2",4,true,true,false,boundary,office_junction,,,,office_junction,,Mercury,,Preserved A0–D6 network state
3427,Phrygian +♯3,7-14,7-14 orientation B,chiral,b110001101011,b110101100011,"{0,1,5,6,8,10,11}",1-4-1-2-2-1-1,"4,4,3,3,5,2",4,true,true,false,boundary,office_junction,,,,office_junction,,Venus,,Preserved A0–D6 network state
3761,Rāga Madhuri,7-14,7-14 orientation B,chiral,b100011010111,b111010110001,"{0,4,5,7,9,10,11}",4-1-2-2-1-1-1,"4,4,3,3,5,2",4,true,true,false,boundary,office_junction,,,,office_junction,,Sun,,Preserved A0–D6 network state
471,Alt 3·6·♭7,7-15,7-15 single orientation,achiral,b111010111000,b000111010111,"{0,1,2,4,6,7,8}",1-1-2-2-1-1-4,"4,4,2,4,4,3",4,true,true,false,anchor,anchor_D2,D2,Jupiter,4,d2_anchor,,,,Preserved A0–D6 network state
1479,Mela Jalarnava,7-15,7-15 single orientation,achiral,b111000111010,b010111000111,"{0,1,2,6,7,8,10}",1-1-4-1-1-2-2,"4,4,2,4,4,3",4,true,true,false,anchor,anchor_D2,D2,Venus,5,d2_anchor,,,,Preserved A0–D6 network state
1821,Dorian +♭4,7-15,7-15 single orientation,achiral,b101110001110,b011100011101,"{0,2,3,4,8,9,10}",2-1-1-4-1-1-2,"4,4,2,4,4,3",4,true,true,false,anchor,anchor_D2,D2,Mercury,3,d2_anchor,,,,Preserved A0–D6 network state
2283,Pacific Minor,7-15,7-15 single orientation,achiral,b110101110001,b100011101011,"{0,1,3,5,6,7,11}",1-2-2-1-1-4-1,"4,4,2,4,4,3",4,true,true,false,anchor,anchor_D2,D2,Saturn,6,d2_anchor,,,,Preserved A0–D6 network state
2787,Lydian ♭2♯3,7-15,7-15 single orientation,achiral,b110001110101,b101011100011,"{0,1,5,6,7,9,11}",1-4-1-1-2-2-1,"4,4,2,4,4,3",4,true,true,false,anchor,anchor_D2,D2,Sun,0,d2_anchor,,,,Preserved A0–D6 network state
3189,Ionian ♭5♯6,7-15,7-15 single orientation,achiral,b101011100011,b110001110101,"{0,2,4,5,6,10,11}",2-2-1-1-4-1-1,"4,4,2,4,4,3",4,true,true,false,anchor,anchor_D2,D2,Moon,1,d2_anchor,,,,Preserved A0–D6 network state
3441,Superlydian Augmented ♯2,7-15,7-15 single orientation,achiral,b100011101011,b110101110001,"{0,4,5,6,8,10,11}",4-1-1-2-2-1-1,"4,4,2,4,4,3",4,true,true,false,anchor,anchor_D2,D2,Mars,2,d2_anchor,,,,Preserved A0–D6 network state
623,Infra-Alt 6,7-16,7-16 orientation A,chiral,b111101100100,b001001101111,"{0,1,2,3,5,6,9}",1-1-1-2-1-3-3,"4,3,5,4,3,2",3,true,true,false,satellite,satellite_D4,D4,Venus,5,d4_satellite,,,,Preserved A0–D6 network state
889,Scale 889,7-16,7-16 orientation A,chiral,b100111101100,b001101111001,"{0,3,4,5,6,8,9}",3-1-1-1-2-1-3,"4,3,5,4,3,2",3,true,true,false,satellite,satellite_D4,D4,Mercury,3,d4_satellite,,,,Preserved A0–D6 network state
1939,Dominant +♭2𝄪4,7-16,7-16 orientation A,chiral,b110010011110,b011110010011,"{0,1,4,7,8,9,10}",1-3-3-1-1-1-2,"4,3,5,4,3,2",3,true,true,false,satellite,satellite_D4,D4,Saturn,6,d4_satellite,,,,Preserved A0–D6 network state
2359,Unorthodox Minor,7-16,7-16 orientation A,chiral,b111011001001,b100100110111,"{0,1,2,4,5,8,11}",1-1-2-1-3-3-1,"4,3,5,4,3,2",3,true,true,false,satellite,satellite_D4,D4,Sun,0,d4_satellite,,,,Preserved A0–D6 network state
3017,Scale 3017,7-16,7-16 orientation A,chiral,b100100111101,b101111001001,"{0,3,6,7,8,9,11}",3-3-1-1-1-2-1,"4,3,5,4,3,2",3,true,true,false,satellite,satellite_D4,D4,Moon,1,d4_satellite,,,,Preserved A0–D6 network state
3227,Neapolitan Major ♭4♯6,7-16,7-16 orientation A,chiral,b110110010011,b110010011011,"{0,1,3,4,7,10,11}",1-2-1-3-3-1-1,"4,3,5,4,3,2",3,true,true,false,satellite,satellite_D4,D4,Mars,2,d4_satellite,,,,Preserved A0–D6 network state
3661,Melodic ♯4𝄪5♯6,7-16,7-16 orientation A,chiral,b101100100111,b111001001101,"{0,2,3,6,9,10,11}",2-1-3-3-1-1-1,"4,3,5,4,3,2",3,true,true,false,satellite,satellite_D4,D4,Jupiter,4,d4_satellite,,,,Preserved A0–D6 network state
635,Scale 635,7-16,7-16 orientation B,chiral,b110111100100,b001001111011,"{0,1,3,4,5,6,9}",1-2-1-1-1-3-3,"4,3,5,4,3,2",3,true,true,false,satellite,satellite_D4,D4,Venus,5,d4_satellite,,,,Preserved A0–D6 network state
985,Scale 985,7-16,7-16 orientation B,chiral,b100110111100,b001111011001,"{0,3,4,6,7,8,9}",3-1-2-1-1-1-3,"4,3,5,4,3,2",3,true,true,false,satellite,satellite_D4,D4,Mercury,3,d4_satellite,,,,Preserved A0–D6 network state
1615,Sydian (Alt ♮6𝄫34),7-16,7-16 orientation B,chiral,b111100100110,b011001001111,"{0,1,2,3,6,9,10}",1-1-1-3-3-1-2,"4,3,5,4,3,2",3,true,true,false,satellite,satellite_D4,D4,Mars,2,d4_satellite,,,,Preserved A0–D6 network state
2365,Alt ♮27𝄫5,7-16,7-16 orientation B,chiral,b101111001001,b100100111101,"{0,2,3,4,5,8,11}",2-1-1-1-3-3-1,"4,3,5,4,3,2",3,true,true,false,satellite,satellite_D4,D4,Sun,0,d4_satellite,,,,Preserved A0–D6 network state
2855,Ionian +♭2𝄫3,7-16,7-16 orientation B,chiral,b111001001101,b101100100111,"{0,1,2,5,8,9,11}",1-1-3-3-1-2-1,"4,3,5,4,3,2",3,true,true,false,satellite,satellite_D4,D4,Jupiter,4,d4_satellite,,,,Preserved A0–D6 network state
3475,Enigmatic 𝄪4,7-16,7-16 orientation B,chiral,b110010011011,b110110010011,"{0,1,4,7,8,10,11}",1-3-3-1-2-1-1,"4,3,5,4,3,2",3,true,true,false,satellite,satellite_D4,D4,Saturn,6,d4_satellite,,,,Preserved A0–D6 network state
3785,Scale 3785,7-16,7-16 orientation B,chiral,b100100110111,b111011001001,"{0,3,6,7,9,10,11}",3-3-1-2-1-1-1,"4,3,5,4,3,2",3,true,true,false,satellite,satellite_D4,D4,Moon,1,d4_satellite,,,,Preserved A0–D6 network state
631,Infra-Alt 6♭4,7-Z17,7-Z17 single orientation,achiral,b111011100100,b001001110111,"{0,1,2,4,5,6,9}",1-1-2-1-1-3-3,"4,3,4,5,4,1",3,true,true,false,anchor,anchor_D4,D4,Venus,5,d4_anchor,,,7-Z37,Preserved A0–D6 network state
953,Rāga Kalahamsa,7-Z17,7-Z17 single orientation,achiral,b100111011100,b001110111001,"{0,3,4,5,7,8,9}",3-1-1-2-1-1-3,"4,3,4,5,4,1",3,true,true,false,anchor,anchor_D4,D4,Mercury,3,d4_anchor,,,7-Z37,Preserved A0–D6 network state
1831,Dominant +♭2𝄫3,7-Z17,7-Z17 single orientation,achiral,b111001001110,b011100100111,"{0,1,2,5,8,9,10}",1-1-3-3-1-1-2,"4,3,4,5,4,1",3,true,true,false,anchor,anchor_D4,D4,Jupiter,4,d4_anchor,,,7-Z37,Preserved A0–D6 network state
2363,Unorthodox,7-Z17,7-Z17 single orientation,achiral,b110111001001,b100100111011,"{0,1,3,4,5,8,11}",1-2-1-1-3-3-1,"4,3,4,5,4,1",3,true,true,false,anchor,anchor_D4,D4,Sun,0,d4_anchor,,,7-Z37,Preserved A0–D6 network state
2963,Ionian +♭2𝄪4,7-Z17,7-Z17 single orientation,achiral,b110010011101,b101110010011,"{0,1,4,7,8,9,11}",1-3-3-1-1-2-1,"4,3,4,5,4,1",3,true,true,false,anchor,anchor_D4,D4,Saturn,6,d4_anchor,,,7-Z37,Preserved A0–D6 network state
3229,Varunapriya ♭4,7-Z17,7-Z17 single orientation,achiral,b101110010011,b110010011101,"{0,2,3,4,7,10,11}",2-1-1-3-3-1-1,"4,3,4,5,4,1",3,true,true,false,anchor,anchor_D4,D4,Mars,2,d4_anchor,,,7-Z37,Preserved A0–D6 network state
3529,Superlydian Augmented 𝄪3𝄪4,7-Z17,7-Z17 single orientation,achiral,b100100111011,b110111001001,"{0,3,6,7,8,10,11}",3-3-1-1-2-1-1,"4,3,4,5,4,1",3,true,true,false,anchor,anchor_D4,D4,Moon,1,d4_anchor,,,7-Z37,Preserved A0–D6 network state
755,Ionian ♭2♭5𝄫6𝄫7,7-Z18,7-Z18 orientation A,chiral,b110011110100,b001011110011,"{0,1,4,5,6,7,9}",1-3-1-1-1-2-3,"4,3,4,4,4,2",3,true,true,false,boundary,oriented_convergence,,,,oriented_convergence,Mars,,7-Z38,Preserved A0–D6 network state
815,Scale 815,7-Z18,7-Z18 orientation A,chiral,b111101001100,b001100101111,"{0,1,2,3,5,8,9}",1-1-1-2-3-1-3,"4,3,4,4,4,2",3,true,true,false,boundary,oriented_convergence,,,,oriented_convergence,Saturn,,7-Z38,Preserved A0–D6 network state
1945,7-Z18 rooted state 1945,7-Z18,7-Z18 orientation A,chiral,b100110011110,b011110011001,"{0,3,4,7,8,9,10}",3-1-3-1-1-1-2,"4,3,4,4,4,2",3,true,false,true,boundary,oriented_convergence,,,,oriented_convergence,Sun,,7-Z38,Independent enumeration of rooted seven-note subsets of Z12
2425,Scale 2425,7-Z18,7-Z18 orientation A,chiral,b100111101001,b100101111001,"{0,3,4,5,6,8,11}",3-1-1-1-2-3-1,"4,3,4,4,4,2",3,true,true,false,boundary,oriented_convergence,,,,oriented_convergence,Jupiter,,7-Z38,Preserved A0–D6 network state
2455,7-Z18 rooted state 2455,7-Z18,7-Z18 orientation A,chiral,b111010011001,b100110010111,"{0,1,2,4,7,8,11}",1-1-2-3-1-3-1,"4,3,4,4,4,2",3,true,false,true,boundary,oriented_convergence,,,,oriented_convergence,Moon,,7-Z38,Independent enumeration of rooted seven-note subsets of Z12
3275,7-Z18 rooted state 3275,7-Z18,7-Z18 orientation A,chiral,b110100110011,b110011001011,"{0,1,3,6,7,10,11}",1-2-3-1-3-1-1,"4,3,4,4,4,2",3,true,false,true,boundary,oriented_convergence,,,,oriented_convergence,Mercury,,7-Z38,Independent enumeration of rooted seven-note subsets of Z12
3685,7-Z18 rooted state 3685,7-Z18,7-Z18 orientation A,chiral,b101001100111,b111001100101,"{0,2,5,6,9,10,11}",2-3-1-3-1-1-1,"4,3,4,4,4,2",3,true,false,true,boundary,oriented_convergence,,,,oriented_convergence,Venus,,7-Z38,Independent enumeration of rooted seven-note subsets of Z12
829,7-Z18 rooted state 829,7-Z18,7-Z18 orientation B,chiral,b101111001100,b001100111101,"{0,2,3,4,5,8,9}",2-1-1-1-3-1-3,"4,3,4,4,4,2",3,true,false,true,boundary,oriented_convergence,,,,oriented_convergence,Saturn,,7-Z38,Independent enumeration of rooted seven-note subsets of Z12
979,Scale 979,7-Z18,7-Z18 orientation B,chiral,b110010111100,b001111010011,"{0,1,4,6,7,8,9}",1-3-2-1-1-1-3,"4,3,4,4,4,2",3,true,true,false,boundary,oriented_convergence,,,,oriented_convergence,Mars,,7-Z38,Preserved A0–D6 network state
1231,7-Z18 rooted state 1231,7-Z18,7-Z18 orientation B,chiral,b111100110010,b010011001111,"{0,1,2,3,6,7,10}",1-1-1-3-1-3-2,"4,3,4,4,4,2",3,true,false,true,boundary,oriented_convergence,,,,oriented_convergence,Moon,,7-Z38,Independent enumeration of rooted seven-note subsets of Z12
2537,Scale 2537,7-Z18,7-Z18 orientation B,chiral,b100101111001,b100111101001,"{0,3,5,6,7,8,11}",3-2-1-1-1-3-1,"4,3,4,4,4,2",3,true,true,false,boundary,oriented_convergence,,,,oriented_convergence,Jupiter,,7-Z38,Preserved A0–D6 network state
2663,7-Z18 rooted state 2663,7-Z18,7-Z18 orientation B,chiral,b111001100101,b101001100111,"{0,1,2,5,6,9,11}",1-1-3-1-3-2-1,"4,3,4,4,4,2",3,true,false,true,boundary,oriented_convergence,,,,oriented_convergence,Mercury,,7-Z38,Independent enumeration of rooted seven-note subsets of Z12
3379,7-Z18 rooted state 3379,7-Z18,7-Z18 orientation B,chiral,b110011001011,b110100110011,"{0,1,4,5,8,10,11}",1-3-1-3-2-1-1,"4,3,4,4,4,2",3,true,false,true,boundary,oriented_convergence,,,,oriented_convergence,Venus,,7-Z38,Independent enumeration of rooted seven-note subsets of Z12
3737,Scale 3737,7-Z18,7-Z18 orientation B,chiral,b100110010111,b111010011001,"{0,3,4,7,9,10,11}",3-1-3-2-1-1-1,"4,3,4,4,4,2",3,true,true,false,boundary,oriented_convergence,,,,oriented_convergence,Sun,,7-Z38,Preserved A0–D6 network state
719,1MI & 2Δ7,7-19,7-19 orientation A,chiral,b111100110100,b001011001111,"{0,1,2,3,6,7,9}",1-1-1-3-1-2-3,"4,3,4,3,4,3",3,true,true,false,boundary,office_junction,,,,office_junction,,Jupiter,,Preserved A0–D6 network state
971,Scale 971,7-19,7-19 orientation A,chiral,b110100111100,b001111001011,"{0,1,3,6,7,8,9}",1-2-3-1-1-1-3,"4,3,4,3,4,3",3,true,true,false,boundary,office_junction,,,,office_junction,,Venus,,Preserved A0–D6 network state
1657,7-19 rooted state 1657,7-19,7-19 orientation A,chiral,b100111100110,b011001111001,"{0,3,4,5,6,9,10}",3-1-1-1-3-1-2,"4,3,4,3,4,3",3,true,false,true,boundary,office_junction,,,,office_junction,,Mars,,Independent enumeration of rooted seven-note subsets of Z12
2407,7-19 rooted state 2407,7-19,7-19 orientation A,chiral,b111001101001,b100101100111,"{0,1,2,5,6,8,11}",1-1-3-1-2-3-1,"4,3,4,3,4,3",3,true,false,true,boundary,office_junction,,,,office_junction,,Saturn,,Independent enumeration of rooted seven-note subsets of Z12
2533,7-19 rooted state 2533,7-19,7-19 orientation A,chiral,b101001111001,b100111100101,"{0,2,5,6,7,8,11}",2-3-1-1-1-3-1,"4,3,4,3,4,3",3,true,false,true,boundary,office_junction,,,,office_junction,,Sun,,Independent enumeration of rooted seven-note subsets of Z12
3251,7-19 rooted state 3251,7-19,7-19 orientation A,chiral,b110011010011,b110010110011,"{0,1,4,5,7,10,11}",1-3-1-2-3-1-1,"4,3,4,3,4,3",3,true,false,true,boundary,office_junction,,,,office_junction,,Moon,,Independent enumeration of rooted seven-note subsets of Z12
3673,Scale 3673,7-19,7-19 orientation A,chiral,b100110100111,b111001011001,"{0,3,4,6,9,10,11}",3-1-2-3-1-1-1,"4,3,4,3,4,3",3,true,true,false,boundary,office_junction,,,,office_junction,,Mercury,,Preserved A0–D6 network state
847,Scale 847,7-19,7-19 orientation B,chiral,b111100101100,b001101001111,"{0,1,2,3,6,8,9}",1-1-1-3-2-1-3,"4,3,4,3,4,3",3,true,true,false,boundary,office_junction,,,,office_junction,,Mercury,,Preserved A0–D6 network state
973,7-19 rooted state 973,7-19,7-19 orientation B,chiral,b101100111100,b001111001101,"{0,2,3,6,7,8,9}",2-1-3-1-1-1-3,"4,3,4,3,4,3",3,true,false,true,boundary,office_junction,,,,office_junction,,Jupiter,,Independent enumeration of rooted seven-note subsets of Z12
1267,7-19 rooted state 1267,7-19,7-19 orientation B,chiral,b110011110010,b010011110011,"{0,1,4,5,6,7,10}",1-3-1-1-1-3-2,"4,3,4,3,4,3",3,true,false,true,boundary,office_junction,,,,office_junction,,Saturn,,Independent enumeration of rooted seven-note subsets of Z12
2471,7-19 rooted state 2471,7-19,7-19 orientation B,chiral,b111001011001,b100110100111,"{0,1,2,5,7,8,11}",1-1-3-2-1-3-1,"4,3,4,3,4,3",3,true,false,true,boundary,office_junction,,,,office_junction,,Venus,,Independent enumeration of rooted seven-note subsets of Z12
2681,Scale 2681,7-19,7-19 orientation B,chiral,b100111100101,b101001111001,"{0,3,4,5,6,9,11}",3-1-1-1-3-2-1,"4,3,4,3,4,3",3,true,true,false,boundary,office_junction,,,,office_junction,,Moon,,Preserved A0–D6 network state
3283,7-19 rooted state 3283,7-19,7-19 orientation B,chiral,b110010110011,b110011010011,"{0,1,4,6,7,10,11}",1-3-2-1-3-1-1,"4,3,4,3,4,3",3,true,false,true,boundary,office_junction,,,,office_junction,,Sun,,Independent enumeration of rooted seven-note subsets of Z12
3689,Scale 3689,7-19,7-19 orientation B,chiral,b100101100111,b111001101001,"{0,3,5,6,9,10,11}",3-2-1-3-1-1-1,"4,3,4,3,4,3",3,true,true,false,boundary,office_junction,,,,office_junction,,Mars,,Preserved A0–D6 network state
743,Phrygian Hungarian Minor,7-20,7-20 orientation A,chiral,b111001110100,b001011100111,"{0,1,2,5,6,7,9}",1-1-3-1-1-2-3,"4,3,3,4,5,2",3,true,true,false,satellite,satellite_D1,D1,Moon,1,d1_satellite,,,,Preserved A0–D6 network state
919,Chromatic Phrygian Inverse,7-20,7-20 orientation A,chiral,b111010011100,b001110010111,"{0,1,2,4,7,8,9}",1-1-2-3-1-1-3,"4,3,3,4,5,2",3,true,true,false,satellite,satellite_D1,D1,Sun,0,d1_satellite,,,,Preserved A0–D6 network state
1849,Rāga Dvigandharabushini,7-20,7-20 orientation A,chiral,b100111001110,b011100111001,"{0,3,4,5,8,9,10}",3-1-1-3-1-1-2,"4,3,3,4,5,2",3,true,true,false,satellite,satellite_D1,D1,Saturn,6,d1_satellite,,,,Preserved A0–D6 network state
2419,Rāga Suddha Pancama,7-20,7-20 orientation A,chiral,b110011101001,b100101110011,"{0,1,4,5,6,8,11}",1-3-1-1-2-3-1,"4,3,3,4,5,2",3,true,true,false,satellite,satellite_D1,D1,Mercury,3,d1_satellite,,,,Preserved A0–D6 network state
2507,Chromatic Lydian Inverse,7-20,7-20 orientation A,chiral,b110100111001,b100111001011,"{0,1,3,6,7,8,11}",1-2-3-1-1-3-1,"4,3,3,4,5,2",3,true,true,false,satellite,satellite_D1,D1,Mars,2,d1_satellite,,,,Preserved A0–D6 network state
3257,Rāga Madhuranjani,7-20,7-20 orientation A,chiral,b100111010011,b110010111001,"{0,3,4,5,7,10,11}",3-1-1-2-3-1-1,"4,3,3,4,5,2",3,true,true,false,satellite,satellite_D1,D1,Venus,5,d1_satellite,,,,Preserved A0–D6 network state
3301,Rāga Loom Sarang,7-20,7-20 orientation A,chiral,b101001110011,b110011100101,"{0,2,5,6,7,10,11}",2-3-1-1-3-1-1,"4,3,3,4,5,2",3,true,true,false,satellite,satellite_D1,D1,Jupiter,4,d1_satellite,,,,Preserved A0–D6 network state
925,Chromatic Hypodorian,7-20,7-20 orientation B,chiral,b101110011100,b001110011101,"{0,2,3,4,7,8,9}",2-1-1-3-1-1-3,"4,3,3,4,5,2",3,true,true,false,satellite,satellite_D1,D1,Sun,0,d1_satellite,,,,Preserved A0–D6 network state
935,Kanakangi,7-20,7-20 orientation B,chiral,b111001011100,b001110100111,"{0,1,2,5,7,8,9}",1-1-3-2-1-1-3,"4,3,3,4,5,2",3,true,true,false,satellite,satellite_D1,D1,Moon,1,d1_satellite,,,,Preserved A0–D6 network state
1255,Chromatic Mixolydian,7-20,7-20 orientation B,chiral,b111001110010,b010011100111,"{0,1,2,5,6,7,10}",1-1-3-1-1-3-2,"4,3,3,4,5,2",3,true,true,false,satellite,satellite_D1,D1,Mars,2,d1_satellite,,,,Preserved A0–D6 network state
2515,Chromatic Hypolydian,7-20,7-20 orientation B,chiral,b110010111001,b100111010011,"{0,1,4,6,7,8,11}",1-3-2-1-1-3-1,"4,3,3,4,5,2",3,true,true,false,satellite,satellite_D1,D1,Mercury,3,d1_satellite,,,,Preserved A0–D6 network state
2675,Chromatic Lydian,7-20,7-20 orientation B,chiral,b110011100101,b101001110011,"{0,1,4,5,6,9,11}",1-3-1-1-3-2-1,"4,3,3,4,5,2",3,true,true,false,satellite,satellite_D1,D1,Jupiter,4,d1_satellite,,,,Preserved A0–D6 network state
3305,Chromatic Hypophrygian,7-20,7-20 orientation B,chiral,b100101110011,b110011101001,"{0,3,5,6,7,10,11}",3-2-1-1-3-1-1,"4,3,3,4,5,2",3,true,true,false,satellite,satellite_D1,D1,Venus,5,d1_satellite,,,,Preserved A0–D6 network state
3385,Chromatic Phrygian,7-20,7-20 orientation B,chiral,b100111001011,b110100111001,"{0,3,4,5,8,10,11}",3-1-1-3-2-1-1,"4,3,3,4,5,2",3,true,true,false,satellite,satellite_D1,D1,Saturn,6,d1_satellite,,,,Preserved A0–D6 network state
823,Scale 823,7-21,7-21 orientation A,chiral,b111011001100,b001100110111,"{0,1,2,4,5,8,9}",1-1-2-1-3-1-3,"4,2,4,6,4,1",3,true,true,false,boundary,office_junction,,,,office_junction,,Mercury,,Preserved A0–D6 network state
883,Scale 883,7-21,7-21 orientation A,chiral,b110011101100,b001101110011,"{0,1,4,5,6,8,9}",1-3-1-1-2-1-3,"4,2,4,6,4,1",3,true,true,false,boundary,office_junction,,,,office_junction,,Saturn,,Preserved A0–D6 network state
1843,7-21 rooted state 1843,7-21,7-21 orientation A,chiral,b110011001110,b011100110011,"{0,1,4,5,8,9,10}",1-3-1-3-1-1-2,"4,2,4,6,4,1",3,true,false,true,boundary,office_junction,,,,office_junction,,Mars,,Independent enumeration of rooted seven-note subsets of Z12
2459,7-21 rooted state 2459,7-21,7-21 orientation A,chiral,b110110011001,b100110011011,"{0,1,3,4,7,8,11}",1-2-1-3-1-3-1,"4,2,4,6,4,1",3,true,false,true,boundary,office_junction,,,,office_junction,,Venus,,Independent enumeration of rooted seven-note subsets of Z12
2489,Scale 2489,7-21,7-21 orientation A,chiral,b100111011001,b100110111001,"{0,3,4,5,7,8,11}",3-1-1-2-1-3-1,"4,2,4,6,4,1",3,true,true,false,boundary,office_junction,,,,office_junction,,Moon,,Preserved A0–D6 network state
2969,Scale 2969,7-21,7-21 orientation A,chiral,b100110011101,b101110011001,"{0,3,4,7,8,9,11}",3-1-3-1-1-2-1,"4,2,4,6,4,1",3,true,true,false,boundary,office_junction,,,,office_junction,,Jupiter,,Preserved A0–D6 network state
3277,7-21 rooted state 3277,7-21,7-21 orientation A,chiral,b101100110011,b110011001101,"{0,2,3,6,7,10,11}",2-1-3-1-3-1-1,"4,2,4,6,4,1",3,true,false,true,boundary,office_junction,,,,office_junction,,Sun,,Independent enumeration of rooted seven-note subsets of Z12
827,Scale 827,7-21,7-21 orientation B,chiral,b110111001100,b001100111011,"{0,1,3,4,5,8,9}",1-2-1-1-3-1-3,"4,2,4,6,4,1",3,true,true,false,boundary,office_junction,,,,office_junction,,Mars,,Preserved A0–D6 network state
947,Scale 947,7-21,7-21 orientation B,chiral,b110011011100,b001110110011,"{0,1,4,5,7,8,9}",1-3-1-2-1-1-3,"4,2,4,6,4,1",3,true,true,false,boundary,office_junction,,,,office_junction,,Venus,,Preserved A0–D6 network state
1639,7-21 rooted state 1639,7-21,7-21 orientation B,chiral,b111001100110,b011001100111,"{0,1,2,5,6,9,10}",1-1-3-1-3-1-2,"4,2,4,6,4,1",3,true,false,true,boundary,office_junction,,,,office_junction,,Saturn,,Independent enumeration of rooted seven-note subsets of Z12
2461,7-21 rooted state 2461,7-21,7-21 orientation B,chiral,b101110011001,b100110011101,"{0,2,3,4,7,8,11}",2-1-1-3-1-3-1,"4,2,4,6,4,1",3,true,false,true,boundary,office_junction,,,,office_junction,,Jupiter,,Independent enumeration of rooted seven-note subsets of Z12
2521,Scale 2521,7-21,7-21 orientation B,chiral,b100110111001,b100111011001,"{0,3,4,6,7,8,11}",3-1-2-1-1-3-1,"4,2,4,6,4,1",3,true,true,false,boundary,office_junction,,,,office_junction,,Sun,,Preserved A0–D6 network state
2867,7-21 rooted state 2867,7-21,7-21 orientation B,chiral,b110011001101,b101100110011,"{0,1,4,5,8,9,11}",1-3-1-3-1-2-1,"4,2,4,6,4,1",3,true,false,true,boundary,office_junction,,,,office_junction,,Moon,,Independent enumeration of rooted seven-note subsets of Z12
3481,Scale 3481,7-21,7-21 orientation B,chiral,b100110011011,b110110011001,"{0,3,4,7,8,10,11}",3-1-3-1-2-1-1,"4,2,4,6,4,1",3,true,true,false,boundary,office_junction,,,,office_junction,,Mercury,,Preserved A0–D6 network state
871,Locrian 𝄫3𝄫7,7-22,7-22 single orientation,achiral,b111001101100,b001101100111,"{0,1,2,5,6,8,9}",1-1-3-1-2-1-3,"4,2,4,5,4,2",3,true,true,false,anchor,anchor_D1,D1,Moon,1,d1_anchor,,,,Preserved A0–D6 network state
923,Alt ♮5𝄫7,7-22,7-22 single orientation,achiral,b110110011100,b001110011011,"{0,1,3,4,7,8,9}",1-2-1-3-1-1-3,"4,2,4,5,4,2",3,true,true,false,anchor,anchor_D1,D1,Sun,0,d1_anchor,,,,Preserved A0–D6 network state
1651,Tsinganikos,7-22,7-22 single orientation,achiral,b110011100110,b011001110011,"{0,1,4,5,6,9,10}",1-3-1-1-3-1-2,"4,2,4,5,4,2",3,true,true,false,anchor,anchor_D1,D1,Jupiter,4,d1_anchor,,,,Preserved A0–D6 network state
2483,Double Harmonic,7-22,7-22 single orientation,achiral,b110011011001,b100110110011,"{0,1,4,5,7,8,11}",1-3-1-2-1-3-1,"4,2,4,5,4,2",3,true,true,false,anchor,anchor_D1,D1,Mercury,3,d1_anchor,,,,Preserved A0–D6 network state
2509,Double Harmonic Minor,7-22,7-22 single orientation,achiral,b101100111001,b100111001101,"{0,2,3,6,7,8,11}",2-1-3-1-1-3-1,"4,2,4,5,4,2",3,true,true,false,anchor,anchor_D1,D1,Mars,2,d1_anchor,,,,Preserved A0–D6 network state
2873,Ionian Augmented ♯2,7-22,7-22 single orientation,achiral,b100111001101,b101100111001,"{0,3,4,5,8,9,11}",3-1-1-3-1-2-1,"4,2,4,5,4,2",3,true,true,false,anchor,anchor_D1,D1,Saturn,6,d1_anchor,,,,Preserved A0–D6 network state
3289,Rasikapriya,7-22,7-22 single orientation,achiral,b100110110011,b110011011001,"{0,3,4,6,7,10,11}",3-1-2-1-3-1-1,"4,2,4,5,4,2",3,true,true,false,anchor,anchor_D1,D1,Venus,5,d1_anchor,,,,Preserved A0–D6 network state
701,Alt ♮2♭♭567,7-23,7-23 orientation A,chiral,b101111010100,b001010111101,"{0,2,3,4,5,7,9}",2-1-1-1-2-2-3,"3,5,4,3,5,1",3,true,true,false,boundary,oriented_convergence,,,,oriented_convergence,Jupiter,,,Preserved A0–D6 network state
1199,Alt ♭♭3♭♭4♭♭5♭♭6,7-23,7-23 orientation A,chiral,b111101010010,b010010101111,"{0,1,2,3,5,7,10}",1-1-1-2-2-3-2,"3,5,4,3,5,1",3,true,true,false,boundary,oriented_convergence,,,,oriented_convergence,Saturn,,,Preserved A0–D6 network state
1513,Lydian ♭7♭6♯2♯3,7-23,7-23 orientation A,chiral,b100101111010,b010111101001,"{0,3,5,6,7,8,10}",3-2-1-1-1-2-2,"3,5,4,3,5,1",3,true,true,false,boundary,oriented_convergence,,,,oriented_convergence,Mars,,,Preserved A0–D6 network state
1957,Dominant +♯3𝄪4,7-23,7-23 orientation A,chiral,b101001011110,b011110100101,"{0,2,5,7,8,9,10}",2-3-2-1-1-1-2,"3,5,4,3,5,1",3,true,true,false,boundary,oriented_convergence,,,,oriented_convergence,Sun,,,Preserved A0–D6 network state
2647,Bohemian,7-23,7-23 orientation A,chiral,b111010100101,b101001010111,"{0,1,2,4,6,9,11}",1-1-2-2-3-2-1,"3,5,4,3,5,1",3,true,true,false,boundary,oriented_convergence,,,,oriented_convergence,Moon,,,Preserved A0–D6 network state
3371,Neapolitan Maj ♯5♯6,7-23,7-23 orientation A,chiral,b110101001011,b110100101011,"{0,1,3,5,8,10,11}",1-2-2-3-2-1-1,"3,5,4,3,5,1",3,true,true,false,boundary,oriented_convergence,,,,oriented_convergence,Mercury,,,Preserved A0–D6 network state
3733,Ionian 𝄪4𝄪5♯6,7-23,7-23 orientation A,chiral,b101010010111,b111010010101,"{0,2,4,7,9,10,11}",2-2-3-2-1-1-1,"3,5,4,3,5,1",3,true,true,false,boundary,oriented_convergence,,,,oriented_convergence,Venus,,,Preserved A0–D6 network state
757,Lipsean Mode II,7-23,7-23 orientation B,chiral,b101011110100,b001011110101,"{0,2,4,5,6,7,9}",2-2-1-1-1-2-3,"3,5,4,3,5,1",3,true,true,false,boundary,oriented_convergence,,,,oriented_convergence,Jupiter,,,Preserved A0–D6 network state
1213,Alt ♮2♭♭5♭6,7-23,7-23 orientation B,chiral,b101111010010,b010010111101,"{0,2,3,4,5,7,10}",2-1-1-1-2-3-2,"3,5,4,3,5,1",3,true,true,false,boundary,oriented_convergence,,,,oriented_convergence,Saturn,,,Preserved A0–D6 network state
1327,Lipsean Mode IV,7-23,7-23 orientation B,chiral,b111101001010,b010100101111,"{0,1,2,3,5,8,10}",1-1-1-2-3-2-2,"3,5,4,3,5,1",3,true,true,false,boundary,oriented_convergence,,,,oriented_convergence,Moon,,,Preserved A0–D6 network state
1961,Dominant +♯2♯3𝄪4,7-23,7-23 orientation B,chiral,b100101011110,b011110101001,"{0,3,5,7,8,9,10}",3-2-2-1-1-1-2,"3,5,4,3,5,1",3,true,true,false,boundary,oriented_convergence,,,,oriented_convergence,Mars,,,Preserved A0–D6 network state
2711,Erratic,7-23,7-23 orientation B,chiral,b111010010101,b101010010111,"{0,1,2,4,7,9,11}",1-1-2-3-2-2-1,"3,5,4,3,5,1",3,true,true,false,boundary,oriented_convergence,,,,oriented_convergence,Mercury,,,Preserved A0–D6 network state
3403,Enigmatic Minor,7-23,7-23 orientation B,chiral,b110100101011,b110101001011,"{0,1,3,6,8,10,11}",1-2-3-2-2-1-1,"3,5,4,3,5,1",3,true,true,false,boundary,oriented_convergence,,,,oriented_convergence,Venus,,,Preserved A0–D6 network state
3749,Rāga Sorati,7-23,7-23 orientation B,chiral,b101001010111,b111010100101,"{0,2,5,7,9,10,11}",2-3-2-2-1-1-1,"3,5,4,3,5,1",3,true,true,false,boundary,oriented_convergence,,,,oriented_convergence,Sun,,,Preserved A0–D6 network state
687,Alt ♭♭3♭♭4♭♭5♭♭6♭♭7,7-24,7-24 orientation A,chiral,b111101010100,b001010101111,"{0,1,2,3,5,7,9}",1-1-1-2-2-2-3,"3,5,3,4,4,2",3,true,true,false,satellite,satellite_A2,A2,Saturn,6,a2_satellite,,,,Preserved A0–D6 network state
1401,Major Locrian ♯2,7-24,7-24 orientation A,chiral,b100111101010,b010101111001,"{0,3,4,5,6,8,10}",3-1-1-1-2-2-2,"3,5,3,4,4,2",3,true,true,false,satellite,satellite_A2,A2,Jupiter,4,a2_satellite,,,,Preserved A0–D6 network state
1509,Lydian Minor ♯3,7-24,7-24 orientation A,chiral,b101001111010,b010111100101,"{0,2,5,6,7,8,10}",2-3-1-1-1-2-2,"3,5,3,4,4,2",3,true,true,false,satellite,satellite_A2,A2,Mars,2,a2_satellite,,,,Preserved A0–D6 network state
1941,Dominant +𝄪4,7-24,7-24 orientation A,chiral,b101010011110,b011110010101,"{0,2,4,7,8,9,10}",2-2-3-1-1-1-2,"3,5,3,4,4,2",3,true,true,false,satellite,satellite_A2,A2,Sun,0,a2_satellite,,,,Preserved A0–D6 network state
2391,Phlegmatic,7-24,7-24 orientation A,chiral,b111010101001,b100101010111,"{0,1,2,4,6,8,11}",1-1-2-2-2-3-1,"3,5,3,4,4,2",3,true,true,false,satellite,satellite_A2,A2,Moon,1,a2_satellite,,,,Preserved A0–D6 network state
3243,Mela Rupavati,7-24,7-24 orientation A,chiral,b110101010011,b110010101011,"{0,1,3,5,7,10,11}",1-2-2-2-3-1-1,"3,5,3,4,4,2",3,true,true,false,satellite,satellite_A2,A2,Mercury,3,a2_satellite,,,,Preserved A0–D6 network state
3669,Ionian ♯4𝄪5♯6,7-24,7-24 orientation A,chiral,b101010100111,b111001010101,"{0,2,4,6,9,10,11}",2-2-2-3-1-1-1,"3,5,3,4,4,2",3,true,true,false,satellite,satellite_A2,A2,Venus,5,a2_satellite,,,,Preserved A0–D6 network state
981,Mela Kantamani,7-24,7-24 orientation B,chiral,b101010111100,b001111010101,"{0,2,4,6,7,8,9}",2-2-2-1-1-1-3,"3,5,3,4,4,2",3,true,true,false,satellite,satellite_A2,A2,Mars,2,a2_satellite,,,,Preserved A0–D6 network state
1269,Major Locrian ♭♭6,7-24,7-24 orientation B,chiral,b101011110010,b010011110101,"{0,2,4,5,6,7,10}",2-2-1-1-1-3-2,"3,5,3,4,4,2",3,true,true,false,satellite,satellite_A2,A2,Jupiter,4,a2_satellite,,,,Preserved A0–D6 network state
1341,Alt ♮2♭♭5,7-24,7-24 orientation B,chiral,b101111001010,b010100111101,"{0,2,3,4,5,8,10}",2-1-1-1-3-2-2,"3,5,3,4,4,2",3,true,true,false,satellite,satellite_A2,A2,Saturn,6,a2_satellite,,,,Preserved A0–D6 network state
1359,"Alt double-flat 3, double-flat 4",7-24,7-24 orientation B,chiral,b111100101010,b010101001111,"{0,1,2,3,6,8,10}",1-1-1-3-2-2-2,"3,5,3,4,4,2",3,true,true,false,satellite,satellite_A2,A2,Moon,1,a2_satellite,,,,Preserved A0–D6 network state
2727,Rāga Manoranjani,7-24,7-24 orientation B,chiral,b111001010101,b101010100111,"{0,1,2,5,7,9,11}",1-1-3-2-2-2-1,"3,5,3,4,4,2",3,true,true,false,satellite,satellite_A2,A2,Mercury,3,a2_satellite,,,,Preserved A0–D6 network state
3411,Enigmatic,7-24,7-24 orientation B,chiral,b110010101011,b110101010011,"{0,1,4,6,8,10,11}",1-3-2-2-2-1-1,"3,5,3,4,4,2",3,true,true,false,satellite,satellite_A2,A2,Venus,5,a2_satellite,,,,Preserved A0–D6 network state
3753,Superaugmented ♯3𝄪4𝄪5,7-24,7-24 orientation B,chiral,b100101010111,b111010101001,"{0,3,5,7,9,10,11}",3-2-2-2-1-1-1,"3,5,3,4,4,2",3,true,true,false,satellite,satellite_A2,A2,Sun,0,a2_satellite,,,,Preserved A0–D6 network state
733,Superlocrian ♮2♭♭6♭♭7,7-25,7-25 orientation A,chiral,b101110110100,b001011011101,"{0,2,3,4,6,7,9}",2-1-1-2-1-2-3,"3,4,5,3,4,2",3,true,true,false,boundary,office_junction,,,,office_junction,,Mercury,,Preserved A0–D6 network state
1207,Alt ♭♭3♭♭5♭♭6,7-25,7-25 orientation A,chiral,b111011010010,b010010110111,"{0,1,2,4,5,7,10}",1-1-2-1-2-3-2,"3,4,5,3,4,2",3,true,true,false,boundary,office_junction,,,,office_junction,,Venus,,Preserved A0–D6 network state
1769,Lydian ♭7♯2♯3,7-25,7-25 orientation A,chiral,b100101110110,b011011101001,"{0,3,5,6,7,9,10}",3-2-1-1-2-1-2,"3,4,5,3,4,2",3,true,true,false,boundary,office_junction,,,,office_junction,,Moon,,Preserved A0–D6 network state
1867,Lydian 7+♭23,7-25,7-25 orientation A,chiral,b110100101110,b011101001011,"{0,1,3,6,8,9,10}",1-2-3-2-1-1-2,"3,4,5,3,4,2",3,true,true,false,boundary,office_junction,,,,office_junction,,Jupiter,,Preserved A0–D6 network state
2651,7-25 rooted state 2651,7-25,7-25 orientation A,chiral,b110110100101,b101001011011,"{0,1,3,4,6,9,11}",1-2-1-2-3-2-1,"3,4,5,3,4,2",3,true,false,true,boundary,office_junction,,,,office_junction,,Sun,,Independent enumeration of rooted seven-note subsets of Z12
2981,Noh,7-25,7-25 orientation A,chiral,b101001011101,b101110100101,"{0,2,5,7,8,9,11}",2-3-2-1-1-2-1,"3,4,5,3,4,2",3,true,true,false,boundary,office_junction,,,,office_junction,,Saturn,,Preserved A0–D6 network state
3373,Melodic +♯6,7-25,7-25 orientation A,chiral,b101101001011,b110100101101,"{0,2,3,5,8,10,11}",2-1-2-3-2-1-1,"3,4,5,3,4,2",3,true,true,false,boundary,office_junction,,,,office_junction,,Mars,,Preserved A0–D6 network state
749,Locrian ♮2♭♭6♭♭7,7-25,7-25 orientation B,chiral,b101101110100,b001011101101,"{0,2,3,5,6,7,9}",2-1-2-1-1-2-3,"3,4,5,3,4,2",3,true,true,false,boundary,office_junction,,,,office_junction,,Venus,,Preserved A0–D6 network state
1211,Ceiling Scale,7-25,7-25 orientation B,chiral,b110111010010,b010010111011,"{0,1,3,4,5,7,10}",1-2-1-1-2-3-2,"3,4,5,3,4,2",3,true,true,false,boundary,office_junction,,,,office_junction,,Sun,,Preserved A0–D6 network state
1687,Midlocrian,7-25,7-25 orientation B,chiral,b111010010110,b011010010111,"{0,1,2,4,7,9,10}",1-1-2-3-2-1-2,"3,4,5,3,4,2",3,true,true,false,boundary,office_junction,,,,office_junction,,Jupiter,,Preserved A0–D6 network state
1897,Lydian 7+♯23,7-25,7-25 orientation B,chiral,b100101101110,b011101101001,"{0,3,5,6,8,9,10}",3-2-1-2-1-1-2,"3,4,5,3,4,2",3,true,true,false,boundary,office_junction,,,,office_junction,,Mercury,,Preserved A0–D6 network state
2653,Nomadic,7-25,7-25 orientation B,chiral,b101110100101,b101001011101,"{0,2,3,4,6,9,11}",2-1-1-2-3-2-1,"3,4,5,3,4,2",3,true,true,false,boundary,office_junction,,,,office_junction,,Mars,,Preserved A0–D6 network state
2891,7-25 rooted state 2891,7-25,7-25 orientation B,chiral,b110100101101,b101101001011,"{0,1,3,6,8,9,11}",1-2-3-2-1-2-1,"3,4,5,3,4,2",3,true,false,true,boundary,office_junction,,,,office_junction,,Saturn,,Independent enumeration of rooted seven-note subsets of Z12
3493,Ionian +♯3♯6𝄪4,7-25,7-25 orientation B,chiral,b101001011011,b110110100101,"{0,2,5,7,8,10,11}",2-3-2-1-2-1-1,"3,4,5,3,4,2",3,true,true,false,boundary,office_junction,,,,office_junction,,Moon,,Preserved A0–D6 network state
699,Ultralocrian 5,7-26,7-26 orientation A,chiral,b110111010100,b001010111011,"{0,1,3,4,5,7,9}",1-2-1-1-2-2-3,"3,4,4,5,3,2",3,true,true,false,satellite,satellite_A2,A2,Jupiter,4,a2_satellite,,,,Preserved A0–D6 network state
1497,Jyoti Swarupini,7-26,7-26 orientation A,chiral,b100110111010,b010111011001,"{0,3,4,6,7,8,10}",3-1-2-1-1-2-2,"3,4,4,5,3,2",3,true,true,false,satellite,satellite_A2,A2,Mars,2,a2_satellite,,,,Preserved A0–D6 network state
1623,Alt ♮63,7-26,7-26 orientation A,chiral,b111010100110,b011001010111,"{0,1,2,4,6,9,10}",1-1-2-2-3-1-2,"3,4,4,5,3,2",3,true,true,false,satellite,satellite_A2,A2,Moon,1,a2_satellite,,,,Preserved A0–D6 network state
1893,Lydian 7+♯3,7-26,7-26 orientation A,chiral,b101001101110,b011101100101,"{0,2,5,6,8,9,10}",2-3-1-2-1-1-2,"3,4,4,5,3,2",3,true,true,false,satellite,satellite_A2,A2,Sun,0,a2_satellite,,,,Preserved A0–D6 network state
2397,Eccentric,7-26,7-26 orientation A,chiral,b101110101001,b100101011101,"{0,2,3,4,6,8,11}",2-1-1-2-2-3-1,"3,4,4,5,3,2",3,true,true,false,satellite,satellite_A2,A2,Saturn,6,a2_satellite,,,,Preserved A0–D6 network state
2859,Neapolitan Major ♯5,7-26,7-26 orientation A,chiral,b110101001101,b101100101011,"{0,1,3,5,8,9,11}",1-2-2-3-1-2-1,"3,4,4,5,3,2",3,true,true,false,satellite,satellite_A2,A2,Mercury,3,a2_satellite,,,,Preserved A0–D6 network state
3477,Ionian +♯64,7-26,7-26 orientation A,chiral,b101010011011,b110110010101,"{0,2,4,7,8,10,11}",2-2-3-1-2-1-1,"3,4,4,5,3,2",3,true,true,false,satellite,satellite_A2,A2,Venus,5,a2_satellite,,,,Preserved A0–D6 network state
885,Major Locrian 𝄫7,7-26,7-26 orientation B,chiral,b101011101100,b001101110101,"{0,2,4,5,6,8,9}",2-2-1-1-2-1-3,"3,4,4,5,3,2",3,true,true,false,satellite,satellite_A2,A2,Jupiter,4,a2_satellite,,,,Preserved A0–D6 network state
1245,Alt ♮26,7-26,7-26 orientation B,chiral,b101110110010,b010011011101,"{0,2,3,4,6,7,10}",2-1-1-2-1-3-2,"3,4,4,5,3,2",3,true,true,false,satellite,satellite_A2,A2,Saturn,6,a2_satellite,,,,Preserved A0–D6 network state
1335,Elephant Scale,7-26,7-26 orientation B,chiral,b111011001010,b010100110111,"{0,1,2,4,5,8,10}",1-1-2-1-3-2-2,"3,4,4,5,3,2",3,true,true,false,satellite,satellite_A2,A2,Moon,1,a2_satellite,,,,Preserved A0–D6 network state
1875,Persichetti,7-26,7-26 orientation B,chiral,b110010101110,b011101010011,"{0,1,4,6,8,9,10}",1-3-2-2-1-1-2,"3,4,4,5,3,2",3,true,true,false,satellite,satellite_A2,A2,Sun,0,a2_satellite,,,,Preserved A0–D6 network state
2715,Neapolitan Major ♭4,7-26,7-26 orientation B,chiral,b110110010101,b101010011011,"{0,1,3,4,7,9,11}",1-2-1-3-2-2-1,"3,4,4,5,3,2",3,true,true,false,satellite,satellite_A2,A2,Mercury,3,a2_satellite,,,,Preserved A0–D6 network state
2985,Ionian +♯23𝄪4,7-26,7-26 orientation B,chiral,b100101011101,b101110101001,"{0,3,5,7,8,9,11}",3-2-2-1-1-2-1,"3,4,4,5,3,2",3,true,true,false,satellite,satellite_A2,A2,Mars,2,a2_satellite,,,,Preserved A0–D6 network state
3405,Phrygian +♮2,7-26,7-26 orientation B,chiral,b101100101011,b110101001101,"{0,2,3,6,8,10,11}",2-1-3-2-2-1-1,"3,4,4,5,3,2",3,true,true,false,satellite,satellite_A2,A2,Venus,5,a2_satellite,,,,Preserved A0–D6 network state
695,Phrygian Double-Flat,7-27,7-27 orientation A,chiral,b111011010100,b001010110111,"{0,1,2,4,5,7,9}",1-1-2-1-2-2-3,"3,4,4,4,5,1",3,true,true,false,satellite,satellite_A1,A1,Venus,5,a1_satellite,,,,Preserved A0–D6 network state
1465,Rāga Cudamani,7-27,7-27 orientation A,chiral,b100111011010,b010110111001,"{0,3,4,5,7,8,10}",3-1-1-2-1-2-2,"3,4,4,4,5,1",3,true,true,false,satellite,satellite_A1,A1,Mercury,3,a1_satellite,,,,Preserved A0–D6 network state
1765,Lydian ♭7♯3,7-27,7-27 orientation A,chiral,b101001110110,b011011100101,"{0,2,5,6,7,9,10}",2-3-1-1-2-1-2,"3,4,4,4,5,1",3,true,true,false,satellite,satellite_A1,A1,Moon,1,a1_satellite,,,,Preserved A0–D6 network state
1835,Dorian +♭2,7-27,7-27 orientation A,chiral,b110101001110,b011100101011,"{0,1,3,5,8,9,10}",1-2-2-3-1-1-2,"3,4,4,4,5,1",3,true,true,false,satellite,satellite_A1,A1,Jupiter,4,a1_satellite,,,,Preserved A0–D6 network state
2395,Alt ♮7,7-27,7-27 orientation A,chiral,b110110101001,b100101011011,"{0,1,3,4,6,8,11}",1-2-1-2-2-3-1,"3,4,4,4,5,1",3,true,true,false,satellite,satellite_A1,A1,Sun,0,a1_satellite,,,,Preserved A0–D6 network state
2965,Ionian +𝄪4,7-27,7-27 orientation A,chiral,b101010011101,b101110010101,"{0,2,4,7,8,9,11}",2-2-3-1-1-2-1,"3,4,4,4,5,1",3,true,true,false,satellite,satellite_A1,A1,Saturn,6,a1_satellite,,,,Preserved A0–D6 network state
3245,Rāga Daulati,7-27,7-27 orientation A,chiral,b101101010011,b110010101101,"{0,2,3,5,7,10,11}",2-1-2-2-3-1-1,"3,4,4,4,5,1",3,true,true,false,satellite,satellite_A1,A1,Mars,2,a1_satellite,,,,Preserved A0–D6 network state
949,Mararanjani,7-27,7-27 orientation B,chiral,b101011011100,b001110110101,"{0,2,4,5,7,8,9}",2-2-1-2-1-1-3,"3,4,4,4,5,1",3,true,true,false,satellite,satellite_A1,A1,Mercury,3,a1_satellite,,,,Preserved A0–D6 network state
1261,Modified Blues,7-27,7-27 orientation B,chiral,b101101110010,b010011101101,"{0,2,3,5,6,7,10}",2-1-2-1-1-3-2,"3,4,4,4,5,1",3,true,true,false,satellite,satellite_A1,A1,Venus,5,a1_satellite,,,,Preserved A0–D6 network state
1339,Alt ♭♭5,7-27,7-27 orientation B,chiral,b110111001010,b010100111011,"{0,1,3,4,5,8,10}",1-2-1-1-3-2-2,"3,4,4,4,5,1",3,true,true,false,satellite,satellite_A1,A1,Sun,0,a1_satellite,,,,Preserved A0–D6 network state
1703,Rāga Bhanumati,7-27,7-27 orientation B,chiral,b111001010110,b011010100111,"{0,1,2,5,7,9,10}",1-1-3-2-2-1-2,"3,4,4,4,5,1",3,true,true,false,satellite,satellite_A1,A1,Jupiter,4,a1_satellite,,,,Preserved A0–D6 network state
2717,Melodic ♭4,7-27,7-27 orientation B,chiral,b101110010101,b101010011101,"{0,2,3,4,7,9,11}",2-1-1-3-2-2-1,"3,4,4,4,5,1",3,true,true,false,satellite,satellite_A1,A1,Mars,2,a1_satellite,,,,Preserved A0–D6 network state
2899,Lydian Augmented ♭2,7-27,7-27 orientation B,chiral,b110010101101,b101101010011,"{0,1,4,6,8,9,11}",1-3-2-2-1-2-1,"3,4,4,4,5,1",3,true,true,false,satellite,satellite_A1,A1,Saturn,6,a1_satellite,,,,Preserved A0–D6 network state
3497,Superlydian Augmented 𝄪4,7-27,7-27 orientation B,chiral,b100101011011,b110110101001,"{0,3,5,7,8,10,11}",3-2-2-1-2-1-1,"3,4,4,4,5,1",3,true,true,false,satellite,satellite_A1,A1,Moon,1,a1_satellite,,,,Preserved A0–D6 network state
747,1sus4 & ♭3∅7,7-28,7-28 orientation A,chiral,b110101110100,b001011101011,"{0,1,3,5,6,7,9}",1-2-2-1-1-2-3,"3,4,4,4,3,3",3,true,true,false,satellite,satellite_A2,A2,Mars,2,a2_satellite,,,,Preserved A0–D6 network state
1431,Astrocyte,7-28,7-28 orientation A,chiral,b111010011010,b010110010111,"{0,1,2,4,7,8,10}",1-1-2-3-1-2-2,"3,4,4,4,3,3",3,true,true,false,satellite,satellite_A2,A2,Moon,1,a2_satellite,,,,Preserved A0–D6 network state
1629,Dorian Blues,7-28,7-28 orientation A,chiral,b101110100110,b011001011101,"{0,2,3,4,6,9,10}",2-1-1-2-3-1-2,"3,4,4,4,3,3",3,true,true,false,satellite,satellite_A2,A2,Saturn,6,a2_satellite,,,,Preserved A0–D6 network state
1881,Lydian 7+♯2,7-28,7-28 orientation A,chiral,b100110101110,b011101011001,"{0,3,4,6,8,9,10}",3-1-2-2-1-1-2,"3,4,4,4,3,3",3,true,true,false,satellite,satellite_A2,A2,Sun,0,a2_satellite,,,,Preserved A0–D6 network state
2421,Harmonic Major ♭5,7-28,7-28 orientation A,chiral,b101011101001,b100101110101,"{0,2,4,5,6,8,11}",2-2-1-1-2-3-1,"3,4,4,4,3,3",3,true,true,false,satellite,satellite_A2,A2,Jupiter,4,a2_satellite,,,,Preserved A0–D6 network state
2763,Rāga Sauviram,7-28,7-28 orientation A,chiral,b110100110101,b101011001011,"{0,1,3,6,7,9,11}",1-2-3-1-2-2-1,"3,4,4,4,3,3",3,true,true,false,satellite,satellite_A2,A2,Mercury,3,a2_satellite,,,,Preserved A0–D6 network state
3429,Lydian +♯36,7-28,7-28 orientation A,chiral,b101001101011,b110101100101,"{0,2,5,6,8,10,11}",2-3-1-2-2-1-1,"3,4,4,4,3,3",3,true,true,false,satellite,satellite_A2,A2,Venus,5,a2_satellite,,,,Preserved A0–D6 network state
861,Superlocrian ♮2𝄫7,7-28,7-28 orientation B,chiral,b101110101100,b001101011101,"{0,2,3,4,6,8,9}",2-1-1-2-2-1-3,"3,4,4,4,3,3",3,true,true,false,satellite,satellite_A2,A2,Saturn,6,a2_satellite,,,,Preserved A0–D6 network state
1239,Alt 𝄫3𝄫6,7-28,7-28 orientation B,chiral,b111010110010,b010011010111,"{0,1,2,4,6,7,10}",1-1-2-2-1-3-2,"3,4,4,4,3,3",3,true,true,false,satellite,satellite_A2,A2,Moon,1,a2_satellite,,,,Preserved A0–D6 network state
1491,Namanarayani,7-28,7-28 orientation B,chiral,b110010111010,b010111010011,"{0,1,4,6,7,8,10}",1-3-2-1-1-2-2,"3,4,4,4,3,3",3,true,true,false,satellite,satellite_A2,A2,Mars,2,a2_satellite,,,,Preserved A0–D6 network state
1869,Lydian 7+♭3,7-28,7-28 orientation B,chiral,b101100101110,b011101001101,"{0,2,3,6,8,9,10}",2-1-3-2-1-1-2,"3,4,4,4,3,3",3,true,true,false,satellite,satellite_A2,A2,Sun,0,a2_satellite,,,,Preserved A0–D6 network state
2667,Neapolitan Major ♭5,7-28,7-28 orientation B,chiral,b110101100101,b101001101011,"{0,1,3,5,6,9,11}",1-2-2-1-3-2-1,"3,4,4,4,3,3",3,true,true,false,satellite,satellite_A2,A2,Mercury,3,a2_satellite,,,,Preserved A0–D6 network state
2793,1sus4 & 7⁷,7-28,7-28 orientation B,chiral,b100101110101,b101011101001,"{0,3,5,6,7,9,11}",3-2-1-1-2-2-1,"3,4,4,4,3,3",3,true,true,false,satellite,satellite_A2,A2,Jupiter,4,a2_satellite,,,,Preserved A0–D6 network state
3381,Ionian +♯6,7-28,7-28 orientation B,chiral,b101011001011,b110100110101,"{0,2,4,5,8,10,11}",2-2-1-3-2-1-1,"3,4,4,4,3,3",3,true,true,false,satellite,satellite_A2,A2,Venus,5,a2_satellite,,,,Preserved A0–D6 network state
727,Triadic Heptatonic 29,7-29,7-29 orientation A,chiral,b111010110100,b001011010111,"{0,1,2,4,6,7,9}",1-1-2-2-1-2-3,"3,4,4,3,5,2",3,true,true,false,satellite,satellite_A0,A0,Jupiter,4,a0_satellite,,,,Preserved A0–D6 network state
1483,Mela Bhavapriya,7-29,7-29 orientation A,chiral,b110100111010,b010111001011,"{0,1,3,6,7,8,10}",1-2-3-1-1-2-2,"3,4,4,3,5,2",3,true,true,false,satellite,satellite_A0,A0,Venus,5,a0_satellite,,,,Preserved A0–D6 network state
1721,Rāga Ganavaridhi,7-29,7-29 orientation A,chiral,b100111010110,b011010111001,"{0,3,4,5,7,9,10}",3-1-1-2-2-1-2,"3,4,4,3,5,2",3,true,true,false,satellite,satellite_A0,A0,Mars,2,a0_satellite,,,,Preserved A0–D6 network state
1837,Dorian Augmented,7-29,7-29 orientation A,chiral,b101101001110,b011100101101,"{0,2,3,5,8,9,10}",2-1-2-3-1-1-2,"3,4,4,3,5,2",3,true,true,false,satellite,satellite_A0,A0,Mercury,3,a0_satellite,,,,Preserved A0–D6 network state
2411,Locrian ♮7,7-29,7-29 orientation A,chiral,b110101101001,b100101101011,"{0,1,3,5,6,8,11}",1-2-2-1-2-3-1,"3,4,4,3,5,2",3,true,true,false,satellite,satellite_A0,A0,Saturn,6,a0_satellite,,,,Preserved A0–D6 network state
2789,Lydian ♯3,7-29,7-29 orientation A,chiral,b101001110101,b101011100101,"{0,2,5,6,7,9,11}",2-3-1-1-2-2-1,"3,4,4,3,5,2",3,true,true,false,satellite,satellite_A0,A0,Sun,0,a0_satellite,,,,Preserved A0–D6 network state
3253,Mela Naganandini,7-29,7-29 orientation A,chiral,b101011010011,b110010110101,"{0,2,4,5,7,10,11}",2-2-1-2-3-1-1,"3,4,4,3,5,2",3,true,true,false,satellite,satellite_A0,A0,Moon,1,a0_satellite,,,,Preserved A0–D6 network state
941,Rāga Jhankara Bhramavi,7-29,7-29 orientation B,chiral,b101101011100,b001110101101,"{0,2,3,5,7,8,9}",2-1-2-2-1-1-3,"3,4,4,3,5,2",3,true,true,false,satellite,satellite_A0,A0,Jupiter,4,a0_satellite,,,,Preserved A0–D6 network state
1259,Blues Phrygian,7-29,7-29 orientation B,chiral,b110101110010,b010011101011,"{0,1,3,5,6,7,10}",1-2-2-1-1-3-2,"3,4,4,3,5,2",3,true,true,false,satellite,satellite_A0,A0,Saturn,6,a0_satellite,,,,Preserved A0–D6 network state
1447,Rāga Phenadyuti,7-29,7-29 orientation B,chiral,b111001011010,b010110100111,"{0,1,2,5,7,8,10}",1-1-3-2-1-2-2,"3,4,4,3,5,2",3,true,true,false,satellite,satellite_A0,A0,Venus,5,a0_satellite,,,,Preserved A0–D6 network state
1693,Dorian ♭4,7-29,7-29 orientation B,chiral,b101110010110,b011010011101,"{0,2,3,4,7,9,10}",2-1-1-3-2-1-2,"3,4,4,3,5,2",3,true,true,false,satellite,satellite_A0,A0,Mercury,3,a0_satellite,,,,Preserved A0–D6 network state
2677,Ionian ♭5,7-29,7-29 orientation B,chiral,b101011100101,b101001110101,"{0,2,4,5,6,9,11}",2-2-1-1-3-2-1,"3,4,4,3,5,2",3,true,true,false,satellite,satellite_A0,A0,Moon,1,a0_satellite,,,,Preserved A0–D6 network state
2771,Mela Gamanasrama,7-29,7-29 orientation B,chiral,b110010110101,b101011010011,"{0,1,4,6,7,9,11}",1-3-2-1-2-2-1,"3,4,4,3,5,2",3,true,true,false,satellite,satellite_A0,A0,Sun,0,a0_satellite,,,,Preserved A0–D6 network state
3433,Superlydian Augmented,7-29,7-29 orientation B,chiral,b100101101011,b110101101001,"{0,3,5,6,8,10,11}",3-2-1-2-2-1-1,"3,4,4,3,5,2",3,true,true,false,satellite,satellite_A0,A0,Mars,2,a0_satellite,,,,Preserved A0–D6 network state
855,Ultralocrian 𝄫3,7-30,7-30 orientation A,chiral,b111010101100,b001101010111,"{0,1,2,4,6,8,9}",1-1-2-2-2-1-3,"3,4,3,5,4,2",3,true,true,false,satellite,satellite_A0,A0,Mercury,3,a0_satellite,,,,Preserved A0–D6 network state
1395,Locrian Dominant,7-30,7-30 orientation A,chiral,b110011101010,b010101110011,"{0,1,4,5,6,8,10}",1-3-1-1-2-2-2,"3,4,3,5,4,2",3,true,true,false,satellite,satellite_A0,A0,Saturn,6,a0_satellite,,,,Preserved A0–D6 network state
1485,Mela Sanmukhapriya,7-30,7-30 orientation A,chiral,b101100111010,b010111001101,"{0,2,3,6,7,8,10}",2-1-3-1-1-2-2,"3,4,3,5,4,2",3,true,true,false,satellite,satellite_A0,A0,Jupiter,4,a0_satellite,,,,Preserved A0–D6 network state
1845,Mixolydian Augmented,7-30,7-30 orientation A,chiral,b101011001110,b011100110101,"{0,2,4,5,8,9,10}",2-2-1-3-1-1-2,"3,4,3,5,4,2",3,true,true,false,satellite,satellite_A0,A0,Mars,2,a0_satellite,,,,Preserved A0–D6 network state
2475,Neapolitan Minor,7-30,7-30 orientation A,chiral,b110101011001,b100110101011,"{0,1,3,5,7,8,11}",1-2-2-2-1-3-1,"3,4,3,5,4,2",3,true,true,false,satellite,satellite_A0,A0,Venus,5,a0_satellite,,,,Preserved A0–D6 network state
2745,Rāga Sailadesakshi,7-30,7-30 orientation A,chiral,b100111010101,b101010111001,"{0,3,4,5,7,9,11}",3-1-1-2-2-2-1,"3,4,3,5,4,2",3,true,true,false,satellite,satellite_A0,A0,Moon,1,a0_satellite,,,,Preserved A0–D6 network state
3285,Mela Citrambari,7-30,7-30 orientation A,chiral,b101010110011,b110011010101,"{0,2,4,6,7,10,11}",2-2-2-1-3-1-1,"3,4,3,5,4,2",3,true,true,false,satellite,satellite_A0,A0,Sun,0,a0_satellite,,,,Preserved A0–D6 network state
939,Rāga Malini,7-30,7-30 orientation B,chiral,b110101011100,b001110101011,"{0,1,3,5,7,8,9}",1-2-2-2-1-1-3,"3,4,3,5,4,2",3,true,true,false,satellite,satellite_A0,A0,Venus,5,a0_satellite,,,,Preserved A0–D6 network state
1383,Locrian double-flat 3,7-30,7-30 orientation B,chiral,b111001101010,b010101100111,"{0,1,2,5,6,8,10}",1-1-3-1-2-2-2,"3,4,3,5,4,2",3,true,true,false,satellite,satellite_A0,A0,Saturn,6,a0_satellite,,,,Preserved A0–D6 network state
1437,Sabach,7-30,7-30 orientation B,chiral,b101110011010,b010110011101,"{0,2,3,4,7,8,10}",2-1-1-3-1-2-2,"3,4,3,5,4,2",3,true,true,false,satellite,satellite_A0,A0,Jupiter,4,a0_satellite,,,,Preserved A0–D6 network state
1653,Mixolydian ♭5,7-30,7-30 orientation B,chiral,b101011100110,b011001110101,"{0,2,4,5,6,9,10}",2-2-1-1-3-1-2,"3,4,3,5,4,2",3,true,true,false,satellite,satellite_A0,A0,Mars,2,a0_satellite,,,,Preserved A0–D6 network state
2517,Lydian Harmonic Major,7-30,7-30 orientation B,chiral,b101010111001,b100111010101,"{0,2,4,6,7,8,11}",2-2-2-1-1-3-1,"3,4,3,5,4,2",3,true,true,false,satellite,satellite_A0,A0,Sun,0,a0_satellite,,,,Preserved A0–D6 network state
2739,Rāga Supradhipam,7-30,7-30 orientation B,chiral,b110011010101,b101010110011,"{0,1,4,5,7,9,11}",1-3-1-2-2-2-1,"3,4,3,5,4,2",3,true,true,false,satellite,satellite_A0,A0,Moon,1,a0_satellite,,,,Preserved A0–D6 network state
3417,Lydian +♯26,7-30,7-30 orientation B,chiral,b100110101011,b110101011001,"{0,3,4,6,8,10,11}",3-1-2-2-2-1-1,"3,4,3,5,4,2",3,true,true,false,satellite,satellite_A0,A0,Mercury,3,a0_satellite,,,,Preserved A0–D6 network state
731,Alternating Heptamode,7-31,7-31 orientation A,chiral,b110110110100,b001011011011,"{0,1,3,4,6,7,9}",1-2-1-2-1-2-3,"3,3,6,3,3,3",3,true,true,false,satellite,satellite_A1,A1,Mercury,3,a1_satellite,,,,Preserved A0–D6 network state
1627,Superlocrian ♯6,7-31,7-31 orientation A,chiral,b110110100110,b011001011011,"{0,1,3,4,6,9,10}",1-2-1-2-3-1-2,"3,3,6,3,3,3",3,true,true,false,satellite,satellite_A1,A1,Sun,0,a1_satellite,,,,Preserved A0–D6 network state
1739,Rāga Sthavarajam,7-31,7-31 orientation A,chiral,b110100110110,b011011001011,"{0,1,3,6,7,9,10}",1-2-3-1-2-1-2,"3,3,6,3,3,3",3,true,true,false,satellite,satellite_A1,A1,Jupiter,4,a1_satellite,,,,Preserved A0–D6 network state
1753,Hungarian Major,7-31,7-31 orientation A,chiral,b100110110110,b011011011001,"{0,3,4,6,7,9,10}",3-1-2-1-2-1-2,"3,3,6,3,3,3",3,true,true,false,satellite,satellite_A1,A1,Moon,1,a1_satellite,,,,Preserved A0–D6 network state
2413,Harmonic Minor ♭5,7-31,7-31 orientation A,chiral,b101101101001,b100101101101,"{0,2,3,5,6,8,11}",2-1-2-1-2-3-1,"3,3,6,3,3,3",3,true,true,false,satellite,satellite_A1,A1,Venus,5,a1_satellite,,,,Preserved A0–D6 network state
2861,Melodic +,7-31,7-31 orientation A,chiral,b101101001101,b101100101101,"{0,2,3,5,8,9,11}",2-1-2-3-1-2-1,"3,3,6,3,3,3",3,true,true,false,satellite,satellite_A1,A1,Mars,2,a1_satellite,,,,Preserved A0–D6 network state
2917,Lydian Augmented ♯3,7-31,7-31 orientation A,chiral,b101001101101,b101101100101,"{0,2,5,6,8,9,11}",2-3-1-2-1-2-1,"3,3,6,3,3,3",3,true,true,false,satellite,satellite_A1,A1,Saturn,6,a1_satellite,,,,Preserved A0–D6 network state
877,Hungarian Major Inverse,7-31,7-31 orientation B,chiral,b101101101100,b001101101101,"{0,2,3,5,6,8,9}",2-1-2-1-2-1-3,"3,3,6,3,3,3",3,true,true,false,satellite,satellite_A1,A1,Venus,5,a1_satellite,,,,Preserved A0–D6 network state
1243,Alt 6,7-31,7-31 orientation B,chiral,b110110110010,b010011011011,"{0,1,3,4,6,7,10}",1-2-1-2-1-3-2,"3,3,6,3,3,3",3,true,true,false,satellite,satellite_A1,A1,Sun,0,a1_satellite,,,,Preserved A0–D6 network state
1691,Dorian ♭2♭4,7-31,7-31 orientation B,chiral,b110110010110,b011010011011,"{0,1,3,4,7,9,10}",1-2-1-3-2-1-2,"3,3,6,3,3,3",3,true,true,false,satellite,satellite_A1,A1,Jupiter,4,a1_satellite,,,,Preserved A0–D6 network state
1747,Lydian 7♭2,7-31,7-31 orientation B,chiral,b110010110110,b011011010011,"{0,1,4,6,7,9,10}",1-3-2-1-2-1-2,"3,3,6,3,3,3",3,true,true,false,satellite,satellite_A1,A1,Moon,1,a1_satellite,,,,Preserved A0–D6 network state
2669,Jeths' Mode,7-31,7-31 orientation B,chiral,b101101100101,b101001101101,"{0,2,3,5,6,9,11}",2-1-2-1-3-2-1,"3,3,6,3,3,3",3,true,true,false,satellite,satellite_A1,A1,Mars,2,a1_satellite,,,,Preserved A0–D6 network state
2893,Lydian Augmented ♭3,7-31,7-31 orientation B,chiral,b101100101101,b101101001101,"{0,2,3,6,8,9,11}",2-1-3-2-1-2-1,"3,3,6,3,3,3",3,true,true,false,satellite,satellite_A1,A1,Saturn,6,a1_satellite,,,,Preserved A0–D6 network state
2921,Lydian Augmented ♯2♯3,7-31,7-31 orientation B,chiral,b100101101101,b101101101001,"{0,3,5,6,8,9,11}",3-2-1-2-1-2-1,"3,3,6,3,3,3",3,true,true,false,satellite,satellite_A1,A1,Mercury,3,a1_satellite,,,,Preserved A0–D6 network state
859,Ultralocrian,7-32,7-32 orientation A,chiral,b110110101100,b001101011011,"{0,1,3,4,6,8,9}",1-2-1-2-2-1-3,"3,3,5,4,4,2",3,true,true,false,satellite,satellite_A0,A0,Mars,2,a0_satellite,,,,Preserved A0–D6 network state
1459,Phrygian Dominant,7-32,7-32 orientation A,chiral,b110011011010,b010110110011,"{0,1,4,5,7,8,10}",1-3-1-2-1-2-2,"3,3,5,4,4,2",3,true,true,false,satellite,satellite_A0,A0,Venus,5,a0_satellite,,,,Preserved A0–D6 network state
1643,Locrian ♮6,7-32,7-32 orientation A,chiral,b110101100110,b011001101011,"{0,1,3,5,6,9,10}",1-2-2-1-3-1-2,"3,3,5,4,4,2",3,true,true,false,satellite,satellite_A0,A0,Saturn,6,a0_satellite,,,,Preserved A0–D6 network state
1741,Dorian ♯4,7-32,7-32 orientation A,chiral,b101100110110,b011011001101,"{0,2,3,6,7,9,10}",2-1-3-1-2-1-2,"3,3,5,4,4,2",3,true,true,false,satellite,satellite_A0,A0,Mercury,3,a0_satellite,,,,Preserved A0–D6 network state
2477,Harmonic Minor,7-32,7-32 orientation A,chiral,b101101011001,b100110101101,"{0,2,3,5,7,8,11}",2-1-2-2-1-3-1,"3,3,5,4,4,2",3,true,true,false,satellite,satellite_A0,A0,Jupiter,4,a0_satellite,,,,Preserved A0–D6 network state
2777,Aeolian Harmonic,7-32,7-32 orientation A,chiral,b100110110101,b101011011001,"{0,3,4,6,7,9,11}",3-1-2-1-2-2-1,"3,3,5,4,4,2",3,true,true,false,satellite,satellite_A0,A0,Sun,0,a0_satellite,,,,Preserved A0–D6 network state
2869,Major Augmented,7-32,7-32 orientation A,chiral,b101011001101,b101100110101,"{0,2,4,5,8,9,11}",2-2-1-3-1-2-1,"3,3,5,4,4,2",3,true,true,false,satellite,satellite_A0,A0,Moon,1,a0_satellite,,,,Preserved A0–D6 network state
875,Locrian double-flat 7,7-32,7-32 orientation B,chiral,b110101101100,b001101101011,"{0,1,3,5,6,8,9}",1-2-2-1-2-1-3,"3,3,5,4,4,2",3,true,true,false,satellite,satellite_A0,A0,Saturn,6,a0_satellite,,,,Preserved A0–D6 network state
1435,Maqam Saba Zamzam,7-32,7-32 orientation B,chiral,b110110011010,b010110011011,"{0,1,3,4,7,8,10}",1-2-1-3-1-2-2,"3,3,5,4,4,2",3,true,true,false,satellite,satellite_A0,A0,Venus,5,a0_satellite,,,,Preserved A0–D6 network state
1645,Dorian ♭5,7-32,7-32 orientation B,chiral,b101101100110,b011001101101,"{0,2,3,5,6,9,10}",2-1-2-1-3-1-2,"3,3,5,4,4,2",3,true,true,false,satellite,satellite_A0,A0,Mercury,3,a0_satellite,,,,Preserved A0–D6 network state
1715,Dominant ♭2,7-32,7-32 orientation B,chiral,b110011010110,b011010110011,"{0,1,4,5,7,9,10}",1-3-1-2-2-1-2,"3,3,5,4,4,2",3,true,true,false,satellite,satellite_A0,A0,Mars,2,a0_satellite,,,,Preserved A0–D6 network state
2485,Harmonic Major,7-32,7-32 orientation B,chiral,b101011011001,b100110110101,"{0,2,4,5,7,8,11}",2-2-1-2-1-3-1,"3,3,5,4,4,2",3,true,true,false,satellite,satellite_A0,A0,Moon,1,a0_satellite,,,,Preserved A0–D6 network state
2765,Lydian Diminished,7-32,7-32 orientation B,chiral,b101100110101,b101011001101,"{0,2,3,6,7,9,11}",2-1-3-1-2-2-1,"3,3,5,4,4,2",3,true,true,false,satellite,satellite_A0,A0,Sun,0,a0_satellite,,,,Preserved A0–D6 network state
2905,Aeolian Flat,7-32,7-32 orientation B,chiral,b100110101101,b101101011001,"{0,3,4,6,8,9,11}",3-1-2-2-1-2-1,"3,3,5,4,4,2",3,true,true,false,satellite,satellite_A0,A0,Jupiter,4,a0_satellite,,,,Preserved A0–D6 network state
1367,Leading Whole-Tone Inverse,7-33,7-33 single orientation,achiral,b111010101010,b010101010111,"{0,1,2,4,6,8,10}",1-1-2-2-2-2-2,"2,6,2,6,2,3",2,true,true,false,anchor,anchor_A2,A2,Moon,1,a2_anchor,,,,Preserved A0–D6 network state
1373,Storian,7-33,7-33 single orientation,achiral,b101110101010,b010101011101,"{0,2,3,4,6,8,10}",2-1-1-2-2-2-2,"2,6,2,6,2,3",2,true,true,false,anchor,anchor_A2,A2,Saturn,6,a2_anchor,,,,Preserved A0–D6 network state
1397,Major Locrian,7-33,7-33 single orientation,achiral,b101011101010,b010101110101,"{0,2,4,5,6,8,10}",2-2-1-1-2-2-2,"2,6,2,6,2,3",2,true,true,false,anchor,anchor_A2,A2,Jupiter,4,a2_anchor,,,,Preserved A0–D6 network state
1493,Lydian Minor,7-33,7-33 single orientation,achiral,b101010111010,b010111010101,"{0,2,4,6,7,8,10}",2-2-2-1-1-2-2,"2,6,2,6,2,3",2,true,true,false,anchor,anchor_A2,A2,Mars,2,a2_anchor,,,,Preserved A0–D6 network state
1877,Aeroptian,7-33,7-33 single orientation,achiral,b101010101110,b011101010101,"{0,2,4,6,8,9,10}",2-2-2-2-1-1-2,"2,6,2,6,2,3",2,true,true,false,anchor,anchor_A2,A2,Sun,0,a2_anchor,,,,Preserved A0–D6 network state
2731,Neapolitan Major,7-33,7-33 single orientation,achiral,b110101010101,b101010101011,"{0,1,3,5,7,9,11}",1-2-2-2-2-2-1,"2,6,2,6,2,3",2,true,true,false,anchor,anchor_A2,A2,Mercury,3,a2_anchor,,,,Preserved A0–D6 network state
3413,Leading Whole-Tone,7-33,7-33 single orientation,achiral,b101010101011,b110101010101,"{0,2,4,6,8,10,11}",2-2-2-2-2-1-1,"2,6,2,6,2,3",2,true,true,false,anchor,anchor_A2,A2,Venus,5,a2_anchor,,,,Preserved A0–D6 network state
1371,Superlocrian,7-34,7-34 single orientation,achiral,b110110101010,b010101011011,"{0,1,3,4,6,8,10}",1-2-1-2-2-2-2,"2,5,4,4,4,2",2,true,true,false,anchor,anchor_A1,A1,Sun,0,a1_anchor,,,,Preserved A0–D6 network state
1389,Half-Diminished,7-34,7-34 single orientation,achiral,b101101101010,b010101101101,"{0,2,3,5,6,8,10}",2-1-2-1-2-2-2,"2,5,4,4,4,2",2,true,true,false,anchor,anchor_A1,A1,Venus,5,a1_anchor,,,,Preserved A0–D6 network state
1461,Mixolydian ♭6,7-34,7-34 single orientation,achiral,b101011011010,b010110110101,"{0,2,4,5,7,8,10}",2-2-1-2-1-2-2,"2,5,4,4,4,2",2,true,true,false,anchor,anchor_A1,A1,Mercury,3,a1_anchor,,,,Preserved A0–D6 network state
1707,Dorian ♭2,7-34,7-34 single orientation,achiral,b110101010110,b011010101011,"{0,1,3,5,7,9,10}",1-2-2-2-2-1-2,"2,5,4,4,4,2",2,true,true,false,anchor,anchor_A1,A1,Jupiter,4,a1_anchor,,,,Preserved A0–D6 network state
1749,Acoustic,7-34,7-34 single orientation,achiral,b101010110110,b011011010101,"{0,2,4,6,7,9,10}",2-2-2-1-2-1-2,"2,5,4,4,4,2",2,true,true,false,anchor,anchor_A1,A1,Moon,1,a1_anchor,,,,Preserved A0–D6 network state
2733,Melodic Minor,7-34,7-34 single orientation,achiral,b101101010101,b101010101101,"{0,2,3,5,7,9,11}",2-1-2-2-2-2-1,"2,5,4,4,4,2",2,true,true,false,anchor,anchor_A1,A1,Mars,2,a1_anchor,,,,Preserved A0–D6 network state
2901,Lydian Augmented,7-34,7-34 single orientation,achiral,b101010101101,b101101010101,"{0,2,4,6,8,9,11}",2-2-2-2-1-2-1,"2,5,4,4,4,2",2,true,true,false,anchor,anchor_A1,A1,Saturn,6,a1_anchor,,,,Preserved A0–D6 network state
1387,Locrian,7-35,7-35 single orientation,achiral,b110101101010,b010101101011,"{0,1,3,5,6,8,10}",1-2-2-1-2-2-2,"2,5,4,3,6,1",2,true,true,false,anchor,anchor_A0,A0,Saturn,6,a0_anchor,,,,Preserved A0–D6 network state
1451,Phrygian,7-35,7-35 single orientation,achiral,b110101011010,b010110101011,"{0,1,3,5,7,8,10}",1-2-2-2-1-2-2,"2,5,4,3,6,1",2,true,true,false,anchor,anchor_A0,A0,Venus,5,a0_anchor,,,,Preserved A0–D6 network state
1453,Aeolian,7-35,7-35 single orientation,achiral,b101101011010,b010110101101,"{0,2,3,5,7,8,10}",2-1-2-2-1-2-2,"2,5,4,3,6,1",2,true,true,false,anchor,anchor_A0,A0,Jupiter,4,a0_anchor,,,,Preserved A0–D6 network state
1709,Dorian,7-35,7-35 single orientation,achiral,b101101010110,b011010101101,"{0,2,3,5,7,9,10}",2-1-2-2-2-1-2,"2,5,4,3,6,1",2,true,true,false,anchor,anchor_A0,A0,Mercury,3,a0_anchor,,,,Preserved A0–D6 network state
1717,Mixolydian,7-35,7-35 single orientation,achiral,b101011010110,b011010110101,"{0,2,4,5,7,9,10}",2-2-1-2-2-1-2,"2,5,4,3,6,1",2,true,true,false,anchor,anchor_A0,A0,Mars,2,a0_anchor,,,,Preserved A0–D6 network state
2741,Ionian,7-35,7-35 single orientation,achiral,b101011010101,b101010110101,"{0,2,4,5,7,9,11}",2-2-1-2-2-2-1,"2,5,4,3,6,1",2,true,true,false,anchor,anchor_A0,A0,Moon,1,a0_anchor,,,,Preserved A0–D6 network state
2773,Lydian,7-35,7-35 single orientation,achiral,b101010110101,b101011010101,"{0,2,4,6,7,9,11}",2-2-2-1-2-2-1,"2,5,4,3,6,1",2,true,true,false,anchor,anchor_A0,A0,Sun,0,a0_anchor,,,,Preserved A0–D6 network state
367,Infra-Alt 67,7-Z36,7-Z36 orientation A,chiral,b111101101000,b000101101111,"{0,1,2,3,5,6,8}",1-1-1-2-1-2-4,"4,4,4,3,4,2",4,true,true,false,boundary,oriented_convergence,,,,oriented_convergence,Venus,,7-Z12,Preserved A0–D6 network state
1777,Lydian ♭7♯3𝄪2,7-Z36,7-Z36 orientation A,chiral,b100011110110,b011011110001,"{0,4,5,6,7,9,10}",4-1-1-1-2-1-2,"4,4,4,3,4,2",4,true,true,false,boundary,oriented_convergence,,,,oriented_convergence,Mercury,,7-Z12,Preserved A0–D6 network state
1931,Dorian +♭2𝄪4,7-Z36,7-Z36 orientation A,chiral,b110100011110,b011110001011,"{0,1,3,7,8,9,10}",1-2-4-1-1-1-2,"4,4,4,3,4,2",4,true,true,false,boundary,oriented_convergence,,,,oriented_convergence,Saturn,,7-Z12,Preserved A0–D6 network state
2231,Arcadian,7-Z36,7-Z36 orientation A,chiral,b111011010001,b100010110111,"{0,1,2,4,5,7,11}",1-1-2-1-2-4-1,"4,4,4,3,4,2",4,true,true,false,boundary,oriented_convergence,,,,oriented_convergence,Sun,,7-Z12,Preserved A0–D6 network state
3013,Ionian +𝄪34,7-Z36,7-Z36 orientation A,chiral,b101000111101,b101111000101,"{0,2,6,7,8,9,11}",2-4-1-1-1-2-1,"4,4,4,3,4,2",4,true,true,false,boundary,oriented_convergence,,,,oriented_convergence,Moon,,7-Z12,Preserved A0–D6 network state
3163,Alt ♮7♯6,7-Z36,7-Z36 orientation A,chiral,b110110100011,b110001011011,"{0,1,3,4,6,10,11}",1-2-1-2-4-1-1,"4,4,4,3,4,2",4,true,true,false,boundary,oriented_convergence,,,,oriented_convergence,Mars,,7-Z12,Preserved A0–D6 network state
3629,Melodic 𝄪5♯6,7-Z36,7-Z36 orientation A,chiral,b101101000111,b111000101101,"{0,2,3,5,9,10,11}",2-1-2-4-1-1-1,"4,4,4,3,4,2",4,true,true,false,boundary,oriented_convergence,,,,oriented_convergence,Jupiter,,7-Z12,Preserved A0–D6 network state
493,Locrian ♮2♭♭6♭♭♭7,7-Z36,7-Z36 orientation B,chiral,b101101111000,b000111101101,"{0,2,3,5,6,7,8}",2-1-2-1-1-1-4,"4,4,4,3,4,2",4,true,true,false,boundary,oriented_convergence,,,,oriented_convergence,Mercury,,7-Z12,Preserved A0–D6 network state
1147,Alt double-flat 5 / flat–double-flat 6,7-Z36,7-Z36 orientation B,chiral,b110111100010,b010001111011,"{0,1,3,4,5,6,10}",1-2-1-1-1-4-2,"4,4,4,3,4,2",4,true,true,false,boundary,oriented_convergence,,,,oriented_convergence,Venus,,7-Z12,Preserved A0–D6 network state
1679,Zephyrean Mode V,7-Z36,7-Z36 orientation B,chiral,b111100010110,b011010001111,"{0,1,2,3,7,9,10}",1-1-1-4-2-1-2,"4,4,4,3,4,2",4,true,true,false,boundary,oriented_convergence,,,,oriented_convergence,Mars,,7-Z12,Preserved A0–D6 network state
2621,Euphoric,7-Z36,7-Z36 orientation B,chiral,b101111000101,b101000111101,"{0,2,3,4,5,9,11}",2-1-1-1-4-2-1,"4,4,4,3,4,2",4,true,true,false,boundary,oriented_convergence,,,,oriented_convergence,Sun,,7-Z12,Preserved A0–D6 network state
2887,Zephyrean Mode VI,7-Z36,7-Z36 orientation B,chiral,b111000101101,b101101000111,"{0,1,2,6,8,9,11}",1-1-4-2-1-2-1,"4,4,4,3,4,2",4,true,true,false,boundary,oriented_convergence,,,,oriented_convergence,Jupiter,,7-Z12,Preserved A0–D6 network state
3491,Superlydian Augmented ♭2𝄪4,7-Z36,7-Z36 orientation B,chiral,b110001011011,b110110100011,"{0,1,5,7,8,10,11}",1-4-2-1-2-1-1,"4,4,4,3,4,2",4,true,true,false,boundary,oriented_convergence,,,,oriented_convergence,Saturn,,7-Z12,Preserved A0–D6 network state
3793,Superlydian Augmented 𝄪2𝄪3𝄪4𝄪5,7-Z36,7-Z36 orientation B,chiral,b100010110111,b111011010001,"{0,4,6,7,9,10,11}",4-2-1-2-1-1-1,"4,4,4,3,4,2",4,true,true,false,boundary,oriented_convergence,,,,oriented_convergence,Moon,,7-Z12,Preserved A0–D6 network state
443,Alt ♭♭5♭♭6♭♭♭7,7-Z37,7-Z37 single orientation,achiral,b110111011000,b000110111011,"{0,1,3,4,5,7,8}",1-2-1-1-2-1-4,"4,3,4,5,4,1",4,true,true,false,anchor,anchor_D3,D3,Jupiter,4,d3_anchor,,,7-Z17,Preserved A0–D6 network state
1591,Alt ♮6♭♭3♭5,7-Z37,7-Z37 single orientation,achiral,b111011000110,b011000110111,"{0,1,2,4,5,9,10}",1-1-2-1-4-1-2,"4,3,4,5,4,1",4,true,true,false,anchor,anchor_D3,D3,Moon,1,d3_anchor,,,7-Z17,Preserved A0–D6 network state
1891,Hijaz Major,7-Z37,7-Z37 single orientation,achiral,b110001101110,b011101100011,"{0,1,5,6,8,9,10}",1-4-1-2-1-1-2,"4,3,4,5,4,1",4,true,true,false,anchor,anchor_D3,D3,Sun,0,d3_anchor,,,7-Z17,Preserved A0–D6 network state
2269,Nomadic Minor,7-Z37,7-Z37 single orientation,achiral,b101110110001,b100011011101,"{0,2,3,4,6,7,11}",2-1-1-2-1-4-1,"4,3,4,5,4,1",4,true,true,false,anchor,anchor_D3,D3,Saturn,6,d3_anchor,,,7-Z17,Preserved A0–D6 network state
2843,Neapolitan Major ♭4♯5,7-Z37,7-Z37 single orientation,achiral,b110110001101,b101100011011,"{0,1,3,4,8,9,11}",1-2-1-4-1-2-1,"4,3,4,5,4,1",4,true,true,false,anchor,anchor_D3,D3,Mercury,3,d3_anchor,,,7-Z17,Preserved A0–D6 network state
2993,Ionian +♯324,7-Z37,7-Z37 single orientation,achiral,b100011011101,b101110110001,"{0,4,5,7,8,9,11}",4-1-2-1-1-2-1,"4,3,4,5,4,1",4,true,true,false,anchor,anchor_D3,D3,Mars,2,d3_anchor,,,7-Z17,Preserved A0–D6 network state
3469,Melodic +♯6𝄪4,7-Z37,7-Z37 single orientation,achiral,b101100011011,b110110001101,"{0,2,3,7,8,10,11}",2-1-4-1-2-1-1,"4,3,4,5,4,1",4,true,true,false,anchor,anchor_D3,D3,Venus,5,d3_anchor,,,7-Z17,Preserved A0–D6 network state
439,Infra-Alt 7♭4,7-Z38,7-Z38 orientation A,chiral,b111011011000,b000110110111,"{0,1,2,4,5,7,8}",1-1-2-1-2-1-4,"4,3,4,4,4,2",4,true,true,false,satellite,satellite_D2,D2,Jupiter,4,d2_satellite,,,7-Z18,Preserved A0–D6 network state
1763,Lydian 7♭2♯3,7-Z38,7-Z38 orientation A,chiral,b110001110110,b011011100011,"{0,1,5,6,7,9,10}",1-4-1-1-2-1-2,"4,3,4,4,4,2",4,true,true,false,satellite,satellite_D2,D2,Sun,0,d2_satellite,,,7-Z18,Preserved A0–D6 network state
1819,Alt ♮6♯5,7-Z38,7-Z38 orientation A,chiral,b110110001110,b011100011011,"{0,1,3,4,8,9,10}",1-2-1-4-1-1-2,"4,3,4,4,4,2",4,true,true,false,satellite,satellite_D2,D2,Mercury,3,d2_satellite,,,7-Z18,Preserved A0–D6 network state
2267,Scale 2267,7-Z38,7-Z38 orientation A,chiral,b110110110001,b100011011011,"{0,1,3,4,6,7,11}",1-2-1-2-1-4-1,"4,3,4,4,4,2",4,true,true,false,satellite,satellite_D2,D2,Saturn,6,d2_satellite,,,7-Z18,Preserved A0–D6 network state
2929,Lydian +♯32,7-Z38,7-Z38 orientation A,chiral,b100011101101,b101101110001,"{0,4,5,6,8,9,11}",4-1-1-2-1-2-1,"4,3,4,4,4,2",4,true,true,false,satellite,satellite_D2,D2,Mars,2,d2_satellite,,,7-Z18,Preserved A0–D6 network state
2957,Melodic +4,7-Z38,7-Z38 orientation A,chiral,b101100011101,b101110001101,"{0,2,3,7,8,9,11}",2-1-4-1-1-2-1,"4,3,4,4,4,2",4,true,true,false,satellite,satellite_D2,D2,Venus,5,d2_satellite,,,7-Z18,Preserved A0–D6 network state
3181,Melodic ♭5♯6,7-Z38,7-Z38 orientation A,chiral,b101101100011,b110001101101,"{0,2,3,5,6,10,11}",2-1-2-1-4-1-1,"4,3,4,4,4,2",4,true,true,false,satellite,satellite_D2,D2,Moon,1,d2_satellite,,,7-Z18,Preserved A0–D6 network state
475,Alt 6♭7,7-Z38,7-Z38 orientation B,chiral,b110110111000,b000111011011,"{0,1,3,4,6,7,8}",1-2-1-2-1-1-4,"4,3,4,4,4,2",4,true,true,false,satellite,satellite_D2,D2,Jupiter,4,d2_satellite,,,7-Z18,Preserved A0–D6 network state
1595,Alt ♮65,7-Z38,7-Z38 orientation B,chiral,b110111000110,b011000111011,"{0,1,3,4,5,9,10}",1-2-1-1-4-1-2,"4,3,4,4,4,2",4,true,true,false,satellite,satellite_D2,D2,Moon,1,d2_satellite,,,7-Z18,Preserved A0–D6 network state
1735,Navaneetam,7-Z38,7-Z38 orientation B,chiral,b111000110110,b011011000111,"{0,1,2,6,7,9,10}",1-1-4-1-2-1-2,"4,3,4,4,4,2",4,true,true,false,satellite,satellite_D2,D2,Venus,5,d2_satellite,,,7-Z18,Preserved A0–D6 network state
2285,Supine,7-Z38,7-Z38 orientation B,chiral,b101101110001,b100011101101,"{0,2,3,5,6,7,11}",2-1-2-1-1-4-1,"4,3,4,4,4,2",4,true,true,false,satellite,satellite_D2,D2,Saturn,6,d2_satellite,,,7-Z18,Preserved A0–D6 network state
2845,Melodic +♭4,7-Z38,7-Z38 orientation B,chiral,b101110001101,b101100011101,"{0,2,3,4,8,9,11}",2-1-1-4-1-2-1,"4,3,4,4,4,2",4,true,true,false,satellite,satellite_D2,D2,Mercury,3,d2_satellite,,,7-Z18,Preserved A0–D6 network state
2915,Scale 2915,7-Z38,7-Z38 orientation B,chiral,b110001101101,b101101100011,"{0,1,5,6,8,9,11}",1-4-1-2-1-2-1,"4,3,4,4,4,2",4,true,true,false,satellite,satellite_D2,D2,Sun,0,d2_satellite,,,7-Z18,Preserved A0–D6 network state
3505,Superlydian Augmented 24,7-Z38,7-Z38 orientation B,chiral,b100011011011,b110110110001,"{0,4,5,7,8,10,11}",4-1-2-1-2-1-1,"4,3,4,4,4,2",4,true,true,false,satellite,satellite_D2,D2,Mars,2,d2_satellite,,,7-Z18,Preserved A0–D6 network state
