"id","type","source_node_id","target_node_id","source_scale_id","target_scale_id","directed","governing","audit_tier","relation_tier","contact_tier","contact_office","phase_delta","phase_deltas_json","hamming","endpoint_hamming","mode","mutation","degree","degree_governor","eligible","selected","target_classification","evidence_count","evidence_role","unanimous","plurality","categorical","contact_tier_counts_json","provenance"
"audit:fixed:1119:1367","AUDITED_HAMMING2","scale:1119","scale:1367","1119","1367",false,false,"A2",,,,,,"2",,"fixed",,,,false,true,,,,,,,,"fixed-tonic one-tone exchange audit"
"audit:fixed:1119:1371","AUDITED_HAMMING2","scale:1119","scale:1371","1119","1371",false,false,"A1",,,,,,"2",,"fixed",,,,false,true,,,,,,,,"fixed-tonic one-tone exchange audit"
"audit:fixed:1119:1373","AUDITED_HAMMING2","scale:1119","scale:1373","1119","1373",false,false,"A2",,,,,,"2",,"fixed",,,,false,true,,,,,,,,"fixed-tonic one-tone exchange audit"
"audit:fixed:1135:1387","AUDITED_HAMMING2","scale:1135","scale:1387","1135","1387",false,false,"A0",,,,,,"2",,"fixed",,,,false,true,,,,,,,,"fixed-tonic one-tone exchange audit"
"audit:fixed:1135:1389","AUDITED_HAMMING2","scale:1135","scale:1389","1135","1389",false,false,"A1",,,,,,"2",,"fixed",,,,false,true,,,,,,,,"fixed-tonic one-tone exchange audit"
"audit:fixed:1143:1367","AUDITED_HAMMING2","scale:1143","scale:1367","1143","1367",false,false,"A2",,,,,,"2",,"fixed",,,,false,true,,,,,,,,"fixed-tonic one-tone exchange audit"
"audit:fixed:1143:1397","AUDITED_HAMMING2","scale:1143","scale:1397","1143","1397",false,false,"A2",,,,,,"2",,"fixed",,,,false,true,,,,,,,,"fixed-tonic one-tone exchange audit"
"audit:fixed:1147:1371","AUDITED_HAMMING2","scale:1147","scale:1371","1147","1371",false,false,"A1",,,,,,"2",,"fixed",,,,false,true,,,,,,,,"fixed-tonic one-tone exchange audit"
"audit:fixed:1147:1387","AUDITED_HAMMING2","scale:1147","scale:1387","1147","1387",false,false,"A0",,,,,,"2",,"fixed",,,,false,true,,,,,,,,"fixed-tonic one-tone exchange audit"
"audit:fixed:1149:1373","AUDITED_HAMMING2","scale:1149","scale:1373","1149","1373",false,false,"A2",,,,,,"2",,"fixed",,,,false,true,,,,,,,,"fixed-tonic one-tone exchange audit"
"audit:fixed:1149:1389","AUDITED_HAMMING2","scale:1149","scale:1389","1149","1389",false,false,"A1",,,,,,"2",,"fixed",,,,false,true,,,,,,,,"fixed-tonic one-tone exchange audit"
"audit:fixed:1149:1397","AUDITED_HAMMING2","scale:1149","scale:1397","1149","1397",false,false,"A2",,,,,,"2",,"fixed",,,,false,true,,,,,,,,"fixed-tonic one-tone exchange audit"
"audit:fixed:1199:1451","AUDITED_HAMMING2","scale:1199","scale:1451","1199","1451",false,false,"A0",,,,,,"2",,"fixed",,,,false,true,,,,,,,,"fixed-tonic one-tone exchange audit"
"audit:fixed:1199:1453","AUDITED_HAMMING2","scale:1199","scale:1453","1199","1453",false,false,"A0",,,,,,"2",,"fixed",,,,false,true,,,,,,,,"fixed-tonic one-tone exchange audit"
"audit:fixed:1199:1707","AUDITED_HAMMING2","scale:1199","scale:1707","1199","1707",false,false,"A1",,,,,,"2",,"fixed",,,,false,true,,,,,,,,"fixed-tonic one-tone exchange audit"
"audit:fixed:1199:1709","AUDITED_HAMMING2","scale:1199","scale:1709","1199","1709",false,false,"A0",,,,,,"2",,"fixed",,,,false,true,,,,,,,,"fixed-tonic one-tone exchange audit"
"audit:fixed:1207:1461","AUDITED_HAMMING2","scale:1207","scale:1461","1207","1461",false,false,"A1",,,,,,"2",,"fixed",,,,false,true,,,,,,,,"fixed-tonic one-tone exchange audit"
"audit:fixed:1207:1717","AUDITED_HAMMING2","scale:1207","scale:1717","1207","1717",false,false,"A0",,,,,,"2",,"fixed",,,,false,true,,,,,,,,"fixed-tonic one-tone exchange audit"
"audit:fixed:1211:1451","AUDITED_HAMMING2","scale:1211","scale:1451","1211","1451",false,false,"A0",,,,,,"2",,"fixed",,,,false,true,,,,,,,,"fixed-tonic one-tone exchange audit"
"audit:fixed:1211:1707","AUDITED_HAMMING2","scale:1211","scale:1707","1211","1707",false,false,"A1",,,,,,"2",,"fixed",,,,false,true,,,,,,,,"fixed-tonic one-tone exchange audit"
"audit:fixed:1213:1453","AUDITED_HAMMING2","scale:1213","scale:1453","1213","1453",false,false,"A0",,,,,,"2",,"fixed",,,,false,true,,,,,,,,"fixed-tonic one-tone exchange audit"
"audit:fixed:1213:1461","AUDITED_HAMMING2","scale:1213","scale:1461","1213","1461",false,false,"A1",,,,,,"2",,"fixed",,,,false,true,,,,,,,,"fixed-tonic one-tone exchange audit"
"audit:fixed:1213:1709","AUDITED_HAMMING2","scale:1213","scale:1709","1213","1709",false,false,"A0",,,,,,"2",,"fixed",,,,false,true,,,,,,,,"fixed-tonic one-tone exchange audit"
"audit:fixed:1213:1717","AUDITED_HAMMING2","scale:1213","scale:1717","1213","1717",false,false,"A0",,,,,,"2",,"fixed",,,,false,true,,,,,,,,"fixed-tonic one-tone exchange audit"
"audit:fixed:1239:1367","AUDITED_HAMMING2","scale:1239","scale:1367","1239","1367",false,false,"A2",,,,,,"2",,"fixed",,,,true,true,,,,,,,,"fixed-tonic one-tone exchange audit"
"audit:fixed:1239:1493","AUDITED_HAMMING2","scale:1239","scale:1493","1239","1493",false,false,"A2",,,,,,"2",,"fixed",,,,false,true,,,,,,,,"fixed-tonic one-tone exchange audit"
"audit:fixed:1239:1749","AUDITED_HAMMING2","scale:1239","scale:1749","1239","1749",false,false,"A1",,,,,,"2",,"fixed",,,,false,true,,,,,,,,"fixed-tonic one-tone exchange audit"
"audit:fixed:1243:1371","AUDITED_HAMMING2","scale:1243","scale:1371","1243","1371",false,false,"A1",,,,,,"2",,"fixed",,,,true,true,,,,,,,,"fixed-tonic one-tone exchange audit"
"audit:fixed:1245:1373","AUDITED_HAMMING2","scale:1245","scale:1373","1245","1373",false,false,"A2",,,,,,"2",,"fixed",,,,true,true,,,,,,,,"fixed-tonic one-tone exchange audit"
"audit:fixed:1245:1493","AUDITED_HAMMING2","scale:1245","scale:1493","1245","1493",false,false,"A2",,,,,,"2",,"fixed",,,,false,true,,,,,,,,"fixed-tonic one-tone exchange audit"
"audit:fixed:1245:1749","AUDITED_HAMMING2","scale:1245","scale:1749","1245","1749",false,false,"A1",,,,,,"2",,"fixed",,,,false,true,,,,,,,,"fixed-tonic one-tone exchange audit"
"audit:fixed:1259:1387","AUDITED_HAMMING2","scale:1259","scale:1387","1259","1387",false,false,"A0",,,,,,"2",,"fixed",,,,true,true,,,,,,,,"fixed-tonic one-tone exchange audit"
"audit:fixed:1259:1451","AUDITED_HAMMING2","scale:1259","scale:1451","1259","1451",false,false,"A0",,,,,,"2",,"fixed",,,,false,true,,,,,,,,"fixed-tonic one-tone exchange audit"
"audit:fixed:1259:1707","AUDITED_HAMMING2","scale:1259","scale:1707","1259","1707",false,false,"A1",,,,,,"2",,"fixed",,,,false,true,,,,,,,,"fixed-tonic one-tone exchange audit"
"audit:fixed:1261:1389","AUDITED_HAMMING2","scale:1261","scale:1389","1261","1389",false,false,"A1",,,,,,"2",,"fixed",,,,true,true,,,,,,,,"fixed-tonic one-tone exchange audit"
"audit:fixed:1261:1453","AUDITED_HAMMING2","scale:1261","scale:1453","1261","1453",false,false,"A0",,,,,,"2",,"fixed",,,,false,true,,,,,,,,"fixed-tonic one-tone exchange audit"
"audit:fixed:1261:1709","AUDITED_HAMMING2","scale:1261","scale:1709","1261","1709",false,false,"A0",,,,,,"2",,"fixed",,,,false,true,,,,,,,,"fixed-tonic one-tone exchange audit"
"audit:fixed:1269:1397","AUDITED_HAMMING2","scale:1269","scale:1397","1269","1397",false,false,"A2",,,,,,"2",,"fixed",,,,true,true,,,,,,,,"fixed-tonic one-tone exchange audit"
"audit:fixed:1269:1461","AUDITED_HAMMING2","scale:1269","scale:1461","1269","1461",false,false,"A1",,,,,,"2",,"fixed",,,,false,true,,,,,,,,"fixed-tonic one-tone exchange audit"
"audit:fixed:1269:1493","AUDITED_HAMMING2","scale:1269","scale:1493","1269","1493",false,false,"A2",,,,,,"2",,"fixed",,,,false,true,,,,,,,,"fixed-tonic one-tone exchange audit"
"audit:fixed:1269:1717","AUDITED_HAMMING2","scale:1269","scale:1717","1269","1717",false,false,"A0",,,,,,"2",,"fixed",,,,false,true,,,,,,,,"fixed-tonic one-tone exchange audit"
"audit:fixed:1269:1749","AUDITED_HAMMING2","scale:1269","scale:1749","1269","1749",false,false,"A1",,,,,,"2",,"fixed",,,,false,true,,,,,,,,"fixed-tonic one-tone exchange audit"
"audit:fixed:1311:1367","AUDITED_HAMMING2","scale:1311","scale:1367","1311","1367",false,false,"A2",,,,,,"2",,"fixed",,,,false,true,,,,,,,,"fixed-tonic one-tone exchange audit"
"audit:fixed:1311:1371","AUDITED_HAMMING2","scale:1311","scale:1371","1311","1371",false,false,"A1",,,,,,"2",,"fixed",,,,false,true,,,,,,,,"fixed-tonic one-tone exchange audit"
"audit:fixed:1311:1373","AUDITED_HAMMING2","scale:1311","scale:1373","1311","1373",false,false,"A2",,,,,,"2",,"fixed",,,,false,true,,,,,,,,"fixed-tonic one-tone exchange audit"
"audit:fixed:1327:1387","AUDITED_HAMMING2","scale:1327","scale:1387","1327","1387",false,false,"A0",,,,,,"2",,"fixed",,,,false,true,,,,,,,,"fixed-tonic one-tone exchange audit"
"audit:fixed:1327:1389","AUDITED_HAMMING2","scale:1327","scale:1389","1327","1389",false,false,"A1",,,,,,"2",,"fixed",,,,false,true,,,,,,,,"fixed-tonic one-tone exchange audit"
"audit:fixed:1327:1451","AUDITED_HAMMING2","scale:1327","scale:1451","1327","1451",false,false,"A0",,,,,,"2",,"fixed",,,,false,true,,,,,,,,"fixed-tonic one-tone exchange audit"
"audit:fixed:1327:1453","AUDITED_HAMMING2","scale:1327","scale:1453","1327","1453",false,false,"A0",,,,,,"2",,"fixed",,,,false,true,,,,,,,,"fixed-tonic one-tone exchange audit"
"audit:fixed:1335:1367","AUDITED_HAMMING2","scale:1335","scale:1367","1335","1367",false,false,"A2",,,,,,"2",,"fixed",,,,true,true,,,,,,,,"fixed-tonic one-tone exchange audit"
"audit:fixed:1335:1397","AUDITED_HAMMING2","scale:1335","scale:1397","1335","1397",false,false,"A2",,,,,,"2",,"fixed",,,,false,true,,,,,,,,"fixed-tonic one-tone exchange audit"
"audit:fixed:1335:1461","AUDITED_HAMMING2","scale:1335","scale:1461","1335","1461",false,false,"A1",,,,,,"2",,"fixed",,,,false,true,,,,,,,,"fixed-tonic one-tone exchange audit"
"audit:fixed:1339:1371","AUDITED_HAMMING2","scale:1339","scale:1371","1339","1371",false,false,"A1",,,,,,"2",,"fixed",,,,true,true,,,,,,,,"fixed-tonic one-tone exchange audit"
"audit:fixed:1339:1387","AUDITED_HAMMING2","scale:1339","scale:1387","1339","1387",false,false,"A0",,,,,,"2",,"fixed",,,,false,true,,,,,,,,"fixed-tonic one-tone exchange audit"
"audit:fixed:1339:1451","AUDITED_HAMMING2","scale:1339","scale:1451","1339","1451",false,false,"A0",,,,,,"2",,"fixed",,,,false,true,,,,,,,,"fixed-tonic one-tone exchange audit"
"audit:fixed:1341:1373","AUDITED_HAMMING2","scale:1341","scale:1373","1341","1373",false,false,"A2",,,,,,"2",,"fixed",,,,true,true,,,,,,,,"fixed-tonic one-tone exchange audit"
"audit:fixed:1341:1389","AUDITED_HAMMING2","scale:1341","scale:1389","1341","1389",false,false,"A1",,,,,,"2",,"fixed",,,,false,true,,,,,,,,"fixed-tonic one-tone exchange audit"
"audit:fixed:1341:1397","AUDITED_HAMMING2","scale:1341","scale:1397","1341","1397",false,false,"A2",,,,,,"2",,"fixed",,,,false,true,,,,,,,,"fixed-tonic one-tone exchange audit"
"audit:fixed:1341:1453","AUDITED_HAMMING2","scale:1341","scale:1453","1341","1453",false,false,"A0",,,,,,"2",,"fixed",,,,false,true,,,,,,,,"fixed-tonic one-tone exchange audit"
"audit:fixed:1341:1461","AUDITED_HAMMING2","scale:1341","scale:1461","1341","1461",false,false,"A1",,,,,,"2",,"fixed",,,,false,true,,,,,,,,"fixed-tonic one-tone exchange audit"
"audit:fixed:1359:1367","AUDITED_HAMMING2","scale:1359","scale:1367","1359","1367",false,false,"A2",,,,,,"2",,"fixed",,,,true,true,,,,,,,,"fixed-tonic one-tone exchange audit"
"audit:fixed:1359:1371","AUDITED_HAMMING2","scale:1359","scale:1371","1359","1371",false,false,"A1",,,,,,"2",,"fixed",,,,false,true,,,,,,,,"fixed-tonic one-tone exchange audit"
"audit:fixed:1359:1373","AUDITED_HAMMING2","scale:1359","scale:1373","1359","1373",false,false,"A2",,,,,,"2",,"fixed",,,,false,true,,,,,,,,"fixed-tonic one-tone exchange audit"
"audit:fixed:1359:1387","AUDITED_HAMMING2","scale:1359","scale:1387","1359","1387",false,false,"A0",,,,,,"2",,"fixed",,,,false,true,,,,,,,,"fixed-tonic one-tone exchange audit"
"audit:fixed:1359:1389","AUDITED_HAMMING2","scale:1359","scale:1389","1359","1389",false,false,"A1",,,,,,"2",,"fixed",,,,false,true,,,,,,,,"fixed-tonic one-tone exchange audit"
"audit:fixed:1367:1371","AUDITED_HAMMING2","scale:1367","scale:1371","1367","1371",false,false,"A1;A2",,,,,,"2",,"fixed",,,,true,true,,,,,,,,"fixed-tonic one-tone exchange audit"
"audit:fixed:1367:1373","AUDITED_HAMMING2","scale:1367","scale:1373","1367","1373",false,false,"A2",,,,,,"2",,"fixed",,,,false,true,,,,,,,,"fixed-tonic one-tone exchange audit"
"audit:fixed:1367:1383","AUDITED_HAMMING2","scale:1367","scale:1383","1367","1383",false,false,"A2",,,,,,"2",,"fixed",,,,true,true,,,,,,,,"fixed-tonic one-tone exchange audit"
"audit:fixed:1367:1395","AUDITED_HAMMING2","scale:1367","scale:1395","1367","1395",false,false,"A2",,,,,,"2",,"fixed",,,,false,true,,,,,,,,"fixed-tonic one-tone exchange audit"
"audit:fixed:1367:1397","AUDITED_HAMMING2","scale:1367","scale:1397","1367","1397",false,false,"A2",,,,,,"2",,"fixed",,,,false,true,,,,,,,,"fixed-tonic one-tone exchange audit"
"audit:fixed:1367:1431","AUDITED_HAMMING2","scale:1367","scale:1431","1367","1431",false,false,"A2",,,,,,"2",,"fixed",,,,true,true,,,,,,,,"fixed-tonic one-tone exchange audit"
"audit:fixed:1367:1479","AUDITED_HAMMING2","scale:1367","scale:1479","1367","1479",false,false,"A2",,,,,,"2",,"fixed",,,,false,true,,,,,,,,"fixed-tonic one-tone exchange audit"
"audit:fixed:1367:1491","AUDITED_HAMMING2","scale:1367","scale:1491","1367","1491",false,false,"A2",,,,,,"2",,"fixed",,,,false,true,,,,,,,,"fixed-tonic one-tone exchange audit"
"audit:fixed:1367:1493","AUDITED_HAMMING2","scale:1367","scale:1493","1367","1493",false,false,"A2",,,,,,"2",,"fixed",,,,false,true,,,,,,,,"fixed-tonic one-tone exchange audit"
"audit:fixed:1367:1623","AUDITED_HAMMING2","scale:1367","scale:1623","1367","1623",false,false,"A2",,,,,,"2",,"fixed",,,,true,true,,,,,,,,"fixed-tonic one-tone exchange audit"
"audit:fixed:1367:1815","AUDITED_HAMMING2","scale:1367","scale:1815","1367","1815",false,false,"A2",,,,,,"2",,"fixed",,,,false,true,,,,,,,,"fixed-tonic one-tone exchange audit"
"audit:fixed:1367:1863","AUDITED_HAMMING2","scale:1367","scale:1863","1367","1863",false,false,"A2",,,,,,"2",,"fixed",,,,false,true,,,,,,,,"fixed-tonic one-tone exchange audit"
"audit:fixed:1367:1875","AUDITED_HAMMING2","scale:1367","scale:1875","1367","1875",false,false,"A2",,,,,,"2",,"fixed",,,,false,true,,,,,,,,"fixed-tonic one-tone exchange audit"
"audit:fixed:1367:1877","AUDITED_HAMMING2","scale:1367","scale:1877","1367","1877",false,false,"A2",,,,,,"2",,"fixed",,,,false,true,,,,,,,,"fixed-tonic one-tone exchange audit"
"audit:fixed:1367:2391","AUDITED_HAMMING2","scale:1367","scale:2391","1367","2391",false,false,"A2",,,,,,"2",,"fixed",,,,true,true,,,,,,,,"fixed-tonic one-tone exchange audit"
"audit:fixed:1367:3159","AUDITED_HAMMING2","scale:1367","scale:3159","1367","3159",false,false,"A2",,,,,,"2",,"fixed",,,,false,true,,,,,,,,"fixed-tonic one-tone exchange audit"
"audit:fixed:1367:3351","AUDITED_HAMMING2","scale:1367","scale:3351","1367","3351",false,false,"A2",,,,,,"2",,"fixed",,,,false,true,,,,,,,,"fixed-tonic one-tone exchange audit"
"audit:fixed:1367:3399","AUDITED_HAMMING2","scale:1367","scale:3399","1367","3399",false,false,"A2",,,,,,"2",,"fixed",,,,false,true,,,,,,,,"fixed-tonic one-tone exchange audit"
"audit:fixed:1367:3411","AUDITED_HAMMING2","scale:1367","scale:3411","1367","3411",false,false,"A2",,,,,,"2",,"fixed",,,,false,true,,,,,,,,"fixed-tonic one-tone exchange audit"
"audit:fixed:1367:3413","AUDITED_HAMMING2","scale:1367","scale:3413","1367","3413",false,false,"A2",,,,,,"2",,"fixed",,,,false,true,,,,,,,,"fixed-tonic one-tone exchange audit"
"audit:fixed:1371:1373","AUDITED_HAMMING2","scale:1371","scale:1373","1371","1373",false,false,"A1;A2",,,,,,"2",,"fixed",,,,true,true,,,,,,,,"fixed-tonic one-tone exchange audit"
"audit:fixed:1371:1387","AUDITED_HAMMING2","scale:1371","scale:1387","1371","1387",false,false,"A0;A1",,,,,,"2",,"fixed",,,,true,true,,,,,,,,"fixed-tonic one-tone exchange audit"
"audit:fixed:1371:1395","AUDITED_HAMMING2","scale:1371","scale:1395","1371","1395",false,false,"A1",,,,,,"2",,"fixed",,,,false,true,,,,,,,,"fixed-tonic one-tone exchange audit"
"audit:fixed:1371:1401","AUDITED_HAMMING2","scale:1371","scale:1401","1371","1401",false,false,"A1",,,,,,"2",,"fixed",,,,false,true,,,,,,,,"fixed-tonic one-tone exchange audit"
"audit:fixed:1371:1435","AUDITED_HAMMING2","scale:1371","scale:1435","1371","1435",false,false,"A1",,,,,,"2",,"fixed",,,,true,true,,,,,,,,"fixed-tonic one-tone exchange audit"
"audit:fixed:1371:1483","AUDITED_HAMMING2","scale:1371","scale:1483","1371","1483",false,false,"A1",,,,,,"2",,"fixed",,,,false,true,,,,,,,,"fixed-tonic one-tone exchange audit"
"audit:fixed:1371:1491","AUDITED_HAMMING2","scale:1371","scale:1491","1371","1491",false,false,"A1",,,,,,"2",,"fixed",,,,false,true,,,,,,,,"fixed-tonic one-tone exchange audit"
"audit:fixed:1371:1497","AUDITED_HAMMING2","scale:1371","scale:1497","1371","1497",false,false,"A1",,,,,,"2",,"fixed",,,,false,true,,,,,,,,"fixed-tonic one-tone exchange audit"
"audit:fixed:1371:1627","AUDITED_HAMMING2","scale:1371","scale:1627","1371","1627",false,false,"A1",,,,,,"2",,"fixed",,,,true,true,,,,,,,,"fixed-tonic one-tone exchange audit"
"audit:fixed:1371:1819","AUDITED_HAMMING2","scale:1371","scale:1819","1371","1819",false,false,"A1",,,,,,"2",,"fixed",,,,false,true,,,,,,,,"fixed-tonic one-tone exchange audit"
"audit:fixed:1371:1867","AUDITED_HAMMING2","scale:1371","scale:1867","1371","1867",false,false,"A1",,,,,,"2",,"fixed",,,,false,true,,,,,,,,"fixed-tonic one-tone exchange audit"
"audit:fixed:1371:1875","AUDITED_HAMMING2","scale:1371","scale:1875","1371","1875",false,false,"A1",,,,,,"2",,"fixed",,,,false,true,,,,,,,,"fixed-tonic one-tone exchange audit"
"audit:fixed:1371:1881","AUDITED_HAMMING2","scale:1371","scale:1881","1371","1881",false,false,"A1",,,,,,"2",,"fixed",,,,false,true,,,,,,,,"fixed-tonic one-tone exchange audit"
"audit:fixed:1371:2395","AUDITED_HAMMING2","scale:1371","scale:2395","1371","2395",false,false,"A1",,,,,,"2",,"fixed",,,,true,true,,,,,,,,"fixed-tonic one-tone exchange audit"
"audit:fixed:1371:3163","AUDITED_HAMMING2","scale:1371","scale:3163","1371","3163",false,false,"A1",,,,,,"2",,"fixed",,,,false,true,,,,,,,,"fixed-tonic one-tone exchange audit"
"audit:fixed:1371:3355","AUDITED_HAMMING2","scale:1371","scale:3355","1371","3355",false,false,"A1",,,,,,"2",,"fixed",,,,false,true,,,,,,,,"fixed-tonic one-tone exchange audit"
"audit:fixed:1371:3403","AUDITED_HAMMING2","scale:1371","scale:3403","1371","3403",false,false,"A1",,,,,,"2",,"fixed",,,,false,true,,,,,,,,"fixed-tonic one-tone exchange audit"
"audit:fixed:1371:3411","AUDITED_HAMMING2","scale:1371","scale:3411","1371","3411",false,false,"A1",,,,,,"2",,"fixed",,,,false,true,,,,,,,,"fixed-tonic one-tone exchange audit"
"audit:fixed:1371:3417","AUDITED_HAMMING2","scale:1371","scale:3417","1371","3417",false,false,"A1",,,,,,"2",,"fixed",,,,false,true,,,,,,,,"fixed-tonic one-tone exchange audit"
"audit:fixed:1373:1389","AUDITED_HAMMING2","scale:1373","scale:1389","1373","1389",false,false,"A1;A2",,,,,,"2",,"fixed",,,,true,true,,,,,,,,"fixed-tonic one-tone exchange audit"
"audit:fixed:1373:1397","AUDITED_HAMMING2","scale:1373","scale:1397","1373","1397",false,false,"A2",,,,,,"2",,"fixed",,,,false,true,,,,,,,,"fixed-tonic one-tone exchange audit"
"audit:fixed:1373:1401","AUDITED_HAMMING2","scale:1373","scale:1401","1373","1401",false,false,"A2",,,,,,"2",,"fixed",,,,false,true,,,,,,,,"fixed-tonic one-tone exchange audit"
"audit:fixed:1373:1437","AUDITED_HAMMING2","scale:1373","scale:1437","1373","1437",false,false,"A2",,,,,,"2",,"fixed",,,,true,true,,,,,,,,"fixed-tonic one-tone exchange audit"
"audit:fixed:1373:1485","AUDITED_HAMMING2","scale:1373","scale:1485","1373","1485",false,false,"A2",,,,,,"2",,"fixed",,,,false,true,,,,,,,,"fixed-tonic one-tone exchange audit"
"audit:fixed:1373:1493","AUDITED_HAMMING2","scale:1373","scale:1493","1373","1493",false,false,"A2",,,,,,"2",,"fixed",,,,false,true,,,,,,,,"fixed-tonic one-tone exchange audit"
"audit:fixed:1373:1497","AUDITED_HAMMING2","scale:1373","scale:1497","1373","1497",false,false,"A2",,,,,,"2",,"fixed",,,,false,true,,,,,,,,"fixed-tonic one-tone exchange audit"
"audit:fixed:1373:1629","AUDITED_HAMMING2","scale:1373","scale:1629","1373","1629",false,false,"A2",,,,,,"2",,"fixed",,,,true,true,,,,,,,,"fixed-tonic one-tone exchange audit"
"audit:fixed:1373:1821","AUDITED_HAMMING2","scale:1373","scale:1821","1373","1821",false,false,"A2",,,,,,"2",,"fixed",,,,false,true,,,,,,,,"fixed-tonic one-tone exchange audit"
"audit:fixed:1373:1869","AUDITED_HAMMING2","scale:1373","scale:1869","1373","1869",false,false,"A2",,,,,,"2",,"fixed",,,,false,true,,,,,,,,"fixed-tonic one-tone exchange audit"
"audit:fixed:1373:1877","AUDITED_HAMMING2","scale:1373","scale:1877","1373","1877",false,false,"A2",,,,,,"2",,"fixed",,,,false,true,,,,,,,,"fixed-tonic one-tone exchange audit"
"audit:fixed:1373:1881","AUDITED_HAMMING2","scale:1373","scale:1881","1373","1881",false,false,"A2",,,,,,"2",,"fixed",,,,false,true,,,,,,,,"fixed-tonic one-tone exchange audit"
"audit:fixed:1373:2397","AUDITED_HAMMING2","scale:1373","scale:2397","1373","2397",false,false,"A2",,,,,,"2",,"fixed",,,,true,true,,,,,,,,"fixed-tonic one-tone exchange audit"
"audit:fixed:1373:3165","AUDITED_HAMMING2","scale:1373","scale:3165","1373","3165",false,false,"A2",,,,,,"2",,"fixed",,,,false,true,,,,,,,,"fixed-tonic one-tone exchange audit"
"audit:fixed:1373:3357","AUDITED_HAMMING2","scale:1373","scale:3357","1373","3357",false,false,"A2",,,,,,"2",,"fixed",,,,false,true,,,,,,,,"fixed-tonic one-tone exchange audit"
"audit:fixed:1373:3405","AUDITED_HAMMING2","scale:1373","scale:3405","1373","3405",false,false,"A2",,,,,,"2",,"fixed",,,,false,true,,,,,,,,"fixed-tonic one-tone exchange audit"
"audit:fixed:1373:3413","AUDITED_HAMMING2","scale:1373","scale:3413","1373","3413",false,false,"A2",,,,,,"2",,"fixed",,,,false,true,,,,,,,,"fixed-tonic one-tone exchange audit"
"audit:fixed:1373:3417","AUDITED_HAMMING2","scale:1373","scale:3417","1373","3417",false,false,"A2",,,,,,"2",,"fixed",,,,false,true,,,,,,,,"fixed-tonic one-tone exchange audit"
"audit:fixed:1383:1387","AUDITED_HAMMING2","scale:1383","scale:1387","1383","1387",false,false,"A0",,,,,,"2",,"fixed",,,,true,true,,,,,,,,"fixed-tonic one-tone exchange audit"
"audit:fixed:1383:1389","AUDITED_HAMMING2","scale:1383","scale:1389","1383","1389",false,false,"A1",,,,,,"2",,"fixed",,,,false,true,,,,,,,,"fixed-tonic one-tone exchange audit"
"audit:fixed:1383:1397","AUDITED_HAMMING2","scale:1383","scale:1397","1383","1397",false,false,"A2",,,,,,"2",,"fixed",,,,false,true,,,,,,,,"fixed-tonic one-tone exchange audit"
"audit:fixed:1387:1389","AUDITED_HAMMING2","scale:1387","scale:1389","1387","1389",false,false,"A0;A1",,,,,,"2",,"fixed",,,,true,true,,,,,,,,"fixed-tonic one-tone exchange audit"
"audit:fixed:1387:1395","AUDITED_HAMMING2","scale:1387","scale:1395","1387","1395",false,false,"A0",,,,,,"2",,"fixed",,,,true,true,,,,,,,,"fixed-tonic one-tone exchange audit"
"audit:fixed:1387:1401","AUDITED_HAMMING2","scale:1387","scale:1401","1387","1401",false,false,"A0",,,,,,"2",,"fixed",,,,false,true,,,,,,,,"fixed-tonic one-tone exchange audit"
"audit:fixed:1387:1451","AUDITED_HAMMING2","scale:1387","scale:1451","1387","1451",false,false,"A0",,,,,,"2",,"fixed",,,,true,true,,,,,,,,"fixed-tonic one-tone exchange audit"
"audit:fixed:1387:1483","AUDITED_HAMMING2","scale:1387","scale:1483","1387","1483",false,false,"A0",,,,,,"2",,"fixed",,,,false,true,,,,,,,,"fixed-tonic one-tone exchange audit"
"audit:fixed:1387:1507","AUDITED_HAMMING2","scale:1387","scale:1507","1387","1507",false,false,"A0",,,,,,"2",,"fixed",,,,false,true,,,,,,,,"fixed-tonic one-tone exchange audit"
"audit:fixed:1387:1513","AUDITED_HAMMING2","scale:1387","scale:1513","1387","1513",false,false,"A0",,,,,,"2",,"fixed",,,,false,true,,,,,,,,"fixed-tonic one-tone exchange audit"
"audit:fixed:1387:1643","AUDITED_HAMMING2","scale:1387","scale:1643","1387","1643",false,false,"A0",,,,,,"2",,"fixed",,,,true,true,,,,,,,,"fixed-tonic one-tone exchange audit"
"audit:fixed:1387:1835","AUDITED_HAMMING2","scale:1387","scale:1835","1387","1835",false,false,"A0",,,,,,"2",,"fixed",,,,false,true,,,,,,,,"fixed-tonic one-tone exchange audit"
"audit:fixed:1387:1867","AUDITED_HAMMING2","scale:1387","scale:1867","1387","1867",false,false,"A0",,,,,,"2",,"fixed",,,,false,true,,,,,,,,"fixed-tonic one-tone exchange audit"
"audit:fixed:1387:1891","AUDITED_HAMMING2","scale:1387","scale:1891","1387","1891",false,false,"A0",,,,,,"2",,"fixed",,,,false,true,,,,,,,,"fixed-tonic one-tone exchange audit"
"audit:fixed:1387:1897","AUDITED_HAMMING2","scale:1387","scale:1897","1387","1897",false,false,"A0",,,,,,"2",,"fixed",,,,false,true,,,,,,,,"fixed-tonic one-tone exchange audit"
"audit:fixed:1387:2411","AUDITED_HAMMING2","scale:1387","scale:2411","1387","2411",false,false,"A0",,,,,,"2",,"fixed",,,,true,true,,,,,,,,"fixed-tonic one-tone exchange audit"
"audit:fixed:1387:3179","AUDITED_HAMMING2","scale:1387","scale:3179","1387","3179",false,false,"A0",,,,,,"2",,"fixed",,,,false,true,,,,,,,,"fixed-tonic one-tone exchange audit"
"audit:fixed:1387:3371","AUDITED_HAMMING2","scale:1387","scale:3371","1387","3371",false,false,"A0",,,,,,"2",,"fixed",,,,false,true,,,,,,,,"fixed-tonic one-tone exchange audit"
"audit:fixed:1387:3403","AUDITED_HAMMING2","scale:1387","scale:3403","1387","3403",false,false,"A0",,,,,,"2",,"fixed",,,,false,true,,,,,,,,"fixed-tonic one-tone exchange audit"
"audit:fixed:1387:3427","AUDITED_HAMMING2","scale:1387","scale:3427","1387","3427",false,false,"A0",,,,,,"2",,"fixed",,,,false,true,,,,,,,,"fixed-tonic one-tone exchange audit"
"audit:fixed:1387:3433","AUDITED_HAMMING2","scale:1387","scale:3433","1387","3433",false,false,"A0",,,,,,"2",,"fixed",,,,false,true,,,,,,,,"fixed-tonic one-tone exchange audit"
"audit:fixed:1389:1397","AUDITED_HAMMING2","scale:1389","scale:1397","1389","1397",false,false,"A1;A2",,,,,,"2",,"fixed",,,,true,true,,,,,,,,"fixed-tonic one-tone exchange audit"
"audit:fixed:1389:1401","AUDITED_HAMMING2","scale:1389","scale:1401","1389","1401",false,false,"A1",,,,,,"2",,"fixed",,,,false,true,,,,,,,,"fixed-tonic one-tone exchange audit"
"audit:fixed:1389:1453","AUDITED_HAMMING2","scale:1389","scale:1453","1389","1453",false,false,"A0;A1",,,,,,"2",,"fixed",,,,true,true,,,,,,,,"fixed-tonic one-tone exchange audit"
"audit:fixed:1389:1485","AUDITED_HAMMING2","scale:1389","scale:1485","1389","1485",false,false,"A1",,,,,,"2",,"fixed",,,,false,true,,,,,,,,"fixed-tonic one-tone exchange audit"
"audit:fixed:1389:1509","AUDITED_HAMMING2","scale:1389","scale:1509","1389","1509",false,false,"A1",,,,,,"2",,"fixed",,,,false,true,,,,,,,,"fixed-tonic one-tone exchange audit"
"audit:fixed:1389:1513","AUDITED_HAMMING2","scale:1389","scale:1513","1389","1513",false,false,"A1",,,,,,"2",,"fixed",,,,false,true,,,,,,,,"fixed-tonic one-tone exchange audit"
"audit:fixed:1389:1645","AUDITED_HAMMING2","scale:1389","scale:1645","1389","1645",false,false,"A1",,,,,,"2",,"fixed",,,,true,true,,,,,,,,"fixed-tonic one-tone exchange audit"
"audit:fixed:1389:1837","AUDITED_HAMMING2","scale:1389","scale:1837","1389","1837",false,false,"A1",,,,,,"2",,"fixed",,,,false,true,,,,,,,,"fixed-tonic one-tone exchange audit"
"audit:fixed:1389:1869","AUDITED_HAMMING2","scale:1389","scale:1869","1389","1869",false,false,"A1",,,,,,"2",,"fixed",,,,false,true,,,,,,,,"fixed-tonic one-tone exchange audit"
"audit:fixed:1389:1893","AUDITED_HAMMING2","scale:1389","scale:1893","1389","1893",false,false,"A1",,,,,,"2",,"fixed",,,,false,true,,,,,,,,"fixed-tonic one-tone exchange audit"
"audit:fixed:1389:1897","AUDITED_HAMMING2","scale:1389","scale:1897","1389","1897",false,false,"A1",,,,,,"2",,"fixed",,,,false,true,,,,,,,,"fixed-tonic one-tone exchange audit"
"audit:fixed:1389:2413","AUDITED_HAMMING2","scale:1389","scale:2413","1389","2413",false,false,"A1",,,,,,"2",,"fixed",,,,true,true,,,,,,,,"fixed-tonic one-tone exchange audit"
"audit:fixed:1389:3181","AUDITED_HAMMING2","scale:1389","scale:3181","1389","3181",false,false,"A1",,,,,,"2",,"fixed",,,,false,true,,,,,,,,"fixed-tonic one-tone exchange audit"
"audit:fixed:1389:3373","AUDITED_HAMMING2","scale:1389","scale:3373","1389","3373",false,false,"A1",,,,,,"2",,"fixed",,,,false,true,,,,,,,,"fixed-tonic one-tone exchange audit"
"audit:fixed:1389:3405","AUDITED_HAMMING2","scale:1389","scale:3405","1389","3405",false,false,"A1",,,,,,"2",,"fixed",,,,false,true,,,,,,,,"fixed-tonic one-tone exchange audit"
"audit:fixed:1389:3429","AUDITED_HAMMING2","scale:1389","scale:3429","1389","3429",false,false,"A1",,,,,,"2",,"fixed",,,,false,true,,,,,,,,"fixed-tonic one-tone exchange audit"
"audit:fixed:1389:3433","AUDITED_HAMMING2","scale:1389","scale:3433","1389","3433",false,false,"A1",,,,,,"2",,"fixed",,,,false,true,,,,,,,,"fixed-tonic one-tone exchange audit"
"audit:fixed:1395:1397","AUDITED_HAMMING2","scale:1395","scale:1397","1395","1397",false,false,"A2",,,,,,"2",,"fixed",,,,true,true,,,,,,,,"fixed-tonic one-tone exchange audit"
"audit:fixed:1397:1401","AUDITED_HAMMING2","scale:1397","scale:1401","1397","1401",false,false,"A2",,,,,,"2",,"fixed",,,,true,true,,,,,,,,"fixed-tonic one-tone exchange audit"
"audit:fixed:1397:1461","AUDITED_HAMMING2","scale:1397","scale:1461","1397","1461",false,false,"A1;A2",,,,,,"2",,"fixed",,,,true,true,,,,,,,,"fixed-tonic one-tone exchange audit"
"audit:fixed:1397:1493","AUDITED_HAMMING2","scale:1397","scale:1493","1397","1493",false,false,"A2",,,,,,"2",,"fixed",,,,false,true,,,,,,,,"fixed-tonic one-tone exchange audit"
"audit:fixed:1397:1509","AUDITED_HAMMING2","scale:1397","scale:1509","1397","1509",false,false,"A2",,,,,,"2",,"fixed",,,,false,true,,,,,,,,"fixed-tonic one-tone exchange audit"
"audit:fixed:1397:1521","AUDITED_HAMMING2","scale:1397","scale:1521","1397","1521",false,false,"A2",,,,,,"2",,"fixed",,,,false,true,,,,,,,,"fixed-tonic one-tone exchange audit"
"audit:fixed:1397:1653","AUDITED_HAMMING2","scale:1397","scale:1653","1397","1653",false,false,"A2",,,,,,"2",,"fixed",,,,true,true,,,,,,,,"fixed-tonic one-tone exchange audit"
"audit:fixed:1397:1845","AUDITED_HAMMING2","scale:1397","scale:1845","1397","1845",false,false,"A2",,,,,,"2",,"fixed",,,,false,true,,,,,,,,"fixed-tonic one-tone exchange audit"
"audit:fixed:1397:1877","AUDITED_HAMMING2","scale:1397","scale:1877","1397","1877",false,false,"A2",,,,,,"2",,"fixed",,,,false,true,,,,,,,,"fixed-tonic one-tone exchange audit"
"audit:fixed:1397:1893","AUDITED_HAMMING2","scale:1397","scale:1893","1397","1893",false,false,"A2",,,,,,"2",,"fixed",,,,false,true,,,,,,,,"fixed-tonic one-tone exchange audit"
"audit:fixed:1397:1905","AUDITED_HAMMING2","scale:1397","scale:1905","1397","1905",false,false,"A2",,,,,,"2",,"fixed",,,,false,true,,,,,,,,"fixed-tonic one-tone exchange audit"
"audit:fixed:1397:2421","AUDITED_HAMMING2","scale:1397","scale:2421","1397","2421",false,false,"A2",,,,,,"2",,"fixed",,,,true,true,,,,,,,,"fixed-tonic one-tone exchange audit"
"audit:fixed:1397:3189","AUDITED_HAMMING2","scale:1397","scale:3189","1397","3189",false,false,"A2",,,,,,"2",,"fixed",,,,false,true,,,,,,,,"fixed-tonic one-tone exchange audit"
"audit:fixed:1397:3381","AUDITED_HAMMING2","scale:1397","scale:3381","1397","3381",false,false,"A2",,,,,,"2",,"fixed",,,,false,true,,,,,,,,"fixed-tonic one-tone exchange audit"
"audit:fixed:1397:3413","AUDITED_HAMMING2","scale:1397","scale:3413","1397","3413",false,false,"A2",,,,,,"2",,"fixed",,,,false,true,,,,,,,,"fixed-tonic one-tone exchange audit"
"audit:fixed:1397:3429","AUDITED_HAMMING2","scale:1397","scale:3429","1397","3429",false,false,"A2",,,,,,"2",,"fixed",,,,false,true,,,,,,,,"fixed-tonic one-tone exchange audit"
"audit:fixed:1397:3441","AUDITED_HAMMING2","scale:1397","scale:3441","1397","3441",false,false,"A2",,,,,,"2",,"fixed",,,,false,true,,,,,,,,"fixed-tonic one-tone exchange audit"
"audit:fixed:1423:1451","AUDITED_HAMMING2","scale:1423","scale:1451","1423","1451",false,false,"A0",,,,,,"2",,"fixed",,,,false,true,,,,,,,,"fixed-tonic one-tone exchange audit"
"audit:fixed:1423:1453","AUDITED_HAMMING2","scale:1423","scale:1453","1423","1453",false,false,"A0",,,,,,"2",,"fixed",,,,false,true,,,,,,,,"fixed-tonic one-tone exchange audit"
"audit:fixed:1431:1461","AUDITED_HAMMING2","scale:1431","scale:1461","1431","1461",false,false,"A1",,,,,,"2",,"fixed",,,,false,true,,,,,,,,"fixed-tonic one-tone exchange audit"
"audit:fixed:1431:1493","AUDITED_HAMMING2","scale:1431","scale:1493","1431","1493",false,false,"A2",,,,,,"2",,"fixed",,,,false,true,,,,,,,,"fixed-tonic one-tone exchange audit"
"audit:fixed:1435:1451","AUDITED_HAMMING2","scale:1435","scale:1451","1435","1451",false,false,"A0",,,,,,"2",,"fixed",,,,true,true,,,,,,,,"fixed-tonic one-tone exchange audit"
"audit:fixed:1437:1453","AUDITED_HAMMING2","scale:1437","scale:1453","1437","1453",false,false,"A0",,,,,,"2",,"fixed",,,,true,true,,,,,,,,"fixed-tonic one-tone exchange audit"
"audit:fixed:1437:1461","AUDITED_HAMMING2","scale:1437","scale:1461","1437","1461",false,false,"A1",,,,,,"2",,"fixed",,,,false,true,,,,,,,,"fixed-tonic one-tone exchange audit"
"audit:fixed:1437:1493","AUDITED_HAMMING2","scale:1437","scale:1493","1437","1493",false,false,"A2",,,,,,"2",,"fixed",,,,false,true,,,,,,,,"fixed-tonic one-tone exchange audit"
"audit:fixed:1447:1451","AUDITED_HAMMING2","scale:1447","scale:1451","1447","1451",false,false,"A0",,,,,,"2",,"fixed",,,,true,true,,,,,,,,"fixed-tonic one-tone exchange audit"
"audit:fixed:1447:1453","AUDITED_HAMMING2","scale:1447","scale:1453","1447","1453",false,false,"A0",,,,,,"2",,"fixed",,,,false,true,,,,,,,,"fixed-tonic one-tone exchange audit"
"audit:fixed:1447:1461","AUDITED_HAMMING2","scale:1447","scale:1461","1447","1461",false,false,"A1",,,,,,"2",,"fixed",,,,false,true,,,,,,,,"fixed-tonic one-tone exchange audit"
"audit:fixed:1451:1453","AUDITED_HAMMING2","scale:1451","scale:1453","1451","1453",false,false,"A0",,,,,,"2",,"fixed",,,,true,true,,,,,,,,"fixed-tonic one-tone exchange audit"
"audit:fixed:1451:1459","AUDITED_HAMMING2","scale:1451","scale:1459","1451","1459",false,false,"A0",,,,,,"2",,"fixed",,,,true,true,,,,,,,,"fixed-tonic one-tone exchange audit"
"audit:fixed:1451:1465","AUDITED_HAMMING2","scale:1451","scale:1465","1451","1465",false,false,"A0",,,,,,"2",,"fixed",,,,false,true,,,,,,,,"fixed-tonic one-tone exchange audit"
"audit:fixed:1451:1483","AUDITED_HAMMING2","scale:1451","scale:1483","1451","1483",false,false,"A0",,,,,,"2",,"fixed",,,,true,true,,,,,,,,"fixed-tonic one-tone exchange audit"
"audit:fixed:1451:1507","AUDITED_HAMMING2","scale:1451","scale:1507","1451","1507",false,false,"A0",,,,,,"2",,"fixed",,,,false,true,,,,,,,,"fixed-tonic one-tone exchange audit"
"audit:fixed:1451:1513","AUDITED_HAMMING2","scale:1451","scale:1513","1451","1513",false,false,"A0",,,,,,"2",,"fixed",,,,false,true,,,,,,,,"fixed-tonic one-tone exchange audit"
"audit:fixed:1451:1707","AUDITED_HAMMING2","scale:1451","scale:1707","1451","1707",false,false,"A0;A1",,,,,,"2",,"fixed",,,,true,true,,,,,,,,"fixed-tonic one-tone exchange audit"
"audit:fixed:1451:1835","AUDITED_HAMMING2","scale:1451","scale:1835","1451","1835",false,false,"A0",,,,,,"2",,"fixed",,,,false,true,,,,,,,,"fixed-tonic one-tone exchange audit"
"audit:fixed:1451:1931","AUDITED_HAMMING2","scale:1451","scale:1931","1451","1931",false,false,"A0",,,,,,"2",,"fixed",,,,false,true,,,,,,,,"fixed-tonic one-tone exchange audit"
"audit:fixed:1451:1955","AUDITED_HAMMING2","scale:1451","scale:1955","1451","1955",false,false,"A0",,,,,,"2",,"fixed",,,,false,true,,,,,,,,"fixed-tonic one-tone exchange audit"
"audit:fixed:1451:1961","AUDITED_HAMMING2","scale:1451","scale:1961","1451","1961",false,false,"A0",,,,,,"2",,"fixed",,,,false,true,,,,,,,,"fixed-tonic one-tone exchange audit"
"audit:fixed:1451:2475","AUDITED_HAMMING2","scale:1451","scale:2475","1451","2475",false,false,"A0",,,,,,"2",,"fixed",,,,true,true,,,,,,,,"fixed-tonic one-tone exchange audit"
"audit:fixed:1451:3243","AUDITED_HAMMING2","scale:1451","scale:3243","1451","3243",false,false,"A0",,,,,,"2",,"fixed",,,,false,true,,,,,,,,"fixed-tonic one-tone exchange audit"
"audit:fixed:1451:3371","AUDITED_HAMMING2","scale:1451","scale:3371","1451","3371",false,false,"A0",,,,,,"2",,"fixed",,,,false,true,,,,,,,,"fixed-tonic one-tone exchange audit"
"audit:fixed:1451:3467","AUDITED_HAMMING2","scale:1451","scale:3467","1451","3467",false,false,"A0",,,,,,"2",,"fixed",,,,false,true,,,,,,,,"fixed-tonic one-tone exchange audit"
"audit:fixed:1451:3491","AUDITED_HAMMING2","scale:1451","scale:3491","1451","3491",false,false,"A0",,,,,,"2",,"fixed",,,,false,true,,,,,,,,"fixed-tonic one-tone exchange audit"
"audit:fixed:1451:3497","AUDITED_HAMMING2","scale:1451","scale:3497","1451","3497",false,false,"A0",,,,,,"2",,"fixed",,,,false,true,,,,,,,,"fixed-tonic one-tone exchange audit"
"audit:fixed:1453:1461","AUDITED_HAMMING2","scale:1453","scale:1461","1453","1461",false,false,"A0;A1",,,,,,"2",,"fixed",,,,true,true,,,,,,,,"fixed-tonic one-tone exchange audit"
"audit:fixed:1453:1465","AUDITED_HAMMING2","scale:1453","scale:1465","1453","1465",false,false,"A0",,,,,,"2",,"fixed",,,,false,true,,,,,,,,"fixed-tonic one-tone exchange audit"
"audit:fixed:1453:1485","AUDITED_HAMMING2","scale:1453","scale:1485","1453","1485",false,false,"A0",,,,,,"2",,"fixed",,,,true,true,,,,,,,,"fixed-tonic one-tone exchange audit"
"audit:fixed:1453:1509","AUDITED_HAMMING2","scale:1453","scale:1509","1453","1509",false,false,"A0",,,,,,"2",,"fixed",,,,false,true,,,,,,,,"fixed-tonic one-tone exchange audit"
"audit:fixed:1453:1513","AUDITED_HAMMING2","scale:1453","scale:1513","1453","1513",false,false,"A0",,,,,,"2",,"fixed",,,,false,true,,,,,,,,"fixed-tonic one-tone exchange audit"
"audit:fixed:1453:1709","AUDITED_HAMMING2","scale:1453","scale:1709","1453","1709",false,false,"A0",,,,,,"2",,"fixed",,,,true,true,,,,,,,,"fixed-tonic one-tone exchange audit"
"audit:fixed:1453:1837","AUDITED_HAMMING2","scale:1453","scale:1837","1453","1837",false,false,"A0",,,,,,"2",,"fixed",,,,false,true,,,,,,,,"fixed-tonic one-tone exchange audit"
"audit:fixed:1453:1933","AUDITED_HAMMING2","scale:1453","scale:1933","1453","1933",false,false,"A0",,,,,,"2",,"fixed",,,,false,true,,,,,,,,"fixed-tonic one-tone exchange audit"
"audit:fixed:1453:1957","AUDITED_HAMMING2","scale:1453","scale:1957","1453","1957",false,false,"A0",,,,,,"2",,"fixed",,,,false,true,,,,,,,,"fixed-tonic one-tone exchange audit"
"audit:fixed:1453:1961","AUDITED_HAMMING2","scale:1453","scale:1961","1453","1961",false,false,"A0",,,,,,"2",,"fixed",,,,false,true,,,,,,,,"fixed-tonic one-tone exchange audit"
"audit:fixed:1453:2477","AUDITED_HAMMING2","scale:1453","scale:2477","1453","2477",false,false,"A0",,,,,,"2",,"fixed",,,,true,true,,,,,,,,"fixed-tonic one-tone exchange audit"
"audit:fixed:1453:3245","AUDITED_HAMMING2","scale:1453","scale:3245","1453","3245",false,false,"A0",,,,,,"2",,"fixed",,,,false,true,,,,,,,,"fixed-tonic one-tone exchange audit"
"audit:fixed:1453:3373","AUDITED_HAMMING2","scale:1453","scale:3373","1453","3373",false,false,"A0",,,,,,"2",,"fixed",,,,false,true,,,,,,,,"fixed-tonic one-tone exchange audit"
"audit:fixed:1453:3469","AUDITED_HAMMING2","scale:1453","scale:3469","1453","3469",false,false,"A0",,,,,,"2",,"fixed",,,,false,true,,,,,,,,"fixed-tonic one-tone exchange audit"
"audit:fixed:1453:3493","AUDITED_HAMMING2","scale:1453","scale:3493","1453","3493",false,false,"A0",,,,,,"2",,"fixed",,,,false,true,,,,,,,,"fixed-tonic one-tone exchange audit"
"audit:fixed:1453:3497","AUDITED_HAMMING2","scale:1453","scale:3497","1453","3497",false,false,"A0",,,,,,"2",,"fixed",,,,false,true,,,,,,,,"fixed-tonic one-tone exchange audit"
"audit:fixed:1459:1461","AUDITED_HAMMING2","scale:1459","scale:1461","1459","1461",false,false,"A1",,,,,,"2",,"fixed",,,,true,true,,,,,,,,"fixed-tonic one-tone exchange audit"
"audit:fixed:1461:1465","AUDITED_HAMMING2","scale:1461","scale:1465","1461","1465",false,false,"A1",,,,,,"2",,"fixed",,,,true,true,,,,,,,,"fixed-tonic one-tone exchange audit"
"audit:fixed:1461:1493","AUDITED_HAMMING2","scale:1461","scale:1493","1461","1493",false,false,"A1;A2",,,,,,"2",,"fixed",,,,true,true,,,,,,,,"fixed-tonic one-tone exchange audit"
"audit:fixed:1461:1509","AUDITED_HAMMING2","scale:1461","scale:1509","1461","1509",false,false,"A1",,,,,,"2",,"fixed",,,,false,true,,,,,,,,"fixed-tonic one-tone exchange audit"
"audit:fixed:1461:1521","AUDITED_HAMMING2","scale:1461","scale:1521","1461","1521",false,false,"A1",,,,,,"2",,"fixed",,,,false,true,,,,,,,,"fixed-tonic one-tone exchange audit"
"audit:fixed:1461:1717","AUDITED_HAMMING2","scale:1461","scale:1717","1461","1717",false,false,"A0;A1",,,,,,"2",,"fixed",,,,true,true,,,,,,,,"fixed-tonic one-tone exchange audit"
"audit:fixed:1461:1845","AUDITED_HAMMING2","scale:1461","scale:1845","1461","1845",false,false,"A1",,,,,,"2",,"fixed",,,,false,true,,,,,,,,"fixed-tonic one-tone exchange audit"
"audit:fixed:1461:1941","AUDITED_HAMMING2","scale:1461","scale:1941","1461","1941",false,false,"A1",,,,,,"2",,"fixed",,,,false,true,,,,,,,,"fixed-tonic one-tone exchange audit"
"audit:fixed:1461:1957","AUDITED_HAMMING2","scale:1461","scale:1957","1461","1957",false,false,"A1",,,,,,"2",,"fixed",,,,false,true,,,,,,,,"fixed-tonic one-tone exchange audit"
"audit:fixed:1461:1969","AUDITED_HAMMING2","scale:1461","scale:1969","1461","1969",false,false,"A1",,,,,,"2",,"fixed",,,,false,true,,,,,,,,"fixed-tonic one-tone exchange audit"
"audit:fixed:1461:2485","AUDITED_HAMMING2","scale:1461","scale:2485","1461","2485",false,false,"A1",,,,,,"2",,"fixed",,,,true,true,,,,,,,,"fixed-tonic one-tone exchange audit"
"audit:fixed:1461:3253","AUDITED_HAMMING2","scale:1461","scale:3253","1461","3253",false,false,"A1",,,,,,"2",,"fixed",,,,false,true,,,,,,,,"fixed-tonic one-tone exchange audit"
"audit:fixed:1461:3381","AUDITED_HAMMING2","scale:1461","scale:3381","1461","3381",false,false,"A1",,,,,,"2",,"fixed",,,,false,true,,,,,,,,"fixed-tonic one-tone exchange audit"
"audit:fixed:1461:3477","AUDITED_HAMMING2","scale:1461","scale:3477","1461","3477",false,false,"A1",,,,,,"2",,"fixed",,,,false,true,,,,,,,,"fixed-tonic one-tone exchange audit"
"audit:fixed:1461:3493","AUDITED_HAMMING2","scale:1461","scale:3493","1461","3493",false,false,"A1",,,,,,"2",,"fixed",,,,false,true,,,,,,,,"fixed-tonic one-tone exchange audit"
"audit:fixed:1461:3505","AUDITED_HAMMING2","scale:1461","scale:3505","1461","3505",false,false,"A1",,,,,,"2",,"fixed",,,,false,true,,,,,,,,"fixed-tonic one-tone exchange audit"
"audit:fixed:1479:1493","AUDITED_HAMMING2","scale:1479","scale:1493","1479","1493",false,false,"A2",,,,,,"2",,"fixed",,,,false,true,,,,,,,,"fixed-tonic one-tone exchange audit"
"audit:fixed:1485:1493","AUDITED_HAMMING2","scale:1485","scale:1493","1485","1493",false,false,"A2",,,,,,"2",,"fixed",,,,true,true,,,,,,,,"fixed-tonic one-tone exchange audit"
"audit:fixed:1491:1493","AUDITED_HAMMING2","scale:1491","scale:1493","1491","1493",false,false,"A2",,,,,,"2",,"fixed",,,,true,true,,,,,,,,"fixed-tonic one-tone exchange audit"
"audit:fixed:1493:1497","AUDITED_HAMMING2","scale:1493","scale:1497","1493","1497",false,false,"A2",,,,,,"2",,"fixed",,,,true,true,,,,,,,,"fixed-tonic one-tone exchange audit"
"audit:fixed:1493:1509","AUDITED_HAMMING2","scale:1493","scale:1509","1493","1509",false,false,"A2",,,,,,"2",,"fixed",,,,true,true,,,,,,,,"fixed-tonic one-tone exchange audit"
"audit:fixed:1493:1521","AUDITED_HAMMING2","scale:1493","scale:1521","1493","1521",false,false,"A2",,,,,,"2",,"fixed",,,,false,true,,,,,,,,"fixed-tonic one-tone exchange audit"
"audit:fixed:1493:1749","AUDITED_HAMMING2","scale:1493","scale:1749","1493","1749",false,false,"A1;A2",,,,,,"2",,"fixed",,,,true,true,,,,,,,,"fixed-tonic one-tone exchange audit"
"audit:fixed:1493:1877","AUDITED_HAMMING2","scale:1493","scale:1877","1493","1877",false,false,"A2",,,,,,"2",,"fixed",,,,false,true,,,,,,,,"fixed-tonic one-tone exchange audit"
"audit:fixed:1493:1941","AUDITED_HAMMING2","scale:1493","scale:1941","1493","1941",false,false,"A2",,,,,,"2",,"fixed",,,,false,true,,,,,,,,"fixed-tonic one-tone exchange audit"
"audit:fixed:1493:1989","AUDITED_HAMMING2","scale:1493","scale:1989","1493","1989",false,false,"A2",,,,,,"2",,"fixed",,,,false,true,,,,,,,,"fixed-tonic one-tone exchange audit"
"audit:fixed:1493:2001","AUDITED_HAMMING2","scale:1493","scale:2001","1493","2001",false,false,"A2",,,,,,"2",,"fixed",,,,false,true,,,,,,,,"fixed-tonic one-tone exchange audit"
"audit:fixed:1493:2517","AUDITED_HAMMING2","scale:1493","scale:2517","1493","2517",false,false,"A2",,,,,,"2",,"fixed",,,,true,true,,,,,,,,"fixed-tonic one-tone exchange audit"
"audit:fixed:1493:3285","AUDITED_HAMMING2","scale:1493","scale:3285","1493","3285",false,false,"A2",,,,,,"2",,"fixed",,,,false,true,,,,,,,,"fixed-tonic one-tone exchange audit"
"audit:fixed:1493:3413","AUDITED_HAMMING2","scale:1493","scale:3413","1493","3413",false,false,"A2",,,,,,"2",,"fixed",,,,false,true,,,,,,,,"fixed-tonic one-tone exchange audit"
"audit:fixed:1493:3477","AUDITED_HAMMING2","scale:1493","scale:3477","1493","3477",false,false,"A2",,,,,,"2",,"fixed",,,,false,true,,,,,,,,"fixed-tonic one-tone exchange audit"
"audit:fixed:1493:3525","AUDITED_HAMMING2","scale:1493","scale:3525","1493","3525",false,false,"A2",,,,,,"2",,"fixed",,,,false,true,,,,,,,,"fixed-tonic one-tone exchange audit"
"audit:fixed:1493:3537","AUDITED_HAMMING2","scale:1493","scale:3537","1493","3537",false,false,"A2",,,,,,"2",,"fixed",,,,false,true,,,,,,,,"fixed-tonic one-tone exchange audit"
"audit:fixed:1583:1707","AUDITED_HAMMING2","scale:1583","scale:1707","1583","1707",false,false,"A1",,,,,,"2",,"fixed",,,,false,true,,,,,,,,"fixed-tonic one-tone exchange audit"
"audit:fixed:1583:1709","AUDITED_HAMMING2","scale:1583","scale:1709","1583","1709",false,false,"A0",,,,,,"2",,"fixed",,,,false,true,,,,,,,,"fixed-tonic one-tone exchange audit"
"audit:fixed:1591:1717","AUDITED_HAMMING2","scale:1591","scale:1717","1591","1717",false,false,"A0",,,,,,"2",,"fixed",,,,false,true,,,,,,,,"fixed-tonic one-tone exchange audit"
"audit:fixed:1595:1707","AUDITED_HAMMING2","scale:1595","scale:1707","1595","1707",false,false,"A1",,,,,,"2",,"fixed",,,,false,true,,,,,,,,"fixed-tonic one-tone exchange audit"
"audit:fixed:1597:1709","AUDITED_HAMMING2","scale:1597","scale:1709","1597","1709",false,false,"A0",,,,,,"2",,"fixed",,,,false,true,,,,,,,,"fixed-tonic one-tone exchange audit"
"audit:fixed:1597:1717","AUDITED_HAMMING2","scale:1597","scale:1717","1597","1717",false,false,"A0",,,,,,"2",,"fixed",,,,false,true,,,,,,,,"fixed-tonic one-tone exchange audit"
"audit:fixed:1623:1749","AUDITED_HAMMING2","scale:1623","scale:1749","1623","1749",false,false,"A1",,,,,,"2",,"fixed",,,,false,true,,,,,,,,"fixed-tonic one-tone exchange audit"
"audit:fixed:1623:1877","AUDITED_HAMMING2","scale:1623","scale:1877","1623","1877",false,false,"A2",,,,,,"2",,"fixed",,,,false,true,,,,,,,,"fixed-tonic one-tone exchange audit"
"audit:fixed:1629:1749","AUDITED_HAMMING2","scale:1629","scale:1749","1629","1749",false,false,"A1",,,,,,"2",,"fixed",,,,false,true,,,,,,,,"fixed-tonic one-tone exchange audit"
"audit:fixed:1629:1877","AUDITED_HAMMING2","scale:1629","scale:1877","1629","1877",false,false,"A2",,,,,,"2",,"fixed",,,,false,true,,,,,,,,"fixed-tonic one-tone exchange audit"
"audit:fixed:1643:1707","AUDITED_HAMMING2","scale:1643","scale:1707","1643","1707",false,false,"A1",,,,,,"2",,"fixed",,,,true,true,,,,,,,,"fixed-tonic one-tone exchange audit"
"audit:fixed:1645:1709","AUDITED_HAMMING2","scale:1645","scale:1709","1645","1709",false,false,"A0",,,,,,"2",,"fixed",,,,true,true,,,,,,,,"fixed-tonic one-tone exchange audit"
"audit:fixed:1653:1717","AUDITED_HAMMING2","scale:1653","scale:1717","1653","1717",false,false,"A0",,,,,,"2",,"fixed",,,,true,true,,,,,,,,"fixed-tonic one-tone exchange audit"
"audit:fixed:1653:1749","AUDITED_HAMMING2","scale:1653","scale:1749","1653","1749",false,false,"A1",,,,,,"2",,"fixed",,,,false,true,,,,,,,,"fixed-tonic one-tone exchange audit"
"audit:fixed:1653:1877","AUDITED_HAMMING2","scale:1653","scale:1877","1653","1877",false,false,"A2",,,,,,"2",,"fixed",,,,false,true,,,,,,,,"fixed-tonic one-tone exchange audit"
"audit:fixed:1679:1707","AUDITED_HAMMING2","scale:1679","scale:1707","1679","1707",false,false,"A1",,,,,,"2",,"fixed",,,,false,true,,,,,,,,"fixed-tonic one-tone exchange audit"
"audit:fixed:1679:1709","AUDITED_HAMMING2","scale:1679","scale:1709","1679","1709",false,false,"A0",,,,,,"2",,"fixed",,,,false,true,,,,,,,,"fixed-tonic one-tone exchange audit"
"audit:fixed:1687:1717","AUDITED_HAMMING2","scale:1687","scale:1717","1687","1717",false,false,"A0",,,,,,"2",,"fixed",,,,false,true,,,,,,,,"fixed-tonic one-tone exchange audit"
"audit:fixed:1687:1749","AUDITED_HAMMING2","scale:1687","scale:1749","1687","1749",false,false,"A1",,,,,,"2",,"fixed",,,,false,true,,,,,,,,"fixed-tonic one-tone exchange audit"
"audit:fixed:1691:1707","AUDITED_HAMMING2","scale:1691","scale:1707","1691","1707",false,false,"A1",,,,,,"2",,"fixed",,,,true,true,,,,,,,,"fixed-tonic one-tone exchange audit"
"audit:fixed:1693:1709","AUDITED_HAMMING2","scale:1693","scale:1709","1693","1709",false,false,"A0",,,,,,"2",,"fixed",,,,true,true,,,,,,,,"fixed-tonic one-tone exchange audit"
"audit:fixed:1693:1717","AUDITED_HAMMING2","scale:1693","scale:1717","1693","1717",false,false,"A0",,,,,,"2",,"fixed",,,,false,true,,,,,,,,"fixed-tonic one-tone exchange audit"
"audit:fixed:1693:1749","AUDITED_HAMMING2","scale:1693","scale:1749","1693","1749",false,false,"A1",,,,,,"2",,"fixed",,,,false,true,,,,,,,,"fixed-tonic one-tone exchange audit"
"audit:fixed:1703:1707","AUDITED_HAMMING2","scale:1703","scale:1707","1703","1707",false,false,"A1",,,,,,"2",,"fixed",,,,true,true,,,,,,,,"fixed-tonic one-tone exchange audit"
"audit:fixed:1703:1709","AUDITED_HAMMING2","scale:1703","scale:1709","1703","1709",false,false,"A0",,,,,,"2",,"fixed",,,,false,true,,,,,,,,"fixed-tonic one-tone exchange audit"
"audit:fixed:1703:1717","AUDITED_HAMMING2","scale:1703","scale:1717","1703","1717",false,false,"A0",,,,,,"2",,"fixed",,,,false,true,,,,,,,,"fixed-tonic one-tone exchange audit"
"audit:fixed:1707:1709","AUDITED_HAMMING2","scale:1707","scale:1709","1707","1709",false,false,"A0;A1",,,,,,"2",,"fixed",,,,true,true,,,,,,,,"fixed-tonic one-tone exchange audit"
"audit:fixed:1707:1715","AUDITED_HAMMING2","scale:1707","scale:1715","1707","1715",false,false,"A1",,,,,,"2",,"fixed",,,,true,true,,,,,,,,"fixed-tonic one-tone exchange audit"
"audit:fixed:1707:1721","AUDITED_HAMMING2","scale:1707","scale:1721","1707","1721",false,false,"A1",,,,,,"2",,"fixed",,,,false,true,,,,,,,,"fixed-tonic one-tone exchange audit"
"audit:fixed:1707:1739","AUDITED_HAMMING2","scale:1707","scale:1739","1707","1739",false,false,"A1",,,,,,"2",,"fixed",,,,true,true,,,,,,,,"fixed-tonic one-tone exchange audit"
"audit:fixed:1707:1763","AUDITED_HAMMING2","scale:1707","scale:1763","1707","1763",false,false,"A1",,,,,,"2",,"fixed",,,,false,true,,,,,,,,"fixed-tonic one-tone exchange audit"
"audit:fixed:1707:1769","AUDITED_HAMMING2","scale:1707","scale:1769","1707","1769",false,false,"A1",,,,,,"2",,"fixed",,,,false,true,,,,,,,,"fixed-tonic one-tone exchange audit"
"audit:fixed:1707:1835","AUDITED_HAMMING2","scale:1707","scale:1835","1707","1835",false,false,"A1",,,,,,"2",,"fixed",,,,true,true,,,,,,,,"fixed-tonic one-tone exchange audit"
"audit:fixed:1707:1931","AUDITED_HAMMING2","scale:1707","scale:1931","1707","1931",false,false,"A1",,,,,,"2",,"fixed",,,,false,true,,,,,,,,"fixed-tonic one-tone exchange audit"
"audit:fixed:1707:1955","AUDITED_HAMMING2","scale:1707","scale:1955","1707","1955",false,false,"A1",,,,,,"2",,"fixed",,,,false,true,,,,,,,,"fixed-tonic one-tone exchange audit"
"audit:fixed:1707:1961","AUDITED_HAMMING2","scale:1707","scale:1961","1707","1961",false,false,"A1",,,,,,"2",,"fixed",,,,false,true,,,,,,,,"fixed-tonic one-tone exchange audit"
"audit:fixed:1707:2731","AUDITED_HAMMING2","scale:1707","scale:2731","1707","2731",false,false,"A1;A2",,,,,,"2",,"fixed",,,,true,true,,,,,,,,"fixed-tonic one-tone exchange audit"
"audit:fixed:1707:3243","AUDITED_HAMMING2","scale:1707","scale:3243","1707","3243",false,false,"A1",,,,,,"2",,"fixed",,,,false,true,,,,,,,,"fixed-tonic one-tone exchange audit"
"audit:fixed:1707:3627","AUDITED_HAMMING2","scale:1707","scale:3627","1707","3627",false,false,"A1",,,,,,"2",,"fixed",,,,false,true,,,,,,,,"fixed-tonic one-tone exchange audit"
"audit:fixed:1707:3723","AUDITED_HAMMING2","scale:1707","scale:3723","1707","3723",false,false,"A1",,,,,,"2",,"fixed",,,,false,true,,,,,,,,"fixed-tonic one-tone exchange audit"
"audit:fixed:1707:3747","AUDITED_HAMMING2","scale:1707","scale:3747","1707","3747",false,false,"A1",,,,,,"2",,"fixed",,,,false,true,,,,,,,,"fixed-tonic one-tone exchange audit"
"audit:fixed:1707:3753","AUDITED_HAMMING2","scale:1707","scale:3753","1707","3753",false,false,"A1",,,,,,"2",,"fixed",,,,false,true,,,,,,,,"fixed-tonic one-tone exchange audit"
"audit:fixed:1709:1717","AUDITED_HAMMING2","scale:1709","scale:1717","1709","1717",false,false,"A0",,,,,,"2",,"fixed",,,,true,true,,,,,,,,"fixed-tonic one-tone exchange audit"
"audit:fixed:1709:1721","AUDITED_HAMMING2","scale:1709","scale:1721","1709","1721",false,false,"A0",,,,,,"2",,"fixed",,,,false,true,,,,,,,,"fixed-tonic one-tone exchange audit"
"audit:fixed:1709:1741","AUDITED_HAMMING2","scale:1709","scale:1741","1709","1741",false,false,"A0",,,,,,"2",,"fixed",,,,true,true,,,,,,,,"fixed-tonic one-tone exchange audit"
"audit:fixed:1709:1765","AUDITED_HAMMING2","scale:1709","scale:1765","1709","1765",false,false,"A0",,,,,,"2",,"fixed",,,,false,true,,,,,,,,"fixed-tonic one-tone exchange audit"
"audit:fixed:1709:1769","AUDITED_HAMMING2","scale:1709","scale:1769","1709","1769",false,false,"A0",,,,,,"2",,"fixed",,,,false,true,,,,,,,,"fixed-tonic one-tone exchange audit"
"audit:fixed:1709:1837","AUDITED_HAMMING2","scale:1709","scale:1837","1709","1837",false,false,"A0",,,,,,"2",,"fixed",,,,true,true,,,,,,,,"fixed-tonic one-tone exchange audit"
"audit:fixed:1709:1933","AUDITED_HAMMING2","scale:1709","scale:1933","1709","1933",false,false,"A0",,,,,,"2",,"fixed",,,,false,true,,,,,,,,"fixed-tonic one-tone exchange audit"
"audit:fixed:1709:1957","AUDITED_HAMMING2","scale:1709","scale:1957","1709","1957",false,false,"A0",,,,,,"2",,"fixed",,,,false,true,,,,,,,,"fixed-tonic one-tone exchange audit"
"audit:fixed:1709:1961","AUDITED_HAMMING2","scale:1709","scale:1961","1709","1961",false,false,"A0",,,,,,"2",,"fixed",,,,false,true,,,,,,,,"fixed-tonic one-tone exchange audit"
"audit:fixed:1709:2733","AUDITED_HAMMING2","scale:1709","scale:2733","1709","2733",false,false,"A0;A1",,,,,,"2",,"fixed",,,,true,true,,,,,,,,"fixed-tonic one-tone exchange audit"
"audit:fixed:1709:3245","AUDITED_HAMMING2","scale:1709","scale:3245","1709","3245",false,false,"A0",,,,,,"2",,"fixed",,,,false,true,,,,,,,,"fixed-tonic one-tone exchange audit"
"audit:fixed:1709:3629","AUDITED_HAMMING2","scale:1709","scale:3629","1709","3629",false,false,"A0",,,,,,"2",,"fixed",,,,false,true,,,,,,,,"fixed-tonic one-tone exchange audit"
"audit:fixed:1709:3725","AUDITED_HAMMING2","scale:1709","scale:3725","1709","3725",false,false,"A0",,,,,,"2",,"fixed",,,,false,true,,,,,,,,"fixed-tonic one-tone exchange audit"
"audit:fixed:1709:3749","AUDITED_HAMMING2","scale:1709","scale:3749","1709","3749",false,false,"A0",,,,,,"2",,"fixed",,,,false,true,,,,,,,,"fixed-tonic one-tone exchange audit"
"audit:fixed:1709:3753","AUDITED_HAMMING2","scale:1709","scale:3753","1709","3753",false,false,"A0",,,,,,"2",,"fixed",,,,false,true,,,,,,,,"fixed-tonic one-tone exchange audit"
"audit:fixed:1715:1717","AUDITED_HAMMING2","scale:1715","scale:1717","1715","1717",false,false,"A0",,,,,,"2",,"fixed",,,,true,true,,,,,,,,"fixed-tonic one-tone exchange audit"
"audit:fixed:1717:1721","AUDITED_HAMMING2","scale:1717","scale:1721","1717","1721",false,false,"A0",,,,,,"2",,"fixed",,,,true,true,,,,,,,,"fixed-tonic one-tone exchange audit"
"audit:fixed:1717:1749","AUDITED_HAMMING2","scale:1717","scale:1749","1717","1749",false,false,"A0;A1",,,,,,"2",,"fixed",,,,true,true,,,,,,,,"fixed-tonic one-tone exchange audit"
"audit:fixed:1717:1765","AUDITED_HAMMING2","scale:1717","scale:1765","1717","1765",false,false,"A0",,,,,,"2",,"fixed",,,,false,true,,,,,,,,"fixed-tonic one-tone exchange audit"
"audit:fixed:1717:1777","AUDITED_HAMMING2","scale:1717","scale:1777","1717","1777",false,false,"A0",,,,,,"2",,"fixed",,,,false,true,,,,,,,,"fixed-tonic one-tone exchange audit"
"audit:fixed:1717:1845","AUDITED_HAMMING2","scale:1717","scale:1845","1717","1845",false,false,"A0",,,,,,"2",,"fixed",,,,true,true,,,,,,,,"fixed-tonic one-tone exchange audit"
"audit:fixed:1717:1941","AUDITED_HAMMING2","scale:1717","scale:1941","1717","1941",false,false,"A0",,,,,,"2",,"fixed",,,,false,true,,,,,,,,"fixed-tonic one-tone exchange audit"
"audit:fixed:1717:1957","AUDITED_HAMMING2","scale:1717","scale:1957","1717","1957",false,false,"A0",,,,,,"2",,"fixed",,,,false,true,,,,,,,,"fixed-tonic one-tone exchange audit"
"audit:fixed:1717:1969","AUDITED_HAMMING2","scale:1717","scale:1969","1717","1969",false,false,"A0",,,,,,"2",,"fixed",,,,false,true,,,,,,,,"fixed-tonic one-tone exchange audit"
"audit:fixed:1717:2741","AUDITED_HAMMING2","scale:1717","scale:2741","1717","2741",false,false,"A0",,,,,,"2",,"fixed",,,,true,true,,,,,,,,"fixed-tonic one-tone exchange audit"
"audit:fixed:1717:3253","AUDITED_HAMMING2","scale:1717","scale:3253","1717","3253",false,false,"A0",,,,,,"2",,"fixed",,,,false,true,,,,,,,,"fixed-tonic one-tone exchange audit"
"audit:fixed:1717:3637","AUDITED_HAMMING2","scale:1717","scale:3637","1717","3637",false,false,"A0",,,,,,"2",,"fixed",,,,false,true,,,,,,,,"fixed-tonic one-tone exchange audit"
"audit:fixed:1717:3733","AUDITED_HAMMING2","scale:1717","scale:3733","1717","3733",false,false,"A0",,,,,,"2",,"fixed",,,,false,true,,,,,,,,"fixed-tonic one-tone exchange audit"
"audit:fixed:1717:3749","AUDITED_HAMMING2","scale:1717","scale:3749","1717","3749",false,false,"A0",,,,,,"2",,"fixed",,,,false,true,,,,,,,,"fixed-tonic one-tone exchange audit"
"audit:fixed:1717:3761","AUDITED_HAMMING2","scale:1717","scale:3761","1717","3761",false,false,"A0",,,,,,"2",,"fixed",,,,false,true,,,,,,,,"fixed-tonic one-tone exchange audit"
"audit:fixed:1735:1749","AUDITED_HAMMING2","scale:1735","scale:1749","1735","1749",false,false,"A1",,,,,,"2",,"fixed",,,,false,true,,,,,,,,"fixed-tonic one-tone exchange audit"
"audit:fixed:1741:1749","AUDITED_HAMMING2","scale:1741","scale:1749","1741","1749",false,false,"A1",,,,,,"2",,"fixed",,,,true,true,,,,,,,,"fixed-tonic one-tone exchange audit"
"audit:fixed:1747:1749","AUDITED_HAMMING2","scale:1747","scale:1749","1747","1749",false,false,"A1",,,,,,"2",,"fixed",,,,true,true,,,,,,,,"fixed-tonic one-tone exchange audit"
"audit:fixed:1749:1753","AUDITED_HAMMING2","scale:1749","scale:1753","1749","1753",false,false,"A1",,,,,,"2",,"fixed",,,,true,true,,,,,,,,"fixed-tonic one-tone exchange audit"
"audit:fixed:1749:1765","AUDITED_HAMMING2","scale:1749","scale:1765","1749","1765",false,false,"A1",,,,,,"2",,"fixed",,,,true,true,,,,,,,,"fixed-tonic one-tone exchange audit"
"audit:fixed:1749:1777","AUDITED_HAMMING2","scale:1749","scale:1777","1749","1777",false,false,"A1",,,,,,"2",,"fixed",,,,false,true,,,,,,,,"fixed-tonic one-tone exchange audit"
"audit:fixed:1749:1877","AUDITED_HAMMING2","scale:1749","scale:1877","1749","1877",false,false,"A1;A2",,,,,,"2",,"fixed",,,,true,true,,,,,,,,"fixed-tonic one-tone exchange audit"
"audit:fixed:1749:1941","AUDITED_HAMMING2","scale:1749","scale:1941","1749","1941",false,false,"A1",,,,,,"2",,"fixed",,,,false,true,,,,,,,,"fixed-tonic one-tone exchange audit"
"audit:fixed:1749:1989","AUDITED_HAMMING2","scale:1749","scale:1989","1749","1989",false,false,"A1",,,,,,"2",,"fixed",,,,false,true,,,,,,,,"fixed-tonic one-tone exchange audit"
"audit:fixed:1749:2001","AUDITED_HAMMING2","scale:1749","scale:2001","1749","2001",false,false,"A1",,,,,,"2",,"fixed",,,,false,true,,,,,,,,"fixed-tonic one-tone exchange audit"
"audit:fixed:1749:2773","AUDITED_HAMMING2","scale:1749","scale:2773","1749","2773",false,false,"A0;A1",,,,,,"2",,"fixed",,,,true,true,,,,,,,,"fixed-tonic one-tone exchange audit"
"audit:fixed:1749:3285","AUDITED_HAMMING2","scale:1749","scale:3285","1749","3285",false,false,"A1",,,,,,"2",,"fixed",,,,false,true,,,,,,,,"fixed-tonic one-tone exchange audit"
"audit:fixed:1749:3669","AUDITED_HAMMING2","scale:1749","scale:3669","1749","3669",false,false,"A1",,,,,,"2",,"fixed",,,,false,true,,,,,,,,"fixed-tonic one-tone exchange audit"
"audit:fixed:1749:3733","AUDITED_HAMMING2","scale:1749","scale:3733","1749","3733",false,false,"A1",,,,,,"2",,"fixed",,,,false,true,,,,,,,,"fixed-tonic one-tone exchange audit"
"audit:fixed:1749:3781","AUDITED_HAMMING2","scale:1749","scale:3781","1749","3781",false,false,"A1",,,,,,"2",,"fixed",,,,false,true,,,,,,,,"fixed-tonic one-tone exchange audit"
"audit:fixed:1749:3793","AUDITED_HAMMING2","scale:1749","scale:3793","1749","3793",false,false,"A1",,,,,,"2",,"fixed",,,,false,true,,,,,,,,"fixed-tonic one-tone exchange audit"
"audit:fixed:1815:1877","AUDITED_HAMMING2","scale:1815","scale:1877","1815","1877",false,false,"A2",,,,,,"2",,"fixed",,,,false,true,,,,,,,,"fixed-tonic one-tone exchange audit"
"audit:fixed:1821:1877","AUDITED_HAMMING2","scale:1821","scale:1877","1821","1877",false,false,"A2",,,,,,"2",,"fixed",,,,false,true,,,,,,,,"fixed-tonic one-tone exchange audit"
"audit:fixed:1845:1877","AUDITED_HAMMING2","scale:1845","scale:1877","1845","1877",false,false,"A2",,,,,,"2",,"fixed",,,,true,true,,,,,,,,"fixed-tonic one-tone exchange audit"
"audit:fixed:1863:1877","AUDITED_HAMMING2","scale:1863","scale:1877","1863","1877",false,false,"A2",,,,,,"2",,"fixed",,,,false,true,,,,,,,,"fixed-tonic one-tone exchange audit"
"audit:fixed:1869:1877","AUDITED_HAMMING2","scale:1869","scale:1877","1869","1877",false,false,"A2",,,,,,"2",,"fixed",,,,true,true,,,,,,,,"fixed-tonic one-tone exchange audit"
"audit:fixed:1875:1877","AUDITED_HAMMING2","scale:1875","scale:1877","1875","1877",false,false,"A2",,,,,,"2",,"fixed",,,,true,true,,,,,,,,"fixed-tonic one-tone exchange audit"
"audit:fixed:1877:1881","AUDITED_HAMMING2","scale:1877","scale:1881","1877","1881",false,false,"A2",,,,,,"2",,"fixed",,,,true,true,,,,,,,,"fixed-tonic one-tone exchange audit"
"audit:fixed:1877:1893","AUDITED_HAMMING2","scale:1877","scale:1893","1877","1893",false,false,"A2",,,,,,"2",,"fixed",,,,true,true,,,,,,,,"fixed-tonic one-tone exchange audit"
"audit:fixed:1877:1905","AUDITED_HAMMING2","scale:1877","scale:1905","1877","1905",false,false,"A2",,,,,,"2",,"fixed",,,,false,true,,,,,,,,"fixed-tonic one-tone exchange audit"
"audit:fixed:1877:1941","AUDITED_HAMMING2","scale:1877","scale:1941","1877","1941",false,false,"A2",,,,,,"2",,"fixed",,,,true,true,,,,,,,,"fixed-tonic one-tone exchange audit"
"audit:fixed:1877:1989","AUDITED_HAMMING2","scale:1877","scale:1989","1877","1989",false,false,"A2",,,,,,"2",,"fixed",,,,false,true,,,,,,,,"fixed-tonic one-tone exchange audit"
"audit:fixed:1877:2001","AUDITED_HAMMING2","scale:1877","scale:2001","1877","2001",false,false,"A2",,,,,,"2",,"fixed",,,,false,true,,,,,,,,"fixed-tonic one-tone exchange audit"
"audit:fixed:1877:2901","AUDITED_HAMMING2","scale:1877","scale:2901","1877","2901",false,false,"A1;A2",,,,,,"2",,"fixed",,,,true,true,,,,,,,,"fixed-tonic one-tone exchange audit"
"audit:fixed:1877:3413","AUDITED_HAMMING2","scale:1877","scale:3413","1877","3413",false,false,"A2",,,,,,"2",,"fixed",,,,false,true,,,,,,,,"fixed-tonic one-tone exchange audit"
"audit:fixed:1877:3669","AUDITED_HAMMING2","scale:1877","scale:3669","1877","3669",false,false,"A2",,,,,,"2",,"fixed",,,,false,true,,,,,,,,"fixed-tonic one-tone exchange audit"
"audit:fixed:1877:3861","AUDITED_HAMMING2","scale:1877","scale:3861","1877","3861",false,false,"A2",,,,,,"2",,"fixed",,,,false,true,,,,,,,,"fixed-tonic one-tone exchange audit"
"audit:fixed:1877:3909","AUDITED_HAMMING2","scale:1877","scale:3909","1877","3909",false,false,"A2",,,,,,"2",,"fixed",,,,false,true,,,,,,,,"fixed-tonic one-tone exchange audit"
"audit:fixed:1877:3921","AUDITED_HAMMING2","scale:1877","scale:3921","1877","3921",false,false,"A2",,,,,,"2",,"fixed",,,,false,true,,,,,,,,"fixed-tonic one-tone exchange audit"
"audit:fixed:2223:2731","AUDITED_HAMMING2","scale:2223","scale:2731","2223","2731",false,false,"A2",,,,,,"2",,"fixed",,,,false,true,,,,,,,,"fixed-tonic one-tone exchange audit"
"audit:fixed:2223:2733","AUDITED_HAMMING2","scale:2223","scale:2733","2223","2733",false,false,"A1",,,,,,"2",,"fixed",,,,false,true,,,,,,,,"fixed-tonic one-tone exchange audit"
"audit:fixed:2231:2741","AUDITED_HAMMING2","scale:2231","scale:2741","2231","2741",false,false,"A0",,,,,,"2",,"fixed",,,,false,true,,,,,,,,"fixed-tonic one-tone exchange audit"
"audit:fixed:2235:2731","AUDITED_HAMMING2","scale:2235","scale:2731","2235","2731",false,false,"A2",,,,,,"2",,"fixed",,,,false,true,,,,,,,,"fixed-tonic one-tone exchange audit"
"audit:fixed:2237:2733","AUDITED_HAMMING2","scale:2237","scale:2733","2237","2733",false,false,"A1",,,,,,"2",,"fixed",,,,false,true,,,,,,,,"fixed-tonic one-tone exchange audit"
"audit:fixed:2237:2741","AUDITED_HAMMING2","scale:2237","scale:2741","2237","2741",false,false,"A0",,,,,,"2",,"fixed",,,,false,true,,,,,,,,"fixed-tonic one-tone exchange audit"
"audit:fixed:2263:2773","AUDITED_HAMMING2","scale:2263","scale:2773","2263","2773",false,false,"A0",,,,,,"2",,"fixed",,,,false,true,,,,,,,,"fixed-tonic one-tone exchange audit"
"audit:fixed:2269:2773","AUDITED_HAMMING2","scale:2269","scale:2773","2269","2773",false,false,"A0",,,,,,"2",,"fixed",,,,false,true,,,,,,,,"fixed-tonic one-tone exchange audit"
"audit:fixed:2283:2731","AUDITED_HAMMING2","scale:2283","scale:2731","2283","2731",false,false,"A2",,,,,,"2",,"fixed",,,,false,true,,,,,,,,"fixed-tonic one-tone exchange audit"
"audit:fixed:2285:2733","AUDITED_HAMMING2","scale:2285","scale:2733","2285","2733",false,false,"A1",,,,,,"2",,"fixed",,,,false,true,,,,,,,,"fixed-tonic one-tone exchange audit"
"audit:fixed:2293:2741","AUDITED_HAMMING2","scale:2293","scale:2741","2293","2741",false,false,"A0",,,,,,"2",,"fixed",,,,false,true,,,,,,,,"fixed-tonic one-tone exchange audit"
"audit:fixed:2293:2773","AUDITED_HAMMING2","scale:2293","scale:2773","2293","2773",false,false,"A0",,,,,,"2",,"fixed",,,,false,true,,,,,,,,"fixed-tonic one-tone exchange audit"
"audit:fixed:2391:2901","AUDITED_HAMMING2","scale:2391","scale:2901","2391","2901",false,false,"A1",,,,,,"2",,"fixed",,,,false,true,,,,,,,,"fixed-tonic one-tone exchange audit"
"audit:fixed:2391:3413","AUDITED_HAMMING2","scale:2391","scale:3413","2391","3413",false,false,"A2",,,,,,"2",,"fixed",,,,false,true,,,,,,,,"fixed-tonic one-tone exchange audit"
"audit:fixed:2397:2901","AUDITED_HAMMING2","scale:2397","scale:2901","2397","2901",false,false,"A1",,,,,,"2",,"fixed",,,,false,true,,,,,,,,"fixed-tonic one-tone exchange audit"
"audit:fixed:2397:3413","AUDITED_HAMMING2","scale:2397","scale:3413","2397","3413",false,false,"A2",,,,,,"2",,"fixed",,,,false,true,,,,,,,,"fixed-tonic one-tone exchange audit"
"audit:fixed:2421:2901","AUDITED_HAMMING2","scale:2421","scale:2901","2421","2901",false,false,"A1",,,,,,"2",,"fixed",,,,false,true,,,,,,,,"fixed-tonic one-tone exchange audit"
"audit:fixed:2421:3413","AUDITED_HAMMING2","scale:2421","scale:3413","2421","3413",false,false,"A2",,,,,,"2",,"fixed",,,,false,true,,,,,,,,"fixed-tonic one-tone exchange audit"
"audit:fixed:2475:2731","AUDITED_HAMMING2","scale:2475","scale:2731","2475","2731",false,false,"A2",,,,,,"2",,"fixed",,,,true,true,,,,,,,,"fixed-tonic one-tone exchange audit"
"audit:fixed:2477:2733","AUDITED_HAMMING2","scale:2477","scale:2733","2477","2733",false,false,"A1",,,,,,"2",,"fixed",,,,true,true,,,,,,,,"fixed-tonic one-tone exchange audit"
"audit:fixed:2485:2741","AUDITED_HAMMING2","scale:2485","scale:2741","2485","2741",false,false,"A0",,,,,,"2",,"fixed",,,,true,true,,,,,,,,"fixed-tonic one-tone exchange audit"
"audit:fixed:2517:2773","AUDITED_HAMMING2","scale:2517","scale:2773","2517","2773",false,false,"A0",,,,,,"2",,"fixed",,,,true,true,,,,,,,,"fixed-tonic one-tone exchange audit"
"audit:fixed:2517:2901","AUDITED_HAMMING2","scale:2517","scale:2901","2517","2901",false,false,"A1",,,,,,"2",,"fixed",,,,false,true,,,,,,,,"fixed-tonic one-tone exchange audit"
"audit:fixed:2517:3413","AUDITED_HAMMING2","scale:2517","scale:3413","2517","3413",false,false,"A2",,,,,,"2",,"fixed",,,,false,true,,,,,,,,"fixed-tonic one-tone exchange audit"
"audit:fixed:2607:2731","AUDITED_HAMMING2","scale:2607","scale:2731","2607","2731",false,false,"A2",,,,,,"2",,"fixed",,,,false,true,,,,,,,,"fixed-tonic one-tone exchange audit"
"audit:fixed:2607:2733","AUDITED_HAMMING2","scale:2607","scale:2733","2607","2733",false,false,"A1",,,,,,"2",,"fixed",,,,false,true,,,,,,,,"fixed-tonic one-tone exchange audit"
"audit:fixed:2615:2741","AUDITED_HAMMING2","scale:2615","scale:2741","2615","2741",false,false,"A0",,,,,,"2",,"fixed",,,,false,true,,,,,,,,"fixed-tonic one-tone exchange audit"
"audit:fixed:2619:2731","AUDITED_HAMMING2","scale:2619","scale:2731","2619","2731",false,false,"A2",,,,,,"2",,"fixed",,,,false,true,,,,,,,,"fixed-tonic one-tone exchange audit"
"audit:fixed:2621:2733","AUDITED_HAMMING2","scale:2621","scale:2733","2621","2733",false,false,"A1",,,,,,"2",,"fixed",,,,false,true,,,,,,,,"fixed-tonic one-tone exchange audit"
"audit:fixed:2621:2741","AUDITED_HAMMING2","scale:2621","scale:2741","2621","2741",false,false,"A0",,,,,,"2",,"fixed",,,,false,true,,,,,,,,"fixed-tonic one-tone exchange audit"
"audit:fixed:2647:2773","AUDITED_HAMMING2","scale:2647","scale:2773","2647","2773",false,false,"A0",,,,,,"2",,"fixed",,,,false,true,,,,,,,,"fixed-tonic one-tone exchange audit"
"audit:fixed:2647:2901","AUDITED_HAMMING2","scale:2647","scale:2901","2647","2901",false,false,"A1",,,,,,"2",,"fixed",,,,false,true,,,,,,,,"fixed-tonic one-tone exchange audit"
"audit:fixed:2653:2773","AUDITED_HAMMING2","scale:2653","scale:2773","2653","2773",false,false,"A0",,,,,,"2",,"fixed",,,,false,true,,,,,,,,"fixed-tonic one-tone exchange audit"
"audit:fixed:2653:2901","AUDITED_HAMMING2","scale:2653","scale:2901","2653","2901",false,false,"A1",,,,,,"2",,"fixed",,,,false,true,,,,,,,,"fixed-tonic one-tone exchange audit"
"audit:fixed:2667:2731","AUDITED_HAMMING2","scale:2667","scale:2731","2667","2731",false,false,"A2",,,,,,"2",,"fixed",,,,true,true,,,,,,,,"fixed-tonic one-tone exchange audit"
"audit:fixed:2669:2733","AUDITED_HAMMING2","scale:2669","scale:2733","2669","2733",false,false,"A1",,,,,,"2",,"fixed",,,,true,true,,,,,,,,"fixed-tonic one-tone exchange audit"
"audit:fixed:2677:2741","AUDITED_HAMMING2","scale:2677","scale:2741","2677","2741",false,false,"A0",,,,,,"2",,"fixed",,,,true,true,,,,,,,,"fixed-tonic one-tone exchange audit"
"audit:fixed:2677:2773","AUDITED_HAMMING2","scale:2677","scale:2773","2677","2773",false,false,"A0",,,,,,"2",,"fixed",,,,false,true,,,,,,,,"fixed-tonic one-tone exchange audit"
"audit:fixed:2677:2901","AUDITED_HAMMING2","scale:2677","scale:2901","2677","2901",false,false,"A1",,,,,,"2",,"fixed",,,,false,true,,,,,,,,"fixed-tonic one-tone exchange audit"
"audit:fixed:2703:2731","AUDITED_HAMMING2","scale:2703","scale:2731","2703","2731",false,false,"A2",,,,,,"2",,"fixed",,,,false,true,,,,,,,,"fixed-tonic one-tone exchange audit"
"audit:fixed:2703:2733","AUDITED_HAMMING2","scale:2703","scale:2733","2703","2733",false,false,"A1",,,,,,"2",,"fixed",,,,false,true,,,,,,,,"fixed-tonic one-tone exchange audit"
"audit:fixed:2711:2741","AUDITED_HAMMING2","scale:2711","scale:2741","2711","2741",false,false,"A0",,,,,,"2",,"fixed",,,,false,true,,,,,,,,"fixed-tonic one-tone exchange audit"
"audit:fixed:2711:2773","AUDITED_HAMMING2","scale:2711","scale:2773","2711","2773",false,false,"A0",,,,,,"2",,"fixed",,,,false,true,,,,,,,,"fixed-tonic one-tone exchange audit"
"audit:fixed:2715:2731","AUDITED_HAMMING2","scale:2715","scale:2731","2715","2731",false,false,"A2",,,,,,"2",,"fixed",,,,true,true,,,,,,,,"fixed-tonic one-tone exchange audit"
"audit:fixed:2717:2733","AUDITED_HAMMING2","scale:2717","scale:2733","2717","2733",false,false,"A1",,,,,,"2",,"fixed",,,,true,true,,,,,,,,"fixed-tonic one-tone exchange audit"
"audit:fixed:2717:2741","AUDITED_HAMMING2","scale:2717","scale:2741","2717","2741",false,false,"A0",,,,,,"2",,"fixed",,,,false,true,,,,,,,,"fixed-tonic one-tone exchange audit"
"audit:fixed:2717:2773","AUDITED_HAMMING2","scale:2717","scale:2773","2717","2773",false,false,"A0",,,,,,"2",,"fixed",,,,false,true,,,,,,,,"fixed-tonic one-tone exchange audit"
"audit:fixed:2727:2731","AUDITED_HAMMING2","scale:2727","scale:2731","2727","2731",false,false,"A2",,,,,,"2",,"fixed",,,,true,true,,,,,,,,"fixed-tonic one-tone exchange audit"
"audit:fixed:2727:2733","AUDITED_HAMMING2","scale:2727","scale:2733","2727","2733",false,false,"A1",,,,,,"2",,"fixed",,,,false,true,,,,,,,,"fixed-tonic one-tone exchange audit"
"audit:fixed:2727:2741","AUDITED_HAMMING2","scale:2727","scale:2741","2727","2741",false,false,"A0",,,,,,"2",,"fixed",,,,false,true,,,,,,,,"fixed-tonic one-tone exchange audit"
"audit:fixed:2731:2733","AUDITED_HAMMING2","scale:2731","scale:2733","2731","2733",false,false,"A1;A2",,,,,,"2",,"fixed",,,,true,true,,,,,,,,"fixed-tonic one-tone exchange audit"
"audit:fixed:2731:2739","AUDITED_HAMMING2","scale:2731","scale:2739","2731","2739",false,false,"A2",,,,,,"2",,"fixed",,,,true,true,,,,,,,,"fixed-tonic one-tone exchange audit"
"audit:fixed:2731:2745","AUDITED_HAMMING2","scale:2731","scale:2745","2731","2745",false,false,"A2",,,,,,"2",,"fixed",,,,false,true,,,,,,,,"fixed-tonic one-tone exchange audit"
"audit:fixed:2731:2763","AUDITED_HAMMING2","scale:2731","scale:2763","2731","2763",false,false,"A2",,,,,,"2",,"fixed",,,,true,true,,,,,,,,"fixed-tonic one-tone exchange audit"
"audit:fixed:2731:2787","AUDITED_HAMMING2","scale:2731","scale:2787","2731","2787",false,false,"A2",,,,,,"2",,"fixed",,,,false,true,,,,,,,,"fixed-tonic one-tone exchange audit"
"audit:fixed:2731:2793","AUDITED_HAMMING2","scale:2731","scale:2793","2731","2793",false,false,"A2",,,,,,"2",,"fixed",,,,false,true,,,,,,,,"fixed-tonic one-tone exchange audit"
"audit:fixed:2731:2859","AUDITED_HAMMING2","scale:2731","scale:2859","2731","2859",false,false,"A2",,,,,,"2",,"fixed",,,,true,true,,,,,,,,"fixed-tonic one-tone exchange audit"
"audit:fixed:2731:2955","AUDITED_HAMMING2","scale:2731","scale:2955","2731","2955",false,false,"A2",,,,,,"2",,"fixed",,,,false,true,,,,,,,,"fixed-tonic one-tone exchange audit"
"audit:fixed:2731:2979","AUDITED_HAMMING2","scale:2731","scale:2979","2731","2979",false,false,"A2",,,,,,"2",,"fixed",,,,false,true,,,,,,,,"fixed-tonic one-tone exchange audit"
"audit:fixed:2731:2985","AUDITED_HAMMING2","scale:2731","scale:2985","2731","2985",false,false,"A2",,,,,,"2",,"fixed",,,,false,true,,,,,,,,"fixed-tonic one-tone exchange audit"
"audit:fixed:2731:3243","AUDITED_HAMMING2","scale:2731","scale:3243","2731","3243",false,false,"A2",,,,,,"2",,"fixed",,,,true,true,,,,,,,,"fixed-tonic one-tone exchange audit"
"audit:fixed:2731:3627","AUDITED_HAMMING2","scale:2731","scale:3627","2731","3627",false,false,"A2",,,,,,"2",,"fixed",,,,false,true,,,,,,,,"fixed-tonic one-tone exchange audit"
"audit:fixed:2731:3723","AUDITED_HAMMING2","scale:2731","scale:3723","2731","3723",false,false,"A2",,,,,,"2",,"fixed",,,,false,true,,,,,,,,"fixed-tonic one-tone exchange audit"
"audit:fixed:2731:3747","AUDITED_HAMMING2","scale:2731","scale:3747","2731","3747",false,false,"A2",,,,,,"2",,"fixed",,,,false,true,,,,,,,,"fixed-tonic one-tone exchange audit"
"audit:fixed:2731:3753","AUDITED_HAMMING2","scale:2731","scale:3753","2731","3753",false,false,"A2",,,,,,"2",,"fixed",,,,false,true,,,,,,,,"fixed-tonic one-tone exchange audit"
"audit:fixed:2733:2741","AUDITED_HAMMING2","scale:2733","scale:2741","2733","2741",false,false,"A0;A1",,,,,,"2",,"fixed",,,,true,true,,,,,,,,"fixed-tonic one-tone exchange audit"
"audit:fixed:2733:2745","AUDITED_HAMMING2","scale:2733","scale:2745","2733","2745",false,false,"A1",,,,,,"2",,"fixed",,,,false,true,,,,,,,,"fixed-tonic one-tone exchange audit"
"audit:fixed:2733:2765","AUDITED_HAMMING2","scale:2733","scale:2765","2733","2765",false,false,"A1",,,,,,"2",,"fixed",,,,true,true,,,,,,,,"fixed-tonic one-tone exchange audit"
"audit:fixed:2733:2789","AUDITED_HAMMING2","scale:2733","scale:2789","2733","2789",false,false,"A1",,,,,,"2",,"fixed",,,,false,true,,,,,,,,"fixed-tonic one-tone exchange audit"
"audit:fixed:2733:2793","AUDITED_HAMMING2","scale:2733","scale:2793","2733","2793",false,false,"A1",,,,,,"2",,"fixed",,,,false,true,,,,,,,,"fixed-tonic one-tone exchange audit"
"audit:fixed:2733:2861","AUDITED_HAMMING2","scale:2733","scale:2861","2733","2861",false,false,"A1",,,,,,"2",,"fixed",,,,true,true,,,,,,,,"fixed-tonic one-tone exchange audit"
"audit:fixed:2733:2957","AUDITED_HAMMING2","scale:2733","scale:2957","2733","2957",false,false,"A1",,,,,,"2",,"fixed",,,,false,true,,,,,,,,"fixed-tonic one-tone exchange audit"
"audit:fixed:2733:2981","AUDITED_HAMMING2","scale:2733","scale:2981","2733","2981",false,false,"A1",,,,,,"2",,"fixed",,,,false,true,,,,,,,,"fixed-tonic one-tone exchange audit"
"audit:fixed:2733:2985","AUDITED_HAMMING2","scale:2733","scale:2985","2733","2985",false,false,"A1",,,,,,"2",,"fixed",,,,false,true,,,,,,,,"fixed-tonic one-tone exchange audit"
"audit:fixed:2733:3245","AUDITED_HAMMING2","scale:2733","scale:3245","2733","3245",false,false,"A1",,,,,,"2",,"fixed",,,,true,true,,,,,,,,"fixed-tonic one-tone exchange audit"
"audit:fixed:2733:3629","AUDITED_HAMMING2","scale:2733","scale:3629","2733","3629",false,false,"A1",,,,,,"2",,"fixed",,,,false,true,,,,,,,,"fixed-tonic one-tone exchange audit"
"audit:fixed:2733:3725","AUDITED_HAMMING2","scale:2733","scale:3725","2733","3725",false,false,"A1",,,,,,"2",,"fixed",,,,false,true,,,,,,,,"fixed-tonic one-tone exchange audit"
"audit:fixed:2733:3749","AUDITED_HAMMING2","scale:2733","scale:3749","2733","3749",false,false,"A1",,,,,,"2",,"fixed",,,,false,true,,,,,,,,"fixed-tonic one-tone exchange audit"
"audit:fixed:2733:3753","AUDITED_HAMMING2","scale:2733","scale:3753","2733","3753",false,false,"A1",,,,,,"2",,"fixed",,,,false,true,,,,,,,,"fixed-tonic one-tone exchange audit"
"audit:fixed:2739:2741","AUDITED_HAMMING2","scale:2739","scale:2741","2739","2741",false,false,"A0",,,,,,"2",,"fixed",,,,true,true,,,,,,,,"fixed-tonic one-tone exchange audit"
"audit:fixed:2741:2745","AUDITED_HAMMING2","scale:2741","scale:2745","2741","2745",false,false,"A0",,,,,,"2",,"fixed",,,,true,true,,,,,,,,"fixed-tonic one-tone exchange audit"
"audit:fixed:2741:2773","AUDITED_HAMMING2","scale:2741","scale:2773","2741","2773",false,false,"A0",,,,,,"2",,"fixed",,,,true,true,,,,,,,,"fixed-tonic one-tone exchange audit"
"audit:fixed:2741:2789","AUDITED_HAMMING2","scale:2741","scale:2789","2741","2789",false,false,"A0",,,,,,"2",,"fixed",,,,false,true,,,,,,,,"fixed-tonic one-tone exchange audit"
"audit:fixed:2741:2801","AUDITED_HAMMING2","scale:2741","scale:2801","2741","2801",false,false,"A0",,,,,,"2",,"fixed",,,,false,true,,,,,,,,"fixed-tonic one-tone exchange audit"
"audit:fixed:2741:2869","AUDITED_HAMMING2","scale:2741","scale:2869","2741","2869",false,false,"A0",,,,,,"2",,"fixed",,,,true,true,,,,,,,,"fixed-tonic one-tone exchange audit"
"audit:fixed:2741:2965","AUDITED_HAMMING2","scale:2741","scale:2965","2741","2965",false,false,"A0",,,,,,"2",,"fixed",,,,false,true,,,,,,,,"fixed-tonic one-tone exchange audit"
"audit:fixed:2741:2981","AUDITED_HAMMING2","scale:2741","scale:2981","2741","2981",false,false,"A0",,,,,,"2",,"fixed",,,,false,true,,,,,,,,"fixed-tonic one-tone exchange audit"
"audit:fixed:2741:2993","AUDITED_HAMMING2","scale:2741","scale:2993","2741","2993",false,false,"A0",,,,,,"2",,"fixed",,,,false,true,,,,,,,,"fixed-tonic one-tone exchange audit"
"audit:fixed:2741:3253","AUDITED_HAMMING2","scale:2741","scale:3253","2741","3253",false,false,"A0",,,,,,"2",,"fixed",,,,true,true,,,,,,,,"fixed-tonic one-tone exchange audit"
"audit:fixed:2741:3637","AUDITED_HAMMING2","scale:2741","scale:3637","2741","3637",false,false,"A0",,,,,,"2",,"fixed",,,,false,true,,,,,,,,"fixed-tonic one-tone exchange audit"
"audit:fixed:2741:3733","AUDITED_HAMMING2","scale:2741","scale:3733","2741","3733",false,false,"A0",,,,,,"2",,"fixed",,,,false,true,,,,,,,,"fixed-tonic one-tone exchange audit"
"audit:fixed:2741:3749","AUDITED_HAMMING2","scale:2741","scale:3749","2741","3749",false,false,"A0",,,,,,"2",,"fixed",,,,false,true,,,,,,,,"fixed-tonic one-tone exchange audit"
"audit:fixed:2741:3761","AUDITED_HAMMING2","scale:2741","scale:3761","2741","3761",false,false,"A0",,,,,,"2",,"fixed",,,,false,true,,,,,,,,"fixed-tonic one-tone exchange audit"
"audit:fixed:2759:2773","AUDITED_HAMMING2","scale:2759","scale:2773","2759","2773",false,false,"A0",,,,,,"2",,"fixed",,,,false,true,,,,,,,,"fixed-tonic one-tone exchange audit"
"audit:fixed:2765:2773","AUDITED_HAMMING2","scale:2765","scale:2773","2765","2773",false,false,"A0",,,,,,"2",,"fixed",,,,true,true,,,,,,,,"fixed-tonic one-tone exchange audit"
"audit:fixed:2771:2773","AUDITED_HAMMING2","scale:2771","scale:2773","2771","2773",false,false,"A0",,,,,,"2",,"fixed",,,,true,true,,,,,,,,"fixed-tonic one-tone exchange audit"
"audit:fixed:2773:2777","AUDITED_HAMMING2","scale:2773","scale:2777","2773","2777",false,false,"A0",,,,,,"2",,"fixed",,,,true,true,,,,,,,,"fixed-tonic one-tone exchange audit"
"audit:fixed:2773:2789","AUDITED_HAMMING2","scale:2773","scale:2789","2773","2789",false,false,"A0",,,,,,"2",,"fixed",,,,true,true,,,,,,,,"fixed-tonic one-tone exchange audit"
"audit:fixed:2773:2801","AUDITED_HAMMING2","scale:2773","scale:2801","2773","2801",false,false,"A0",,,,,,"2",,"fixed",,,,false,true,,,,,,,,"fixed-tonic one-tone exchange audit"
"audit:fixed:2773:2901","AUDITED_HAMMING2","scale:2773","scale:2901","2773","2901",false,false,"A0;A1",,,,,,"2",,"fixed",,,,true,true,,,,,,,,"fixed-tonic one-tone exchange audit"
"audit:fixed:2773:2965","AUDITED_HAMMING2","scale:2773","scale:2965","2773","2965",false,false,"A0",,,,,,"2",,"fixed",,,,false,true,,,,,,,,"fixed-tonic one-tone exchange audit"
"audit:fixed:2773:3013","AUDITED_HAMMING2","scale:2773","scale:3013","2773","3013",false,false,"A0",,,,,,"2",,"fixed",,,,false,true,,,,,,,,"fixed-tonic one-tone exchange audit"
"audit:fixed:2773:3025","AUDITED_HAMMING2","scale:2773","scale:3025","2773","3025",false,false,"A0",,,,,,"2",,"fixed",,,,false,true,,,,,,,,"fixed-tonic one-tone exchange audit"
"audit:fixed:2773:3285","AUDITED_HAMMING2","scale:2773","scale:3285","2773","3285",false,false,"A0",,,,,,"2",,"fixed",,,,true,true,,,,,,,,"fixed-tonic one-tone exchange audit"
"audit:fixed:2773:3669","AUDITED_HAMMING2","scale:2773","scale:3669","2773","3669",false,false,"A0",,,,,,"2",,"fixed",,,,false,true,,,,,,,,"fixed-tonic one-tone exchange audit"
"audit:fixed:2773:3733","AUDITED_HAMMING2","scale:2773","scale:3733","2773","3733",false,false,"A0",,,,,,"2",,"fixed",,,,false,true,,,,,,,,"fixed-tonic one-tone exchange audit"
"audit:fixed:2773:3781","AUDITED_HAMMING2","scale:2773","scale:3781","2773","3781",false,false,"A0",,,,,,"2",,"fixed",,,,false,true,,,,,,,,"fixed-tonic one-tone exchange audit"
"audit:fixed:2773:3793","AUDITED_HAMMING2","scale:2773","scale:3793","2773","3793",false,false,"A0",,,,,,"2",,"fixed",,,,false,true,,,,,,,,"fixed-tonic one-tone exchange audit"
"audit:fixed:2839:2901","AUDITED_HAMMING2","scale:2839","scale:2901","2839","2901",false,false,"A1",,,,,,"2",,"fixed",,,,false,true,,,,,,,,"fixed-tonic one-tone exchange audit"
"audit:fixed:2845:2901","AUDITED_HAMMING2","scale:2845","scale:2901","2845","2901",false,false,"A1",,,,,,"2",,"fixed",,,,false,true,,,,,,,,"fixed-tonic one-tone exchange audit"
"audit:fixed:2869:2901","AUDITED_HAMMING2","scale:2869","scale:2901","2869","2901",false,false,"A1",,,,,,"2",,"fixed",,,,true,true,,,,,,,,"fixed-tonic one-tone exchange audit"
"audit:fixed:2887:2901","AUDITED_HAMMING2","scale:2887","scale:2901","2887","2901",false,false,"A1",,,,,,"2",,"fixed",,,,false,true,,,,,,,,"fixed-tonic one-tone exchange audit"
"audit:fixed:2893:2901","AUDITED_HAMMING2","scale:2893","scale:2901","2893","2901",false,false,"A1",,,,,,"2",,"fixed",,,,true,true,,,,,,,,"fixed-tonic one-tone exchange audit"
"audit:fixed:2899:2901","AUDITED_HAMMING2","scale:2899","scale:2901","2899","2901",false,false,"A1",,,,,,"2",,"fixed",,,,true,true,,,,,,,,"fixed-tonic one-tone exchange audit"
"audit:fixed:2901:2905","AUDITED_HAMMING2","scale:2901","scale:2905","2901","2905",false,false,"A1",,,,,,"2",,"fixed",,,,true,true,,,,,,,,"fixed-tonic one-tone exchange audit"
"audit:fixed:2901:2917","AUDITED_HAMMING2","scale:2901","scale:2917","2901","2917",false,false,"A1",,,,,,"2",,"fixed",,,,true,true,,,,,,,,"fixed-tonic one-tone exchange audit"
"audit:fixed:2901:2929","AUDITED_HAMMING2","scale:2901","scale:2929","2901","2929",false,false,"A1",,,,,,"2",,"fixed",,,,false,true,,,,,,,,"fixed-tonic one-tone exchange audit"
"audit:fixed:2901:2965","AUDITED_HAMMING2","scale:2901","scale:2965","2901","2965",false,false,"A1",,,,,,"2",,"fixed",,,,true,true,,,,,,,,"fixed-tonic one-tone exchange audit"
"audit:fixed:2901:3013","AUDITED_HAMMING2","scale:2901","scale:3013","2901","3013",false,false,"A1",,,,,,"2",,"fixed",,,,false,true,,,,,,,,"fixed-tonic one-tone exchange audit"
"audit:fixed:2901:3025","AUDITED_HAMMING2","scale:2901","scale:3025","2901","3025",false,false,"A1",,,,,,"2",,"fixed",,,,false,true,,,,,,,,"fixed-tonic one-tone exchange audit"
"audit:fixed:2901:3413","AUDITED_HAMMING2","scale:2901","scale:3413","2901","3413",false,false,"A1;A2",,,,,,"2",,"fixed",,,,true,true,,,,,,,,"fixed-tonic one-tone exchange audit"
"audit:fixed:2901:3669","AUDITED_HAMMING2","scale:2901","scale:3669","2901","3669",false,false,"A1",,,,,,"2",,"fixed",,,,false,true,,,,,,,,"fixed-tonic one-tone exchange audit"
"audit:fixed:2901:3861","AUDITED_HAMMING2","scale:2901","scale:3861","2901","3861",false,false,"A1",,,,,,"2",,"fixed",,,,false,true,,,,,,,,"fixed-tonic one-tone exchange audit"
"audit:fixed:2901:3909","AUDITED_HAMMING2","scale:2901","scale:3909","2901","3909",false,false,"A1",,,,,,"2",,"fixed",,,,false,true,,,,,,,,"fixed-tonic one-tone exchange audit"
"audit:fixed:2901:3921","AUDITED_HAMMING2","scale:2901","scale:3921","2901","3921",false,false,"A1",,,,,,"2",,"fixed",,,,false,true,,,,,,,,"fixed-tonic one-tone exchange audit"
"audit:fixed:3159:3413","AUDITED_HAMMING2","scale:3159","scale:3413","3159","3413",false,false,"A2",,,,,,"2",,"fixed",,,,false,true,,,,,,,,"fixed-tonic one-tone exchange audit"
"audit:fixed:3165:3413","AUDITED_HAMMING2","scale:3165","scale:3413","3165","3413",false,false,"A2",,,,,,"2",,"fixed",,,,false,true,,,,,,,,"fixed-tonic one-tone exchange audit"
"audit:fixed:3189:3413","AUDITED_HAMMING2","scale:3189","scale:3413","3189","3413",false,false,"A2",,,,,,"2",,"fixed",,,,false,true,,,,,,,,"fixed-tonic one-tone exchange audit"
"audit:fixed:3285:3413","AUDITED_HAMMING2","scale:3285","scale:3413","3285","3413",false,false,"A2",,,,,,"2",,"fixed",,,,true,true,,,,,,,,"fixed-tonic one-tone exchange audit"
"audit:fixed:3351:3413","AUDITED_HAMMING2","scale:3351","scale:3413","3351","3413",false,false,"A2",,,,,,"2",,"fixed",,,,false,true,,,,,,,,"fixed-tonic one-tone exchange audit"
"audit:fixed:3357:3413","AUDITED_HAMMING2","scale:3357","scale:3413","3357","3413",false,false,"A2",,,,,,"2",,"fixed",,,,false,true,,,,,,,,"fixed-tonic one-tone exchange audit"
"audit:fixed:3381:3413","AUDITED_HAMMING2","scale:3381","scale:3413","3381","3413",false,false,"A2",,,,,,"2",,"fixed",,,,true,true,,,,,,,,"fixed-tonic one-tone exchange audit"
"audit:fixed:3399:3413","AUDITED_HAMMING2","scale:3399","scale:3413","3399","3413",false,false,"A2",,,,,,"2",,"fixed",,,,false,true,,,,,,,,"fixed-tonic one-tone exchange audit"
"audit:fixed:3405:3413","AUDITED_HAMMING2","scale:3405","scale:3413","3405","3413",false,false,"A2",,,,,,"2",,"fixed",,,,true,true,,,,,,,,"fixed-tonic one-tone exchange audit"
"audit:fixed:3411:3413","AUDITED_HAMMING2","scale:3411","scale:3413","3411","3413",false,false,"A2",,,,,,"2",,"fixed",,,,true,true,,,,,,,,"fixed-tonic one-tone exchange audit"
"audit:fixed:3413:3417","AUDITED_HAMMING2","scale:3413","scale:3417","3413","3417",false,false,"A2",,,,,,"2",,"fixed",,,,true,true,,,,,,,,"fixed-tonic one-tone exchange audit"
"audit:fixed:3413:3429","AUDITED_HAMMING2","scale:3413","scale:3429","3413","3429",false,false,"A2",,,,,,"2",,"fixed",,,,true,true,,,,,,,,"fixed-tonic one-tone exchange audit"
"audit:fixed:3413:3441","AUDITED_HAMMING2","scale:3413","scale:3441","3413","3441",false,false,"A2",,,,,,"2",,"fixed",,,,false,true,,,,,,,,"fixed-tonic one-tone exchange audit"
"audit:fixed:3413:3477","AUDITED_HAMMING2","scale:3413","scale:3477","3413","3477",false,false,"A2",,,,,,"2",,"fixed",,,,true,true,,,,,,,,"fixed-tonic one-tone exchange audit"
"audit:fixed:3413:3525","AUDITED_HAMMING2","scale:3413","scale:3525","3413","3525",false,false,"A2",,,,,,"2",,"fixed",,,,false,true,,,,,,,,"fixed-tonic one-tone exchange audit"
"audit:fixed:3413:3537","AUDITED_HAMMING2","scale:3413","scale:3537","3413","3537",false,false,"A2",,,,,,"2",,"fixed",,,,false,true,,,,,,,,"fixed-tonic one-tone exchange audit"
"audit:fixed:3413:3669","AUDITED_HAMMING2","scale:3413","scale:3669","3413","3669",false,false,"A2",,,,,,"2",,"fixed",,,,true,true,,,,,,,,"fixed-tonic one-tone exchange audit"
"audit:fixed:3413:3861","AUDITED_HAMMING2","scale:3413","scale:3861","3413","3861",false,false,"A2",,,,,,"2",,"fixed",,,,false,true,,,,,,,,"fixed-tonic one-tone exchange audit"
"audit:fixed:3413:3909","AUDITED_HAMMING2","scale:3413","scale:3909","3413","3909",false,false,"A2",,,,,,"2",,"fixed",,,,false,true,,,,,,,,"fixed-tonic one-tone exchange audit"
"audit:fixed:3413:3921","AUDITED_HAMMING2","scale:3413","scale:3921","3413","3921",false,false,"A2",,,,,,"2",,"fixed",,,,false,true,,,,,,,,"fixed-tonic one-tone exchange audit"
"audit:fixed:351:1367","AUDITED_HAMMING2","scale:351","scale:1367","351","1367",false,false,"A2",,,,,,"2",,"fixed",,,,false,true,,,,,,,,"fixed-tonic one-tone exchange audit"
"audit:fixed:351:1371","AUDITED_HAMMING2","scale:351","scale:1371","351","1371",false,false,"A1",,,,,,"2",,"fixed",,,,false,true,,,,,,,,"fixed-tonic one-tone exchange audit"
"audit:fixed:351:1373","AUDITED_HAMMING2","scale:351","scale:1373","351","1373",false,false,"A2",,,,,,"2",,"fixed",,,,false,true,,,,,,,,"fixed-tonic one-tone exchange audit"
"audit:fixed:367:1387","AUDITED_HAMMING2","scale:367","scale:1387","367","1387",false,false,"A0",,,,,,"2",,"fixed",,,,false,true,,,,,,,,"fixed-tonic one-tone exchange audit"
"audit:fixed:367:1389","AUDITED_HAMMING2","scale:367","scale:1389","367","1389",false,false,"A1",,,,,,"2",,"fixed",,,,false,true,,,,,,,,"fixed-tonic one-tone exchange audit"
"audit:fixed:375:1367","AUDITED_HAMMING2","scale:375","scale:1367","375","1367",false,false,"A2",,,,,,"2",,"fixed",,,,false,true,,,,,,,,"fixed-tonic one-tone exchange audit"
"audit:fixed:375:1397","AUDITED_HAMMING2","scale:375","scale:1397","375","1397",false,false,"A2",,,,,,"2",,"fixed",,,,false,true,,,,,,,,"fixed-tonic one-tone exchange audit"
"audit:fixed:379:1371","AUDITED_HAMMING2","scale:379","scale:1371","379","1371",false,false,"A1",,,,,,"2",,"fixed",,,,false,true,,,,,,,,"fixed-tonic one-tone exchange audit"
"audit:fixed:379:1387","AUDITED_HAMMING2","scale:379","scale:1387","379","1387",false,false,"A0",,,,,,"2",,"fixed",,,,false,true,,,,,,,,"fixed-tonic one-tone exchange audit"
"audit:fixed:381:1373","AUDITED_HAMMING2","scale:381","scale:1373","381","1373",false,false,"A2",,,,,,"2",,"fixed",,,,false,true,,,,,,,,"fixed-tonic one-tone exchange audit"
"audit:fixed:381:1389","AUDITED_HAMMING2","scale:381","scale:1389","381","1389",false,false,"A1",,,,,,"2",,"fixed",,,,false,true,,,,,,,,"fixed-tonic one-tone exchange audit"
"audit:fixed:381:1397","AUDITED_HAMMING2","scale:381","scale:1397","381","1397",false,false,"A2",,,,,,"2",,"fixed",,,,false,true,,,,,,,,"fixed-tonic one-tone exchange audit"
"audit:fixed:431:1451","AUDITED_HAMMING2","scale:431","scale:1451","431","1451",false,false,"A0",,,,,,"2",,"fixed",,,,false,true,,,,,,,,"fixed-tonic one-tone exchange audit"
"audit:fixed:431:1453","AUDITED_HAMMING2","scale:431","scale:1453","431","1453",false,false,"A0",,,,,,"2",,"fixed",,,,false,true,,,,,,,,"fixed-tonic one-tone exchange audit"
"audit:fixed:439:1461","AUDITED_HAMMING2","scale:439","scale:1461","439","1461",false,false,"A1",,,,,,"2",,"fixed",,,,false,true,,,,,,,,"fixed-tonic one-tone exchange audit"
"audit:fixed:443:1451","AUDITED_HAMMING2","scale:443","scale:1451","443","1451",false,false,"A0",,,,,,"2",,"fixed",,,,false,true,,,,,,,,"fixed-tonic one-tone exchange audit"
"audit:fixed:445:1453","AUDITED_HAMMING2","scale:445","scale:1453","445","1453",false,false,"A0",,,,,,"2",,"fixed",,,,false,true,,,,,,,,"fixed-tonic one-tone exchange audit"
"audit:fixed:445:1461","AUDITED_HAMMING2","scale:445","scale:1461","445","1461",false,false,"A1",,,,,,"2",,"fixed",,,,false,true,,,,,,,,"fixed-tonic one-tone exchange audit"
"audit:fixed:471:1367","AUDITED_HAMMING2","scale:471","scale:1367","471","1367",false,false,"A2",,,,,,"2",,"fixed",,,,false,true,,,,,,,,"fixed-tonic one-tone exchange audit"
"audit:fixed:471:1493","AUDITED_HAMMING2","scale:471","scale:1493","471","1493",false,false,"A2",,,,,,"2",,"fixed",,,,false,true,,,,,,,,"fixed-tonic one-tone exchange audit"
"audit:fixed:475:1371","AUDITED_HAMMING2","scale:475","scale:1371","475","1371",false,false,"A1",,,,,,"2",,"fixed",,,,false,true,,,,,,,,"fixed-tonic one-tone exchange audit"
"audit:fixed:477:1373","AUDITED_HAMMING2","scale:477","scale:1373","477","1373",false,false,"A2",,,,,,"2",,"fixed",,,,false,true,,,,,,,,"fixed-tonic one-tone exchange audit"
"audit:fixed:477:1493","AUDITED_HAMMING2","scale:477","scale:1493","477","1493",false,false,"A2",,,,,,"2",,"fixed",,,,false,true,,,,,,,,"fixed-tonic one-tone exchange audit"
"audit:fixed:491:1387","AUDITED_HAMMING2","scale:491","scale:1387","491","1387",false,false,"A0",,,,,,"2",,"fixed",,,,false,true,,,,,,,,"fixed-tonic one-tone exchange audit"
"audit:fixed:491:1451","AUDITED_HAMMING2","scale:491","scale:1451","491","1451",false,false,"A0",,,,,,"2",,"fixed",,,,false,true,,,,,,,,"fixed-tonic one-tone exchange audit"
"audit:fixed:493:1389","AUDITED_HAMMING2","scale:493","scale:1389","493","1389",false,false,"A1",,,,,,"2",,"fixed",,,,false,true,,,,,,,,"fixed-tonic one-tone exchange audit"
"audit:fixed:493:1453","AUDITED_HAMMING2","scale:493","scale:1453","493","1453",false,false,"A0",,,,,,"2",,"fixed",,,,false,true,,,,,,,,"fixed-tonic one-tone exchange audit"
"audit:fixed:501:1397","AUDITED_HAMMING2","scale:501","scale:1397","501","1397",false,false,"A2",,,,,,"2",,"fixed",,,,false,true,,,,,,,,"fixed-tonic one-tone exchange audit"
"audit:fixed:501:1461","AUDITED_HAMMING2","scale:501","scale:1461","501","1461",false,false,"A1",,,,,,"2",,"fixed",,,,false,true,,,,,,,,"fixed-tonic one-tone exchange audit"
"audit:fixed:501:1493","AUDITED_HAMMING2","scale:501","scale:1493","501","1493",false,false,"A2",,,,,,"2",,"fixed",,,,false,true,,,,,,,,"fixed-tonic one-tone exchange audit"
"audit:fixed:687:1707","AUDITED_HAMMING2","scale:687","scale:1707","687","1707",false,false,"A1",,,,,,"2",,"fixed",,,,false,true,,,,,,,,"fixed-tonic one-tone exchange audit"
"audit:fixed:687:1709","AUDITED_HAMMING2","scale:687","scale:1709","687","1709",false,false,"A0",,,,,,"2",,"fixed",,,,false,true,,,,,,,,"fixed-tonic one-tone exchange audit"
"audit:fixed:687:2731","AUDITED_HAMMING2","scale:687","scale:2731","687","2731",false,false,"A2",,,,,,"2",,"fixed",,,,false,true,,,,,,,,"fixed-tonic one-tone exchange audit"
"audit:fixed:687:2733","AUDITED_HAMMING2","scale:687","scale:2733","687","2733",false,false,"A1",,,,,,"2",,"fixed",,,,false,true,,,,,,,,"fixed-tonic one-tone exchange audit"
"audit:fixed:695:1717","AUDITED_HAMMING2","scale:695","scale:1717","695","1717",false,false,"A0",,,,,,"2",,"fixed",,,,false,true,,,,,,,,"fixed-tonic one-tone exchange audit"
"audit:fixed:695:2741","AUDITED_HAMMING2","scale:695","scale:2741","695","2741",false,false,"A0",,,,,,"2",,"fixed",,,,false,true,,,,,,,,"fixed-tonic one-tone exchange audit"
"audit:fixed:699:1707","AUDITED_HAMMING2","scale:699","scale:1707","699","1707",false,false,"A1",,,,,,"2",,"fixed",,,,false,true,,,,,,,,"fixed-tonic one-tone exchange audit"
"audit:fixed:699:2731","AUDITED_HAMMING2","scale:699","scale:2731","699","2731",false,false,"A2",,,,,,"2",,"fixed",,,,false,true,,,,,,,,"fixed-tonic one-tone exchange audit"
"audit:fixed:701:1709","AUDITED_HAMMING2","scale:701","scale:1709","701","1709",false,false,"A0",,,,,,"2",,"fixed",,,,false,true,,,,,,,,"fixed-tonic one-tone exchange audit"
"audit:fixed:701:1717","AUDITED_HAMMING2","scale:701","scale:1717","701","1717",false,false,"A0",,,,,,"2",,"fixed",,,,false,true,,,,,,,,"fixed-tonic one-tone exchange audit"
"audit:fixed:701:2733","AUDITED_HAMMING2","scale:701","scale:2733","701","2733",false,false,"A1",,,,,,"2",,"fixed",,,,false,true,,,,,,,,"fixed-tonic one-tone exchange audit"
"audit:fixed:701:2741","AUDITED_HAMMING2","scale:701","scale:2741","701","2741",false,false,"A0",,,,,,"2",,"fixed",,,,false,true,,,,,,,,"fixed-tonic one-tone exchange audit"
"audit:fixed:727:1749","AUDITED_HAMMING2","scale:727","scale:1749","727","1749",false,false,"A1",,,,,,"2",,"fixed",,,,false,true,,,,,,,,"fixed-tonic one-tone exchange audit"
"audit:fixed:727:2773","AUDITED_HAMMING2","scale:727","scale:2773","727","2773",false,false,"A0",,,,,,"2",,"fixed",,,,false,true,,,,,,,,"fixed-tonic one-tone exchange audit"
"audit:fixed:733:1749","AUDITED_HAMMING2","scale:733","scale:1749","733","1749",false,false,"A1",,,,,,"2",,"fixed",,,,false,true,,,,,,,,"fixed-tonic one-tone exchange audit"
"audit:fixed:733:2773","AUDITED_HAMMING2","scale:733","scale:2773","733","2773",false,false,"A0",,,,,,"2",,"fixed",,,,false,true,,,,,,,,"fixed-tonic one-tone exchange audit"
"audit:fixed:747:1707","AUDITED_HAMMING2","scale:747","scale:1707","747","1707",false,false,"A1",,,,,,"2",,"fixed",,,,false,true,,,,,,,,"fixed-tonic one-tone exchange audit"
"audit:fixed:747:2731","AUDITED_HAMMING2","scale:747","scale:2731","747","2731",false,false,"A2",,,,,,"2",,"fixed",,,,false,true,,,,,,,,"fixed-tonic one-tone exchange audit"
"audit:fixed:749:1709","AUDITED_HAMMING2","scale:749","scale:1709","749","1709",false,false,"A0",,,,,,"2",,"fixed",,,,false,true,,,,,,,,"fixed-tonic one-tone exchange audit"
"audit:fixed:749:2733","AUDITED_HAMMING2","scale:749","scale:2733","749","2733",false,false,"A1",,,,,,"2",,"fixed",,,,false,true,,,,,,,,"fixed-tonic one-tone exchange audit"
"audit:fixed:757:1717","AUDITED_HAMMING2","scale:757","scale:1717","757","1717",false,false,"A0",,,,,,"2",,"fixed",,,,false,true,,,,,,,,"fixed-tonic one-tone exchange audit"
"audit:fixed:757:1749","AUDITED_HAMMING2","scale:757","scale:1749","757","1749",false,false,"A1",,,,,,"2",,"fixed",,,,false,true,,,,,,,,"fixed-tonic one-tone exchange audit"
"audit:fixed:757:2741","AUDITED_HAMMING2","scale:757","scale:2741","757","2741",false,false,"A0",,,,,,"2",,"fixed",,,,false,true,,,,,,,,"fixed-tonic one-tone exchange audit"
"audit:fixed:757:2773","AUDITED_HAMMING2","scale:757","scale:2773","757","2773",false,false,"A0",,,,,,"2",,"fixed",,,,false,true,,,,,,,,"fixed-tonic one-tone exchange audit"
"audit:fixed:855:1367","AUDITED_HAMMING2","scale:855","scale:1367","855","1367",false,false,"A2",,,,,,"2",,"fixed",,,,true,true,,,,,,,,"fixed-tonic one-tone exchange audit"
"audit:fixed:855:1877","AUDITED_HAMMING2","scale:855","scale:1877","855","1877",false,false,"A2",,,,,,"2",,"fixed",,,,false,true,,,,,,,,"fixed-tonic one-tone exchange audit"
"audit:fixed:855:2901","AUDITED_HAMMING2","scale:855","scale:2901","855","2901",false,false,"A1",,,,,,"2",,"fixed",,,,false,true,,,,,,,,"fixed-tonic one-tone exchange audit"
"audit:fixed:859:1371","AUDITED_HAMMING2","scale:859","scale:1371","859","1371",false,false,"A1",,,,,,"2",,"fixed",,,,true,true,,,,,,,,"fixed-tonic one-tone exchange audit"
"audit:fixed:861:1373","AUDITED_HAMMING2","scale:861","scale:1373","861","1373",false,false,"A2",,,,,,"2",,"fixed",,,,true,true,,,,,,,,"fixed-tonic one-tone exchange audit"
"audit:fixed:861:1877","AUDITED_HAMMING2","scale:861","scale:1877","861","1877",false,false,"A2",,,,,,"2",,"fixed",,,,false,true,,,,,,,,"fixed-tonic one-tone exchange audit"
"audit:fixed:861:2901","AUDITED_HAMMING2","scale:861","scale:2901","861","2901",false,false,"A1",,,,,,"2",,"fixed",,,,false,true,,,,,,,,"fixed-tonic one-tone exchange audit"
"audit:fixed:875:1387","AUDITED_HAMMING2","scale:875","scale:1387","875","1387",false,false,"A0",,,,,,"2",,"fixed",,,,true,true,,,,,,,,"fixed-tonic one-tone exchange audit"
"audit:fixed:877:1389","AUDITED_HAMMING2","scale:877","scale:1389","877","1389",false,false,"A1",,,,,,"2",,"fixed",,,,true,true,,,,,,,,"fixed-tonic one-tone exchange audit"
"audit:fixed:885:1397","AUDITED_HAMMING2","scale:885","scale:1397","885","1397",false,false,"A2",,,,,,"2",,"fixed",,,,true,true,,,,,,,,"fixed-tonic one-tone exchange audit"
"audit:fixed:885:1877","AUDITED_HAMMING2","scale:885","scale:1877","885","1877",false,false,"A2",,,,,,"2",,"fixed",,,,false,true,,,,,,,,"fixed-tonic one-tone exchange audit"
"audit:fixed:885:2901","AUDITED_HAMMING2","scale:885","scale:2901","885","2901",false,false,"A1",,,,,,"2",,"fixed",,,,false,true,,,,,,,,"fixed-tonic one-tone exchange audit"
"audit:fixed:939:1451","AUDITED_HAMMING2","scale:939","scale:1451","939","1451",false,false,"A0",,,,,,"2",,"fixed",,,,true,true,,,,,,,,"fixed-tonic one-tone exchange audit"
"audit:fixed:939:1707","AUDITED_HAMMING2","scale:939","scale:1707","939","1707",false,false,"A1",,,,,,"2",,"fixed",,,,false,true,,,,,,,,"fixed-tonic one-tone exchange audit"
"audit:fixed:939:2731","AUDITED_HAMMING2","scale:939","scale:2731","939","2731",false,false,"A2",,,,,,"2",,"fixed",,,,false,true,,,,,,,,"fixed-tonic one-tone exchange audit"
"audit:fixed:941:1453","AUDITED_HAMMING2","scale:941","scale:1453","941","1453",false,false,"A0",,,,,,"2",,"fixed",,,,true,true,,,,,,,,"fixed-tonic one-tone exchange audit"
"audit:fixed:941:1709","AUDITED_HAMMING2","scale:941","scale:1709","941","1709",false,false,"A0",,,,,,"2",,"fixed",,,,false,true,,,,,,,,"fixed-tonic one-tone exchange audit"
"audit:fixed:941:2733","AUDITED_HAMMING2","scale:941","scale:2733","941","2733",false,false,"A1",,,,,,"2",,"fixed",,,,false,true,,,,,,,,"fixed-tonic one-tone exchange audit"
"audit:fixed:949:1461","AUDITED_HAMMING2","scale:949","scale:1461","949","1461",false,false,"A1",,,,,,"2",,"fixed",,,,true,true,,,,,,,,"fixed-tonic one-tone exchange audit"
"audit:fixed:949:1717","AUDITED_HAMMING2","scale:949","scale:1717","949","1717",false,false,"A0",,,,,,"2",,"fixed",,,,false,true,,,,,,,,"fixed-tonic one-tone exchange audit"
"audit:fixed:949:2741","AUDITED_HAMMING2","scale:949","scale:2741","949","2741",false,false,"A0",,,,,,"2",,"fixed",,,,false,true,,,,,,,,"fixed-tonic one-tone exchange audit"
"audit:fixed:981:1493","AUDITED_HAMMING2","scale:981","scale:1493","981","1493",false,false,"A2",,,,,,"2",,"fixed",,,,true,true,,,,,,,,"fixed-tonic one-tone exchange audit"
"audit:fixed:981:1749","AUDITED_HAMMING2","scale:981","scale:1749","981","1749",false,false,"A1",,,,,,"2",,"fixed",,,,false,true,,,,,,,,"fixed-tonic one-tone exchange audit"
"audit:fixed:981:1877","AUDITED_HAMMING2","scale:981","scale:1877","981","1877",false,false,"A2",,,,,,"2",,"fixed",,,,false,true,,,,,,,,"fixed-tonic one-tone exchange audit"
"audit:fixed:981:2773","AUDITED_HAMMING2","scale:981","scale:2773","981","2773",false,false,"A0",,,,,,"2",,"fixed",,,,false,true,,,,,,,,"fixed-tonic one-tone exchange audit"
"audit:fixed:981:2901","AUDITED_HAMMING2","scale:981","scale:2901","981","2901",false,false,"A1",,,,,,"2",,"fixed",,,,false,true,,,,,,,,"fixed-tonic one-tone exchange audit"
