"id","type","source_node_id","target_node_id","source_scale_id","target_scale_id","directed","governing","audit_tier","relation_tier","contact_tier","contact_office","phase_delta","phase_deltas_json","hamming","endpoint_hamming","mode","mutation","degree","degree_governor","eligible","selected","target_classification","evidence_count","evidence_role","unanimous","plurality","categorical","contact_tier_counts_json","provenance"
"constructs:A1:1371:1367:0","CONSTRUCTS","scale:1371","scale:1367","1371","1367",true,false,"A1","A1",,,"0",,"2","0","single_degree","D3 3→2 (-1)","3","Mars",true,true,,,,,,,,"phase-seam construction"
"constructs:A1:1371:1373:0","CONSTRUCTS","scale:1371","scale:1373","1371","1373",true,false,"A1","A1",,,"0",,"2","4","single_degree","D2 1→2 (+1)","2","Jupiter",true,true,,,,,,,,"exact midpoint construction"
"constructs:A0:1387:1371:0","CONSTRUCTS","scale:1387","scale:1371","1387","1371",true,false,"A0","A0",,,"0",,"2","0","single_degree","D4 5→4 (-1)","4","Sun",true,true,,,,,,,,"phase-seam construction"
"constructs:A0:1387:1389:0","CONSTRUCTS","scale:1387","scale:1389","1387","1389",true,false,"A0","A0",,,"0",,"2","4","single_degree","D2 1→2 (+1)","2","Jupiter",true,true,,,,,,,,"exact midpoint construction"
"constructs:A1:1389:1373:0","CONSTRUCTS","scale:1389","scale:1373","1389","1373",true,false,"A1","A1",,,"0",,"2","4","single_degree","D4 5→4 (-1)","4","Sun",true,true,,,,,,,,"exact midpoint construction"
"constructs:A1:1389:1397:0","CONSTRUCTS","scale:1389","scale:1397","1389","1397",true,false,"A1","A1",,,"0",,"2","4","single_degree","D3 3→4 (+1)","3","Mars",true,true,,,,,,,,"exact midpoint construction"
"constructs:A0:1451:1707:0","CONSTRUCTS","scale:1451","scale:1707","1451","1707",true,false,"A0","A0",,,"0",,"2","4","single_degree","D6 8→9 (+1)","6","Mercury",true,true,,,,,,,,"exact midpoint construction"
"constructs:A0:1451:2901:-1","CONSTRUCTS","scale:1451","scale:2901","1451","2901",true,false,"A0","A0",,,"-1",,"2","0","root_phase","root 0→11; renormalize +1","1","Saturn",true,true,,,,,,,,"phase-seam construction"
"constructs:A0:1453:1389:0","CONSTRUCTS","scale:1453","scale:1389","1453","1389",true,false,"A0","A0",,,"0",,"2","4","single_degree","D5 7→6 (-1)","5","Venus",true,true,,,,,,,,"exact midpoint construction"
"constructs:A0:1453:1461:0","CONSTRUCTS","scale:1453","scale:1461","1453","1461",true,false,"A0","A0",,,"0",,"2","4","single_degree","D3 3→4 (+1)","3","Mars",true,true,,,,,,,,"exact midpoint construction"
"constructs:A1:1461:1397:0","CONSTRUCTS","scale:1461","scale:1397","1461","1397",true,false,"A1","A1",,,"0",,"2","4","single_degree","D5 7→6 (-1)","5","Venus",true,true,,,,,,,,"exact midpoint construction"
"constructs:A1:1461:1493:0","CONSTRUCTS","scale:1461","scale:1493","1461","1493",true,false,"A1","A1",,,"0",,"2","4","single_degree","D4 5→6 (+1)","4","Sun",true,true,,,,,,,,"exact midpoint construction"
"constructs:A1:1707:2731:0","CONSTRUCTS","scale:1707","scale:2731","1707","2731",true,false,"A1","A1",,,"0",,"2","4","single_degree","D7 10→11 (+1)","7","Moon",true,true,,,,,,,,"exact midpoint construction"
"constructs:A1:1707:3413:-1","CONSTRUCTS","scale:1707","scale:3413","1707","3413",true,false,"A1","A1",,,"-1",,"2","0","root_phase","root 0→11; renormalize +1","1","Saturn",true,true,,,,,,,,"phase-seam construction"
"constructs:A0:1709:1707:0","CONSTRUCTS","scale:1709","scale:1707","1709","1707",true,false,"A0","A0",,,"0",,"2","4","single_degree","D2 2→1 (-1)","2","Jupiter",true,true,,,,,,,,"exact midpoint construction"
"constructs:A0:1709:2733:0","CONSTRUCTS","scale:1709","scale:2733","1709","2733",true,false,"A0","A0",,,"0",,"2","4","single_degree","D7 10→11 (+1)","7","Moon",true,true,,,,,,,,"exact midpoint construction"
"constructs:A0:1717:1461:0","CONSTRUCTS","scale:1717","scale:1461","1717","1461",true,false,"A0","A0",,,"0",,"2","4","single_degree","D6 9→8 (-1)","6","Mercury",true,true,,,,,,,,"exact midpoint construction"
"constructs:A0:1717:1749:0","CONSTRUCTS","scale:1717","scale:1749","1717","1749",true,false,"A0","A0",,,"0",,"2","4","single_degree","D4 5→6 (+1)","4","Sun",true,true,,,,,,,,"exact midpoint construction"
"constructs:A1:1749:1493:0","CONSTRUCTS","scale:1749","scale:1493","1749","1493",true,false,"A1","A1",,,"0",,"2","4","single_degree","D6 9→8 (-1)","6","Mercury",true,true,,,,,,,,"exact midpoint construction"
"constructs:A1:1749:1877:0","CONSTRUCTS","scale:1749","scale:1877","1749","1877",true,false,"A1","A1",,,"0",,"2","4","single_degree","D5 7→8 (+1)","5","Venus",true,true,,,,,,,,"exact midpoint construction"
"constructs:A1:2733:1367:1","CONSTRUCTS","scale:2733","scale:1367","2733","1367",true,false,"A1","A1",,,"1",,"2","0","root_phase","root 0→1; renormalize −1","1","Saturn",true,true,,,,,,,,"phase-seam construction"
"constructs:A1:2733:2731:0","CONSTRUCTS","scale:2733","scale:2731","2733","2731",true,false,"A1","A1",,,"0",,"2","4","single_degree","D2 2→1 (-1)","2","Jupiter",true,true,,,,,,,,"exact midpoint construction"
"constructs:A0:2741:1371:1","CONSTRUCTS","scale:2741","scale:1371","2741","1371",true,false,"A0","A0",,,"1",,"2","0","root_phase","root 0→1; renormalize −1","1","Saturn",true,true,,,,,,,,"phase-seam construction"
"constructs:A0:2741:2733:0","CONSTRUCTS","scale:2741","scale:2733","2741","2733",true,false,"A0","A0",,,"0",,"2","4","single_degree","D3 4→3 (-1)","3","Mars",true,true,,,,,,,,"exact midpoint construction"
"constructs:A0:2773:1749:0","CONSTRUCTS","scale:2773","scale:1749","2773","1749",true,false,"A0","A0",,,"0",,"2","4","single_degree","D7 11→10 (-1)","7","Moon",true,true,,,,,,,,"exact midpoint construction"
"constructs:A0:2773:2901:0","CONSTRUCTS","scale:2773","scale:2901","2773","2901",true,false,"A0","A0",,,"0",,"2","0","single_degree","D5 7→8 (+1)","5","Venus",true,true,,,,,,,,"phase-seam construction"
"constructs:A1:2901:1877:0","CONSTRUCTS","scale:2901","scale:1877","2901","1877",true,false,"A1","A1",,,"0",,"2","4","single_degree","D7 11→10 (-1)","7","Moon",true,true,,,,,,,,"exact midpoint construction"
"constructs:A1:2901:3413:0","CONSTRUCTS","scale:2901","scale:3413","2901","3413",true,false,"A1","A1",,,"0",,"2","0","single_degree","D6 9→10 (+1)","6","Mercury",true,true,,,,,,,,"phase-seam construction"
"governs:A2:1367:1239:0","GOVERNS","scale:1367","scale:1239","1367","1239",true,true,"A2","A2",,,"0",,"2",,"single_degree","D6 8→7 (-1)","6","Mercury",true,true,,,,,,,,"A2 eligible relation"
"governs:A2:1367:1335:0","GOVERNS","scale:1367","scale:1335","1367","1335",true,true,"A2","A2",,,"0",,"2",,"single_degree","D5 6→5 (-1)","5","Venus",true,true,,,,,,,,"A2 eligible relation"
"governs:A2:1367:1359:0","GOVERNS","scale:1367","scale:1359","1367","1359",true,true,"A2","A2",,,"0",,"2",,"single_degree","D4 4→3 (-1)","4","Sun",true,true,,,,,,,,"A2 eligible relation"
"governs:A2:1367:1431:0","GOVERNS","scale:1367","scale:1431","1367","1431",true,true,"A2","A2",,,"0",,"2",,"single_degree","D5 6→7 (+1)","5","Venus",true,true,,,,,,,,"A2 eligible relation"
"governs:A2:1367:1623:0","GOVERNS","scale:1367","scale:1623","1367","1623",true,true,"A2","A2",,,"0",,"2",,"single_degree","D6 8→9 (+1)","6","Mercury",true,true,,,,,,,,"A2 eligible relation"
"governs:A2:1367:2391:0","GOVERNS","scale:1367","scale:2391","1367","2391",true,true,"A2","A2",,,"0",,"2",,"single_degree","D7 10→11 (+1)","7","Moon",true,true,,,,,,,,"A2 eligible relation"
"governs:A1:1371:1243:0","GOVERNS","scale:1371","scale:1243","1371","1243",true,true,"A1","A1",,,"0",,"2",,"single_degree","D6 8→7 (-1)","6","Mercury",true,true,,,,,,,,"A1 eligible relation"
"governs:A1:1371:1339:0","GOVERNS","scale:1371","scale:1339","1371","1339",true,true,"A1","A1",,,"0",,"2",,"single_degree","D5 6→5 (-1)","5","Venus",true,true,,,,,,,,"A1 eligible relation"
"governs:A1:1371:1627:0","GOVERNS","scale:1371","scale:1627","1371","1627",true,true,"A1","A1",,,"0",,"2",,"single_degree","D6 8→9 (+1)","6","Mercury",true,true,,,,,,,,"A1 eligible relation"
"governs:A1:1371:2395:0","GOVERNS","scale:1371","scale:2395","1371","2395",true,true,"A1","A1",,,"0",,"2",,"single_degree","D7 10→11 (+1)","7","Moon",true,true,,,,,,,,"A1 eligible relation"
"governs:A2:1373:1245:0","GOVERNS","scale:1373","scale:1245","1373","1245",true,true,"A2","A2",,,"0",,"2",,"single_degree","D6 8→7 (-1)","6","Mercury",true,true,,,,,,,,"A2 eligible relation"
"governs:A2:1373:1341:0","GOVERNS","scale:1373","scale:1341","1373","1341",true,true,"A2","A2",,,"0",,"2",,"single_degree","D5 6→5 (-1)","5","Venus",true,true,,,,,,,,"A2 eligible relation"
"governs:A2:1373:1629:0","GOVERNS","scale:1373","scale:1629","1373","1629",true,true,"A2","A2",,,"0",,"2",,"single_degree","D6 8→9 (+1)","6","Mercury",true,true,,,,,,,,"A2 eligible relation"
"governs:A2:1373:2397:0","GOVERNS","scale:1373","scale:2397","1373","2397",true,true,"A2","A2",,,"0",,"2",,"single_degree","D7 10→11 (+1)","7","Moon",true,true,,,,,,,,"A2 eligible relation"
"governs:A2:1373:687:1","GOVERNS","scale:1373","scale:687","1373","687",true,true,"A2","A2",,,"1",,"2",,"root_phase","root 0→1; renormalize −1","1","Saturn",true,true,,,,,,,,"A2 eligible relation"
"governs:A2:1373:861:0","GOVERNS","scale:1373","scale:861","1373","861",true,true,"A2","A2",,,"0",,"2",,"single_degree","D7 10→9 (-1)","7","Moon",true,true,,,,,,,,"A2 eligible relation"
"governs:A0:1387:1259:0","GOVERNS","scale:1387","scale:1259","1387","1259",true,true,"A0","A0",,,"0",,"2",,"single_degree","D6 8→7 (-1)","6","Mercury",true,true,,,,,,,,"A0 eligible relation"
"governs:A0:1387:1383:0","GOVERNS","scale:1387","scale:1383","1387","1383",true,true,"A0","A0",,,"0",,"2",,"single_degree","D3 3→2 (-1)","3","Mars",true,true,,,,,,,,"A0 eligible relation"
"governs:A0:1387:1395:0","GOVERNS","scale:1387","scale:1395","1387","1395",true,true,"A0","A0",,,"0",,"2",,"single_degree","D3 3→4 (+1)","3","Mars",true,true,,,,,,,,"A0 eligible relation"
"governs:A0:1387:1643:0","GOVERNS","scale:1387","scale:1643","1387","1643",true,true,"A0","A0",,,"0",,"2",,"single_degree","D6 8→9 (+1)","6","Mercury",true,true,,,,,,,,"A0 eligible relation"
"governs:A0:1387:2411:0","GOVERNS","scale:1387","scale:2411","1387","2411",true,true,"A0","A0",,,"0",,"2",,"single_degree","D7 10→11 (+1)","7","Moon",true,true,,,,,,,,"A0 eligible relation"
"governs:A0:1387:875:0","GOVERNS","scale:1387","scale:875","1387","875",true,true,"A0","A0",,,"0",,"2",,"single_degree","D7 10→9 (-1)","7","Moon",true,true,,,,,,,,"A0 eligible relation"
"governs:A1:1389:1261:0","GOVERNS","scale:1389","scale:1261","1389","1261",true,true,"A1","A1",,,"0",,"2",,"single_degree","D6 8→7 (-1)","6","Mercury",true,true,,,,,,,,"A1 eligible relation"
"governs:A1:1389:2413:0","GOVERNS","scale:1389","scale:2413","1389","2413",true,true,"A1","A1",,,"0",,"2",,"single_degree","D7 10→11 (+1)","7","Moon",true,true,,,,,,,,"A1 eligible relation"
"governs:A1:1389:695:1","GOVERNS","scale:1389","scale:695","1389","695",true,true,"A1","A1",,,"1",,"2",,"root_phase","root 0→1; renormalize −1","1","Saturn",true,true,,,,,,,,"A1 eligible relation"
"governs:A1:1389:877:0","GOVERNS","scale:1389","scale:877","1389","877",true,true,"A1","A1",,,"0",,"2",,"single_degree","D7 10→9 (-1)","7","Moon",true,true,,,,,,,,"A1 eligible relation"
"governs:A2:1397:1269:0","GOVERNS","scale:1397","scale:1269","1397","1269",true,true,"A2","A2",,,"0",,"2",,"single_degree","D6 8→7 (-1)","6","Mercury",true,true,,,,,,,,"A2 eligible relation"
"governs:A2:1397:1401:0","GOVERNS","scale:1397","scale:1401","1397","1401",true,true,"A2","A2",,,"0",,"2",,"single_degree","D2 2→3 (+1)","2","Jupiter",true,true,,,,,,,,"A2 eligible relation"
"governs:A2:1397:2421:0","GOVERNS","scale:1397","scale:2421","1397","2421",true,true,"A2","A2",,,"0",,"2",,"single_degree","D7 10→11 (+1)","7","Moon",true,true,,,,,,,,"A2 eligible relation"
"governs:A2:1397:2793:-1","GOVERNS","scale:1397","scale:2793","1397","2793",true,true,"A2","A2",,,"-1",,"2",,"root_phase","root 0→11; renormalize +1","1","Saturn",true,true,,,,,,,,"A2 eligible relation"
"governs:A2:1397:699:1","GOVERNS","scale:1397","scale:699","1397","699",true,true,"A2","A2",,,"1",,"2",,"root_phase","root 0→1; renormalize −1","1","Saturn",true,true,,,,,,,,"A2 eligible relation"
"governs:A2:1397:885:0","GOVERNS","scale:1397","scale:885","1397","885",true,true,"A2","A2",,,"0",,"2",,"single_degree","D7 10→9 (-1)","7","Moon",true,true,,,,,,,,"A2 eligible relation"
"governs:A0:1451:1435:0","GOVERNS","scale:1451","scale:1435","1451","1435",true,true,"A0","A0",,,"0",,"2",,"single_degree","D4 5→4 (-1)","4","Sun",true,true,,,,,,,,"A0 eligible relation"
"governs:A0:1451:1447:0","GOVERNS","scale:1451","scale:1447","1451","1447",true,true,"A0","A0",,,"0",,"2",,"single_degree","D3 3→2 (-1)","3","Mars",true,true,,,,,,,,"A0 eligible relation"
"governs:A0:1451:1459:0","GOVERNS","scale:1451","scale:1459","1451","1459",true,true,"A0","A0",,,"0",,"2",,"single_degree","D3 3→4 (+1)","3","Mars",true,true,,,,,,,,"A0 eligible relation"
"governs:A0:1451:1483:0","GOVERNS","scale:1451","scale:1483","1451","1483",true,true,"A0","A0",,,"0",,"2",,"single_degree","D4 5→6 (+1)","4","Sun",true,true,,,,,,,,"A0 eligible relation"
"governs:A0:1451:2475:0","GOVERNS","scale:1451","scale:2475","1451","2475",true,true,"A0","A0",,,"0",,"2",,"single_degree","D7 10→11 (+1)","7","Moon",true,true,,,,,,,,"A0 eligible relation"
"governs:A0:1451:939:0","GOVERNS","scale:1451","scale:939","1451","939",true,true,"A0","A0",,,"0",,"2",,"single_degree","D7 10→9 (-1)","7","Moon",true,true,,,,,,,,"A0 eligible relation"
"governs:A0:1453:1437:0","GOVERNS","scale:1453","scale:1437","1453","1437",true,true,"A0","A0",,,"0",,"2",,"single_degree","D4 5→4 (-1)","4","Sun",true,true,,,,,,,,"A0 eligible relation"
"governs:A0:1453:1485:0","GOVERNS","scale:1453","scale:1485","1453","1485",true,true,"A0","A0",,,"0",,"2",,"single_degree","D4 5→6 (+1)","4","Sun",true,true,,,,,,,,"A0 eligible relation"
"governs:A0:1453:2477:0","GOVERNS","scale:1453","scale:2477","1453","2477",true,true,"A0","A0",,,"0",,"2",,"single_degree","D7 10→11 (+1)","7","Moon",true,true,,,,,,,,"A0 eligible relation"
"governs:A0:1453:2905:-1","GOVERNS","scale:1453","scale:2905","1453","2905",true,true,"A0","A0",,,"-1",,"2",,"root_phase","root 0→11; renormalize +1","1","Saturn",true,true,,,,,,,,"A0 eligible relation"
"governs:A0:1453:727:1","GOVERNS","scale:1453","scale:727","1453","727",true,true,"A0","A0",,,"1",,"2",,"root_phase","root 0→1; renormalize −1","1","Saturn",true,true,,,,,,,,"A0 eligible relation"
"governs:A0:1453:941:0","GOVERNS","scale:1453","scale:941","1453","941",true,true,"A0","A0",,,"0",,"2",,"single_degree","D7 10→9 (-1)","7","Moon",true,true,,,,,,,,"A0 eligible relation"
"governs:A1:1461:1465:0","GOVERNS","scale:1461","scale:1465","1461","1465",true,true,"A1","A1",,,"0",,"2",,"single_degree","D2 2→3 (+1)","2","Jupiter",true,true,,,,,,,,"A1 eligible relation"
"governs:A1:1461:2921:-1","GOVERNS","scale:1461","scale:2921","1461","2921",true,true,"A1","A1",,,"-1",,"2",,"root_phase","root 0→11; renormalize +1","1","Saturn",true,true,,,,,,,,"A1 eligible relation"
"governs:A1:1461:731:1","GOVERNS","scale:1461","scale:731","1461","731",true,true,"A1","A1",,,"1",,"2",,"root_phase","root 0→1; renormalize −1","1","Saturn",true,true,,,,,,,,"A1 eligible relation"
"governs:A1:1461:949:0","GOVERNS","scale:1461","scale:949","1461","949",true,true,"A1","A1",,,"0",,"2",,"single_degree","D7 10→9 (-1)","7","Moon",true,true,,,,,,,,"A1 eligible relation"
"governs:A2:1493:1491:0","GOVERNS","scale:1493","scale:1491","1493","1491",true,true,"A2","A2",,,"0",,"2",,"single_degree","D2 2→1 (-1)","2","Jupiter",true,true,,,,,,,,"A2 eligible relation"
"governs:A2:1493:1497:0","GOVERNS","scale:1493","scale:1497","1493","1497",true,true,"A2","A2",,,"0",,"2",,"single_degree","D2 2→3 (+1)","2","Jupiter",true,true,,,,,,,,"A2 eligible relation"
"governs:A2:1493:1509:0","GOVERNS","scale:1493","scale:1509","1493","1509",true,true,"A2","A2",,,"0",,"2",,"single_degree","D3 4→5 (+1)","3","Mars",true,true,,,,,,,,"A2 eligible relation"
"governs:A2:1493:2985:-1","GOVERNS","scale:1493","scale:2985","1493","2985",true,true,"A2","A2",,,"-1",,"2",,"root_phase","root 0→11; renormalize +1","1","Saturn",true,true,,,,,,,,"A2 eligible relation"
"governs:A2:1493:747:1","GOVERNS","scale:1493","scale:747","1493","747",true,true,"A2","A2",,,"1",,"2",,"root_phase","root 0→1; renormalize −1","1","Saturn",true,true,,,,,,,,"A2 eligible relation"
"governs:A2:1493:981:0","GOVERNS","scale:1493","scale:981","1493","981",true,true,"A2","A2",,,"0",,"2",,"single_degree","D7 10→9 (-1)","7","Moon",true,true,,,,,,,,"A2 eligible relation"
"governs:A1:1707:1691:0","GOVERNS","scale:1707","scale:1691","1707","1691",true,true,"A1","A1",,,"0",,"2",,"single_degree","D4 5→4 (-1)","4","Sun",true,true,,,,,,,,"A1 eligible relation"
"governs:A1:1707:1703:0","GOVERNS","scale:1707","scale:1703","1707","1703",true,true,"A1","A1",,,"0",,"2",,"single_degree","D3 3→2 (-1)","3","Mars",true,true,,,,,,,,"A1 eligible relation"
"governs:A1:1707:1739:0","GOVERNS","scale:1707","scale:1739","1707","1739",true,true,"A1","A1",,,"0",,"2",,"single_degree","D4 5→6 (+1)","4","Sun",true,true,,,,,,,,"A1 eligible relation"
"governs:A1:1707:1835:0","GOVERNS","scale:1707","scale:1835","1707","1835",true,true,"A1","A1",,,"0",,"2",,"single_degree","D5 7→8 (+1)","5","Venus",true,true,,,,,,,,"A1 eligible relation"
"governs:A0:1709:1645:0","GOVERNS","scale:1709","scale:1645","1709","1645",true,true,"A0","A0",,,"0",,"2",,"single_degree","D5 7→6 (-1)","5","Venus",true,true,,,,,,,,"A0 eligible relation"
"governs:A0:1709:1693:0","GOVERNS","scale:1709","scale:1693","1709","1693",true,true,"A0","A0",,,"0",,"2",,"single_degree","D4 5→4 (-1)","4","Sun",true,true,,,,,,,,"A0 eligible relation"
"governs:A0:1709:1741:0","GOVERNS","scale:1709","scale:1741","1709","1741",true,true,"A0","A0",,,"0",,"2",,"single_degree","D4 5→6 (+1)","4","Sun",true,true,,,,,,,,"A0 eligible relation"
"governs:A0:1709:1837:0","GOVERNS","scale:1709","scale:1837","1709","1837",true,true,"A0","A0",,,"0",,"2",,"single_degree","D5 7→8 (+1)","5","Venus",true,true,,,,,,,,"A0 eligible relation"
"governs:A0:1709:3417:-1","GOVERNS","scale:1709","scale:3417","1709","3417",true,true,"A0","A0",,,"-1",,"2",,"root_phase","root 0→11; renormalize +1","1","Saturn",true,true,,,,,,,,"A0 eligible relation"
"governs:A0:1709:855:1","GOVERNS","scale:1709","scale:855","1709","855",true,true,"A0","A0",,,"1",,"2",,"root_phase","root 0→1; renormalize −1","1","Saturn",true,true,,,,,,,,"A0 eligible relation"
"governs:A0:1717:1653:0","GOVERNS","scale:1717","scale:1653","1717","1653",true,true,"A0","A0",,,"0",,"2",,"single_degree","D5 7→6 (-1)","5","Venus",true,true,,,,,,,,"A0 eligible relation"
"governs:A0:1717:1715:0","GOVERNS","scale:1717","scale:1715","1717","1715",true,true,"A0","A0",,,"0",,"2",,"single_degree","D2 2→1 (-1)","2","Jupiter",true,true,,,,,,,,"A0 eligible relation"
"governs:A0:1717:1721:0","GOVERNS","scale:1717","scale:1721","1717","1721",true,true,"A0","A0",,,"0",,"2",,"single_degree","D2 2→3 (+1)","2","Jupiter",true,true,,,,,,,,"A0 eligible relation"
"governs:A0:1717:1845:0","GOVERNS","scale:1717","scale:1845","1717","1845",true,true,"A0","A0",,,"0",,"2",,"single_degree","D5 7→8 (+1)","5","Venus",true,true,,,,,,,,"A0 eligible relation"
"governs:A0:1717:3433:-1","GOVERNS","scale:1717","scale:3433","1717","3433",true,true,"A0","A0",,,"-1",,"2",,"root_phase","root 0→11; renormalize +1","1","Saturn",true,true,,,,,,,,"A0 eligible relation"
"governs:A0:1717:859:1","GOVERNS","scale:1717","scale:859","1717","859",true,true,"A0","A0",,,"1",,"2",,"root_phase","root 0→1; renormalize −1","1","Saturn",true,true,,,,,,,,"A0 eligible relation"
"governs:A1:1749:1747:0","GOVERNS","scale:1749","scale:1747","1749","1747",true,true,"A1","A1",,,"0",,"2",,"single_degree","D2 2→1 (-1)","2","Jupiter",true,true,,,,,,,,"A1 eligible relation"
"governs:A1:1749:1753:0","GOVERNS","scale:1749","scale:1753","1749","1753",true,true,"A1","A1",,,"0",,"2",,"single_degree","D2 2→3 (+1)","2","Jupiter",true,true,,,,,,,,"A1 eligible relation"
"governs:A1:1749:1765:0","GOVERNS","scale:1749","scale:1765","1749","1765",true,true,"A1","A1",,,"0",,"2",,"single_degree","D3 4→5 (+1)","3","Mars",true,true,,,,,,,,"A1 eligible relation"
"governs:A1:1749:3497:-1","GOVERNS","scale:1749","scale:3497","1749","3497",true,true,"A1","A1",,,"-1",,"2",,"root_phase","root 0→11; renormalize +1","1","Saturn",true,true,,,,,,,,"A1 eligible relation"
"governs:A2:1877:1869:0","GOVERNS","scale:1877","scale:1869","1877","1869",true,true,"A2","A2",,,"0",,"2",,"single_degree","D3 4→3 (-1)","3","Mars",true,true,,,,,,,,"A2 eligible relation"
"governs:A2:1877:1875:0","GOVERNS","scale:1877","scale:1875","1877","1875",true,true,"A2","A2",,,"0",,"2",,"single_degree","D2 2→1 (-1)","2","Jupiter",true,true,,,,,,,,"A2 eligible relation"
"governs:A2:1877:1881:0","GOVERNS","scale:1877","scale:1881","1877","1881",true,true,"A2","A2",,,"0",,"2",,"single_degree","D2 2→3 (+1)","2","Jupiter",true,true,,,,,,,,"A2 eligible relation"
"governs:A2:1877:1893:0","GOVERNS","scale:1877","scale:1893","1877","1893",true,true,"A2","A2",,,"0",,"2",,"single_degree","D3 4→5 (+1)","3","Mars",true,true,,,,,,,,"A2 eligible relation"
"governs:A2:1877:1941:0","GOVERNS","scale:1877","scale:1941","1877","1941",true,true,"A2","A2",,,"0",,"2",,"single_degree","D4 6→7 (+1)","4","Sun",true,true,,,,,,,,"A2 eligible relation"
"governs:A2:1877:3753:-1","GOVERNS","scale:1877","scale:3753","1877","3753",true,true,"A2","A2",,,"-1",,"2",,"root_phase","root 0→11; renormalize +1","1","Saturn",true,true,,,,,,,,"A2 eligible relation"
"governs:A2:2731:2667:0","GOVERNS","scale:2731","scale:2667","2731","2667",true,true,"A2","A2",,,"0",,"2",,"single_degree","D5 7→6 (-1)","5","Venus",true,true,,,,,,,,"A2 eligible relation"
"governs:A2:2731:2715:0","GOVERNS","scale:2731","scale:2715","2731","2715",true,true,"A2","A2",,,"0",,"2",,"single_degree","D4 5→4 (-1)","4","Sun",true,true,,,,,,,,"A2 eligible relation"
"governs:A2:2731:2727:0","GOVERNS","scale:2731","scale:2727","2731","2727",true,true,"A2","A2",,,"0",,"2",,"single_degree","D3 3→2 (-1)","3","Mars",true,true,,,,,,,,"A2 eligible relation"
"governs:A2:2731:2763:0","GOVERNS","scale:2731","scale:2763","2731","2763",true,true,"A2","A2",,,"0",,"2",,"single_degree","D4 5→6 (+1)","4","Sun",true,true,,,,,,,,"A2 eligible relation"
"governs:A2:2731:2859:0","GOVERNS","scale:2731","scale:2859","2731","2859",true,true,"A2","A2",,,"0",,"2",,"single_degree","D5 7→8 (+1)","5","Venus",true,true,,,,,,,,"A2 eligible relation"
"governs:A2:2731:3243:0","GOVERNS","scale:2731","scale:3243","2731","3243",true,true,"A2","A2",,,"0",,"2",,"single_degree","D6 9→10 (+1)","6","Mercury",true,true,,,,,,,,"A2 eligible relation"
"governs:A1:2733:2669:0","GOVERNS","scale:2733","scale:2669","2733","2669",true,true,"A1","A1",,,"0",,"2",,"single_degree","D5 7→6 (-1)","5","Venus",true,true,,,,,,,,"A1 eligible relation"
"governs:A1:2733:2717:0","GOVERNS","scale:2733","scale:2717","2733","2717",true,true,"A1","A1",,,"0",,"2",,"single_degree","D4 5→4 (-1)","4","Sun",true,true,,,,,,,,"A1 eligible relation"
"governs:A1:2733:2861:0","GOVERNS","scale:2733","scale:2861","2733","2861",true,true,"A1","A1",,,"0",,"2",,"single_degree","D5 7→8 (+1)","5","Venus",true,true,,,,,,,,"A1 eligible relation"
"governs:A1:2733:3245:0","GOVERNS","scale:2733","scale:3245","2733","3245",true,true,"A1","A1",,,"0",,"2",,"single_degree","D6 9→10 (+1)","6","Mercury",true,true,,,,,,,,"A1 eligible relation"
"governs:A0:2741:2485:0","GOVERNS","scale:2741","scale:2485","2741","2485",true,true,"A0","A0",,,"0",,"2",,"single_degree","D6 9→8 (-1)","6","Mercury",true,true,,,,,,,,"A0 eligible relation"
"governs:A0:2741:2677:0","GOVERNS","scale:2741","scale:2677","2741","2677",true,true,"A0","A0",,,"0",,"2",,"single_degree","D5 7→6 (-1)","5","Venus",true,true,,,,,,,,"A0 eligible relation"
"governs:A0:2741:2739:0","GOVERNS","scale:2741","scale:2739","2741","2739",true,true,"A0","A0",,,"0",,"2",,"single_degree","D2 2→1 (-1)","2","Jupiter",true,true,,,,,,,,"A0 eligible relation"
"governs:A0:2741:2745:0","GOVERNS","scale:2741","scale:2745","2741","2745",true,true,"A0","A0",,,"0",,"2",,"single_degree","D2 2→3 (+1)","2","Jupiter",true,true,,,,,,,,"A0 eligible relation"
"governs:A0:2741:2869:0","GOVERNS","scale:2741","scale:2869","2741","2869",true,true,"A0","A0",,,"0",,"2",,"single_degree","D5 7→8 (+1)","5","Venus",true,true,,,,,,,,"A0 eligible relation"
"governs:A0:2741:3253:0","GOVERNS","scale:2741","scale:3253","2741","3253",true,true,"A0","A0",,,"0",,"2",,"single_degree","D6 9→10 (+1)","6","Mercury",true,true,,,,,,,,"A0 eligible relation"
"governs:A0:2773:2517:0","GOVERNS","scale:2773","scale:2517","2773","2517",true,true,"A0","A0",,,"0",,"2",,"single_degree","D6 9→8 (-1)","6","Mercury",true,true,,,,,,,,"A0 eligible relation"
"governs:A0:2773:2765:0","GOVERNS","scale:2773","scale:2765","2773","2765",true,true,"A0","A0",,,"0",,"2",,"single_degree","D3 4→3 (-1)","3","Mars",true,true,,,,,,,,"A0 eligible relation"
"governs:A0:2773:2771:0","GOVERNS","scale:2773","scale:2771","2773","2771",true,true,"A0","A0",,,"0",,"2",,"single_degree","D2 2→1 (-1)","2","Jupiter",true,true,,,,,,,,"A0 eligible relation"
"governs:A0:2773:2777:0","GOVERNS","scale:2773","scale:2777","2773","2777",true,true,"A0","A0",,,"0",,"2",,"single_degree","D2 2→3 (+1)","2","Jupiter",true,true,,,,,,,,"A0 eligible relation"
"governs:A0:2773:2789:0","GOVERNS","scale:2773","scale:2789","2773","2789",true,true,"A0","A0",,,"0",,"2",,"single_degree","D3 4→5 (+1)","3","Mars",true,true,,,,,,,,"A0 eligible relation"
"governs:A0:2773:3285:0","GOVERNS","scale:2773","scale:3285","2773","3285",true,true,"A0","A0",,,"0",,"2",,"single_degree","D6 9→10 (+1)","6","Mercury",true,true,,,,,,,,"A0 eligible relation"
"governs:A1:2901:2893:0","GOVERNS","scale:2901","scale:2893","2901","2893",true,true,"A1","A1",,,"0",,"2",,"single_degree","D3 4→3 (-1)","3","Mars",true,true,,,,,,,,"A1 eligible relation"
"governs:A1:2901:2899:0","GOVERNS","scale:2901","scale:2899","2901","2899",true,true,"A1","A1",,,"0",,"2",,"single_degree","D2 2→1 (-1)","2","Jupiter",true,true,,,,,,,,"A1 eligible relation"
"governs:A1:2901:2917:0","GOVERNS","scale:2901","scale:2917","2901","2917",true,true,"A1","A1",,,"0",,"2",,"single_degree","D3 4→5 (+1)","3","Mars",true,true,,,,,,,,"A1 eligible relation"
"governs:A1:2901:2965:0","GOVERNS","scale:2901","scale:2965","2901","2965",true,true,"A1","A1",,,"0",,"2",,"single_degree","D4 6→7 (+1)","4","Sun",true,true,,,,,,,,"A1 eligible relation"
"governs:A2:3413:3381:0","GOVERNS","scale:3413","scale:3381","3413","3381",true,true,"A2","A2",,,"0",,"2",,"single_degree","D4 6→5 (-1)","4","Sun",true,true,,,,,,,,"A2 eligible relation"
"governs:A2:3413:3405:0","GOVERNS","scale:3413","scale:3405","3413","3405",true,true,"A2","A2",,,"0",,"2",,"single_degree","D3 4→3 (-1)","3","Mars",true,true,,,,,,,,"A2 eligible relation"
"governs:A2:3413:3411:0","GOVERNS","scale:3413","scale:3411","3413","3411",true,true,"A2","A2",,,"0",,"2",,"single_degree","D2 2→1 (-1)","2","Jupiter",true,true,,,,,,,,"A2 eligible relation"
"governs:A2:3413:3429:0","GOVERNS","scale:3413","scale:3429","3413","3429",true,true,"A2","A2",,,"0",,"2",,"single_degree","D3 4→5 (+1)","3","Mars",true,true,,,,,,,,"A2 eligible relation"
"governs:A2:3413:3477:0","GOVERNS","scale:3413","scale:3477","3413","3477",true,true,"A2","A2",,,"0",,"2",,"single_degree","D4 6→7 (+1)","4","Sun",true,true,,,,,,,,"A2 eligible relation"
"governs:A2:3413:3669:0","GOVERNS","scale:3413","scale:3669","3413","3669",true,true,"A2","A2",,,"0",,"2",,"single_degree","D5 8→9 (+1)","5","Venus",true,true,,,,,,,,"A2 eligible relation"
"modal:A2:1367:2731","MODAL_SUCCESSOR","scale:1367","scale:2731","1367","2731",true,false,"A2","A2",,,,,,,,,,,true,true,,,,,,,,"7-33 modal orbit"
"modal:A1:1371:2733","MODAL_SUCCESSOR","scale:1371","scale:2733","1371","2733",true,false,"A1","A1",,,,,,,,,,,true,true,,,,,,,,"7-34 modal orbit"
"modal:A2:1373:1367","MODAL_SUCCESSOR","scale:1373","scale:1367","1373","1367",true,false,"A2","A2",,,,,,,,,,,true,true,,,,,,,,"7-33 modal orbit"
"modal:A0:1387:2741","MODAL_SUCCESSOR","scale:1387","scale:2741","1387","2741",true,false,"A0","A0",,,,,,,,,,,true,true,,,,,,,,"7-35 modal orbit"
"modal:A1:1389:1371","MODAL_SUCCESSOR","scale:1389","scale:1371","1389","1371",true,false,"A1","A1",,,,,,,,,,,true,true,,,,,,,,"7-34 modal orbit"
"modal:A2:1397:1373","MODAL_SUCCESSOR","scale:1397","scale:1373","1397","1373",true,false,"A2","A2",,,,,,,,,,,true,true,,,,,,,,"7-33 modal orbit"
"modal:A0:1451:2773","MODAL_SUCCESSOR","scale:1451","scale:2773","1451","2773",true,false,"A0","A0",,,,,,,,,,,true,true,,,,,,,,"7-35 modal orbit"
"modal:A0:1453:1387","MODAL_SUCCESSOR","scale:1453","scale:1387","1453","1387",true,false,"A0","A0",,,,,,,,,,,true,true,,,,,,,,"7-35 modal orbit"
"modal:A1:1461:1389","MODAL_SUCCESSOR","scale:1461","scale:1389","1461","1389",true,false,"A1","A1",,,,,,,,,,,true,true,,,,,,,,"7-34 modal orbit"
"modal:A2:1493:1397","MODAL_SUCCESSOR","scale:1493","scale:1397","1493","1397",true,false,"A2","A2",,,,,,,,,,,true,true,,,,,,,,"7-33 modal orbit"
"modal:A1:1707:2901","MODAL_SUCCESSOR","scale:1707","scale:2901","1707","2901",true,false,"A1","A1",,,,,,,,,,,true,true,,,,,,,,"7-34 modal orbit"
"modal:A0:1709:1451","MODAL_SUCCESSOR","scale:1709","scale:1451","1709","1451",true,false,"A0","A0",,,,,,,,,,,true,true,,,,,,,,"7-35 modal orbit"
"modal:A0:1717:1453","MODAL_SUCCESSOR","scale:1717","scale:1453","1717","1453",true,false,"A0","A0",,,,,,,,,,,true,true,,,,,,,,"7-35 modal orbit"
"modal:A1:1749:1461","MODAL_SUCCESSOR","scale:1749","scale:1461","1749","1461",true,false,"A1","A1",,,,,,,,,,,true,true,,,,,,,,"7-34 modal orbit"
"modal:A2:1877:1493","MODAL_SUCCESSOR","scale:1877","scale:1493","1877","1493",true,false,"A2","A2",,,,,,,,,,,true,true,,,,,,,,"7-33 modal orbit"
"modal:A2:2731:3413","MODAL_SUCCESSOR","scale:2731","scale:3413","2731","3413",true,false,"A2","A2",,,,,,,,,,,true,true,,,,,,,,"7-33 modal orbit"
"modal:A1:2733:1707","MODAL_SUCCESSOR","scale:2733","scale:1707","2733","1707",true,false,"A1","A1",,,,,,,,,,,true,true,,,,,,,,"7-34 modal orbit"
"modal:A0:2741:1709","MODAL_SUCCESSOR","scale:2741","scale:1709","2741","1709",true,false,"A0","A0",,,,,,,,,,,true,true,,,,,,,,"7-35 modal orbit"
"modal:A0:2773:1717","MODAL_SUCCESSOR","scale:2773","scale:1717","2773","1717",true,false,"A0","A0",,,,,,,,,,,true,true,,,,,,,,"7-35 modal orbit"
"modal:A1:2901:1749","MODAL_SUCCESSOR","scale:2901","scale:1749","2901","1749",true,false,"A1","A1",,,,,,,,,,,true,true,,,,,,,,"7-34 modal orbit"
"modal:A2:3413:1877","MODAL_SUCCESSOR","scale:3413","scale:1877","3413","1877",true,false,"A2","A2",,,,,,,,,,,true,true,,,,,,,,"7-33 modal orbit"
"seat-contact:D1:923:939:0","SEAT_CONTACT","scale:939","scale:923","939","923",false,false,"D1","D1",,,"0",,"2",,"single_degree","D4 4→5 (+1)","4","Sun",true,true,,,,,,,,"7-22 second-order seat inference via established A0 satellite; relation evaluated anchor→contact"
"seat-contact:D1:923:859:0","SEAT_CONTACT","scale:859","scale:923","859","923",false,false,"D1","D1",,,"0",,"2",,"single_degree","D5 7→6 (-1)","5","Venus",true,true,,,,,,,,"7-22 second-order seat inference via established A0 satellite; relation evaluated anchor→contact"
"seat-contact:D1:923:1435:0","SEAT_CONTACT","scale:1435","scale:923","1435","923",false,false,"D1","D1",,,"0",,"2",,"single_degree","D7 9→10 (+1)","7","Moon",true,true,,,,,,,,"7-22 second-order seat inference via established A0 satellite; relation evaluated anchor→contact"
"seat-contact:D1:923:1845:-1","SEAT_CONTACT","scale:1845","scale:923","1845","923",false,false,"D1","D1",,,"-1",,"2",,"root_phase","root 0→11; renormalize +1","1","Saturn",true,true,,,,,,,,"7-22 second-order seat inference via established A0 satellite; relation evaluated anchor→contact"
"seat-contact:D1:871:875:0","SEAT_CONTACT","scale:875","scale:871","875","871",false,false,"D1","D1",,,"0",,"2",,"single_degree","D3 2→3 (+1)","3","Mars",true,true,,,,,,,,"7-22 second-order seat inference via established A0 satellite; relation evaluated anchor→contact"
"seat-contact:D1:871:855:0","SEAT_CONTACT","scale:855","scale:871","855","871",false,false,"D1","D1",,,"0",,"2",,"single_degree","D4 5→4 (-1)","4","Sun",true,true,,,,,,,,"7-22 second-order seat inference via established A0 satellite; relation evaluated anchor→contact"
"seat-contact:D1:871:1383:0","SEAT_CONTACT","scale:1383","scale:871","1383","871",false,false,"D1","D1",,,"0",,"2",,"single_degree","D7 9→10 (+1)","7","Moon",true,true,,,,,,,,"7-22 second-order seat inference via established A0 satellite; relation evaluated anchor→contact"
"seat-contact:D1:871:1741:-1","SEAT_CONTACT","scale:1741","scale:871","1741","871",false,false,"D1","D1",,,"-1",,"2",,"root_phase","root 0→11; renormalize +1","1","Saturn",true,true,,,,,,,,"7-22 second-order seat inference via established A0 satellite; relation evaluated anchor→contact"
"seat-contact:D1:2509:2517:0","SEAT_CONTACT","scale:2517","scale:2509","2517","2509",false,false,"D1","D1",,,"0",,"2",,"single_degree","D3 3→4 (+1)","3","Mars",true,true,,,,,,,,"7-22 second-order seat inference via established A0 satellite; relation evaluated anchor→contact"
"seat-contact:D1:2509:2477:0","SEAT_CONTACT","scale:2477","scale:2509","2477","2509",false,false,"D1","D1",,,"0",,"2",,"single_degree","D4 6→5 (-1)","4","Sun",true,true,,,,,,,,"7-22 second-order seat inference via established A0 satellite; relation evaluated anchor→contact"
"seat-contact:D1:2509:2765:0","SEAT_CONTACT","scale:2765","scale:2509","2765","2509",false,false,"D1","D1",,,"0",,"2",,"single_degree","D6 8→9 (+1)","6","Mercury",true,true,,,,,,,,"7-22 second-order seat inference via established A0 satellite; relation evaluated anchor→contact"
"seat-contact:D1:2509:1485:0","SEAT_CONTACT","scale:1485","scale:2509","1485","2509",false,false,"D1","D1",,,"0",,"2",,"single_degree","D7 11→10 (-1)","7","Moon",true,true,,,,,,,,"7-22 second-order seat inference via established A0 satellite; relation evaluated anchor→contact"
"seat-contact:D1:2483:2485:0","SEAT_CONTACT","scale:2485","scale:2483","2485","2483",false,false,"D1","D1",,,"0",,"2",,"single_degree","D2 1→2 (+1)","2","Jupiter",true,true,,,,,,,,"7-22 second-order seat inference via established A0 satellite; relation evaluated anchor→contact"
"seat-contact:D1:2483:2475:0","SEAT_CONTACT","scale:2475","scale:2483","2475","2483",false,false,"D1","D1",,,"0",,"2",,"single_degree","D3 4→3 (-1)","3","Mars",true,true,,,,,,,,"7-22 second-order seat inference via established A0 satellite; relation evaluated anchor→contact"
"seat-contact:D1:2483:2739:0","SEAT_CONTACT","scale:2739","scale:2483","2739","2483",false,false,"D1","D1",,,"0",,"2",,"single_degree","D6 8→9 (+1)","6","Mercury",true,true,,,,,,,,"7-22 second-order seat inference via established A0 satellite; relation evaluated anchor→contact"
"seat-contact:D1:2483:1459:0","SEAT_CONTACT","scale:1459","scale:2483","1459","2483",false,false,"D1","D1",,,"0",,"2",,"single_degree","D7 11→10 (-1)","7","Moon",true,true,,,,,,,,"7-22 second-order seat inference via established A0 satellite; relation evaluated anchor→contact"
"seat-contact:D1:1651:1653:0","SEAT_CONTACT","scale:1653","scale:1651","1653","1651",false,false,"D1","D1",,,"0",,"2",,"single_degree","D2 1→2 (+1)","2","Jupiter",true,true,,,,,,,,"7-22 second-order seat inference via established A0 satellite; relation evaluated anchor→contact"
"seat-contact:D1:1651:1643:0","SEAT_CONTACT","scale:1643","scale:1651","1643","1651",false,false,"D1","D1",,,"0",,"2",,"single_degree","D3 4→3 (-1)","3","Mars",true,true,,,,,,,,"7-22 second-order seat inference via established A0 satellite; relation evaluated anchor→contact"
"seat-contact:D1:1651:1715:0","SEAT_CONTACT","scale:1715","scale:1651","1715","1651",false,false,"D1","D1",,,"0",,"2",,"single_degree","D5 6→7 (+1)","5","Venus",true,true,,,,,,,,"7-22 second-order seat inference via established A0 satellite; relation evaluated anchor→contact"
"seat-contact:D1:1651:1395:0","SEAT_CONTACT","scale:1395","scale:1651","1395","1651",false,false,"D1","D1",,,"0",,"2",,"single_degree","D6 9→8 (-1)","6","Mercury",true,true,,,,,,,,"7-22 second-order seat inference via established A0 satellite; relation evaluated anchor→contact"
"seat-contact:D1:3289:3285:0","SEAT_CONTACT","scale:3285","scale:3289","3285","3289",false,false,"D1","D1",,,"0",,"2",,"single_degree","D2 3→2 (-1)","2","Jupiter",true,true,,,,,,,,"7-22 second-order seat inference via established A0 satellite; relation evaluated anchor→contact"
"seat-contact:D1:3289:3417:0","SEAT_CONTACT","scale:3417","scale:3289","3417","3289",false,false,"D1","D1",,,"0",,"2",,"single_degree","D5 7→8 (+1)","5","Venus",true,true,,,,,,,,"7-22 second-order seat inference via established A0 satellite; relation evaluated anchor→contact"
"seat-contact:D1:3289:2777:0","SEAT_CONTACT","scale:2777","scale:3289","2777","3289",false,false,"D1","D1",,,"0",,"2",,"single_degree","D6 10→9 (-1)","6","Mercury",true,true,,,,,,,,"7-22 second-order seat inference via established A0 satellite; relation evaluated anchor→contact"
"seat-contact:D1:3289:1645:1","SEAT_CONTACT","scale:1645","scale:3289","1645","3289",false,false,"D1","D1",,,"1",,"2",,"root_phase","root 0→1; renormalize −1","1","Saturn",true,true,,,,,,,,"7-22 second-order seat inference via established A0 satellite; relation evaluated anchor→contact"
"seat-contact:D1:2873:2869:0","SEAT_CONTACT","scale:2869","scale:2873","2869","2873",false,false,"D1","D1",,,"0",,"2",,"single_degree","D2 3→2 (-1)","2","Jupiter",true,true,,,,,,,,"7-22 second-order seat inference via established A0 satellite; relation evaluated anchor→contact"
"seat-contact:D1:2873:2905:0","SEAT_CONTACT","scale:2905","scale:2873","2905","2873",false,false,"D1","D1",,,"0",,"2",,"single_degree","D4 5→6 (+1)","4","Sun",true,true,,,,,,,,"7-22 second-order seat inference via established A0 satellite; relation evaluated anchor→contact"
"seat-contact:D1:2873:2745:0","SEAT_CONTACT","scale:2745","scale:2873","2745","2873",false,false,"D1","D1",,,"0",,"2",,"single_degree","D5 8→7 (-1)","5","Venus",true,true,,,,,,,,"7-22 second-order seat inference via established A0 satellite; relation evaluated anchor→contact"
"seat-contact:D1:2873:1437:1","SEAT_CONTACT","scale:1437","scale:2873","1437","2873",false,false,"D1","D1",,,"1",,"2",,"root_phase","root 0→1; renormalize −1","1","Saturn",true,true,,,,,,,,"7-22 second-order seat inference via established A0 satellite; relation evaluated anchor→contact"
"governs:D1:923:919:0","GOVERNS","scale:923","scale:919","923","919",true,true,"D1","D1",,,"0",,"2",,"single_degree","D3 3→2 (-1)","3","Mars",true,true,,,,,,,,"7-22 eligible relation; satellite-mediated D1 tier"
"governs:D1:923:925:0","GOVERNS","scale:923","scale:925","923","925",true,true,"D1","D1",,,"0",,"2",,"single_degree","D2 1→2 (+1)","2","Jupiter",true,true,,,,,,,,"7-22 eligible relation; satellite-mediated D1 tier"
"governs:D1:871:743:0","GOVERNS","scale:871","scale:743","871","743",true,true,"D1","D1",,,"0",,"2",,"single_degree","D6 8→7 (-1)","6","Mercury",true,true,,,,,,,,"7-22 eligible relation; satellite-mediated D1 tier"
"governs:D1:871:935:0","GOVERNS","scale:871","scale:935","871","935",true,true,"D1","D1",,,"0",,"2",,"single_degree","D5 6→7 (+1)","5","Venus",true,true,,,,,,,,"7-22 eligible relation; satellite-mediated D1 tier"
"governs:D1:2509:1255:1","GOVERNS","scale:2509","scale:1255","2509","1255",true,true,"D1","D1",,,"1",,"2",,"root_phase","root 0→1; renormalize −1","1","Saturn",true,true,,,,,,,,"7-22 eligible relation; satellite-mediated D1 tier"
"governs:D1:2509:2507:0","GOVERNS","scale:2509","scale:2507","2509","2507",true,true,"D1","D1",,,"0",,"2",,"single_degree","D2 2→1 (-1)","2","Jupiter",true,true,,,,,,,,"7-22 eligible relation; satellite-mediated D1 tier"
"governs:D1:2483:2419:0","GOVERNS","scale:2483","scale:2419","2483","2419",true,true,"D1","D1",,,"0",,"2",,"single_degree","D5 7→6 (-1)","5","Venus",true,true,,,,,,,,"7-22 eligible relation; satellite-mediated D1 tier"
"governs:D1:2483:2515:0","GOVERNS","scale:2483","scale:2515","2483","2515",true,true,"D1","D1",,,"0",,"2",,"single_degree","D4 5→6 (+1)","4","Sun",true,true,,,,,,,,"7-22 eligible relation; satellite-mediated D1 tier"
"governs:D1:1651:2675:0","GOVERNS","scale:1651","scale:2675","1651","2675",true,true,"D1","D1",,,"0",,"2",,"single_degree","D7 10→11 (+1)","7","Moon",true,true,,,,,,,,"7-22 eligible relation; satellite-mediated D1 tier"
"governs:D1:1651:3301:-1","GOVERNS","scale:1651","scale:3301","1651","3301",true,true,"D1","D1",,,"-1",,"2",,"root_phase","root 0→11; renormalize +1","1","Saturn",true,true,,,,,,,,"7-22 eligible relation; satellite-mediated D1 tier"
"governs:D1:3289:3257:0","GOVERNS","scale:3289","scale:3257","3289","3257",true,true,"D1","D1",,,"0",,"2",,"single_degree","D4 6→5 (-1)","4","Sun",true,true,,,,,,,,"7-22 eligible relation; satellite-mediated D1 tier"
"governs:D1:3289:3305:0","GOVERNS","scale:3289","scale:3305","3289","3305",true,true,"D1","D1",,,"0",,"2",,"single_degree","D3 4→5 (+1)","3","Mars",true,true,,,,,,,,"7-22 eligible relation; satellite-mediated D1 tier"
"governs:D1:2873:1849:0","GOVERNS","scale:2873","scale:1849","2873","1849",true,true,"D1","D1",,,"0",,"2",,"single_degree","D7 11→10 (-1)","7","Moon",true,true,,,,,,,,"7-22 eligible relation; satellite-mediated D1 tier"
"governs:D1:2873:3385:0","GOVERNS","scale:2873","scale:3385","2873","3385",true,true,"D1","D1",,,"0",,"2",,"single_degree","D6 9→10 (+1)","6","Mercury",true,true,,,,,,,,"7-22 eligible relation; satellite-mediated D1 tier"
"modal:D1:2483:3289","MODAL_SUCCESSOR","scale:2483","scale:3289","2483","3289",true,false,"D1","D1",,,,,,,,,,,true,true,,,,,,,,"7-22 modal orbit; governor successor +2 mod 7"
"modal:D1:3289:923","MODAL_SUCCESSOR","scale:3289","scale:923","3289","923",true,false,"D1","D1",,,,,,,,,,,true,true,,,,,,,,"7-22 modal orbit; governor successor +2 mod 7"
"modal:D1:923:2509","MODAL_SUCCESSOR","scale:923","scale:2509","923","2509",true,false,"D1","D1",,,,,,,,,,,true,true,,,,,,,,"7-22 modal orbit; governor successor +2 mod 7"
"modal:D1:2509:1651","MODAL_SUCCESSOR","scale:2509","scale:1651","2509","1651",true,false,"D1","D1",,,,,,,,,,,true,true,,,,,,,,"7-22 modal orbit; governor successor +2 mod 7"
"modal:D1:1651:2873","MODAL_SUCCESSOR","scale:1651","scale:2873","1651","2873",true,false,"D1","D1",,,,,,,,,,,true,true,,,,,,,,"7-22 modal orbit; governor successor +2 mod 7"
"modal:D1:2873:871","MODAL_SUCCESSOR","scale:2873","scale:871","2873","871",true,false,"D1","D1",,,,,,,,,,,true,true,,,,,,,,"7-22 modal orbit; governor successor +2 mod 7"
"modal:D1:871:2483","MODAL_SUCCESSOR","scale:871","scale:2483","871","2483",true,false,"D1","D1",,,,,,,,,,,true,true,,,,,,,,"7-22 modal orbit; governor successor +2 mod 7"
"seat-contact:D2:2787:2789:0","SEAT_CONTACT","scale:2789","scale:2787","2789","2787",false,false,"D2","D2",,,"0",,"2","4","single_degree","D2 1→2 (+1)","2","Jupiter",true,true,,,,,,,,"7-15 same-office seat convergence via established A0 satellite; relation evaluated anchor→contact"
"seat-contact:D2:2787:2771:0","SEAT_CONTACT","scale:2771","scale:2787","2771","2787",false,false,"D2","D2",,,"0",,"2","4","single_degree","D3 5→4 (-1)","3","Mars",true,true,,,,,,,,"7-15 same-office seat convergence via established A0 satellite; relation evaluated anchor→contact"
"seat-contact:D2:3189:3253:0","SEAT_CONTACT","scale:3253","scale:3189","3253","3189",false,false,"D2","D2",,,"0",,"2","4","single_degree","D5 6→7 (+1)","5","Venus",true,true,,,,,,,,"7-15 same-office seat convergence via established A0 satellite; relation evaluated anchor→contact"
"seat-contact:D2:3189:2677:0","SEAT_CONTACT","scale:2677","scale:3189","2677","3189",false,false,"D2","D2",,,"0",,"2","4","single_degree","D6 10→9 (-1)","6","Mercury",true,true,,,,,,,,"7-15 same-office seat convergence via established A0 satellite; relation evaluated anchor→contact"
"seat-contact:D2:3441:3433:0","SEAT_CONTACT","scale:3433","scale:3441","3433","3441",false,false,"D2","D2",,,"0",,"2",,"single_degree","D2 4→3 (-1)","2","Jupiter",true,true,,,,,,,,"7-15 same-office seat convergence via established A0 satellite; relation evaluated anchor→contact"
"seat-contact:D2:3441:1721:1","SEAT_CONTACT","scale:1721","scale:3441","1721","3441",false,false,"D2","D2",,,"1",,"2",,"root_phase","root 0→1; renormalize −1","1","Saturn",true,true,,,,,,,,"7-15 same-office seat convergence via established A0 satellite; relation evaluated anchor→contact"
"seat-contact:D2:1821:1837:0","SEAT_CONTACT","scale:1837","scale:1821","1837","1821",false,false,"D2","D2",,,"0",,"2","4","single_degree","D4 4→5 (+1)","4","Sun",true,true,,,,,,,,"7-15 same-office seat convergence via established A0 satellite; relation evaluated anchor→contact"
"seat-contact:D2:1821:1693:0","SEAT_CONTACT","scale:1693","scale:1821","1693","1821",false,false,"D2","D2",,,"0",,"2","4","single_degree","D5 8→7 (-1)","5","Venus",true,true,,,,,,,,"7-15 same-office seat convergence via established A0 satellite; relation evaluated anchor→contact"
"seat-contact:D2:471:727:0","SEAT_CONTACT","scale:727","scale:471","727","471",false,false,"D2","D2",,,"0",,"2",,"single_degree","D7 8→9 (+1)","7","Moon",true,true,,,,,,,,"7-15 same-office seat convergence via established A0 satellite; relation evaluated anchor→contact"
"seat-contact:D2:471:941:-1","SEAT_CONTACT","scale:941","scale:471","941","471",false,false,"D2","D2",,,"-1",,"2",,"root_phase","root 0→11; renormalize +1","1","Saturn",true,true,,,,,,,,"7-15 same-office seat convergence via established A0 satellite; relation evaluated anchor→contact"
"seat-contact:D2:1479:1483:0","SEAT_CONTACT","scale:1483","scale:1479","1483","1479",false,false,"D2","D2",,,"0",,"2","4","single_degree","D3 2→3 (+1)","3","Mars",true,true,,,,,,,,"7-15 same-office seat convergence via established A0 satellite; relation evaluated anchor→contact"
"seat-contact:D2:1479:1447:0","SEAT_CONTACT","scale:1447","scale:1479","1447","1479",false,false,"D2","D2",,,"0",,"2","4","single_degree","D4 6→5 (-1)","4","Sun",true,true,,,,,,,,"7-15 same-office seat convergence via established A0 satellite; relation evaluated anchor→contact"
"seat-contact:D2:2283:2411:0","SEAT_CONTACT","scale:2411","scale:2283","2411","2283",false,false,"D2","D2",,,"0",,"2","4","single_degree","D6 7→8 (+1)","6","Mercury",true,true,,,,,,,,"7-15 same-office seat convergence via established A0 satellite; relation evaluated anchor→contact"
"seat-contact:D2:2283:1259:0","SEAT_CONTACT","scale:1259","scale:2283","1259","2283",false,false,"D2","D2",,,"0",,"2","4","single_degree","D7 11→10 (-1)","7","Moon",true,true,,,,,,,,"7-15 same-office seat convergence via established A0 satellite; relation evaluated anchor→contact"
"governs:D2:2787:2531:0","GOVERNS","scale:2787","scale:2531","2787","2531",true,true,"D2","D2",,,"0",,"2",,"single_degree","D6 9→8 (-1)","6","Mercury",true,true,,,,,,,,"7-15 eligible relation; same-office D2 tier"
"governs:D2:2787:3299:0","GOVERNS","scale:2787","scale:3299","2787","3299",true,true,"D2","D2",,,"0",,"2",,"single_degree","D6 9→10 (+1)","6","Mercury",true,true,,,,,,,,"7-15 eligible relation; same-office D2 tier"
"governs:D2:2787:1763:0","GOVERNS","scale:2787","scale:1763","2787","1763",true,true,"D2","D2",,,"0",,"2",,"single_degree","D7 11→10 (-1)","7","Moon",true,true,,,,,,,,"7-15 eligible relation; same-office D2 tier"
"governs:D2:2787:2915:0","GOVERNS","scale:2787","scale:2915","2787","2915",true,true,"D2","D2",,,"0",,"2",,"single_degree","D5 7→8 (+1)","5","Venus",true,true,,,,,,,,"7-15 eligible relation; same-office D2 tier"
"governs:D2:3189:3187:0","GOVERNS","scale:3189","scale:3187","3189","3187",true,true,"D2","D2",,,"0",,"2",,"single_degree","D2 2→1 (-1)","2","Jupiter",true,true,,,,,,,,"7-15 eligible relation; same-office D2 tier"
"governs:D2:3189:3193:0","GOVERNS","scale:3189","scale:3193","3189","3193",true,true,"D2","D2",,,"0",,"2",,"single_degree","D2 2→3 (+1)","2","Jupiter",true,true,,,,,,,,"7-15 eligible relation; same-office D2 tier"
"governs:D2:3189:1595:1","GOVERNS","scale:3189","scale:1595","3189","1595",true,true,"D2","D2",,,"1",,"2",,"root_phase","root 0→1; renormalize −1","1","Saturn",true,true,,,,,,,,"7-15 eligible relation; same-office D2 tier"
"governs:D2:3189:3181:0","GOVERNS","scale:3189","scale:3181","3189","3181",true,true,"D2","D2",,,"0",,"2",,"single_degree","D3 4→3 (-1)","3","Mars",true,true,,,,,,,,"7-15 eligible relation; same-office D2 tier"
"governs:D2:3441:3313:0","GOVERNS","scale:3441","scale:3313","3441","3313",true,true,"D2","D2",,,"0",,"2",,"single_degree","D5 8→7 (-1)","5","Venus",true,true,,,,,,,,"7-15 eligible relation; same-office D2 tier"
"governs:D2:3441:3697:0","GOVERNS","scale:3441","scale:3697","3441","3697",true,true,"D2","D2",,,"0",,"2",,"single_degree","D5 8→9 (+1)","5","Venus",true,true,,,,,,,,"7-15 eligible relation; same-office D2 tier"
"governs:D2:3441:2929:0","GOVERNS","scale:3441","scale:2929","3441","2929",true,true,"D2","D2",,,"0",,"2",,"single_degree","D6 10→9 (-1)","6","Mercury",true,true,,,,,,,,"7-15 eligible relation; same-office D2 tier"
"governs:D2:3441:3505:0","GOVERNS","scale:3441","scale:3505","3441","3505",true,true,"D2","D2",,,"0",,"2",,"single_degree","D4 6→7 (+1)","4","Sun",true,true,,,,,,,,"7-15 eligible relation; same-office D2 tier"
"governs:D2:1821:911:1","GOVERNS","scale:1821","scale:911","1821","911",true,true,"D2","D2",,,"1",,"2",,"root_phase","root 0→1; renormalize −1","1","Saturn",true,true,,,,,,,,"7-15 eligible relation; same-office D2 tier"
"governs:D2:1821:3641:-1","GOVERNS","scale:1821","scale:3641","1821","3641",true,true,"D2","D2",,,"-1",,"2",,"root_phase","root 0→11; renormalize +1","1","Saturn",true,true,,,,,,,,"7-15 eligible relation; same-office D2 tier"
"governs:D2:1821:1819:0","GOVERNS","scale:1821","scale:1819","1821","1819",true,true,"D2","D2",,,"0",,"2",,"single_degree","D2 2→1 (-1)","2","Jupiter",true,true,,,,,,,,"7-15 eligible relation; same-office D2 tier"
"governs:D2:1821:2845:0","GOVERNS","scale:1821","scale:2845","1821","2845",true,true,"D2","D2",,,"0",,"2",,"single_degree","D7 10→11 (+1)","7","Moon",true,true,,,,,,,,"7-15 eligible relation; same-office D2 tier"
"governs:D2:471:463:0","GOVERNS","scale:471","scale:463","471","463",true,true,"D2","D2",,,"0",,"2",,"single_degree","D4 4→3 (-1)","4","Sun",true,true,,,,,,,,"7-15 eligible relation; same-office D2 tier"
"governs:D2:471:487:0","GOVERNS","scale:471","scale:487","471","487",true,true,"D2","D2",,,"0",,"2",,"single_degree","D4 4→5 (+1)","4","Sun",true,true,,,,,,,,"7-15 eligible relation; same-office D2 tier"
"governs:D2:471:439:0","GOVERNS","scale:471","scale:439","471","439",true,true,"D2","D2",,,"0",,"2",,"single_degree","D5 6→5 (-1)","5","Venus",true,true,,,,,,,,"7-15 eligible relation; same-office D2 tier"
"governs:D2:471:475:0","GOVERNS","scale:471","scale:475","471","475",true,true,"D2","D2",,,"0",,"2",,"single_degree","D3 2→3 (+1)","3","Mars",true,true,,,,,,,,"7-15 eligible relation; same-office D2 tier"
"governs:D2:1479:967:0","GOVERNS","scale:1479","scale:967","1479","967",true,true,"D2","D2",,,"0",,"2",,"single_degree","D7 10→9 (-1)","7","Moon",true,true,,,,,,,,"7-15 eligible relation; same-office D2 tier"
"governs:D2:1479:2503:0","GOVERNS","scale:1479","scale:2503","1479","2503",true,true,"D2","D2",,,"0",,"2",,"single_degree","D7 10→11 (+1)","7","Moon",true,true,,,,,,,,"7-15 eligible relation; same-office D2 tier"
"governs:D2:1479:1735:0","GOVERNS","scale:1479","scale:1735","1479","1735",true,true,"D2","D2",,,"0",,"2",,"single_degree","D6 8→9 (+1)","6","Mercury",true,true,,,,,,,,"7-15 eligible relation; same-office D2 tier"
"governs:D2:1479:2957:-1","GOVERNS","scale:1479","scale:2957","1479","2957",true,true,"D2","D2",,,"-1",,"2",,"root_phase","root 0→11; renormalize +1","1","Saturn",true,true,,,,,,,,"7-15 eligible relation; same-office D2 tier"
"governs:D2:2283:2279:0","GOVERNS","scale:2283","scale:2279","2283","2279",true,true,"D2","D2",,,"0",,"2",,"single_degree","D3 3→2 (-1)","3","Mars",true,true,,,,,,,,"7-15 eligible relation; same-office D2 tier"
"governs:D2:2283:2291:0","GOVERNS","scale:2283","scale:2291","2283","2291",true,true,"D2","D2",,,"0",,"2",,"single_degree","D3 3→4 (+1)","3","Mars",true,true,,,,,,,,"7-15 eligible relation; same-office D2 tier"
"governs:D2:2283:2267:0","GOVERNS","scale:2283","scale:2267","2283","2267",true,true,"D2","D2",,,"0",,"2",,"single_degree","D4 5→4 (-1)","4","Sun",true,true,,,,,,,,"7-15 eligible relation; same-office D2 tier"
"governs:D2:2283:2285:0","GOVERNS","scale:2283","scale:2285","2283","2285",true,true,"D2","D2",,,"0",,"2",,"single_degree","D2 1→2 (+1)","2","Jupiter",true,true,,,,,,,,"7-15 eligible relation; same-office D2 tier"
"modal:D2:471:2283","MODAL_SUCCESSOR","scale:471","scale:2283","471","2283",true,false,"D2","D2",,,,,,,,,,,true,true,,,,,,,,"7-15 modal orbit; governor successor +2 mod 7"
"modal:D2:2283:3189","MODAL_SUCCESSOR","scale:2283","scale:3189","2283","3189",true,false,"D2","D2",,,,,,,,,,,true,true,,,,,,,,"7-15 modal orbit; governor successor +2 mod 7"
"modal:D2:3189:1821","MODAL_SUCCESSOR","scale:3189","scale:1821","3189","1821",true,false,"D2","D2",,,,,,,,,,,true,true,,,,,,,,"7-15 modal orbit; governor successor +2 mod 7"
"modal:D2:1821:1479","MODAL_SUCCESSOR","scale:1821","scale:1479","1821","1479",true,false,"D2","D2",,,,,,,,,,,true,true,,,,,,,,"7-15 modal orbit; governor successor +2 mod 7"
"modal:D2:1479:2787","MODAL_SUCCESSOR","scale:1479","scale:2787","1479","2787",true,false,"D2","D2",,,,,,,,,,,true,true,,,,,,,,"7-15 modal orbit; governor successor +2 mod 7"
"modal:D2:2787:3441","MODAL_SUCCESSOR","scale:2787","scale:3441","2787","3441",true,false,"D2","D2",,,,,,,,,,,true,true,,,,,,,,"7-15 modal orbit; governor successor +2 mod 7"
"modal:D2:3441:471","MODAL_SUCCESSOR","scale:3441","scale:471","3441","471",true,false,"D2","D2",,,,,,,,,,,true,true,,,,,,,,"7-15 modal orbit; governor successor +2 mod 7"
"modal:D2-satellite:7-7:1:2531:3313","MODAL_SUCCESSOR","scale:2531","scale:3313","2531","3313",true,false,"D2","D2",,,,,,,,,,,true,true,,,,,,,,"7-7 D2 satellite modal orbit 1; governor successor +2 mod 7"
"modal:D2-satellite:7-7:1:3313:463","MODAL_SUCCESSOR","scale:3313","scale:463","3313","463",true,false,"D2","D2",,,,,,,,,,,true,true,,,,,,,,"7-7 D2 satellite modal orbit 1; governor successor +2 mod 7"
"modal:D2-satellite:7-7:1:463:2279","MODAL_SUCCESSOR","scale:463","scale:2279","463","2279",true,false,"D2","D2",,,,,,,,,,,true,true,,,,,,,,"7-7 D2 satellite modal orbit 1; governor successor +2 mod 7"
"modal:D2-satellite:7-7:1:2279:3187","MODAL_SUCCESSOR","scale:2279","scale:3187","2279","3187",true,false,"D2","D2",,,,,,,,,,,true,true,,,,,,,,"7-7 D2 satellite modal orbit 1; governor successor +2 mod 7"
"modal:D2-satellite:7-7:1:3187:3641","MODAL_SUCCESSOR","scale:3187","scale:3641","3187","3641",true,false,"D2","D2",,,,,,,,,,,true,true,,,,,,,,"7-7 D2 satellite modal orbit 1; governor successor +2 mod 7"
"modal:D2-satellite:7-7:1:3641:967","MODAL_SUCCESSOR","scale:3641","scale:967","3641","967",true,false,"D2","D2",,,,,,,,,,,true,true,,,,,,,,"7-7 D2 satellite modal orbit 1; governor successor +2 mod 7"
"modal:D2-satellite:7-7:1:967:2531","MODAL_SUCCESSOR","scale:967","scale:2531","967","2531",true,false,"D2","D2",,,,,,,,,,,true,true,,,,,,,,"7-7 D2 satellite modal orbit 1; governor successor +2 mod 7"
"modal:D2-satellite:7-7:2:3299:3697","MODAL_SUCCESSOR","scale:3299","scale:3697","3299","3697",true,false,"D2","D2",,,,,,,,,,,true,true,,,,,,,,"7-7 D2 satellite modal orbit 2; governor successor +2 mod 7"
"modal:D2-satellite:7-7:2:3697:487","MODAL_SUCCESSOR","scale:3697","scale:487","3697","487",true,false,"D2","D2",,,,,,,,,,,true,true,,,,,,,,"7-7 D2 satellite modal orbit 2; governor successor +2 mod 7"
"modal:D2-satellite:7-7:2:487:2291","MODAL_SUCCESSOR","scale:487","scale:2291","487","2291",true,false,"D2","D2",,,,,,,,,,,true,true,,,,,,,,"7-7 D2 satellite modal orbit 2; governor successor +2 mod 7"
"modal:D2-satellite:7-7:2:2291:3193","MODAL_SUCCESSOR","scale:2291","scale:3193","2291","3193",true,false,"D2","D2",,,,,,,,,,,true,true,,,,,,,,"7-7 D2 satellite modal orbit 2; governor successor +2 mod 7"
"modal:D2-satellite:7-7:2:3193:911","MODAL_SUCCESSOR","scale:3193","scale:911","3193","911",true,false,"D2","D2",,,,,,,,,,,true,true,,,,,,,,"7-7 D2 satellite modal orbit 2; governor successor +2 mod 7"
"modal:D2-satellite:7-7:2:911:2503","MODAL_SUCCESSOR","scale:911","scale:2503","911","2503",true,false,"D2","D2",,,,,,,,,,,true,true,,,,,,,,"7-7 D2 satellite modal orbit 2; governor successor +2 mod 7"
"modal:D2-satellite:7-7:2:2503:3299","MODAL_SUCCESSOR","scale:2503","scale:3299","2503","3299",true,false,"D2","D2",,,,,,,,,,,true,true,,,,,,,,"7-7 D2 satellite modal orbit 2; governor successor +2 mod 7"
"modal:D2-satellite:7-Z38:1:1763:2929","MODAL_SUCCESSOR","scale:1763","scale:2929","1763","2929",true,false,"D2","D2",,,,,,,,,,,true,true,,,,,,,,"7-Z38 D2 satellite modal orbit 1; governor successor +2 mod 7"
"modal:D2-satellite:7-Z38:1:2929:439","MODAL_SUCCESSOR","scale:2929","scale:439","2929","439",true,false,"D2","D2",,,,,,,,,,,true,true,,,,,,,,"7-Z38 D2 satellite modal orbit 1; governor successor +2 mod 7"
"modal:D2-satellite:7-Z38:1:439:2267","MODAL_SUCCESSOR","scale:439","scale:2267","439","2267",true,false,"D2","D2",,,,,,,,,,,true,true,,,,,,,,"7-Z38 D2 satellite modal orbit 1; governor successor +2 mod 7"
"modal:D2-satellite:7-Z38:1:2267:3181","MODAL_SUCCESSOR","scale:2267","scale:3181","2267","3181",true,false,"D2","D2",,,,,,,,,,,true,true,,,,,,,,"7-Z38 D2 satellite modal orbit 1; governor successor +2 mod 7"
"modal:D2-satellite:7-Z38:1:3181:1819","MODAL_SUCCESSOR","scale:3181","scale:1819","3181","1819",true,false,"D2","D2",,,,,,,,,,,true,true,,,,,,,,"7-Z38 D2 satellite modal orbit 1; governor successor +2 mod 7"
"modal:D2-satellite:7-Z38:1:1819:2957","MODAL_SUCCESSOR","scale:1819","scale:2957","1819","2957",true,false,"D2","D2",,,,,,,,,,,true,true,,,,,,,,"7-Z38 D2 satellite modal orbit 1; governor successor +2 mod 7"
"modal:D2-satellite:7-Z38:1:2957:1763","MODAL_SUCCESSOR","scale:2957","scale:1763","2957","1763",true,false,"D2","D2",,,,,,,,,,,true,true,,,,,,,,"7-Z38 D2 satellite modal orbit 1; governor successor +2 mod 7"
"modal:D2-satellite:7-Z38:2:2915:3505","MODAL_SUCCESSOR","scale:2915","scale:3505","2915","3505",true,false,"D2","D2",,,,,,,,,,,true,true,,,,,,,,"7-Z38 D2 satellite modal orbit 2; governor successor +2 mod 7"
"modal:D2-satellite:7-Z38:2:3505:475","MODAL_SUCCESSOR","scale:3505","scale:475","3505","475",true,false,"D2","D2",,,,,,,,,,,true,true,,,,,,,,"7-Z38 D2 satellite modal orbit 2; governor successor +2 mod 7"
"modal:D2-satellite:7-Z38:2:475:2285","MODAL_SUCCESSOR","scale:475","scale:2285","475","2285",true,false,"D2","D2",,,,,,,,,,,true,true,,,,,,,,"7-Z38 D2 satellite modal orbit 2; governor successor +2 mod 7"
"modal:D2-satellite:7-Z38:2:2285:1595","MODAL_SUCCESSOR","scale:2285","scale:1595","2285","1595",true,false,"D2","D2",,,,,,,,,,,true,true,,,,,,,,"7-Z38 D2 satellite modal orbit 2; governor successor +2 mod 7"
"modal:D2-satellite:7-Z38:2:1595:2845","MODAL_SUCCESSOR","scale:1595","scale:2845","1595","2845",true,false,"D2","D2",,,,,,,,,,,true,true,,,,,,,,"7-Z38 D2 satellite modal orbit 2; governor successor +2 mod 7"
"modal:D2-satellite:7-Z38:2:2845:1735","MODAL_SUCCESSOR","scale:2845","scale:1735","2845","1735",true,false,"D2","D2",,,,,,,,,,,true,true,,,,,,,,"7-Z38 D2 satellite modal orbit 2; governor successor +2 mod 7"
"modal:D2-satellite:7-Z38:2:1735:2915","MODAL_SUCCESSOR","scale:1735","scale:2915","1735","2915",true,false,"D2","D2",,,,,,,,,,,true,true,,,,,,,,"7-Z38 D2 satellite modal orbit 2; governor successor +2 mod 7"
"seat-contact:D3:1891:1893:0","SEAT_CONTACT","scale:1893","scale:1891","1893","1891",false,false,"D3","D3","A2",,"0",,"2","4","single_degree","D2 1→2 (+1)","2","Jupiter",true,true,,,,,,,,"7-Z37 dual-tier same-office convergence via established A2 satellite; relation evaluated anchor→contact"
"seat-contact:D3:1891:1875:0","SEAT_CONTACT","scale:1875","scale:1891","1875","1891",false,false,"D3","D3","A2",,"0",,"2","4","single_degree","D3 5→4 (-1)","3","Mars",true,true,,,,,,,,"7-Z37 dual-tier same-office convergence via established A2 satellite; relation evaluated anchor→contact"
"seat-contact:D3:1891:1763:0","SEAT_CONTACT","scale:1763","scale:1891","1763","1891",false,false,"D3","D3","D2",,"0",,"2","4","single_degree","D5 8→7 (-1)","5","Venus",true,true,,,,,,,,"7-Z37 dual-tier same-office convergence via established D2 satellite; relation evaluated anchor→contact"
"seat-contact:D3:1891:2915:0","SEAT_CONTACT","scale:2915","scale:1891","2915","1891",false,false,"D3","D3","D2",,"0",,"2","4","single_degree","D7 10→11 (+1)","7","Moon",true,true,,,,,,,,"7-Z37 dual-tier same-office convergence via established D2 satellite; relation evaluated anchor→contact"
"seat-contact:D3:1591:1595:0","SEAT_CONTACT","scale:1595","scale:1591","1595","1591",false,false,"D3","D3","D2",,"0",,"2","4","single_degree","D3 2→3 (+1)","3","Mars",true,true,,,,,,,,"7-Z37 dual-tier same-office convergence via established D2 satellite; relation evaluated anchor→contact"
"seat-contact:D3:1591:1623:0","SEAT_CONTACT","scale:1623","scale:1591","1623","1591",false,false,"D3","D3","A2",,"0",,"2","4","single_degree","D5 5→6 (+1)","5","Venus",true,true,,,,,,,,"7-Z37 dual-tier same-office convergence via established A2 satellite; relation evaluated anchor→contact"
"seat-contact:D3:1591:1335:0","SEAT_CONTACT","scale:1335","scale:1591","1335","1591",false,false,"D3","D3","A2",,"0",,"2","4","single_degree","D6 9→8 (-1)","6","Mercury",true,true,,,,,,,,"7-Z37 dual-tier same-office convergence via established A2 satellite; relation evaluated anchor→contact"
"seat-contact:D3:1591:3181:-1","SEAT_CONTACT","scale:3181","scale:1591","3181","1591",false,false,"D3","D3","D2",,"-1",,"2",,"root_phase","root 0→11; renormalize +1","1","Saturn",true,true,,,,,,,,"7-Z37 dual-tier same-office convergence via established D2 satellite; relation evaluated anchor→contact"
"seat-contact:D3:2993:2985:0","SEAT_CONTACT","scale:2985","scale:2993","2985","2993",false,false,"D3","D3","A2",,"0",,"2","4","single_degree","D2 4→3 (-1)","2","Jupiter",true,true,,,,,,,,"7-Z37 dual-tier same-office convergence via established A2 satellite; relation evaluated anchor→contact"
"seat-contact:D3:2993:2929:0","SEAT_CONTACT","scale:2929","scale:2993","2929","2993",false,false,"D3","D3","D2",,"0",,"2","4","single_degree","D4 7→6 (-1)","4","Sun",true,true,,,,,,,,"7-Z37 dual-tier same-office convergence via established D2 satellite; relation evaluated anchor→contact"
"seat-contact:D3:2993:3505:0","SEAT_CONTACT","scale:3505","scale:2993","3505","2993",false,false,"D3","D3","D2",,"0",,"2","4","single_degree","D6 9→10 (+1)","6","Mercury",true,true,,,,,,,,"7-Z37 dual-tier same-office convergence via established D2 satellite; relation evaluated anchor→contact"
"seat-contact:D3:2993:1497:1","SEAT_CONTACT","scale:1497","scale:2993","1497","2993",false,false,"D3","D3","A2",,"1",,"2",,"root_phase","root 0→1; renormalize −1","1","Saturn",true,true,,,,,,,,"7-Z37 dual-tier same-office convergence via established A2 satellite; relation evaluated anchor→contact"
"seat-contact:D3:2843:2845:0","SEAT_CONTACT","scale:2845","scale:2843","2845","2843",false,false,"D3","D3","D2",,"0",,"2","4","single_degree","D2 1→2 (+1)","2","Jupiter",true,true,,,,,,,,"7-Z37 dual-tier same-office convergence via established D2 satellite; relation evaluated anchor→contact"
"seat-contact:D3:2843:2859:0","SEAT_CONTACT","scale:2859","scale:2843","2859","2843",false,false,"D3","D3","A2",,"0",,"2","4","single_degree","D4 4→5 (+1)","4","Sun",true,true,,,,,,,,"7-Z37 dual-tier same-office convergence via established A2 satellite; relation evaluated anchor→contact"
"seat-contact:D3:2843:2715:0","SEAT_CONTACT","scale:2715","scale:2843","2715","2843",false,false,"D3","D3","A2",,"0",,"2","4","single_degree","D5 8→7 (-1)","5","Venus",true,true,,,,,,,,"7-Z37 dual-tier same-office convergence via established A2 satellite; relation evaluated anchor→contact"
"seat-contact:D3:2843:1819:0","SEAT_CONTACT","scale:1819","scale:2843","1819","2843",false,false,"D3","D3","D2",,"0",,"2","4","single_degree","D7 11→10 (-1)","7","Moon",true,true,,,,,,,,"7-Z37 dual-tier same-office convergence via established D2 satellite; relation evaluated anchor→contact"
"seat-contact:D3:443:439:0","SEAT_CONTACT","scale:439","scale:443","439","443",false,false,"D3","D3","D2",,"0",,"2","4","single_degree","D3 3→2 (-1)","3","Mars",true,true,,,,,,,,"7-Z37 dual-tier same-office convergence via established D2 satellite; relation evaluated anchor→contact"
"seat-contact:D3:443:475:0","SEAT_CONTACT","scale:475","scale:443","475","443",false,false,"D3","D3","D2",,"0",,"2","4","single_degree","D5 5→6 (+1)","5","Venus",true,true,,,,,,,,"7-Z37 dual-tier same-office convergence via established D2 satellite; relation evaluated anchor→contact"
"seat-contact:D3:443:699:0","SEAT_CONTACT","scale:699","scale:443","699","443",false,false,"D3","D3","A2",,"0",,"2","4","single_degree","D7 8→9 (+1)","7","Moon",true,true,,,,,,,,"7-Z37 dual-tier same-office convergence via established A2 satellite; relation evaluated anchor→contact"
"seat-contact:D3:443:885:-1","SEAT_CONTACT","scale:885","scale:443","885","443",false,false,"D3","D3","A2",,"-1",,"2",,"root_phase","root 0→11; renormalize +1","1","Saturn",true,true,,,,,,,,"7-Z37 dual-tier same-office convergence via established A2 satellite; relation evaluated anchor→contact"
"seat-contact:D3:3469:3477:0","SEAT_CONTACT","scale:3477","scale:3469","3477","3469",false,false,"D3","D3","A2",,"0",,"2","4","single_degree","D3 3→4 (+1)","3","Mars",true,true,,,,,,,,"7-Z37 dual-tier same-office convergence via established A2 satellite; relation evaluated anchor→contact"
"seat-contact:D3:3469:3405:0","SEAT_CONTACT","scale:3405","scale:3469","3405","3469",false,false,"D3","D3","A2",,"0",,"2","4","single_degree","D4 7→6 (-1)","4","Sun",true,true,,,,,,,,"7-Z37 dual-tier same-office convergence via established A2 satellite; relation evaluated anchor→contact"
"seat-contact:D3:3469:2957:0","SEAT_CONTACT","scale:2957","scale:3469","2957","3469",false,false,"D3","D3","D2",,"0",,"2","4","single_degree","D6 10→9 (-1)","6","Mercury",true,true,,,,,,,,"7-Z37 dual-tier same-office convergence via established D2 satellite; relation evaluated anchor→contact"
"seat-contact:D3:3469:1735:1","SEAT_CONTACT","scale:1735","scale:3469","1735","3469",false,false,"D3","D3","D2",,"1",,"2",,"root_phase","root 0→1; renormalize −1","1","Saturn",true,true,,,,,,,,"7-Z37 dual-tier same-office convergence via established D2 satellite; relation evaluated anchor→contact"
"seat-contact:D3:2269:2267:0","SEAT_CONTACT","scale:2267","scale:2269","2267","2269",false,false,"D3","D3","D2",,"0",,"2","4","single_degree","D2 2→1 (-1)","2","Jupiter",true,true,,,,,,,,"7-Z37 dual-tier same-office convergence via established D2 satellite; relation evaluated anchor→contact"
"seat-contact:D3:2269:2285:0","SEAT_CONTACT","scale:2285","scale:2269","2285","2269",false,false,"D3","D3","D2",,"0",,"2","4","single_degree","D4 4→5 (+1)","4","Sun",true,true,,,,,,,,"7-Z37 dual-tier same-office convergence via established D2 satellite; relation evaluated anchor→contact"
"seat-contact:D3:2269:2397:0","SEAT_CONTACT","scale:2397","scale:2269","2397","2269",false,false,"D3","D3","A2",,"0",,"2","4","single_degree","D6 7→8 (+1)","6","Mercury",true,true,,,,,,,,"7-Z37 dual-tier same-office convergence via established A2 satellite; relation evaluated anchor→contact"
"seat-contact:D3:2269:1245:0","SEAT_CONTACT","scale:1245","scale:2269","1245","2269",false,false,"D3","D3","A2",,"0",,"2","4","single_degree","D7 11→10 (-1)","7","Moon",true,true,,,,,,,,"7-Z37 dual-tier same-office convergence via established A2 satellite; relation evaluated anchor→contact"
"governs:D3:1891:1955:0","GOVERNS","scale:1891","scale:1955","1891","1955",true,true,"D3","D3",,,"0",,"2",,"single_degree","D4 6→7 (+1)","4","Sun",true,true,,,,,,,,"7-Z37 eligible relation; same-office D3 tier"
"governs:D3:1891:3781:-1","GOVERNS","scale:1891","scale:3781","1891","3781",true,true,"D3","D3",,,"-1",,"2",,"root_phase","root 0→11; renormalize +1","1","Saturn",true,true,,,,,,,,"7-Z37 eligible relation; same-office D3 tier"
"governs:D3:1591:1583:0","GOVERNS","scale:1591","scale:1583","1591","1583",true,true,"D3","D3",,,"0",,"2",,"single_degree","D4 4→3 (-1)","4","Sun",true,true,,,,,,,,"7-Z37 eligible relation; same-office D3 tier"
"governs:D3:1591:2615:0","GOVERNS","scale:1591","scale:2615","1591","2615",true,true,"D3","D3",,,"0",,"2",,"single_degree","D7 10→11 (+1)","7","Moon",true,true,,,,,,,,"7-Z37 eligible relation; same-office D3 tier"
"governs:D3:2993:1969:0","GOVERNS","scale:2993","scale:1969","2993","1969",true,true,"D3","D3",,,"0",,"2",,"single_degree","D7 11→10 (-1)","7","Moon",true,true,,,,,,,,"7-Z37 eligible relation; same-office D3 tier"
"governs:D3:2993:3025:0","GOVERNS","scale:2993","scale:3025","2993","3025",true,true,"D3","D3",,,"0",,"2",,"single_degree","D3 5→6 (+1)","3","Mars",true,true,,,,,,,,"7-Z37 eligible relation; same-office D3 tier"
"governs:D3:2843:2839:0","GOVERNS","scale:2843","scale:2839","2843","2839",true,true,"D3","D3",,,"0",,"2",,"single_degree","D3 3→2 (-1)","3","Mars",true,true,,,,,,,,"7-Z37 eligible relation; same-office D3 tier"
"governs:D3:2843:3355:0","GOVERNS","scale:2843","scale:3355","2843","3355",true,true,"D3","D3",,,"0",,"2",,"single_degree","D6 9→10 (+1)","6","Mercury",true,true,,,,,,,,"7-Z37 eligible relation; same-office D3 tier"
"governs:D3:443:379:0","GOVERNS","scale:443","scale:379","443","379",true,true,"D3","D3",,,"0",,"2",,"single_degree","D6 7→6 (-1)","6","Mercury",true,true,,,,,,,,"7-Z37 eligible relation; same-office D3 tier"
"governs:D3:443:445:0","GOVERNS","scale:443","scale:445","443","445",true,true,"D3","D3",,,"0",,"2",,"single_degree","D2 1→2 (+1)","2","Jupiter",true,true,,,,,,,,"7-Z37 eligible relation; same-office D3 tier"
"governs:D3:3469:3467:0","GOVERNS","scale:3469","scale:3467","3469","3467",true,true,"D3","D3",,,"0",,"2",,"single_degree","D2 2→1 (-1)","2","Jupiter",true,true,,,,,,,,"7-Z37 eligible relation; same-office D3 tier"
"governs:D3:3469:3725:0","GOVERNS","scale:3469","scale:3725","3469","3725",true,true,"D3","D3",,,"0",,"2",,"single_degree","D5 8→9 (+1)","5","Venus",true,true,,,,,,,,"7-Z37 eligible relation; same-office D3 tier"
"governs:D3:2269:1135:1","GOVERNS","scale:2269","scale:1135","2269","1135",true,true,"D3","D3",,,"1",,"2",,"root_phase","root 0→1; renormalize −1","1","Saturn",true,true,,,,,,,,"7-Z37 eligible relation; same-office D3 tier"
"governs:D3:2269:2237:0","GOVERNS","scale:2269","scale:2237","2269","2237",true,true,"D3","D3",,,"0",,"2",,"single_degree","D5 6→5 (-1)","5","Venus",true,true,,,,,,,,"7-Z37 eligible relation; same-office D3 tier"
"modal:D3:443:2269","MODAL_SUCCESSOR","scale:443","scale:2269","443","2269",true,false,"D3","D3",,,,,,,,,,,true,true,,,,,,,,"7-Z37 modal orbit; governor successor +2 mod 7"
"modal:D3:2269:1591","MODAL_SUCCESSOR","scale:2269","scale:1591","2269","1591",true,false,"D3","D3",,,,,,,,,,,true,true,,,,,,,,"7-Z37 modal orbit; governor successor +2 mod 7"
"modal:D3:1591:2843","MODAL_SUCCESSOR","scale:1591","scale:2843","1591","2843",true,false,"D3","D3",,,,,,,,,,,true,true,,,,,,,,"7-Z37 modal orbit; governor successor +2 mod 7"
"modal:D3:2843:3469","MODAL_SUCCESSOR","scale:2843","scale:3469","2843","3469",true,false,"D3","D3",,,,,,,,,,,true,true,,,,,,,,"7-Z37 modal orbit; governor successor +2 mod 7"
"modal:D3:3469:1891","MODAL_SUCCESSOR","scale:3469","scale:1891","3469","1891",true,false,"D3","D3",,,,,,,,,,,true,true,,,,,,,,"7-Z37 modal orbit; governor successor +2 mod 7"
"modal:D3:1891:2993","MODAL_SUCCESSOR","scale:1891","scale:2993","1891","2993",true,false,"D3","D3",,,,,,,,,,,true,true,,,,,,,,"7-Z37 modal orbit; governor successor +2 mod 7"
"modal:D3:2993:443","MODAL_SUCCESSOR","scale:2993","scale:443","2993","443",true,false,"D3","D3",,,,,,,,,,,true,true,,,,,,,,"7-Z37 modal orbit; governor successor +2 mod 7"
"modal:D3-satellite:7-11:1:379:2237","MODAL_SUCCESSOR","scale:379","scale:2237","379","2237",true,false,"D3","D3",,,,,,,,,,,true,true,,,,,,,,"7-11 D3 satellite modal orbit 1; governor successor +2 mod 7"
"modal:D3-satellite:7-11:1:2237:1583","MODAL_SUCCESSOR","scale:2237","scale:1583","2237","1583",true,false,"D3","D3",,,,,,,,,,,true,true,,,,,,,,"7-11 D3 satellite modal orbit 1; governor successor +2 mod 7"
"modal:D3-satellite:7-11:1:1583:2839","MODAL_SUCCESSOR","scale:1583","scale:2839","1583","2839",true,false,"D3","D3",,,,,,,,,,,true,true,,,,,,,,"7-11 D3 satellite modal orbit 1; governor successor +2 mod 7"
"modal:D3-satellite:7-11:1:2839:3467","MODAL_SUCCESSOR","scale:2839","scale:3467","2839","3467",true,false,"D3","D3",,,,,,,,,,,true,true,,,,,,,,"7-11 D3 satellite modal orbit 1; governor successor +2 mod 7"
"modal:D3-satellite:7-11:1:3467:3781","MODAL_SUCCESSOR","scale:3467","scale:3781","3467","3781",true,false,"D3","D3",,,,,,,,,,,true,true,,,,,,,,"7-11 D3 satellite modal orbit 1; governor successor +2 mod 7"
"modal:D3-satellite:7-11:1:3781:1969","MODAL_SUCCESSOR","scale:3781","scale:1969","3781","1969",true,false,"D3","D3",,,,,,,,,,,true,true,,,,,,,,"7-11 D3 satellite modal orbit 1; governor successor +2 mod 7"
"modal:D3-satellite:7-11:1:1969:379","MODAL_SUCCESSOR","scale:1969","scale:379","1969","379",true,false,"D3","D3",,,,,,,,,,,true,true,,,,,,,,"7-11 D3 satellite modal orbit 1; governor successor +2 mod 7"
"modal:D3-satellite:7-11:2:445:1135","MODAL_SUCCESSOR","scale:445","scale:1135","445","1135",true,false,"D3","D3",,,,,,,,,,,true,true,,,,,,,,"7-11 D3 satellite modal orbit 2; governor successor +2 mod 7"
"modal:D3-satellite:7-11:2:1135:2615","MODAL_SUCCESSOR","scale:1135","scale:2615","1135","2615",true,false,"D3","D3",,,,,,,,,,,true,true,,,,,,,,"7-11 D3 satellite modal orbit 2; governor successor +2 mod 7"
"modal:D3-satellite:7-11:2:2615:3355","MODAL_SUCCESSOR","scale:2615","scale:3355","2615","3355",true,false,"D3","D3",,,,,,,,,,,true,true,,,,,,,,"7-11 D3 satellite modal orbit 2; governor successor +2 mod 7"
"modal:D3-satellite:7-11:2:3355:3725","MODAL_SUCCESSOR","scale:3355","scale:3725","3355","3725",true,false,"D3","D3",,,,,,,,,,,true,true,,,,,,,,"7-11 D3 satellite modal orbit 2; governor successor +2 mod 7"
"modal:D3-satellite:7-11:2:3725:1955","MODAL_SUCCESSOR","scale:3725","scale:1955","3725","1955",true,false,"D3","D3",,,,,,,,,,,true,true,,,,,,,,"7-11 D3 satellite modal orbit 2; governor successor +2 mod 7"
"modal:D3-satellite:7-11:2:1955:3025","MODAL_SUCCESSOR","scale:1955","scale:3025","1955","3025",true,false,"D3","D3",,,,,,,,,,,true,true,,,,,,,,"7-11 D3 satellite modal orbit 2; governor successor +2 mod 7"
"modal:D3-satellite:7-11:2:3025:445","MODAL_SUCCESSOR","scale:3025","scale:445","3025","445",true,false,"D3","D3",,,,,,,,,,,true,true,,,,,,,,"7-11 D3 satellite modal orbit 2; governor successor +2 mod 7"
"seat-contact:D4:2363:2395:0","SEAT_CONTACT","scale:2395","scale:2363","2395","2363",false,false,"D4","D4","A1",,"0",,"2","4","single_degree","D5 5→6 (+1)","5","Venus",true,true,,,,,,,,"7-Z17 same-office convergence via established A1 satellite; relation evaluated anchor→contact"
"seat-contact:D4:2363:1339:0","SEAT_CONTACT","scale:1339","scale:2363","1339","2363",false,false,"D4","D4","A1",,"0",,"2","4","single_degree","D7 11→10 (-1)","7","Moon",true,true,,,,,,,,"7-Z17 same-office convergence via established A1 satellite; relation evaluated anchor→contact"
"seat-contact:D4:3529:3497:0","SEAT_CONTACT","scale:3497","scale:3529","3497","3529",false,false,"D4","D4","A1",,"0",,"2","4","single_degree","D3 6→5 (-1)","3","Mars",true,true,,,,,,,,"7-Z17 same-office convergence via established A1 satellite; relation evaluated anchor→contact"
"seat-contact:D4:3529:1765:1","SEAT_CONTACT","scale:1765","scale:3529","1765","3529",false,false,"D4","D4","A1",,"1",,"2",,"root_phase","root 0→1; renormalize −1","1","Saturn",true,true,,,,,,,,"7-Z17 same-office convergence via established A1 satellite; relation evaluated anchor→contact"
"seat-contact:D4:3229:3245:0","SEAT_CONTACT","scale:3245","scale:3229","3245","3229",false,false,"D4","D4","A1",,"0",,"2","4","single_degree","D4 4→5 (+1)","4","Sun",true,true,,,,,,,,"7-Z17 same-office convergence via established A1 satellite; relation evaluated anchor→contact"
"seat-contact:D4:3229:2717:0","SEAT_CONTACT","scale:2717","scale:3229","2717","3229",false,false,"D4","D4","A1",,"0",,"2","4","single_degree","D6 10→9 (-1)","6","Mercury",true,true,,,,,,,,"7-Z17 same-office convergence via established A1 satellite; relation evaluated anchor→contact"
"seat-contact:D4:953:949:0","SEAT_CONTACT","scale:949","scale:953","949","953",false,false,"D4","D4","A1",,"0",,"2","4","single_degree","D2 3→2 (-1)","2","Jupiter",true,true,,,,,,,,"7-Z17 same-office convergence via established A1 satellite; relation evaluated anchor→contact"
"seat-contact:D4:953:1465:0","SEAT_CONTACT","scale:1465","scale:953","1465","953",false,false,"D4","D4","A1",,"0",,"2","4","single_degree","D7 9→10 (+1)","7","Moon",true,true,,,,,,,,"7-Z17 same-office convergence via established A1 satellite; relation evaluated anchor→contact"
"seat-contact:D4:1831:1835:0","SEAT_CONTACT","scale:1835","scale:1831","1835","1831",false,false,"D4","D4","A1",,"0",,"2","4","single_degree","D3 2→3 (+1)","3","Mars",true,true,,,,,,,,"7-Z17 same-office convergence via established A1 satellite; relation evaluated anchor→contact"
"seat-contact:D4:1831:1703:0","SEAT_CONTACT","scale:1703","scale:1831","1703","1831",false,false,"D4","D4","A1",,"0",,"2","4","single_degree","D5 8→7 (-1)","5","Venus",true,true,,,,,,,,"7-Z17 same-office convergence via established A1 satellite; relation evaluated anchor→contact"
"seat-contact:D4:631:695:0","SEAT_CONTACT","scale:695","scale:631","695","631",false,false,"D4","D4","A1",,"0",,"2","4","single_degree","D6 6→7 (+1)","6","Mercury",true,true,,,,,,,,"7-Z17 same-office convergence via established A1 satellite; relation evaluated anchor→contact"
"seat-contact:D4:631:1261:-1","SEAT_CONTACT","scale:1261","scale:631","1261","631",false,false,"D4","D4","A1",,"-1",,"2",,"root_phase","root 0→11; renormalize +1","1","Saturn",true,true,,,,,,,,"7-Z17 same-office convergence via established A1 satellite; relation evaluated anchor→contact"
"seat-contact:D4:2963:2965:0","SEAT_CONTACT","scale:2965","scale:2963","2965","2963",false,false,"D4","D4","A1",,"0",,"2","4","single_degree","D2 1→2 (+1)","2","Jupiter",true,true,,,,,,,,"7-Z17 same-office convergence via established A1 satellite; relation evaluated anchor→contact"
"seat-contact:D4:2963:2899:0","SEAT_CONTACT","scale:2899","scale:2963","2899","2963",false,false,"D4","D4","A1",,"0",,"2","4","single_degree","D4 7→6 (-1)","4","Sun",true,true,,,,,,,,"7-Z17 same-office convergence via established A1 satellite; relation evaluated anchor→contact"
"governs:D4:2363:2235:0","GOVERNS","scale:2363","scale:2235","2363","2235",true,true,"D4","D4",,,"0",,"2",,"single_degree","D6 8→7 (-1)","6","Mercury",true,true,,,,,,,,"7-Z17 eligible relation; same-office D4 tier"
"governs:D4:2363:2619:0","GOVERNS","scale:2363","scale:2619","2363","2619",true,true,"D4","D4",,,"0",,"2",,"single_degree","D6 8→9 (+1)","6","Mercury",true,true,,,,,,,,"7-Z17 eligible relation; same-office D4 tier"
"governs:D4:2363:2359:0","GOVERNS","scale:2363","scale:2359","2363","2359",true,true,"D4","D4",,,"0",,"2",,"single_degree","D3 3→2 (-1)","3","Mars",true,true,,,,,,,,"7-Z17 eligible relation; same-office D4 tier"
"governs:D4:2363:2365:0","GOVERNS","scale:2363","scale:2365","2363","2365",true,true,"D4","D4",,,"0",,"2",,"single_degree","D2 1→2 (+1)","2","Jupiter",true,true,,,,,,,,"7-Z17 eligible relation; same-office D4 tier"
"governs:D4:3529:3525:0","GOVERNS","scale:3529","scale:3525","3529","3525",true,true,"D4","D4",,,"0",,"2",,"single_degree","D2 3→2 (-1)","2","Jupiter",true,true,,,,,,,,"7-Z17 eligible relation; same-office D4 tier"
"governs:D4:3529:3537:0","GOVERNS","scale:3529","scale:3537","3529","3537",true,true,"D4","D4",,,"0",,"2",,"single_degree","D2 3→4 (+1)","2","Jupiter",true,true,,,,,,,,"7-Z17 eligible relation; same-office D4 tier"
"governs:D4:3529:3017:0","GOVERNS","scale:3529","scale:3017","3529","3017",true,true,"D4","D4",,,"0",,"2",,"single_degree","D6 10→9 (-1)","6","Mercury",true,true,,,,,,,,"7-Z17 eligible relation; same-office D4 tier"
"governs:D4:3529:3785:0","GOVERNS","scale:3529","scale:3785","3529","3785",true,true,"D4","D4",,,"0",,"2",,"single_degree","D5 8→9 (+1)","5","Venus",true,true,,,,,,,,"7-Z17 eligible relation; same-office D4 tier"
"governs:D4:3229:3165:0","GOVERNS","scale:3229","scale:3165","3229","3165",true,true,"D4","D4",,,"0",,"2",,"single_degree","D5 7→6 (-1)","5","Venus",true,true,,,,,,,,"7-Z17 eligible relation; same-office D4 tier"
"governs:D4:3229:3357:0","GOVERNS","scale:3229","scale:3357","3229","3357",true,true,"D4","D4",,,"0",,"2",,"single_degree","D5 7→8 (+1)","5","Venus",true,true,,,,,,,,"7-Z17 eligible relation; same-office D4 tier"
"governs:D4:3229:1615:1","GOVERNS","scale:3229","scale:1615","3229","1615",true,true,"D4","D4",,,"1",,"2",,"root_phase","root 0→1; renormalize −1","1","Saturn",true,true,,,,,,,,"7-Z17 eligible relation; same-office D4 tier"
"governs:D4:3229:3227:0","GOVERNS","scale:3229","scale:3227","3229","3227",true,true,"D4","D4",,,"0",,"2",,"single_degree","D2 2→1 (-1)","2","Jupiter",true,true,,,,,,,,"7-Z17 eligible relation; same-office D4 tier"
"governs:D4:953:477:1","GOVERNS","scale:953","scale:477","953","477",true,true,"D4","D4",,,"1",,"2",,"root_phase","root 0→1; renormalize −1","1","Saturn",true,true,,,,,,,,"7-Z17 eligible relation; same-office D4 tier"
"governs:D4:953:1905:-1","GOVERNS","scale:953","scale:1905","953","1905",true,true,"D4","D4",,,"-1",,"2",,"root_phase","root 0→11; renormalize +1","1","Saturn",true,true,,,,,,,,"7-Z17 eligible relation; same-office D4 tier"
"governs:D4:953:889:0","GOVERNS","scale:953","scale:889","953","889",true,true,"D4","D4",,,"0",,"2",,"single_degree","D5 7→6 (-1)","5","Venus",true,true,,,,,,,,"7-Z17 eligible relation; same-office D4 tier"
"governs:D4:953:985:0","GOVERNS","scale:953","scale:985","953","985",true,true,"D4","D4",,,"0",,"2",,"single_degree","D4 5→6 (+1)","4","Sun",true,true,,,,,,,,"7-Z17 eligible relation; same-office D4 tier"
"governs:D4:1831:1815:0","GOVERNS","scale:1831","scale:1815","1831","1815",true,true,"D4","D4",,,"0",,"2",,"single_degree","D4 5→4 (-1)","4","Sun",true,true,,,,,,,,"7-Z17 eligible relation; same-office D4 tier"
"governs:D4:1831:1863:0","GOVERNS","scale:1831","scale:1863","1831","1863",true,true,"D4","D4",,,"0",,"2",,"single_degree","D4 5→6 (+1)","4","Sun",true,true,,,,,,,,"7-Z17 eligible relation; same-office D4 tier"
"governs:D4:1831:2855:0","GOVERNS","scale:1831","scale:2855","1831","2855",true,true,"D4","D4",,,"0",,"2",,"single_degree","D7 10→11 (+1)","7","Moon",true,true,,,,,,,,"7-Z17 eligible relation; same-office D4 tier"
"governs:D4:1831:3661:-1","GOVERNS","scale:1831","scale:3661","1831","3661",true,true,"D4","D4",,,"-1",,"2",,"root_phase","root 0→11; renormalize +1","1","Saturn",true,true,,,,,,,,"7-Z17 eligible relation; same-office D4 tier"
"governs:D4:631:375:0","GOVERNS","scale:631","scale:375","631","375",true,true,"D4","D4",,,"0",,"2",,"single_degree","D7 9→8 (-1)","7","Moon",true,true,,,,,,,,"7-Z17 eligible relation; same-office D4 tier"
"governs:D4:631:1143:0","GOVERNS","scale:631","scale:1143","631","1143",true,true,"D4","D4",,,"0",,"2",,"single_degree","D7 9→10 (+1)","7","Moon",true,true,,,,,,,,"7-Z17 eligible relation; same-office D4 tier"
"governs:D4:631:623:0","GOVERNS","scale:631","scale:623","631","623",true,true,"D4","D4",,,"0",,"2",,"single_degree","D4 4→3 (-1)","4","Sun",true,true,,,,,,,,"7-Z17 eligible relation; same-office D4 tier"
"governs:D4:631:635:0","GOVERNS","scale:631","scale:635","631","635",true,true,"D4","D4",,,"0",,"2",,"single_degree","D3 2→3 (+1)","3","Mars",true,true,,,,,,,,"7-Z17 eligible relation; same-office D4 tier"
"governs:D4:2963:2955:0","GOVERNS","scale:2963","scale:2955","2963","2955",true,true,"D4","D4",,,"0",,"2",,"single_degree","D3 4→3 (-1)","3","Mars",true,true,,,,,,,,"7-Z17 eligible relation; same-office D4 tier"
"governs:D4:2963:2979:0","GOVERNS","scale:2963","scale:2979","2963","2979",true,true,"D4","D4",,,"0",,"2",,"single_degree","D3 4→5 (+1)","3","Mars",true,true,,,,,,,,"7-Z17 eligible relation; same-office D4 tier"
"governs:D4:2963:1939:0","GOVERNS","scale:2963","scale:1939","2963","1939",true,true,"D4","D4",,,"0",,"2",,"single_degree","D7 11→10 (-1)","7","Moon",true,true,,,,,,,,"7-Z17 eligible relation; same-office D4 tier"
"governs:D4:2963:3475:0","GOVERNS","scale:2963","scale:3475","2963","3475",true,true,"D4","D4",,,"0",,"2",,"single_degree","D6 9→10 (+1)","6","Mercury",true,true,,,,,,,,"7-Z17 eligible relation; same-office D4 tier"
"modal:D4:631:2363","MODAL_SUCCESSOR","scale:631","scale:2363","631","2363",true,false,"D4","D4",,,,,,,,,,,true,true,,,,,,,,"7-Z17 modal orbit; governor successor +2 mod 7"
"modal:D4:2363:3229","MODAL_SUCCESSOR","scale:2363","scale:3229","2363","3229",true,false,"D4","D4",,,,,,,,,,,true,true,,,,,,,,"7-Z17 modal orbit; governor successor +2 mod 7"
"modal:D4:3229:1831","MODAL_SUCCESSOR","scale:3229","scale:1831","3229","1831",true,false,"D4","D4",,,,,,,,,,,true,true,,,,,,,,"7-Z17 modal orbit; governor successor +2 mod 7"
"modal:D4:1831:2963","MODAL_SUCCESSOR","scale:1831","scale:2963","1831","2963",true,false,"D4","D4",,,,,,,,,,,true,true,,,,,,,,"7-Z17 modal orbit; governor successor +2 mod 7"
"modal:D4:2963:3529","MODAL_SUCCESSOR","scale:2963","scale:3529","2963","3529",true,false,"D4","D4",,,,,,,,,,,true,true,,,,,,,,"7-Z17 modal orbit; governor successor +2 mod 7"
"modal:D4:3529:953","MODAL_SUCCESSOR","scale:3529","scale:953","3529","953",true,false,"D4","D4",,,,,,,,,,,true,true,,,,,,,,"7-Z17 modal orbit; governor successor +2 mod 7"
"modal:D4:953:631","MODAL_SUCCESSOR","scale:953","scale:631","953","631",true,false,"D4","D4",,,,,,,,,,,true,true,,,,,,,,"7-Z17 modal orbit; governor successor +2 mod 7"
"modal:D4-satellite:7-13:1:375:2235","MODAL_SUCCESSOR","scale:375","scale:2235","375","2235",true,false,"D4","D4",,,,,,,,,,,true,true,,,,,,,,"7-13 D4 satellite modal orbit 1; governor successor +2 mod 7"
"modal:D4-satellite:7-13:1:2235:3165","MODAL_SUCCESSOR","scale:2235","scale:3165","2235","3165",true,false,"D4","D4",,,,,,,,,,,true,true,,,,,,,,"7-13 D4 satellite modal orbit 1; governor successor +2 mod 7"
"modal:D4-satellite:7-13:1:3165:1815","MODAL_SUCCESSOR","scale:3165","scale:1815","3165","1815",true,false,"D4","D4",,,,,,,,,,,true,true,,,,,,,,"7-13 D4 satellite modal orbit 1; governor successor +2 mod 7"
"modal:D4-satellite:7-13:1:1815:2955","MODAL_SUCCESSOR","scale:1815","scale:2955","1815","2955",true,false,"D4","D4",,,,,,,,,,,true,true,,,,,,,,"7-13 D4 satellite modal orbit 1; governor successor +2 mod 7"
"modal:D4-satellite:7-13:1:2955:3525","MODAL_SUCCESSOR","scale:2955","scale:3525","2955","3525",true,false,"D4","D4",,,,,,,,,,,true,true,,,,,,,,"7-13 D4 satellite modal orbit 1; governor successor +2 mod 7"
"modal:D4-satellite:7-13:1:3525:1905","MODAL_SUCCESSOR","scale:3525","scale:1905","3525","1905",true,false,"D4","D4",,,,,,,,,,,true,true,,,,,,,,"7-13 D4 satellite modal orbit 1; governor successor +2 mod 7"
"modal:D4-satellite:7-13:1:1905:375","MODAL_SUCCESSOR","scale:1905","scale:375","1905","375",true,false,"D4","D4",,,,,,,,,,,true,true,,,,,,,,"7-13 D4 satellite modal orbit 1; governor successor +2 mod 7"
"modal:D4-satellite:7-13:2:477:1143","MODAL_SUCCESSOR","scale:477","scale:1143","477","1143",true,false,"D4","D4",,,,,,,,,,,true,true,,,,,,,,"7-13 D4 satellite modal orbit 2; governor successor +2 mod 7"
"modal:D4-satellite:7-13:2:1143:2619","MODAL_SUCCESSOR","scale:1143","scale:2619","1143","2619",true,false,"D4","D4",,,,,,,,,,,true,true,,,,,,,,"7-13 D4 satellite modal orbit 2; governor successor +2 mod 7"
"modal:D4-satellite:7-13:2:2619:3357","MODAL_SUCCESSOR","scale:2619","scale:3357","2619","3357",true,false,"D4","D4",,,,,,,,,,,true,true,,,,,,,,"7-13 D4 satellite modal orbit 2; governor successor +2 mod 7"
"modal:D4-satellite:7-13:2:3357:1863","MODAL_SUCCESSOR","scale:3357","scale:1863","3357","1863",true,false,"D4","D4",,,,,,,,,,,true,true,,,,,,,,"7-13 D4 satellite modal orbit 2; governor successor +2 mod 7"
"modal:D4-satellite:7-13:2:1863:2979","MODAL_SUCCESSOR","scale:1863","scale:2979","1863","2979",true,false,"D4","D4",,,,,,,,,,,true,true,,,,,,,,"7-13 D4 satellite modal orbit 2; governor successor +2 mod 7"
"modal:D4-satellite:7-13:2:2979:3537","MODAL_SUCCESSOR","scale:2979","scale:3537","2979","3537",true,false,"D4","D4",,,,,,,,,,,true,true,,,,,,,,"7-13 D4 satellite modal orbit 2; governor successor +2 mod 7"
"modal:D4-satellite:7-13:2:3537:477","MODAL_SUCCESSOR","scale:3537","scale:477","3537","477",true,false,"D4","D4",,,,,,,,,,,true,true,,,,,,,,"7-13 D4 satellite modal orbit 2; governor successor +2 mod 7"
"modal:D4-satellite:7-16:1:623:2359","MODAL_SUCCESSOR","scale:623","scale:2359","623","2359",true,false,"D4","D4",,,,,,,,,,,true,true,,,,,,,,"7-16 D4 satellite modal orbit 1; governor successor +2 mod 7"
"modal:D4-satellite:7-16:1:2359:3227","MODAL_SUCCESSOR","scale:2359","scale:3227","2359","3227",true,false,"D4","D4",,,,,,,,,,,true,true,,,,,,,,"7-16 D4 satellite modal orbit 1; governor successor +2 mod 7"
"modal:D4-satellite:7-16:1:3227:3661","MODAL_SUCCESSOR","scale:3227","scale:3661","3227","3661",true,false,"D4","D4",,,,,,,,,,,true,true,,,,,,,,"7-16 D4 satellite modal orbit 1; governor successor +2 mod 7"
"modal:D4-satellite:7-16:1:3661:1939","MODAL_SUCCESSOR","scale:3661","scale:1939","3661","1939",true,false,"D4","D4",,,,,,,,,,,true,true,,,,,,,,"7-16 D4 satellite modal orbit 1; governor successor +2 mod 7"
"modal:D4-satellite:7-16:1:1939:3017","MODAL_SUCCESSOR","scale:1939","scale:3017","1939","3017",true,false,"D4","D4",,,,,,,,,,,true,true,,,,,,,,"7-16 D4 satellite modal orbit 1; governor successor +2 mod 7"
"modal:D4-satellite:7-16:1:3017:889","MODAL_SUCCESSOR","scale:3017","scale:889","3017","889",true,false,"D4","D4",,,,,,,,,,,true,true,,,,,,,,"7-16 D4 satellite modal orbit 1; governor successor +2 mod 7"
"modal:D4-satellite:7-16:1:889:623","MODAL_SUCCESSOR","scale:889","scale:623","889","623",true,false,"D4","D4",,,,,,,,,,,true,true,,,,,,,,"7-16 D4 satellite modal orbit 1; governor successor +2 mod 7"
"modal:D4-satellite:7-16:2:635:2365","MODAL_SUCCESSOR","scale:635","scale:2365","635","2365",true,false,"D4","D4",,,,,,,,,,,true,true,,,,,,,,"7-16 D4 satellite modal orbit 2; governor successor +2 mod 7"
"modal:D4-satellite:7-16:2:2365:1615","MODAL_SUCCESSOR","scale:2365","scale:1615","2365","1615",true,false,"D4","D4",,,,,,,,,,,true,true,,,,,,,,"7-16 D4 satellite modal orbit 2; governor successor +2 mod 7"
"modal:D4-satellite:7-16:2:1615:2855","MODAL_SUCCESSOR","scale:1615","scale:2855","1615","2855",true,false,"D4","D4",,,,,,,,,,,true,true,,,,,,,,"7-16 D4 satellite modal orbit 2; governor successor +2 mod 7"
"modal:D4-satellite:7-16:2:2855:3475","MODAL_SUCCESSOR","scale:2855","scale:3475","2855","3475",true,false,"D4","D4",,,,,,,,,,,true,true,,,,,,,,"7-16 D4 satellite modal orbit 2; governor successor +2 mod 7"
"modal:D4-satellite:7-16:2:3475:3785","MODAL_SUCCESSOR","scale:3475","scale:3785","3475","3785",true,false,"D4","D4",,,,,,,,,,,true,true,,,,,,,,"7-16 D4 satellite modal orbit 2; governor successor +2 mod 7"
"modal:D4-satellite:7-16:2:3785:985","MODAL_SUCCESSOR","scale:3785","scale:985","3785","985",true,false,"D4","D4",,,,,,,,,,,true,true,,,,,,,,"7-16 D4 satellite modal orbit 2; governor successor +2 mod 7"
"modal:D4-satellite:7-16:2:985:635","MODAL_SUCCESSOR","scale:985","scale:635","985","635",true,false,"D4","D4",,,,,,,,,,,true,true,,,,,,,,"7-16 D4 satellite modal orbit 2; governor successor +2 mod 7"
"seat-contact:D5:3881:3753:0","SEAT_CONTACT","scale:3753","scale:3881","3753","3881",false,false,"D5","D5","A2",,"0",,"2","4","single_degree","D4 8→7 (-1)","4","Sun",true,true,,,,,,,,"7-Z12 same-office convergence via established A2 satellite; relation evaluated anchor→contact"
"seat-contact:D5:3881:1941:1","SEAT_CONTACT","scale:1941","scale:3881","1941","3881",false,false,"D5","D5","A2",,"1",,"2",,"root_phase","root 0→1; renormalize −1","1","Saturn",true,true,,,,,,,,"7-Z12 same-office convergence via established A2 satellite; relation evaluated anchor→contact"
"seat-contact:D5:2383:2391:0","SEAT_CONTACT","scale:2391","scale:2383","2391","2383",false,false,"D5","D5","A2",,"0",,"2","4","single_degree","D4 3→4 (+1)","4","Sun",true,true,,,,,,,,"7-Z12 same-office convergence via established A2 satellite; relation evaluated anchor→contact"
"seat-contact:D5:2383:1359:0","SEAT_CONTACT","scale:1359","scale:2383","1359","2383",false,false,"D5","D5","A2",,"0",,"2","4","single_degree","D7 11→10 (-1)","7","Moon",true,true,,,,,,,,"7-Z12 same-office convergence via established A2 satellite; relation evaluated anchor→contact"
"seat-contact:D5:997:981:0","SEAT_CONTACT","scale:981","scale:997","981","997",false,false,"D5","D5","A2",,"0",,"2","4","single_degree","D3 5→4 (-1)","3","Mars",true,true,,,,,,,,"7-Z12 same-office convergence via established A2 satellite; relation evaluated anchor→contact"
"seat-contact:D5:997:1509:0","SEAT_CONTACT","scale:1509","scale:997","1509","997",false,false,"D5","D5","A2",,"0",,"2","4","single_degree","D7 9→10 (+1)","7","Moon",true,true,,,,,,,,"7-Z12 same-office convergence via established A2 satellite; relation evaluated anchor→contact"
"seat-contact:D5:3239:3243:0","SEAT_CONTACT","scale:3243","scale:3239","3243","3239",false,false,"D5","D5","A2",,"0",,"2","4","single_degree","D3 2→3 (+1)","3","Mars",true,true,,,,,,,,"7-Z12 same-office convergence via established A2 satellite; relation evaluated anchor→contact"
"seat-contact:D5:3239:2727:0","SEAT_CONTACT","scale:2727","scale:3239","2727","3239",false,false,"D5","D5","A2",,"0",,"2","4","single_degree","D6 10→9 (-1)","6","Mercury",true,true,,,,,,,,"7-Z12 same-office convergence via established A2 satellite; relation evaluated anchor→contact"
"seat-contact:D5:1273:1269:0","SEAT_CONTACT","scale:1269","scale:1273","1269","1273",false,false,"D5","D5","A2",,"0",,"2","4","single_degree","D2 3→2 (-1)","2","Jupiter",true,true,,,,,,,,"7-Z12 same-office convergence via established A2 satellite; relation evaluated anchor→contact"
"seat-contact:D5:1273:1401:0","SEAT_CONTACT","scale:1401","scale:1273","1401","1273",false,false,"D5","D5","A2",,"0",,"2","4","single_degree","D6 7→8 (+1)","6","Mercury",true,true,,,,,,,,"7-Z12 same-office convergence via established A2 satellite; relation evaluated anchor→contact"
"seat-contact:D5:3667:3669:0","SEAT_CONTACT","scale:3669","scale:3667","3669","3667",false,false,"D5","D5","A2",,"0",,"2","4","single_degree","D2 1→2 (+1)","2","Jupiter",true,true,,,,,,,,"7-Z12 same-office convergence via established A2 satellite; relation evaluated anchor→contact"
"seat-contact:D5:3667:3411:0","SEAT_CONTACT","scale:3411","scale:3667","3411","3667",false,false,"D5","D5","A2",,"0",,"2","4","single_degree","D5 9→8 (-1)","5","Venus",true,true,,,,,,,,"7-Z12 same-office convergence via established A2 satellite; relation evaluated anchor→contact"
"seat-contact:D5:671:687:0","SEAT_CONTACT","scale:687","scale:671","687","671",false,false,"D5","D5","A2",,"0",,"2","4","single_degree","D5 4→5 (+1)","5","Venus",true,true,,,,,,,,"7-Z12 same-office convergence via established A2 satellite; relation evaluated anchor→contact"
"seat-contact:D5:671:1341:-1","SEAT_CONTACT","scale:1341","scale:671","1341","671",false,false,"D5","D5","A2",,"-1",,"2",,"root_phase","root 0→11; renormalize +1","1","Saturn",true,true,,,,,,,,"7-Z12 same-office convergence via established A2 satellite; relation evaluated anchor→contact"
"governs:D5:3881:3877:0","GOVERNS","scale:3881","scale:3877","3881","3877",true,true,"D5","D5",,,"0",,"2",,"single_degree","D2 3→2 (-1)","2","Jupiter",true,true,,,,,,,,"7-Z12 eligible relation; same-office D5 tier"
"governs:D5:3881:3913:0","GOVERNS","scale:3881","scale:3913","3881","3913",true,true,"D5","D5",,,"0",,"2",,"single_degree","D3 5→6 (+1)","3","Mars",true,true,,,,,,,,"7-Z12 eligible relation; same-office D5 tier"
"governs:D5:3881:3865:0","GOVERNS","scale:3881","scale:3865","3881","3865",true,true,"D5","D5",,,"0",,"2",,"single_degree","D3 5→4 (-1)","3","Mars",true,true,,,,,,,,"7-Z12 eligible relation; same-office D5 tier"
"governs:D5:3881:3889:0","GOVERNS","scale:3881","scale:3889","3881","3889",true,true,"D5","D5",,,"0",,"2",,"single_degree","D2 3→4 (+1)","2","Jupiter",true,true,,,,,,,,"7-Z12 eligible relation; same-office D5 tier"
"governs:D5:2383:2351:0","GOVERNS","scale:2383","scale:2351","2383","2351",true,true,"D5","D5",,,"0",,"2",,"single_degree","D5 6→5 (-1)","5","Venus",true,true,,,,,,,,"7-Z12 eligible relation; same-office D5 tier"
"governs:D5:2383:2639:0","GOVERNS","scale:2383","scale:2639","2383","2639",true,true,"D5","D5",,,"0",,"2",,"single_degree","D6 8→9 (+1)","6","Mercury",true,true,,,,,,,,"7-Z12 eligible relation; same-office D5 tier"
"governs:D5:2383:2255:0","GOVERNS","scale:2383","scale:2255","2383","2255",true,true,"D5","D5",,,"0",,"2",,"single_degree","D6 8→7 (-1)","6","Mercury",true,true,,,,,,,,"7-Z12 eligible relation; same-office D5 tier"
"governs:D5:2383:2447:0","GOVERNS","scale:2383","scale:2447","2383","2447",true,true,"D5","D5",,,"0",,"2",,"single_degree","D5 6→7 (+1)","5","Venus",true,true,,,,,,,,"7-Z12 eligible relation; same-office D5 tier"
"governs:D5:997:1001:0","GOVERNS","scale:997","scale:1001","997","1001",true,true,"D5","D5",,,"0",,"2",,"single_degree","D2 2→3 (+1)","2","Jupiter",true,true,,,,,,,,"7-Z12 eligible relation; same-office D5 tier"
"governs:D5:997:1993:-1","GOVERNS","scale:997","scale:1993","997","1993",true,true,"D5","D5",,,"-1",,"2",,"root_phase","root 0→11; renormalize +1","1","Saturn",true,true,,,,,,,,"7-Z12 eligible relation; same-office D5 tier"
"governs:D5:997:499:1","GOVERNS","scale:997","scale:499","997","499",true,true,"D5","D5",,,"1",,"2",,"root_phase","root 0→1; renormalize −1","1","Saturn",true,true,,,,,,,,"7-Z12 eligible relation; same-office D5 tier"
"governs:D5:997:995:0","GOVERNS","scale:997","scale:995","997","995",true,true,"D5","D5",,,"0",,"2",,"single_degree","D2 2→1 (-1)","2","Jupiter",true,true,,,,,,,,"7-Z12 eligible relation; same-office D5 tier"
"governs:D5:3239:3223:0","GOVERNS","scale:3239","scale:3223","3239","3223",true,true,"D5","D5",,,"0",,"2",,"single_degree","D4 5→4 (-1)","4","Sun",true,true,,,,,,,,"7-Z12 eligible relation; same-office D5 tier"
"governs:D5:3239:3367:0","GOVERNS","scale:3239","scale:3367","3239","3367",true,true,"D5","D5",,,"0",,"2",,"single_degree","D5 7→8 (+1)","5","Venus",true,true,,,,,,,,"7-Z12 eligible relation; same-office D5 tier"
"governs:D5:3239:3175:0","GOVERNS","scale:3239","scale:3175","3239","3175",true,true,"D5","D5",,,"0",,"2",,"single_degree","D5 7→6 (-1)","5","Venus",true,true,,,,,,,,"7-Z12 eligible relation; same-office D5 tier"
"governs:D5:3239:3271:0","GOVERNS","scale:3239","scale:3271","3239","3271",true,true,"D5","D5",,,"0",,"2",,"single_degree","D4 5→6 (+1)","4","Sun",true,true,,,,,,,,"7-Z12 eligible relation; same-office D5 tier"
"governs:D5:1273:637:1","GOVERNS","scale:1273","scale:637","1273","637",true,true,"D5","D5",,,"1",,"2",,"root_phase","root 0→1; renormalize −1","1","Saturn",true,true,,,,,,,,"7-Z12 eligible relation; same-office D5 tier"
"governs:D5:1273:761:0","GOVERNS","scale:1273","scale:761","1273","761",true,true,"D5","D5",,,"0",,"2",,"single_degree","D7 10→9 (-1)","7","Moon",true,true,,,,,,,,"7-Z12 eligible relation; same-office D5 tier"
"governs:D5:1273:2297:0","GOVERNS","scale:1273","scale:2297","1273","2297",true,true,"D5","D5",,,"0",,"2",,"single_degree","D7 10→11 (+1)","7","Moon",true,true,,,,,,,,"7-Z12 eligible relation; same-office D5 tier"
"governs:D5:1273:2545:-1","GOVERNS","scale:1273","scale:2545","1273","2545",true,true,"D5","D5",,,"-1",,"2",,"root_phase","root 0→11; renormalize +1","1","Saturn",true,true,,,,,,,,"7-Z12 eligible relation; same-office D5 tier"
"governs:D5:3667:3659:0","GOVERNS","scale:3667","scale:3659","3667","3659",true,true,"D5","D5",,,"0",,"2",,"single_degree","D3 4→3 (-1)","3","Mars",true,true,,,,,,,,"7-Z12 eligible relation; same-office D5 tier"
"governs:D5:3667:3731:0","GOVERNS","scale:3667","scale:3731","3667","3731",true,true,"D5","D5",,,"0",,"2",,"single_degree","D4 6→7 (+1)","4","Sun",true,true,,,,,,,,"7-Z12 eligible relation; same-office D5 tier"
"governs:D5:3667:3635:0","GOVERNS","scale:3667","scale:3635","3667","3635",true,true,"D5","D5",,,"0",,"2",,"single_degree","D4 6→5 (-1)","4","Sun",true,true,,,,,,,,"7-Z12 eligible relation; same-office D5 tier"
"governs:D5:3667:3683:0","GOVERNS","scale:3667","scale:3683","3667","3683",true,true,"D5","D5",,,"0",,"2",,"single_degree","D3 4→5 (+1)","3","Mars",true,true,,,,,,,,"7-Z12 eligible relation; same-office D5 tier"
"governs:D5:671:607:0","GOVERNS","scale:671","scale:607","671","607",true,true,"D5","D5",,,"0",,"2",,"single_degree","D6 7→6 (-1)","6","Mercury",true,true,,,,,,,,"7-Z12 eligible relation; same-office D5 tier"
"governs:D5:671:1183:0","GOVERNS","scale:671","scale:1183","671","1183",true,true,"D5","D5",,,"0",,"2",,"single_degree","D7 9→10 (+1)","7","Moon",true,true,,,,,,,,"7-Z12 eligible relation; same-office D5 tier"
"governs:D5:671:415:0","GOVERNS","scale:671","scale:415","671","415",true,true,"D5","D5",,,"0",,"2",,"single_degree","D7 9→8 (-1)","7","Moon",true,true,,,,,,,,"7-Z12 eligible relation; same-office D5 tier"
"governs:D5:671:799:0","GOVERNS","scale:671","scale:799","671","799",true,true,"D5","D5",,,"0",,"2",,"single_degree","D6 7→8 (+1)","6","Mercury",true,true,,,,,,,,"7-Z12 eligible relation; same-office D5 tier"
"modal:D5:671:2383","MODAL_SUCCESSOR","scale:671","scale:2383","671","2383",true,false,"D5","D5",,,,,,,,,,,true,true,,,,,,,,"7-Z12 modal orbit; governor successor +2 mod 7"
"modal:D5:2383:3239","MODAL_SUCCESSOR","scale:2383","scale:3239","2383","3239",true,false,"D5","D5",,,,,,,,,,,true,true,,,,,,,,"7-Z12 modal orbit; governor successor +2 mod 7"
"modal:D5:3239:3667","MODAL_SUCCESSOR","scale:3239","scale:3667","3239","3667",true,false,"D5","D5",,,,,,,,,,,true,true,,,,,,,,"7-Z12 modal orbit; governor successor +2 mod 7"
"modal:D5:3667:3881","MODAL_SUCCESSOR","scale:3667","scale:3881","3667","3881",true,false,"D5","D5",,,,,,,,,,,true,true,,,,,,,,"7-Z12 modal orbit; governor successor +2 mod 7"
"modal:D5:3881:997","MODAL_SUCCESSOR","scale:3881","scale:997","3881","997",true,false,"D5","D5",,,,,,,,,,,true,true,,,,,,,,"7-Z12 modal orbit; governor successor +2 mod 7"
"modal:D5:997:1273","MODAL_SUCCESSOR","scale:997","scale:1273","997","1273",true,false,"D5","D5",,,,,,,,,,,true,true,,,,,,,,"7-Z12 modal orbit; governor successor +2 mod 7"
"modal:D5:1273:671","MODAL_SUCCESSOR","scale:1273","scale:671","1273","671",true,false,"D5","D5",,,,,,,,,,,true,true,,,,,,,,"7-Z12 modal orbit; governor successor +2 mod 7"
"modal:D5-satellite:7-6:1:415:2255","MODAL_SUCCESSOR","scale:415","scale:2255","415","2255",true,false,"D5","D5",,,,,,,,,,,true,true,,,,,,,,"7-6 D5 satellite modal orbit 1; governor successor +2 mod 7"
"modal:D5-satellite:7-6:1:2255:3175","MODAL_SUCCESSOR","scale:2255","scale:3175","2255","3175",true,false,"D5","D5",,,,,,,,,,,true,true,,,,,,,,"7-6 D5 satellite modal orbit 1; governor successor +2 mod 7"
"modal:D5-satellite:7-6:1:3175:3635","MODAL_SUCCESSOR","scale:3175","scale:3635","3175","3635",true,false,"D5","D5",,,,,,,,,,,true,true,,,,,,,,"7-6 D5 satellite modal orbit 1; governor successor +2 mod 7"
"modal:D5-satellite:7-6:1:3635:3865","MODAL_SUCCESSOR","scale:3635","scale:3865","3635","3865",true,false,"D5","D5",,,,,,,,,,,true,true,,,,,,,,"7-6 D5 satellite modal orbit 1; governor successor +2 mod 7"
"modal:D5-satellite:7-6:1:3865:995","MODAL_SUCCESSOR","scale:3865","scale:995","3865","995",true,false,"D5","D5",,,,,,,,,,,true,true,,,,,,,,"7-6 D5 satellite modal orbit 1; governor successor +2 mod 7"
"modal:D5-satellite:7-6:1:995:2545","MODAL_SUCCESSOR","scale:995","scale:2545","995","2545",true,false,"D5","D5",,,,,,,,,,,true,true,,,,,,,,"7-6 D5 satellite modal orbit 1; governor successor +2 mod 7"
"modal:D5-satellite:7-6:1:2545:415","MODAL_SUCCESSOR","scale:2545","scale:415","2545","415",true,false,"D5","D5",,,,,,,,,,,true,true,,,,,,,,"7-6 D5 satellite modal orbit 1; governor successor +2 mod 7"
"modal:D5-satellite:7-6:2:499:2297","MODAL_SUCCESSOR","scale:499","scale:2297","499","2297",true,false,"D5","D5",,,,,,,,,,,true,true,,,,,,,,"7-6 D5 satellite modal orbit 2; governor successor +2 mod 7"
"modal:D5-satellite:7-6:2:2297:799","MODAL_SUCCESSOR","scale:2297","scale:799","2297","799",true,false,"D5","D5",,,,,,,,,,,true,true,,,,,,,,"7-6 D5 satellite modal orbit 2; governor successor +2 mod 7"
"modal:D5-satellite:7-6:2:799:2447","MODAL_SUCCESSOR","scale:799","scale:2447","799","2447",true,false,"D5","D5",,,,,,,,,,,true,true,,,,,,,,"7-6 D5 satellite modal orbit 2; governor successor +2 mod 7"
"modal:D5-satellite:7-6:2:2447:3271","MODAL_SUCCESSOR","scale:2447","scale:3271","2447","3271",true,false,"D5","D5",,,,,,,,,,,true,true,,,,,,,,"7-6 D5 satellite modal orbit 2; governor successor +2 mod 7"
"modal:D5-satellite:7-6:2:3271:3683","MODAL_SUCCESSOR","scale:3271","scale:3683","3271","3683",true,false,"D5","D5",,,,,,,,,,,true,true,,,,,,,,"7-6 D5 satellite modal orbit 2; governor successor +2 mod 7"
"modal:D5-satellite:7-6:2:3683:3889","MODAL_SUCCESSOR","scale:3683","scale:3889","3683","3889",true,false,"D5","D5",,,,,,,,,,,true,true,,,,,,,,"7-6 D5 satellite modal orbit 2; governor successor +2 mod 7"
"modal:D5-satellite:7-6:2:3889:499","MODAL_SUCCESSOR","scale:3889","scale:499","3889","499",true,false,"D5","D5",,,,,,,,,,,true,true,,,,,,,,"7-6 D5 satellite modal orbit 2; governor successor +2 mod 7"
"modal:D5-satellite:7-10:1:607:2351","MODAL_SUCCESSOR","scale:607","scale:2351","607","2351",true,false,"D5","D5",,,,,,,,,,,true,true,,,,,,,,"7-10 D5 satellite modal orbit 1; governor successor +2 mod 7"
"modal:D5-satellite:7-10:1:2351:3223","MODAL_SUCCESSOR","scale:2351","scale:3223","2351","3223",true,false,"D5","D5",,,,,,,,,,,true,true,,,,,,,,"7-10 D5 satellite modal orbit 1; governor successor +2 mod 7"
"modal:D5-satellite:7-10:1:3223:3659","MODAL_SUCCESSOR","scale:3223","scale:3659","3223","3659",true,false,"D5","D5",,,,,,,,,,,true,true,,,,,,,,"7-10 D5 satellite modal orbit 1; governor successor +2 mod 7"
"modal:D5-satellite:7-10:1:3659:3877","MODAL_SUCCESSOR","scale:3659","scale:3877","3659","3877",true,false,"D5","D5",,,,,,,,,,,true,true,,,,,,,,"7-10 D5 satellite modal orbit 1; governor successor +2 mod 7"
"modal:D5-satellite:7-10:1:3877:1993","MODAL_SUCCESSOR","scale:3877","scale:1993","3877","1993",true,false,"D5","D5",,,,,,,,,,,true,true,,,,,,,,"7-10 D5 satellite modal orbit 1; governor successor +2 mod 7"
"modal:D5-satellite:7-10:1:1993:761","MODAL_SUCCESSOR","scale:1993","scale:761","1993","761",true,false,"D5","D5",,,,,,,,,,,true,true,,,,,,,,"7-10 D5 satellite modal orbit 1; governor successor +2 mod 7"
"modal:D5-satellite:7-10:1:761:607","MODAL_SUCCESSOR","scale:761","scale:607","761","607",true,false,"D5","D5",,,,,,,,,,,true,true,,,,,,,,"7-10 D5 satellite modal orbit 1; governor successor +2 mod 7"
"modal:D5-satellite:7-10:2:637:1183","MODAL_SUCCESSOR","scale:637","scale:1183","637","1183",true,false,"D5","D5",,,,,,,,,,,true,true,,,,,,,,"7-10 D5 satellite modal orbit 2; governor successor +2 mod 7"
"modal:D5-satellite:7-10:2:1183:2639","MODAL_SUCCESSOR","scale:1183","scale:2639","1183","2639",true,false,"D5","D5",,,,,,,,,,,true,true,,,,,,,,"7-10 D5 satellite modal orbit 2; governor successor +2 mod 7"
"modal:D5-satellite:7-10:2:2639:3367","MODAL_SUCCESSOR","scale:2639","scale:3367","2639","3367",true,false,"D5","D5",,,,,,,,,,,true,true,,,,,,,,"7-10 D5 satellite modal orbit 2; governor successor +2 mod 7"
"modal:D5-satellite:7-10:2:3367:3731","MODAL_SUCCESSOR","scale:3367","scale:3731","3367","3731",true,false,"D5","D5",,,,,,,,,,,true,true,,,,,,,,"7-10 D5 satellite modal orbit 2; governor successor +2 mod 7"
"modal:D5-satellite:7-10:2:3731:3913","MODAL_SUCCESSOR","scale:3731","scale:3913","3731","3913",true,false,"D5","D5",,,,,,,,,,,true,true,,,,,,,,"7-10 D5 satellite modal orbit 2; governor successor +2 mod 7"
"modal:D5-satellite:7-10:2:3913:1001","MODAL_SUCCESSOR","scale:3913","scale:1001","3913","1001",true,false,"D5","D5",,,,,,,,,,,true,true,,,,,,,,"7-10 D5 satellite modal orbit 2; governor successor +2 mod 7"
"modal:D5-satellite:7-10:2:1001:637","MODAL_SUCCESSOR","scale:1001","scale:637","1001","637",true,false,"D5","D5",,,,,,,,,,,true,true,,,,,,,,"7-10 D5 satellite modal orbit 2; governor successor +2 mod 7"
"seat-contact:D6:3909:3913:0","SEAT_CONTACT","scale:3913","scale:3909","3913","3909",false,false,"D6","D6","D5",,"0",,"2",,"single_degree","D2 2→3 (+1)","2","Jupiter",true,true,,,,,,,,"7-8 same-office convergence via established D3/D5 satellite; relation evaluated anchor→contact"
"seat-contact:D6:3909:3877:0","SEAT_CONTACT","scale:3877","scale:3909","3877","3909",false,false,"D6","D6","D5",,"0",,"2",,"single_degree","D3 6→5 (-1)","3","Mars",true,true,,,,,,,,"7-8 same-office convergence via established D3/D5 satellite; relation evaluated anchor→contact"
"seat-contact:D6:3909:3781:0","SEAT_CONTACT","scale:3781","scale:3909","3781","3909",false,false,"D6","D6","D3",,"0",,"2",,"single_degree","D4 8→7 (-1)","4","Sun",true,true,,,,,,,,"7-8 same-office convergence via established D3/D5 satellite; relation evaluated anchor→contact"
"seat-contact:D6:3909:1955:1","SEAT_CONTACT","scale:1955","scale:3909","1955","3909",false,false,"D6","D6","D3",,"1",,"2",,"root_phase","root 0→1; renormalize −1","1","Saturn",true,true,,,,,,,,"7-8 same-office convergence via established D3/D5 satellite; relation evaluated anchor→contact"
"seat-contact:D6:2607:2615:0","SEAT_CONTACT","scale:2615","scale:2607","2615","2607",false,false,"D6","D6","D3",,"0",,"2",,"single_degree","D4 3→4 (+1)","4","Sun",true,true,,,,,,,,"7-8 same-office convergence via established D3/D5 satellite; relation evaluated anchor→contact"
"seat-contact:D6:2607:2639:0","SEAT_CONTACT","scale:2639","scale:2607","2639","2607",false,false,"D6","D6","D5",,"0",,"2",,"single_degree","D5 5→6 (+1)","5","Venus",true,true,,,,,,,,"7-8 same-office convergence via established D3/D5 satellite; relation evaluated anchor→contact"
"seat-contact:D6:2607:2351:0","SEAT_CONTACT","scale:2351","scale:2607","2351","2607",false,false,"D6","D6","D5",,"0",,"2",,"single_degree","D6 9→8 (-1)","6","Mercury",true,true,,,,,,,,"7-8 same-office convergence via established D3/D5 satellite; relation evaluated anchor→contact"
"seat-contact:D6:2607:1583:0","SEAT_CONTACT","scale:1583","scale:2607","1583","2607",false,false,"D6","D6","D3",,"0",,"2",,"single_degree","D7 11→10 (-1)","7","Moon",true,true,,,,,,,,"7-8 same-office convergence via established D3/D5 satellite; relation evaluated anchor→contact"
"seat-contact:D6:2001:1993:0","SEAT_CONTACT","scale:1993","scale:2001","1993","2001",false,false,"D6","D6","D5",,"0",,"2",,"single_degree","D2 4→3 (-1)","2","Jupiter",true,true,,,,,,,,"7-8 same-office convergence via established D3/D5 satellite; relation evaluated anchor→contact"
"seat-contact:D6:2001:1969:0","SEAT_CONTACT","scale:1969","scale:2001","1969","2001",false,false,"D6","D6","D3",,"0",,"2",,"single_degree","D3 6→5 (-1)","3","Mars",true,true,,,,,,,,"7-8 same-office convergence via established D3/D5 satellite; relation evaluated anchor→contact"
"seat-contact:D6:2001:3025:0","SEAT_CONTACT","scale:3025","scale:2001","3025","2001",false,false,"D6","D6","D3",,"0",,"2",,"single_degree","D7 10→11 (+1)","7","Moon",true,true,,,,,,,,"7-8 same-office convergence via established D3/D5 satellite; relation evaluated anchor→contact"
"seat-contact:D6:2001:1001:1","SEAT_CONTACT","scale:1001","scale:2001","1001","2001",false,false,"D6","D6","D5",,"1",,"2",,"root_phase","root 0→1; renormalize −1","1","Saturn",true,true,,,,,,,,"7-8 same-office convergence via established D3/D5 satellite; relation evaluated anchor→contact"
"seat-contact:D6:3351:3355:0","SEAT_CONTACT","scale:3355","scale:3351","3355","3351",false,false,"D6","D6","D3",,"0",,"2",,"single_degree","D3 2→3 (+1)","3","Mars",true,true,,,,,,,,"7-8 same-office convergence via established D3/D5 satellite; relation evaluated anchor→contact"
"seat-contact:D6:3351:3367:0","SEAT_CONTACT","scale:3367","scale:3351","3367","3351",false,false,"D6","D6","D5",,"0",,"2",,"single_degree","D4 4→5 (+1)","4","Sun",true,true,,,,,,,,"7-8 same-office convergence via established D3/D5 satellite; relation evaluated anchor→contact"
"seat-contact:D6:3351:3223:0","SEAT_CONTACT","scale:3223","scale:3351","3223","3351",false,false,"D6","D6","D5",,"0",,"2",,"single_degree","D5 8→7 (-1)","5","Venus",true,true,,,,,,,,"7-8 same-office convergence via established D3/D5 satellite; relation evaluated anchor→contact"
"seat-contact:D6:3351:2839:0","SEAT_CONTACT","scale:2839","scale:3351","2839","3351",false,false,"D6","D6","D3",,"0",,"2",,"single_degree","D6 10→9 (-1)","6","Mercury",true,true,,,,,,,,"7-8 same-office convergence via established D3/D5 satellite; relation evaluated anchor→contact"
"seat-contact:D6:381:379:0","SEAT_CONTACT","scale:379","scale:381","379","381",false,false,"D6","D6","D3",,"0",,"2",,"single_degree","D2 2→1 (-1)","2","Jupiter",true,true,,,,,,,,"7-8 same-office convergence via established D3/D5 satellite; relation evaluated anchor→contact"
"seat-contact:D6:381:445:0","SEAT_CONTACT","scale:445","scale:381","445","381",false,false,"D6","D6","D3",,"0",,"2",,"single_degree","D6 6→7 (+1)","6","Mercury",true,true,,,,,,,,"7-8 same-office convergence via established D3/D5 satellite; relation evaluated anchor→contact"
"seat-contact:D6:381:637:0","SEAT_CONTACT","scale:637","scale:381","637","381",false,false,"D6","D6","D5",,"0",,"2",,"single_degree","D7 8→9 (+1)","7","Moon",true,true,,,,,,,,"7-8 same-office convergence via established D3/D5 satellite; relation evaluated anchor→contact"
"seat-contact:D6:381:761:-1","SEAT_CONTACT","scale:761","scale:381","761","381",false,false,"D6","D6","D5",,"-1",,"2",,"root_phase","root 0→11; renormalize +1","1","Saturn",true,true,,,,,,,,"7-8 same-office convergence via established D3/D5 satellite; relation evaluated anchor→contact"
"seat-contact:D6:3723:3725:0","SEAT_CONTACT","scale:3725","scale:3723","3725","3723",false,false,"D6","D6","D3",,"0",,"2",,"single_degree","D2 1→2 (+1)","2","Jupiter",true,true,,,,,,,,"7-8 same-office convergence via established D3/D5 satellite; relation evaluated anchor→contact"
"seat-contact:D6:3723:3731:0","SEAT_CONTACT","scale:3731","scale:3723","3731","3723",false,false,"D6","D6","D5",,"0",,"2",,"single_degree","D3 3→4 (+1)","3","Mars",true,true,,,,,,,,"7-8 same-office convergence via established D3/D5 satellite; relation evaluated anchor→contact"
"seat-contact:D6:3723:3659:0","SEAT_CONTACT","scale:3659","scale:3723","3659","3723",false,false,"D6","D6","D5",,"0",,"2",,"single_degree","D4 7→6 (-1)","4","Sun",true,true,,,,,,,,"7-8 same-office convergence via established D3/D5 satellite; relation evaluated anchor→contact"
"seat-contact:D6:3723:3467:0","SEAT_CONTACT","scale:3467","scale:3723","3467","3723",false,false,"D6","D6","D3",,"0",,"2",,"single_degree","D5 9→8 (-1)","5","Venus",true,true,,,,,,,,"7-8 same-office convergence via established D3/D5 satellite; relation evaluated anchor→contact"
"seat-contact:D6:1119:1135:0","SEAT_CONTACT","scale:1135","scale:1119","1135","1119",false,false,"D6","D6","D3",,"0",,"2",,"single_degree","D5 4→5 (+1)","5","Venus",true,true,,,,,,,,"7-8 same-office convergence via established D3/D5 satellite; relation evaluated anchor→contact"
"seat-contact:D6:1119:1183:0","SEAT_CONTACT","scale:1183","scale:1119","1183","1119",false,false,"D6","D6","D5",,"0",,"2",,"single_degree","D6 6→7 (+1)","6","Mercury",true,true,,,,,,,,"7-8 same-office convergence via established D3/D5 satellite; relation evaluated anchor→contact"
"seat-contact:D6:1119:607:0","SEAT_CONTACT","scale:607","scale:1119","607","1119",false,false,"D6","D6","D5",,"0",,"2",,"single_degree","D7 10→9 (-1)","7","Moon",true,true,,,,,,,,"7-8 same-office convergence via established D3/D5 satellite; relation evaluated anchor→contact"
"seat-contact:D6:1119:2237:-1","SEAT_CONTACT","scale:2237","scale:1119","2237","1119",false,false,"D6","D6","D3",,"-1",,"2",,"root_phase","root 0→11; renormalize +1","1","Saturn",true,true,,,,,,,,"7-8 same-office convergence via established D3/D5 satellite; relation evaluated anchor→contact"
"governs:D6:3909:3907:0","GOVERNS","scale:3909","scale:3907","3909","3907",true,true,"D6","D6",,,"0",,"2",,"single_degree","D2 2→1 (-1)","2","Jupiter",true,true,,,,,,,,"7-8 eligible relation; same-office D6 tier"
"governs:D6:3909:3973:0","GOVERNS","scale:3909","scale:3973","3909","3973",true,true,"D6","D6",,,"0",,"2",,"single_degree","D3 6→7 (+1)","3","Mars",true,true,,,,,,,,"7-8 eligible relation; same-office D6 tier"
"governs:D6:2607:2591:0","GOVERNS","scale:2607","scale:2591","2607","2591",true,true,"D6","D6",,,"0",,"2",,"single_degree","D5 5→4 (-1)","5","Venus",true,true,,,,,,,,"7-8 eligible relation; same-office D6 tier"
"governs:D6:2607:3119:0","GOVERNS","scale:2607","scale:3119","2607","3119",true,true,"D6","D6",,,"0",,"2",,"single_degree","D6 9→10 (+1)","6","Mercury",true,true,,,,,,,,"7-8 eligible relation; same-office D6 tier"
"governs:D6:2001:2017:0","GOVERNS","scale:2001","scale:2017","2001","2017",true,true,"D6","D6",,,"0",,"2",,"single_degree","D2 4→5 (+1)","2","Jupiter",true,true,,,,,,,,"7-8 eligible relation; same-office D6 tier"
"governs:D6:2001:4001:-1","GOVERNS","scale:2001","scale:4001","2001","4001",true,true,"D6","D6",,,"-1",,"2",,"root_phase","root 0→11; renormalize +1","1","Saturn",true,true,,,,,,,,"7-8 eligible relation; same-office D6 tier"
"governs:D6:3351:3343:0","GOVERNS","scale:3351","scale:3343","3351","3343",true,true,"D6","D6",,,"0",,"2",,"single_degree","D4 4→3 (-1)","4","Sun",true,true,,,,,,,,"7-8 eligible relation; same-office D6 tier"
"governs:D6:3351:3607:0","GOVERNS","scale:3351","scale:3607","3351","3607",true,true,"D6","D6",,,"0",,"2",,"single_degree","D5 8→9 (+1)","5","Venus",true,true,,,,,,,,"7-8 eligible relation; same-office D6 tier"
"governs:D6:381:191:1","GOVERNS","scale:381","scale:191","381","191",true,true,"D6","D6",,,"1",,"2",,"root_phase","root 0→1; renormalize −1","1","Saturn",true,true,,,,,,,,"7-8 eligible relation; same-office D6 tier"
"governs:D6:381:253:0","GOVERNS","scale:381","scale:253","381","253",true,true,"D6","D6",,,"0",,"2",,"single_degree","D7 8→7 (-1)","7","Moon",true,true,,,,,,,,"7-8 eligible relation; same-office D6 tier"
"governs:D6:3723:3719:0","GOVERNS","scale:3723","scale:3719","3723","3719",true,true,"D6","D6",,,"0",,"2",,"single_degree","D3 3→2 (-1)","3","Mars",true,true,,,,,,,,"7-8 eligible relation; same-office D6 tier"
"governs:D6:3723:3851:0","GOVERNS","scale:3723","scale:3851","3723","3851",true,true,"D6","D6",,,"0",,"2",,"single_degree","D4 7→8 (+1)","4","Sun",true,true,,,,,,,,"7-8 eligible relation; same-office D6 tier"
"governs:D6:1119:1087:0","GOVERNS","scale:1119","scale:1087","1119","1087",true,true,"D6","D6",,,"0",,"2",,"single_degree","D6 6→5 (-1)","6","Mercury",true,true,,,,,,,,"7-8 eligible relation; same-office D6 tier"
"governs:D6:1119:2143:0","GOVERNS","scale:1119","scale:2143","1119","2143",true,true,"D6","D6",,,"0",,"2",,"single_degree","D7 10→11 (+1)","7","Moon",true,true,,,,,,,,"7-8 eligible relation; same-office D6 tier"
"modal:D6:381:1119","MODAL_SUCCESSOR","scale:381","scale:1119","381","1119",true,false,"D6","D6",,,,,,,,,,,true,true,,,,,,,,"7-8 modal orbit; governor successor +2 mod 7"
"modal:D6:1119:2607","MODAL_SUCCESSOR","scale:1119","scale:2607","1119","2607",true,false,"D6","D6",,,,,,,,,,,true,true,,,,,,,,"7-8 modal orbit; governor successor +2 mod 7"
"modal:D6:2607:3351","MODAL_SUCCESSOR","scale:2607","scale:3351","2607","3351",true,false,"D6","D6",,,,,,,,,,,true,true,,,,,,,,"7-8 modal orbit; governor successor +2 mod 7"
"modal:D6:3351:3723","MODAL_SUCCESSOR","scale:3351","scale:3723","3351","3723",true,false,"D6","D6",,,,,,,,,,,true,true,,,,,,,,"7-8 modal orbit; governor successor +2 mod 7"
"modal:D6:3723:3909","MODAL_SUCCESSOR","scale:3723","scale:3909","3723","3909",true,false,"D6","D6",,,,,,,,,,,true,true,,,,,,,,"7-8 modal orbit; governor successor +2 mod 7"
"modal:D6:3909:2001","MODAL_SUCCESSOR","scale:3909","scale:2001","3909","2001",true,false,"D6","D6",,,,,,,,,,,true,true,,,,,,,,"7-8 modal orbit; governor successor +2 mod 7"
"modal:D6:2001:381","MODAL_SUCCESSOR","scale:2001","scale:381","2001","381",true,false,"D6","D6",,,,,,,,,,,true,true,,,,,,,,"7-8 modal orbit; governor successor +2 mod 7"
"modal:D6-satellite:7-2:1:191:2143","MODAL_SUCCESSOR","scale:191","scale:2143","191","2143",true,false,"D6","D6",,,,,,,,,,,true,true,,,,,,,,"7-2 D6 satellite modal orbit 1; governor successor +2 mod 7"
"modal:D6-satellite:7-2:1:2143:3119","MODAL_SUCCESSOR","scale:2143","scale:3119","2143","3119",true,false,"D6","D6",,,,,,,,,,,true,true,,,,,,,,"7-2 D6 satellite modal orbit 1; governor successor +2 mod 7"
"modal:D6-satellite:7-2:1:3119:3607","MODAL_SUCCESSOR","scale:3119","scale:3607","3119","3607",true,false,"D6","D6",,,,,,,,,,,true,true,,,,,,,,"7-2 D6 satellite modal orbit 1; governor successor +2 mod 7"
"modal:D6-satellite:7-2:1:3607:3851","MODAL_SUCCESSOR","scale:3607","scale:3851","3607","3851",true,false,"D6","D6",,,,,,,,,,,true,true,,,,,,,,"7-2 D6 satellite modal orbit 1; governor successor +2 mod 7"
"modal:D6-satellite:7-2:1:3851:3973","MODAL_SUCCESSOR","scale:3851","scale:3973","3851","3973",true,false,"D6","D6",,,,,,,,,,,true,true,,,,,,,,"7-2 D6 satellite modal orbit 1; governor successor +2 mod 7"
"modal:D6-satellite:7-2:1:3973:2017","MODAL_SUCCESSOR","scale:3973","scale:2017","3973","2017",true,false,"D6","D6",,,,,,,,,,,true,true,,,,,,,,"7-2 D6 satellite modal orbit 1; governor successor +2 mod 7"
"modal:D6-satellite:7-2:1:2017:191","MODAL_SUCCESSOR","scale:2017","scale:191","2017","191",true,false,"D6","D6",,,,,,,,,,,true,true,,,,,,,,"7-2 D6 satellite modal orbit 1; governor successor +2 mod 7"
"modal:D6-satellite:7-2:2:253:1087","MODAL_SUCCESSOR","scale:253","scale:1087","253","1087",true,false,"D6","D6",,,,,,,,,,,true,true,,,,,,,,"7-2 D6 satellite modal orbit 2; governor successor +2 mod 7"
"modal:D6-satellite:7-2:2:1087:2591","MODAL_SUCCESSOR","scale:1087","scale:2591","1087","2591",true,false,"D6","D6",,,,,,,,,,,true,true,,,,,,,,"7-2 D6 satellite modal orbit 2; governor successor +2 mod 7"
"modal:D6-satellite:7-2:2:2591:3343","MODAL_SUCCESSOR","scale:2591","scale:3343","2591","3343",true,false,"D6","D6",,,,,,,,,,,true,true,,,,,,,,"7-2 D6 satellite modal orbit 2; governor successor +2 mod 7"
"modal:D6-satellite:7-2:2:3343:3719","MODAL_SUCCESSOR","scale:3343","scale:3719","3343","3719",true,false,"D6","D6",,,,,,,,,,,true,true,,,,,,,,"7-2 D6 satellite modal orbit 2; governor successor +2 mod 7"
"modal:D6-satellite:7-2:2:3719:3907","MODAL_SUCCESSOR","scale:3719","scale:3907","3719","3907",true,false,"D6","D6",,,,,,,,,,,true,true,,,,,,,,"7-2 D6 satellite modal orbit 2; governor successor +2 mod 7"
"modal:D6-satellite:7-2:2:3907:4001","MODAL_SUCCESSOR","scale:3907","scale:4001","3907","4001",true,false,"D6","D6",,,,,,,,,,,true,true,,,,,,,,"7-2 D6 satellite modal orbit 2; governor successor +2 mod 7"
"modal:D6-satellite:7-2:2:4001:253","MODAL_SUCCESSOR","scale:4001","scale:253","4001","253",true,false,"D6","D6",,,,,,,,,,,true,true,,,,,,,,"7-2 D6 satellite modal orbit 2; governor successor +2 mod 7"
"seat-contact:D7:127:191:0","SEAT_CONTACT","scale:191","scale:127","191","127",false,false,"D7","D7","D6",,"0",,"2",,"single_degree","D7 6→7","7","Moon",true,true,,,,,,,,"7-1 terminal same-office convergence via the two chiral D6 / 7-2 satellite orientations; relation evaluated anchor→contact"
"seat-contact:D7:127:253:-1","SEAT_CONTACT","scale:253","scale:127","253","127",false,false,"D7","D7","D6",,"-1",,"2",,"root_phase","root 0→11; renormalize +1","1","Saturn",true,true,,,,,,,,"7-1 terminal same-office convergence via the two chiral D6 / 7-2 satellite orientations; relation evaluated anchor→contact"
"seat-contact:D7:2111:2143:0","SEAT_CONTACT","scale:2143","scale:2111","2143","2111",false,false,"D7","D7","D6",,"0",,"2","4","single_degree","D6 5→6","6","Mercury",true,true,,,,,,,,"7-1 terminal same-office convergence via the two chiral D6 / 7-2 satellite orientations; relation evaluated anchor→contact"
"seat-contact:D7:2111:1087:0","SEAT_CONTACT","scale:1087","scale:2111","1087","2111",false,false,"D7","D7","D6",,"0",,"2","4","single_degree","D7 11→10","7","Moon",true,true,,,,,,,,"7-1 terminal same-office convergence via the two chiral D6 / 7-2 satellite orientations; relation evaluated anchor→contact"
"seat-contact:D7:3103:3119:0","SEAT_CONTACT","scale:3119","scale:3103","3119","3103",false,false,"D7","D7","D6",,"0",,"2","4","single_degree","D5 4→5","5","Venus",true,true,,,,,,,,"7-1 terminal same-office convergence via the two chiral D6 / 7-2 satellite orientations; relation evaluated anchor→contact"
"seat-contact:D7:3103:2591:0","SEAT_CONTACT","scale:2591","scale:3103","2591","3103",false,false,"D7","D7","D6",,"0",,"2","4","single_degree","D6 10→9","6","Mercury",true,true,,,,,,,,"7-1 terminal same-office convergence via the two chiral D6 / 7-2 satellite orientations; relation evaluated anchor→contact"
"seat-contact:D7:3599:3607:0","SEAT_CONTACT","scale:3607","scale:3599","3607","3599",false,false,"D7","D7","D6",,"0",,"2","4","single_degree","D4 3→4","4","Sun",true,true,,,,,,,,"7-1 terminal same-office convergence via the two chiral D6 / 7-2 satellite orientations; relation evaluated anchor→contact"
"seat-contact:D7:3599:3343:0","SEAT_CONTACT","scale:3343","scale:3599","3343","3599",false,false,"D7","D7","D6",,"0",,"2","4","single_degree","D5 9→8","5","Venus",true,true,,,,,,,,"7-1 terminal same-office convergence via the two chiral D6 / 7-2 satellite orientations; relation evaluated anchor→contact"
"seat-contact:D7:3847:3851:0","SEAT_CONTACT","scale:3851","scale:3847","3851","3847",false,false,"D7","D7","D6",,"0",,"2","4","single_degree","D3 2→3","3","Mars",true,true,,,,,,,,"7-1 terminal same-office convergence via the two chiral D6 / 7-2 satellite orientations; relation evaluated anchor→contact"
"seat-contact:D7:3847:3719:0","SEAT_CONTACT","scale:3719","scale:3847","3719","3847",false,false,"D7","D7","D6",,"0",,"2","4","single_degree","D4 8→7","4","Sun",true,true,,,,,,,,"7-1 terminal same-office convergence via the two chiral D6 / 7-2 satellite orientations; relation evaluated anchor→contact"
"seat-contact:D7:3971:3973:0","SEAT_CONTACT","scale:3973","scale:3971","3973","3971",false,false,"D7","D7","D6",,"0",,"2","4","single_degree","D2 1→2","2","Jupiter",true,true,,,,,,,,"7-1 terminal same-office convergence via the two chiral D6 / 7-2 satellite orientations; relation evaluated anchor→contact"
"seat-contact:D7:3971:3907:0","SEAT_CONTACT","scale:3907","scale:3971","3907","3971",false,false,"D7","D7","D6",,"0",,"2","4","single_degree","D3 7→6","3","Mars",true,true,,,,,,,,"7-1 terminal same-office convergence via the two chiral D6 / 7-2 satellite orientations; relation evaluated anchor→contact"
"seat-contact:D7:4033:4001:0","SEAT_CONTACT","scale:4001","scale:4033","4001","4033",false,false,"D7","D7","D6",,"0",,"2",,"single_degree","D2 6→5","2","Jupiter",true,true,,,,,,,,"7-1 terminal same-office convergence via the two chiral D6 / 7-2 satellite orientations; relation evaluated anchor→contact"
"seat-contact:D7:4033:2017:1","SEAT_CONTACT","scale:2017","scale:4033","2017","4033",false,false,"D7","D7","D6",,"1",,"2",,"root_phase","root 0→1; renormalize −1","1","Saturn",true,true,,,,,,,,"7-1 terminal same-office convergence via the two chiral D6 / 7-2 satellite orientations; relation evaluated anchor→contact"
"modal:D7:127:2111","MODAL_SUCCESSOR","scale:127","scale:2111","127","2111",true,false,"D7","D7",,,,,,,,,,,true,true,,,,,,,,"7-1 modal orbit; governor successor +2 mod 7"
"modal:D7:2111:3103","MODAL_SUCCESSOR","scale:2111","scale:3103","2111","3103",true,false,"D7","D7",,,,,,,,,,,true,true,,,,,,,,"7-1 modal orbit; governor successor +2 mod 7"
"modal:D7:3103:3599","MODAL_SUCCESSOR","scale:3103","scale:3599","3103","3599",true,false,"D7","D7",,,,,,,,,,,true,true,,,,,,,,"7-1 modal orbit; governor successor +2 mod 7"
"modal:D7:3599:3847","MODAL_SUCCESSOR","scale:3599","scale:3847","3599","3847",true,false,"D7","D7",,,,,,,,,,,true,true,,,,,,,,"7-1 modal orbit; governor successor +2 mod 7"
"modal:D7:3847:3971","MODAL_SUCCESSOR","scale:3847","scale:3971","3847","3971",true,false,"D7","D7",,,,,,,,,,,true,true,,,,,,,,"7-1 modal orbit; governor successor +2 mod 7"
"modal:D7:3971:4033","MODAL_SUCCESSOR","scale:3971","scale:4033","3971","4033",true,false,"D7","D7",,,,,,,,,,,true,true,,,,,,,,"7-1 modal orbit; governor successor +2 mod 7"
"modal:D7:4033:127","MODAL_SUCCESSOR","scale:4033","scale:127","4033","127",true,false,"D7","D7",,,,,,,,,,,true,true,,,,,,,,"7-1 modal orbit; governor successor +2 mod 7"
"audit:fixed:1119:1367","AUDITED_HAMMING2","scale:1119","scale:1367","1119","1367",false,false,"A2",,,,,,"2",,"fixed",,,,false,true,,,,,,,,"fixed-tonic one-tone exchange audit"
"audit:fixed:1119:1371","AUDITED_HAMMING2","scale:1119","scale:1371","1119","1371",false,false,"A1",,,,,,"2",,"fixed",,,,false,true,,,,,,,,"fixed-tonic one-tone exchange audit"
"audit:fixed:1119:1373","AUDITED_HAMMING2","scale:1119","scale:1373","1119","1373",false,false,"A2",,,,,,"2",,"fixed",,,,false,true,,,,,,,,"fixed-tonic one-tone exchange audit"
"audit:fixed:1135:1387","AUDITED_HAMMING2","scale:1135","scale:1387","1135","1387",false,false,"A0",,,,,,"2",,"fixed",,,,false,true,,,,,,,,"fixed-tonic one-tone exchange audit"
"audit:fixed:1135:1389","AUDITED_HAMMING2","scale:1135","scale:1389","1135","1389",false,false,"A1",,,,,,"2",,"fixed",,,,false,true,,,,,,,,"fixed-tonic one-tone exchange audit"
"audit:fixed:1143:1367","AUDITED_HAMMING2","scale:1143","scale:1367","1143","1367",false,false,"A2",,,,,,"2",,"fixed",,,,false,true,,,,,,,,"fixed-tonic one-tone exchange audit"
"audit:fixed:1143:1397","AUDITED_HAMMING2","scale:1143","scale:1397","1143","1397",false,false,"A2",,,,,,"2",,"fixed",,,,false,true,,,,,,,,"fixed-tonic one-tone exchange audit"
"audit:fixed:1147:1371","AUDITED_HAMMING2","scale:1147","scale:1371","1147","1371",false,false,"A1",,,,,,"2",,"fixed",,,,false,true,,,,,,,,"fixed-tonic one-tone exchange audit"
"audit:fixed:1147:1387","AUDITED_HAMMING2","scale:1147","scale:1387","1147","1387",false,false,"A0",,,,,,"2",,"fixed",,,,false,true,,,,,,,,"fixed-tonic one-tone exchange audit"
"audit:fixed:1149:1373","AUDITED_HAMMING2","scale:1149","scale:1373","1149","1373",false,false,"A2",,,,,,"2",,"fixed",,,,false,true,,,,,,,,"fixed-tonic one-tone exchange audit"
"audit:fixed:1149:1389","AUDITED_HAMMING2","scale:1149","scale:1389","1149","1389",false,false,"A1",,,,,,"2",,"fixed",,,,false,true,,,,,,,,"fixed-tonic one-tone exchange audit"
"audit:fixed:1149:1397","AUDITED_HAMMING2","scale:1149","scale:1397","1149","1397",false,false,"A2",,,,,,"2",,"fixed",,,,false,true,,,,,,,,"fixed-tonic one-tone exchange audit"
"audit:fixed:1199:1451","AUDITED_HAMMING2","scale:1199","scale:1451","1199","1451",false,false,"A0",,,,,,"2",,"fixed",,,,false,true,,,,,,,,"fixed-tonic one-tone exchange audit"
"audit:fixed:1199:1453","AUDITED_HAMMING2","scale:1199","scale:1453","1199","1453",false,false,"A0",,,,,,"2",,"fixed",,,,false,true,,,,,,,,"fixed-tonic one-tone exchange audit"
"audit:fixed:1199:1707","AUDITED_HAMMING2","scale:1199","scale:1707","1199","1707",false,false,"A1",,,,,,"2",,"fixed",,,,false,true,,,,,,,,"fixed-tonic one-tone exchange audit"
"audit:fixed:1199:1709","AUDITED_HAMMING2","scale:1199","scale:1709","1199","1709",false,false,"A0",,,,,,"2",,"fixed",,,,false,true,,,,,,,,"fixed-tonic one-tone exchange audit"
"audit:fixed:1207:1461","AUDITED_HAMMING2","scale:1207","scale:1461","1207","1461",false,false,"A1",,,,,,"2",,"fixed",,,,false,true,,,,,,,,"fixed-tonic one-tone exchange audit"
"audit:fixed:1207:1717","AUDITED_HAMMING2","scale:1207","scale:1717","1207","1717",false,false,"A0",,,,,,"2",,"fixed",,,,false,true,,,,,,,,"fixed-tonic one-tone exchange audit"
"audit:fixed:1211:1451","AUDITED_HAMMING2","scale:1211","scale:1451","1211","1451",false,false,"A0",,,,,,"2",,"fixed",,,,false,true,,,,,,,,"fixed-tonic one-tone exchange audit"
"audit:fixed:1211:1707","AUDITED_HAMMING2","scale:1211","scale:1707","1211","1707",false,false,"A1",,,,,,"2",,"fixed",,,,false,true,,,,,,,,"fixed-tonic one-tone exchange audit"
"audit:fixed:1213:1453","AUDITED_HAMMING2","scale:1213","scale:1453","1213","1453",false,false,"A0",,,,,,"2",,"fixed",,,,false,true,,,,,,,,"fixed-tonic one-tone exchange audit"
"audit:fixed:1213:1461","AUDITED_HAMMING2","scale:1213","scale:1461","1213","1461",false,false,"A1",,,,,,"2",,"fixed",,,,false,true,,,,,,,,"fixed-tonic one-tone exchange audit"
"audit:fixed:1213:1709","AUDITED_HAMMING2","scale:1213","scale:1709","1213","1709",false,false,"A0",,,,,,"2",,"fixed",,,,false,true,,,,,,,,"fixed-tonic one-tone exchange audit"
"audit:fixed:1213:1717","AUDITED_HAMMING2","scale:1213","scale:1717","1213","1717",false,false,"A0",,,,,,"2",,"fixed",,,,false,true,,,,,,,,"fixed-tonic one-tone exchange audit"
"audit:fixed:1239:1367","AUDITED_HAMMING2","scale:1239","scale:1367","1239","1367",false,false,"A2",,,,,,"2",,"fixed",,,,true,true,,,,,,,,"fixed-tonic one-tone exchange audit"
"audit:fixed:1239:1493","AUDITED_HAMMING2","scale:1239","scale:1493","1239","1493",false,false,"A2",,,,,,"2",,"fixed",,,,false,true,,,,,,,,"fixed-tonic one-tone exchange audit"
"audit:fixed:1239:1749","AUDITED_HAMMING2","scale:1239","scale:1749","1239","1749",false,false,"A1",,,,,,"2",,"fixed",,,,false,true,,,,,,,,"fixed-tonic one-tone exchange audit"
"audit:fixed:1243:1371","AUDITED_HAMMING2","scale:1243","scale:1371","1243","1371",false,false,"A1",,,,,,"2",,"fixed",,,,true,true,,,,,,,,"fixed-tonic one-tone exchange audit"
"audit:fixed:1245:1373","AUDITED_HAMMING2","scale:1245","scale:1373","1245","1373",false,false,"A2",,,,,,"2",,"fixed",,,,true,true,,,,,,,,"fixed-tonic one-tone exchange audit"
"audit:fixed:1245:1493","AUDITED_HAMMING2","scale:1245","scale:1493","1245","1493",false,false,"A2",,,,,,"2",,"fixed",,,,false,true,,,,,,,,"fixed-tonic one-tone exchange audit"
"audit:fixed:1245:1749","AUDITED_HAMMING2","scale:1245","scale:1749","1245","1749",false,false,"A1",,,,,,"2",,"fixed",,,,false,true,,,,,,,,"fixed-tonic one-tone exchange audit"
"audit:fixed:1259:1387","AUDITED_HAMMING2","scale:1259","scale:1387","1259","1387",false,false,"A0",,,,,,"2",,"fixed",,,,true,true,,,,,,,,"fixed-tonic one-tone exchange audit"
"audit:fixed:1259:1451","AUDITED_HAMMING2","scale:1259","scale:1451","1259","1451",false,false,"A0",,,,,,"2",,"fixed",,,,false,true,,,,,,,,"fixed-tonic one-tone exchange audit"
"audit:fixed:1259:1707","AUDITED_HAMMING2","scale:1259","scale:1707","1259","1707",false,false,"A1",,,,,,"2",,"fixed",,,,false,true,,,,,,,,"fixed-tonic one-tone exchange audit"
"audit:fixed:1261:1389","AUDITED_HAMMING2","scale:1261","scale:1389","1261","1389",false,false,"A1",,,,,,"2",,"fixed",,,,true,true,,,,,,,,"fixed-tonic one-tone exchange audit"
"audit:fixed:1261:1453","AUDITED_HAMMING2","scale:1261","scale:1453","1261","1453",false,false,"A0",,,,,,"2",,"fixed",,,,false,true,,,,,,,,"fixed-tonic one-tone exchange audit"
"audit:fixed:1261:1709","AUDITED_HAMMING2","scale:1261","scale:1709","1261","1709",false,false,"A0",,,,,,"2",,"fixed",,,,false,true,,,,,,,,"fixed-tonic one-tone exchange audit"
"audit:fixed:1269:1397","AUDITED_HAMMING2","scale:1269","scale:1397","1269","1397",false,false,"A2",,,,,,"2",,"fixed",,,,true,true,,,,,,,,"fixed-tonic one-tone exchange audit"
"audit:fixed:1269:1461","AUDITED_HAMMING2","scale:1269","scale:1461","1269","1461",false,false,"A1",,,,,,"2",,"fixed",,,,false,true,,,,,,,,"fixed-tonic one-tone exchange audit"
"audit:fixed:1269:1493","AUDITED_HAMMING2","scale:1269","scale:1493","1269","1493",false,false,"A2",,,,,,"2",,"fixed",,,,false,true,,,,,,,,"fixed-tonic one-tone exchange audit"
"audit:fixed:1269:1717","AUDITED_HAMMING2","scale:1269","scale:1717","1269","1717",false,false,"A0",,,,,,"2",,"fixed",,,,false,true,,,,,,,,"fixed-tonic one-tone exchange audit"
"audit:fixed:1269:1749","AUDITED_HAMMING2","scale:1269","scale:1749","1269","1749",false,false,"A1",,,,,,"2",,"fixed",,,,false,true,,,,,,,,"fixed-tonic one-tone exchange audit"
"audit:fixed:1311:1367","AUDITED_HAMMING2","scale:1311","scale:1367","1311","1367",false,false,"A2",,,,,,"2",,"fixed",,,,false,true,,,,,,,,"fixed-tonic one-tone exchange audit"
"audit:fixed:1311:1371","AUDITED_HAMMING2","scale:1311","scale:1371","1311","1371",false,false,"A1",,,,,,"2",,"fixed",,,,false,true,,,,,,,,"fixed-tonic one-tone exchange audit"
"audit:fixed:1311:1373","AUDITED_HAMMING2","scale:1311","scale:1373","1311","1373",false,false,"A2",,,,,,"2",,"fixed",,,,false,true,,,,,,,,"fixed-tonic one-tone exchange audit"
"audit:fixed:1327:1387","AUDITED_HAMMING2","scale:1327","scale:1387","1327","1387",false,false,"A0",,,,,,"2",,"fixed",,,,false,true,,,,,,,,"fixed-tonic one-tone exchange audit"
"audit:fixed:1327:1389","AUDITED_HAMMING2","scale:1327","scale:1389","1327","1389",false,false,"A1",,,,,,"2",,"fixed",,,,false,true,,,,,,,,"fixed-tonic one-tone exchange audit"
"audit:fixed:1327:1451","AUDITED_HAMMING2","scale:1327","scale:1451","1327","1451",false,false,"A0",,,,,,"2",,"fixed",,,,false,true,,,,,,,,"fixed-tonic one-tone exchange audit"
"audit:fixed:1327:1453","AUDITED_HAMMING2","scale:1327","scale:1453","1327","1453",false,false,"A0",,,,,,"2",,"fixed",,,,false,true,,,,,,,,"fixed-tonic one-tone exchange audit"
"audit:fixed:1335:1367","AUDITED_HAMMING2","scale:1335","scale:1367","1335","1367",false,false,"A2",,,,,,"2",,"fixed",,,,true,true,,,,,,,,"fixed-tonic one-tone exchange audit"
"audit:fixed:1335:1397","AUDITED_HAMMING2","scale:1335","scale:1397","1335","1397",false,false,"A2",,,,,,"2",,"fixed",,,,false,true,,,,,,,,"fixed-tonic one-tone exchange audit"
"audit:fixed:1335:1461","AUDITED_HAMMING2","scale:1335","scale:1461","1335","1461",false,false,"A1",,,,,,"2",,"fixed",,,,false,true,,,,,,,,"fixed-tonic one-tone exchange audit"
"audit:fixed:1339:1371","AUDITED_HAMMING2","scale:1339","scale:1371","1339","1371",false,false,"A1",,,,,,"2",,"fixed",,,,true,true,,,,,,,,"fixed-tonic one-tone exchange audit"
"audit:fixed:1339:1387","AUDITED_HAMMING2","scale:1339","scale:1387","1339","1387",false,false,"A0",,,,,,"2",,"fixed",,,,false,true,,,,,,,,"fixed-tonic one-tone exchange audit"
"audit:fixed:1339:1451","AUDITED_HAMMING2","scale:1339","scale:1451","1339","1451",false,false,"A0",,,,,,"2",,"fixed",,,,false,true,,,,,,,,"fixed-tonic one-tone exchange audit"
"audit:fixed:1341:1373","AUDITED_HAMMING2","scale:1341","scale:1373","1341","1373",false,false,"A2",,,,,,"2",,"fixed",,,,true,true,,,,,,,,"fixed-tonic one-tone exchange audit"
"audit:fixed:1341:1389","AUDITED_HAMMING2","scale:1341","scale:1389","1341","1389",false,false,"A1",,,,,,"2",,"fixed",,,,false,true,,,,,,,,"fixed-tonic one-tone exchange audit"
"audit:fixed:1341:1397","AUDITED_HAMMING2","scale:1341","scale:1397","1341","1397",false,false,"A2",,,,,,"2",,"fixed",,,,false,true,,,,,,,,"fixed-tonic one-tone exchange audit"
"audit:fixed:1341:1453","AUDITED_HAMMING2","scale:1341","scale:1453","1341","1453",false,false,"A0",,,,,,"2",,"fixed",,,,false,true,,,,,,,,"fixed-tonic one-tone exchange audit"
"audit:fixed:1341:1461","AUDITED_HAMMING2","scale:1341","scale:1461","1341","1461",false,false,"A1",,,,,,"2",,"fixed",,,,false,true,,,,,,,,"fixed-tonic one-tone exchange audit"
"audit:fixed:1359:1367","AUDITED_HAMMING2","scale:1359","scale:1367","1359","1367",false,false,"A2",,,,,,"2",,"fixed",,,,true,true,,,,,,,,"fixed-tonic one-tone exchange audit"
"audit:fixed:1359:1371","AUDITED_HAMMING2","scale:1359","scale:1371","1359","1371",false,false,"A1",,,,,,"2",,"fixed",,,,false,true,,,,,,,,"fixed-tonic one-tone exchange audit"
"audit:fixed:1359:1373","AUDITED_HAMMING2","scale:1359","scale:1373","1359","1373",false,false,"A2",,,,,,"2",,"fixed",,,,false,true,,,,,,,,"fixed-tonic one-tone exchange audit"
"audit:fixed:1359:1387","AUDITED_HAMMING2","scale:1359","scale:1387","1359","1387",false,false,"A0",,,,,,"2",,"fixed",,,,false,true,,,,,,,,"fixed-tonic one-tone exchange audit"
"audit:fixed:1359:1389","AUDITED_HAMMING2","scale:1359","scale:1389","1359","1389",false,false,"A1",,,,,,"2",,"fixed",,,,false,true,,,,,,,,"fixed-tonic one-tone exchange audit"
"audit:fixed:1367:1371","AUDITED_HAMMING2","scale:1367","scale:1371","1367","1371",false,false,"A1;A2",,,,,,"2",,"fixed",,,,true,true,,,,,,,,"fixed-tonic one-tone exchange audit"
"audit:fixed:1367:1373","AUDITED_HAMMING2","scale:1367","scale:1373","1367","1373",false,false,"A2",,,,,,"2",,"fixed",,,,false,true,,,,,,,,"fixed-tonic one-tone exchange audit"
"audit:fixed:1367:1383","AUDITED_HAMMING2","scale:1367","scale:1383","1367","1383",false,false,"A2",,,,,,"2",,"fixed",,,,true,true,,,,,,,,"fixed-tonic one-tone exchange audit"
"audit:fixed:1367:1395","AUDITED_HAMMING2","scale:1367","scale:1395","1367","1395",false,false,"A2",,,,,,"2",,"fixed",,,,false,true,,,,,,,,"fixed-tonic one-tone exchange audit"
"audit:fixed:1367:1397","AUDITED_HAMMING2","scale:1367","scale:1397","1367","1397",false,false,"A2",,,,,,"2",,"fixed",,,,false,true,,,,,,,,"fixed-tonic one-tone exchange audit"
"audit:fixed:1367:1431","AUDITED_HAMMING2","scale:1367","scale:1431","1367","1431",false,false,"A2",,,,,,"2",,"fixed",,,,true,true,,,,,,,,"fixed-tonic one-tone exchange audit"
"audit:fixed:1367:1479","AUDITED_HAMMING2","scale:1367","scale:1479","1367","1479",false,false,"A2",,,,,,"2",,"fixed",,,,false,true,,,,,,,,"fixed-tonic one-tone exchange audit"
"audit:fixed:1367:1491","AUDITED_HAMMING2","scale:1367","scale:1491","1367","1491",false,false,"A2",,,,,,"2",,"fixed",,,,false,true,,,,,,,,"fixed-tonic one-tone exchange audit"
"audit:fixed:1367:1493","AUDITED_HAMMING2","scale:1367","scale:1493","1367","1493",false,false,"A2",,,,,,"2",,"fixed",,,,false,true,,,,,,,,"fixed-tonic one-tone exchange audit"
"audit:fixed:1367:1623","AUDITED_HAMMING2","scale:1367","scale:1623","1367","1623",false,false,"A2",,,,,,"2",,"fixed",,,,true,true,,,,,,,,"fixed-tonic one-tone exchange audit"
"audit:fixed:1367:1815","AUDITED_HAMMING2","scale:1367","scale:1815","1367","1815",false,false,"A2",,,,,,"2",,"fixed",,,,false,true,,,,,,,,"fixed-tonic one-tone exchange audit"
"audit:fixed:1367:1863","AUDITED_HAMMING2","scale:1367","scale:1863","1367","1863",false,false,"A2",,,,,,"2",,"fixed",,,,false,true,,,,,,,,"fixed-tonic one-tone exchange audit"
"audit:fixed:1367:1875","AUDITED_HAMMING2","scale:1367","scale:1875","1367","1875",false,false,"A2",,,,,,"2",,"fixed",,,,false,true,,,,,,,,"fixed-tonic one-tone exchange audit"
"audit:fixed:1367:1877","AUDITED_HAMMING2","scale:1367","scale:1877","1367","1877",false,false,"A2",,,,,,"2",,"fixed",,,,false,true,,,,,,,,"fixed-tonic one-tone exchange audit"
"audit:fixed:1367:2391","AUDITED_HAMMING2","scale:1367","scale:2391","1367","2391",false,false,"A2",,,,,,"2",,"fixed",,,,true,true,,,,,,,,"fixed-tonic one-tone exchange audit"
"audit:fixed:1367:3159","AUDITED_HAMMING2","scale:1367","scale:3159","1367","3159",false,false,"A2",,,,,,"2",,"fixed",,,,false,true,,,,,,,,"fixed-tonic one-tone exchange audit"
"audit:fixed:1367:3351","AUDITED_HAMMING2","scale:1367","scale:3351","1367","3351",false,false,"A2",,,,,,"2",,"fixed",,,,false,true,,,,,,,,"fixed-tonic one-tone exchange audit"
"audit:fixed:1367:3399","AUDITED_HAMMING2","scale:1367","scale:3399","1367","3399",false,false,"A2",,,,,,"2",,"fixed",,,,false,true,,,,,,,,"fixed-tonic one-tone exchange audit"
"audit:fixed:1367:3411","AUDITED_HAMMING2","scale:1367","scale:3411","1367","3411",false,false,"A2",,,,,,"2",,"fixed",,,,false,true,,,,,,,,"fixed-tonic one-tone exchange audit"
"audit:fixed:1367:3413","AUDITED_HAMMING2","scale:1367","scale:3413","1367","3413",false,false,"A2",,,,,,"2",,"fixed",,,,false,true,,,,,,,,"fixed-tonic one-tone exchange audit"
"audit:fixed:1371:1373","AUDITED_HAMMING2","scale:1371","scale:1373","1371","1373",false,false,"A1;A2",,,,,,"2",,"fixed",,,,true,true,,,,,,,,"fixed-tonic one-tone exchange audit"
"audit:fixed:1371:1387","AUDITED_HAMMING2","scale:1371","scale:1387","1371","1387",false,false,"A0;A1",,,,,,"2",,"fixed",,,,true,true,,,,,,,,"fixed-tonic one-tone exchange audit"
"audit:fixed:1371:1395","AUDITED_HAMMING2","scale:1371","scale:1395","1371","1395",false,false,"A1",,,,,,"2",,"fixed",,,,false,true,,,,,,,,"fixed-tonic one-tone exchange audit"
"audit:fixed:1371:1401","AUDITED_HAMMING2","scale:1371","scale:1401","1371","1401",false,false,"A1",,,,,,"2",,"fixed",,,,false,true,,,,,,,,"fixed-tonic one-tone exchange audit"
"audit:fixed:1371:1435","AUDITED_HAMMING2","scale:1371","scale:1435","1371","1435",false,false,"A1",,,,,,"2",,"fixed",,,,true,true,,,,,,,,"fixed-tonic one-tone exchange audit"
"audit:fixed:1371:1483","AUDITED_HAMMING2","scale:1371","scale:1483","1371","1483",false,false,"A1",,,,,,"2",,"fixed",,,,false,true,,,,,,,,"fixed-tonic one-tone exchange audit"
"audit:fixed:1371:1491","AUDITED_HAMMING2","scale:1371","scale:1491","1371","1491",false,false,"A1",,,,,,"2",,"fixed",,,,false,true,,,,,,,,"fixed-tonic one-tone exchange audit"
"audit:fixed:1371:1497","AUDITED_HAMMING2","scale:1371","scale:1497","1371","1497",false,false,"A1",,,,,,"2",,"fixed",,,,false,true,,,,,,,,"fixed-tonic one-tone exchange audit"
"audit:fixed:1371:1627","AUDITED_HAMMING2","scale:1371","scale:1627","1371","1627",false,false,"A1",,,,,,"2",,"fixed",,,,true,true,,,,,,,,"fixed-tonic one-tone exchange audit"
"audit:fixed:1371:1819","AUDITED_HAMMING2","scale:1371","scale:1819","1371","1819",false,false,"A1",,,,,,"2",,"fixed",,,,false,true,,,,,,,,"fixed-tonic one-tone exchange audit"
"audit:fixed:1371:1867","AUDITED_HAMMING2","scale:1371","scale:1867","1371","1867",false,false,"A1",,,,,,"2",,"fixed",,,,false,true,,,,,,,,"fixed-tonic one-tone exchange audit"
"audit:fixed:1371:1875","AUDITED_HAMMING2","scale:1371","scale:1875","1371","1875",false,false,"A1",,,,,,"2",,"fixed",,,,false,true,,,,,,,,"fixed-tonic one-tone exchange audit"
"audit:fixed:1371:1881","AUDITED_HAMMING2","scale:1371","scale:1881","1371","1881",false,false,"A1",,,,,,"2",,"fixed",,,,false,true,,,,,,,,"fixed-tonic one-tone exchange audit"
"audit:fixed:1371:2395","AUDITED_HAMMING2","scale:1371","scale:2395","1371","2395",false,false,"A1",,,,,,"2",,"fixed",,,,true,true,,,,,,,,"fixed-tonic one-tone exchange audit"
"audit:fixed:1371:3163","AUDITED_HAMMING2","scale:1371","scale:3163","1371","3163",false,false,"A1",,,,,,"2",,"fixed",,,,false,true,,,,,,,,"fixed-tonic one-tone exchange audit"
"audit:fixed:1371:3355","AUDITED_HAMMING2","scale:1371","scale:3355","1371","3355",false,false,"A1",,,,,,"2",,"fixed",,,,false,true,,,,,,,,"fixed-tonic one-tone exchange audit"
"audit:fixed:1371:3403","AUDITED_HAMMING2","scale:1371","scale:3403","1371","3403",false,false,"A1",,,,,,"2",,"fixed",,,,false,true,,,,,,,,"fixed-tonic one-tone exchange audit"
"audit:fixed:1371:3411","AUDITED_HAMMING2","scale:1371","scale:3411","1371","3411",false,false,"A1",,,,,,"2",,"fixed",,,,false,true,,,,,,,,"fixed-tonic one-tone exchange audit"
"audit:fixed:1371:3417","AUDITED_HAMMING2","scale:1371","scale:3417","1371","3417",false,false,"A1",,,,,,"2",,"fixed",,,,false,true,,,,,,,,"fixed-tonic one-tone exchange audit"
"audit:fixed:1373:1389","AUDITED_HAMMING2","scale:1373","scale:1389","1373","1389",false,false,"A1;A2",,,,,,"2",,"fixed",,,,true,true,,,,,,,,"fixed-tonic one-tone exchange audit"
"audit:fixed:1373:1397","AUDITED_HAMMING2","scale:1373","scale:1397","1373","1397",false,false,"A2",,,,,,"2",,"fixed",,,,false,true,,,,,,,,"fixed-tonic one-tone exchange audit"
"audit:fixed:1373:1401","AUDITED_HAMMING2","scale:1373","scale:1401","1373","1401",false,false,"A2",,,,,,"2",,"fixed",,,,false,true,,,,,,,,"fixed-tonic one-tone exchange audit"
"audit:fixed:1373:1437","AUDITED_HAMMING2","scale:1373","scale:1437","1373","1437",false,false,"A2",,,,,,"2",,"fixed",,,,true,true,,,,,,,,"fixed-tonic one-tone exchange audit"
"audit:fixed:1373:1485","AUDITED_HAMMING2","scale:1373","scale:1485","1373","1485",false,false,"A2",,,,,,"2",,"fixed",,,,false,true,,,,,,,,"fixed-tonic one-tone exchange audit"
"audit:fixed:1373:1493","AUDITED_HAMMING2","scale:1373","scale:1493","1373","1493",false,false,"A2",,,,,,"2",,"fixed",,,,false,true,,,,,,,,"fixed-tonic one-tone exchange audit"
"audit:fixed:1373:1497","AUDITED_HAMMING2","scale:1373","scale:1497","1373","1497",false,false,"A2",,,,,,"2",,"fixed",,,,false,true,,,,,,,,"fixed-tonic one-tone exchange audit"
"audit:fixed:1373:1629","AUDITED_HAMMING2","scale:1373","scale:1629","1373","1629",false,false,"A2",,,,,,"2",,"fixed",,,,true,true,,,,,,,,"fixed-tonic one-tone exchange audit"
"audit:fixed:1373:1821","AUDITED_HAMMING2","scale:1373","scale:1821","1373","1821",false,false,"A2",,,,,,"2",,"fixed",,,,false,true,,,,,,,,"fixed-tonic one-tone exchange audit"
"audit:fixed:1373:1869","AUDITED_HAMMING2","scale:1373","scale:1869","1373","1869",false,false,"A2",,,,,,"2",,"fixed",,,,false,true,,,,,,,,"fixed-tonic one-tone exchange audit"
"audit:fixed:1373:1877","AUDITED_HAMMING2","scale:1373","scale:1877","1373","1877",false,false,"A2",,,,,,"2",,"fixed",,,,false,true,,,,,,,,"fixed-tonic one-tone exchange audit"
"audit:fixed:1373:1881","AUDITED_HAMMING2","scale:1373","scale:1881","1373","1881",false,false,"A2",,,,,,"2",,"fixed",,,,false,true,,,,,,,,"fixed-tonic one-tone exchange audit"
"audit:fixed:1373:2397","AUDITED_HAMMING2","scale:1373","scale:2397","1373","2397",false,false,"A2",,,,,,"2",,"fixed",,,,true,true,,,,,,,,"fixed-tonic one-tone exchange audit"
"audit:fixed:1373:3165","AUDITED_HAMMING2","scale:1373","scale:3165","1373","3165",false,false,"A2",,,,,,"2",,"fixed",,,,false,true,,,,,,,,"fixed-tonic one-tone exchange audit"
"audit:fixed:1373:3357","AUDITED_HAMMING2","scale:1373","scale:3357","1373","3357",false,false,"A2",,,,,,"2",,"fixed",,,,false,true,,,,,,,,"fixed-tonic one-tone exchange audit"
"audit:fixed:1373:3405","AUDITED_HAMMING2","scale:1373","scale:3405","1373","3405",false,false,"A2",,,,,,"2",,"fixed",,,,false,true,,,,,,,,"fixed-tonic one-tone exchange audit"
"audit:fixed:1373:3413","AUDITED_HAMMING2","scale:1373","scale:3413","1373","3413",false,false,"A2",,,,,,"2",,"fixed",,,,false,true,,,,,,,,"fixed-tonic one-tone exchange audit"
"audit:fixed:1373:3417","AUDITED_HAMMING2","scale:1373","scale:3417","1373","3417",false,false,"A2",,,,,,"2",,"fixed",,,,false,true,,,,,,,,"fixed-tonic one-tone exchange audit"
"audit:fixed:1383:1387","AUDITED_HAMMING2","scale:1383","scale:1387","1383","1387",false,false,"A0",,,,,,"2",,"fixed",,,,true,true,,,,,,,,"fixed-tonic one-tone exchange audit"
"audit:fixed:1383:1389","AUDITED_HAMMING2","scale:1383","scale:1389","1383","1389",false,false,"A1",,,,,,"2",,"fixed",,,,false,true,,,,,,,,"fixed-tonic one-tone exchange audit"
"audit:fixed:1383:1397","AUDITED_HAMMING2","scale:1383","scale:1397","1383","1397",false,false,"A2",,,,,,"2",,"fixed",,,,false,true,,,,,,,,"fixed-tonic one-tone exchange audit"
"audit:fixed:1387:1389","AUDITED_HAMMING2","scale:1387","scale:1389","1387","1389",false,false,"A0;A1",,,,,,"2",,"fixed",,,,true,true,,,,,,,,"fixed-tonic one-tone exchange audit"
"audit:fixed:1387:1395","AUDITED_HAMMING2","scale:1387","scale:1395","1387","1395",false,false,"A0",,,,,,"2",,"fixed",,,,true,true,,,,,,,,"fixed-tonic one-tone exchange audit"
"audit:fixed:1387:1401","AUDITED_HAMMING2","scale:1387","scale:1401","1387","1401",false,false,"A0",,,,,,"2",,"fixed",,,,false,true,,,,,,,,"fixed-tonic one-tone exchange audit"
"audit:fixed:1387:1451","AUDITED_HAMMING2","scale:1387","scale:1451","1387","1451",false,false,"A0",,,,,,"2",,"fixed",,,,true,true,,,,,,,,"fixed-tonic one-tone exchange audit"
"audit:fixed:1387:1483","AUDITED_HAMMING2","scale:1387","scale:1483","1387","1483",false,false,"A0",,,,,,"2",,"fixed",,,,false,true,,,,,,,,"fixed-tonic one-tone exchange audit"
"audit:fixed:1387:1507","AUDITED_HAMMING2","scale:1387","scale:1507","1387","1507",false,false,"A0",,,,,,"2",,"fixed",,,,false,true,,,,,,,,"fixed-tonic one-tone exchange audit"
"audit:fixed:1387:1513","AUDITED_HAMMING2","scale:1387","scale:1513","1387","1513",false,false,"A0",,,,,,"2",,"fixed",,,,false,true,,,,,,,,"fixed-tonic one-tone exchange audit"
"audit:fixed:1387:1643","AUDITED_HAMMING2","scale:1387","scale:1643","1387","1643",false,false,"A0",,,,,,"2",,"fixed",,,,true,true,,,,,,,,"fixed-tonic one-tone exchange audit"
"audit:fixed:1387:1835","AUDITED_HAMMING2","scale:1387","scale:1835","1387","1835",false,false,"A0",,,,,,"2",,"fixed",,,,false,true,,,,,,,,"fixed-tonic one-tone exchange audit"
"audit:fixed:1387:1867","AUDITED_HAMMING2","scale:1387","scale:1867","1387","1867",false,false,"A0",,,,,,"2",,"fixed",,,,false,true,,,,,,,,"fixed-tonic one-tone exchange audit"
"audit:fixed:1387:1891","AUDITED_HAMMING2","scale:1387","scale:1891","1387","1891",false,false,"A0",,,,,,"2",,"fixed",,,,false,true,,,,,,,,"fixed-tonic one-tone exchange audit"
"audit:fixed:1387:1897","AUDITED_HAMMING2","scale:1387","scale:1897","1387","1897",false,false,"A0",,,,,,"2",,"fixed",,,,false,true,,,,,,,,"fixed-tonic one-tone exchange audit"
"audit:fixed:1387:2411","AUDITED_HAMMING2","scale:1387","scale:2411","1387","2411",false,false,"A0",,,,,,"2",,"fixed",,,,true,true,,,,,,,,"fixed-tonic one-tone exchange audit"
"audit:fixed:1387:3179","AUDITED_HAMMING2","scale:1387","scale:3179","1387","3179",false,false,"A0",,,,,,"2",,"fixed",,,,false,true,,,,,,,,"fixed-tonic one-tone exchange audit"
"audit:fixed:1387:3371","AUDITED_HAMMING2","scale:1387","scale:3371","1387","3371",false,false,"A0",,,,,,"2",,"fixed",,,,false,true,,,,,,,,"fixed-tonic one-tone exchange audit"
"audit:fixed:1387:3403","AUDITED_HAMMING2","scale:1387","scale:3403","1387","3403",false,false,"A0",,,,,,"2",,"fixed",,,,false,true,,,,,,,,"fixed-tonic one-tone exchange audit"
"audit:fixed:1387:3427","AUDITED_HAMMING2","scale:1387","scale:3427","1387","3427",false,false,"A0",,,,,,"2",,"fixed",,,,false,true,,,,,,,,"fixed-tonic one-tone exchange audit"
"audit:fixed:1387:3433","AUDITED_HAMMING2","scale:1387","scale:3433","1387","3433",false,false,"A0",,,,,,"2",,"fixed",,,,false,true,,,,,,,,"fixed-tonic one-tone exchange audit"
"audit:fixed:1389:1397","AUDITED_HAMMING2","scale:1389","scale:1397","1389","1397",false,false,"A1;A2",,,,,,"2",,"fixed",,,,true,true,,,,,,,,"fixed-tonic one-tone exchange audit"
"audit:fixed:1389:1401","AUDITED_HAMMING2","scale:1389","scale:1401","1389","1401",false,false,"A1",,,,,,"2",,"fixed",,,,false,true,,,,,,,,"fixed-tonic one-tone exchange audit"
"audit:fixed:1389:1453","AUDITED_HAMMING2","scale:1389","scale:1453","1389","1453",false,false,"A0;A1",,,,,,"2",,"fixed",,,,true,true,,,,,,,,"fixed-tonic one-tone exchange audit"
"audit:fixed:1389:1485","AUDITED_HAMMING2","scale:1389","scale:1485","1389","1485",false,false,"A1",,,,,,"2",,"fixed",,,,false,true,,,,,,,,"fixed-tonic one-tone exchange audit"
"audit:fixed:1389:1509","AUDITED_HAMMING2","scale:1389","scale:1509","1389","1509",false,false,"A1",,,,,,"2",,"fixed",,,,false,true,,,,,,,,"fixed-tonic one-tone exchange audit"
"audit:fixed:1389:1513","AUDITED_HAMMING2","scale:1389","scale:1513","1389","1513",false,false,"A1",,,,,,"2",,"fixed",,,,false,true,,,,,,,,"fixed-tonic one-tone exchange audit"
"audit:fixed:1389:1645","AUDITED_HAMMING2","scale:1389","scale:1645","1389","1645",false,false,"A1",,,,,,"2",,"fixed",,,,true,true,,,,,,,,"fixed-tonic one-tone exchange audit"
"audit:fixed:1389:1837","AUDITED_HAMMING2","scale:1389","scale:1837","1389","1837",false,false,"A1",,,,,,"2",,"fixed",,,,false,true,,,,,,,,"fixed-tonic one-tone exchange audit"
"audit:fixed:1389:1869","AUDITED_HAMMING2","scale:1389","scale:1869","1389","1869",false,false,"A1",,,,,,"2",,"fixed",,,,false,true,,,,,,,,"fixed-tonic one-tone exchange audit"
"audit:fixed:1389:1893","AUDITED_HAMMING2","scale:1389","scale:1893","1389","1893",false,false,"A1",,,,,,"2",,"fixed",,,,false,true,,,,,,,,"fixed-tonic one-tone exchange audit"
"audit:fixed:1389:1897","AUDITED_HAMMING2","scale:1389","scale:1897","1389","1897",false,false,"A1",,,,,,"2",,"fixed",,,,false,true,,,,,,,,"fixed-tonic one-tone exchange audit"
"audit:fixed:1389:2413","AUDITED_HAMMING2","scale:1389","scale:2413","1389","2413",false,false,"A1",,,,,,"2",,"fixed",,,,true,true,,,,,,,,"fixed-tonic one-tone exchange audit"
"audit:fixed:1389:3181","AUDITED_HAMMING2","scale:1389","scale:3181","1389","3181",false,false,"A1",,,,,,"2",,"fixed",,,,false,true,,,,,,,,"fixed-tonic one-tone exchange audit"
"audit:fixed:1389:3373","AUDITED_HAMMING2","scale:1389","scale:3373","1389","3373",false,false,"A1",,,,,,"2",,"fixed",,,,false,true,,,,,,,,"fixed-tonic one-tone exchange audit"
"audit:fixed:1389:3405","AUDITED_HAMMING2","scale:1389","scale:3405","1389","3405",false,false,"A1",,,,,,"2",,"fixed",,,,false,true,,,,,,,,"fixed-tonic one-tone exchange audit"
"audit:fixed:1389:3429","AUDITED_HAMMING2","scale:1389","scale:3429","1389","3429",false,false,"A1",,,,,,"2",,"fixed",,,,false,true,,,,,,,,"fixed-tonic one-tone exchange audit"
"audit:fixed:1389:3433","AUDITED_HAMMING2","scale:1389","scale:3433","1389","3433",false,false,"A1",,,,,,"2",,"fixed",,,,false,true,,,,,,,,"fixed-tonic one-tone exchange audit"
"audit:fixed:1395:1397","AUDITED_HAMMING2","scale:1395","scale:1397","1395","1397",false,false,"A2",,,,,,"2",,"fixed",,,,true,true,,,,,,,,"fixed-tonic one-tone exchange audit"
"audit:fixed:1397:1401","AUDITED_HAMMING2","scale:1397","scale:1401","1397","1401",false,false,"A2",,,,,,"2",,"fixed",,,,true,true,,,,,,,,"fixed-tonic one-tone exchange audit"
"audit:fixed:1397:1461","AUDITED_HAMMING2","scale:1397","scale:1461","1397","1461",false,false,"A1;A2",,,,,,"2",,"fixed",,,,true,true,,,,,,,,"fixed-tonic one-tone exchange audit"
"audit:fixed:1397:1493","AUDITED_HAMMING2","scale:1397","scale:1493","1397","1493",false,false,"A2",,,,,,"2",,"fixed",,,,false,true,,,,,,,,"fixed-tonic one-tone exchange audit"
"audit:fixed:1397:1509","AUDITED_HAMMING2","scale:1397","scale:1509","1397","1509",false,false,"A2",,,,,,"2",,"fixed",,,,false,true,,,,,,,,"fixed-tonic one-tone exchange audit"
"audit:fixed:1397:1521","AUDITED_HAMMING2","scale:1397","scale:1521","1397","1521",false,false,"A2",,,,,,"2",,"fixed",,,,false,true,,,,,,,,"fixed-tonic one-tone exchange audit"
"audit:fixed:1397:1653","AUDITED_HAMMING2","scale:1397","scale:1653","1397","1653",false,false,"A2",,,,,,"2",,"fixed",,,,true,true,,,,,,,,"fixed-tonic one-tone exchange audit"
"audit:fixed:1397:1845","AUDITED_HAMMING2","scale:1397","scale:1845","1397","1845",false,false,"A2",,,,,,"2",,"fixed",,,,false,true,,,,,,,,"fixed-tonic one-tone exchange audit"
"audit:fixed:1397:1877","AUDITED_HAMMING2","scale:1397","scale:1877","1397","1877",false,false,"A2",,,,,,"2",,"fixed",,,,false,true,,,,,,,,"fixed-tonic one-tone exchange audit"
"audit:fixed:1397:1893","AUDITED_HAMMING2","scale:1397","scale:1893","1397","1893",false,false,"A2",,,,,,"2",,"fixed",,,,false,true,,,,,,,,"fixed-tonic one-tone exchange audit"
"audit:fixed:1397:1905","AUDITED_HAMMING2","scale:1397","scale:1905","1397","1905",false,false,"A2",,,,,,"2",,"fixed",,,,false,true,,,,,,,,"fixed-tonic one-tone exchange audit"
"audit:fixed:1397:2421","AUDITED_HAMMING2","scale:1397","scale:2421","1397","2421",false,false,"A2",,,,,,"2",,"fixed",,,,true,true,,,,,,,,"fixed-tonic one-tone exchange audit"
"audit:fixed:1397:3189","AUDITED_HAMMING2","scale:1397","scale:3189","1397","3189",false,false,"A2",,,,,,"2",,"fixed",,,,false,true,,,,,,,,"fixed-tonic one-tone exchange audit"
"audit:fixed:1397:3381","AUDITED_HAMMING2","scale:1397","scale:3381","1397","3381",false,false,"A2",,,,,,"2",,"fixed",,,,false,true,,,,,,,,"fixed-tonic one-tone exchange audit"
"audit:fixed:1397:3413","AUDITED_HAMMING2","scale:1397","scale:3413","1397","3413",false,false,"A2",,,,,,"2",,"fixed",,,,false,true,,,,,,,,"fixed-tonic one-tone exchange audit"
"audit:fixed:1397:3429","AUDITED_HAMMING2","scale:1397","scale:3429","1397","3429",false,false,"A2",,,,,,"2",,"fixed",,,,false,true,,,,,,,,"fixed-tonic one-tone exchange audit"
"audit:fixed:1397:3441","AUDITED_HAMMING2","scale:1397","scale:3441","1397","3441",false,false,"A2",,,,,,"2",,"fixed",,,,false,true,,,,,,,,"fixed-tonic one-tone exchange audit"
"audit:fixed:1423:1451","AUDITED_HAMMING2","scale:1423","scale:1451","1423","1451",false,false,"A0",,,,,,"2",,"fixed",,,,false,true,,,,,,,,"fixed-tonic one-tone exchange audit"
"audit:fixed:1423:1453","AUDITED_HAMMING2","scale:1423","scale:1453","1423","1453",false,false,"A0",,,,,,"2",,"fixed",,,,false,true,,,,,,,,"fixed-tonic one-tone exchange audit"
"audit:fixed:1431:1461","AUDITED_HAMMING2","scale:1431","scale:1461","1431","1461",false,false,"A1",,,,,,"2",,"fixed",,,,false,true,,,,,,,,"fixed-tonic one-tone exchange audit"
"audit:fixed:1431:1493","AUDITED_HAMMING2","scale:1431","scale:1493","1431","1493",false,false,"A2",,,,,,"2",,"fixed",,,,false,true,,,,,,,,"fixed-tonic one-tone exchange audit"
"audit:fixed:1435:1451","AUDITED_HAMMING2","scale:1435","scale:1451","1435","1451",false,false,"A0",,,,,,"2",,"fixed",,,,true,true,,,,,,,,"fixed-tonic one-tone exchange audit"
"audit:fixed:1437:1453","AUDITED_HAMMING2","scale:1437","scale:1453","1437","1453",false,false,"A0",,,,,,"2",,"fixed",,,,true,true,,,,,,,,"fixed-tonic one-tone exchange audit"
"audit:fixed:1437:1461","AUDITED_HAMMING2","scale:1437","scale:1461","1437","1461",false,false,"A1",,,,,,"2",,"fixed",,,,false,true,,,,,,,,"fixed-tonic one-tone exchange audit"
"audit:fixed:1437:1493","AUDITED_HAMMING2","scale:1437","scale:1493","1437","1493",false,false,"A2",,,,,,"2",,"fixed",,,,false,true,,,,,,,,"fixed-tonic one-tone exchange audit"
"audit:fixed:1447:1451","AUDITED_HAMMING2","scale:1447","scale:1451","1447","1451",false,false,"A0",,,,,,"2",,"fixed",,,,true,true,,,,,,,,"fixed-tonic one-tone exchange audit"
"audit:fixed:1447:1453","AUDITED_HAMMING2","scale:1447","scale:1453","1447","1453",false,false,"A0",,,,,,"2",,"fixed",,,,false,true,,,,,,,,"fixed-tonic one-tone exchange audit"
"audit:fixed:1447:1461","AUDITED_HAMMING2","scale:1447","scale:1461","1447","1461",false,false,"A1",,,,,,"2",,"fixed",,,,false,true,,,,,,,,"fixed-tonic one-tone exchange audit"
"audit:fixed:1451:1453","AUDITED_HAMMING2","scale:1451","scale:1453","1451","1453",false,false,"A0",,,,,,"2",,"fixed",,,,true,true,,,,,,,,"fixed-tonic one-tone exchange audit"
"audit:fixed:1451:1459","AUDITED_HAMMING2","scale:1451","scale:1459","1451","1459",false,false,"A0",,,,,,"2",,"fixed",,,,true,true,,,,,,,,"fixed-tonic one-tone exchange audit"
"audit:fixed:1451:1465","AUDITED_HAMMING2","scale:1451","scale:1465","1451","1465",false,false,"A0",,,,,,"2",,"fixed",,,,false,true,,,,,,,,"fixed-tonic one-tone exchange audit"
"audit:fixed:1451:1483","AUDITED_HAMMING2","scale:1451","scale:1483","1451","1483",false,false,"A0",,,,,,"2",,"fixed",,,,true,true,,,,,,,,"fixed-tonic one-tone exchange audit"
"audit:fixed:1451:1507","AUDITED_HAMMING2","scale:1451","scale:1507","1451","1507",false,false,"A0",,,,,,"2",,"fixed",,,,false,true,,,,,,,,"fixed-tonic one-tone exchange audit"
"audit:fixed:1451:1513","AUDITED_HAMMING2","scale:1451","scale:1513","1451","1513",false,false,"A0",,,,,,"2",,"fixed",,,,false,true,,,,,,,,"fixed-tonic one-tone exchange audit"
"audit:fixed:1451:1707","AUDITED_HAMMING2","scale:1451","scale:1707","1451","1707",false,false,"A0;A1",,,,,,"2",,"fixed",,,,true,true,,,,,,,,"fixed-tonic one-tone exchange audit"
"audit:fixed:1451:1835","AUDITED_HAMMING2","scale:1451","scale:1835","1451","1835",false,false,"A0",,,,,,"2",,"fixed",,,,false,true,,,,,,,,"fixed-tonic one-tone exchange audit"
"audit:fixed:1451:1931","AUDITED_HAMMING2","scale:1451","scale:1931","1451","1931",false,false,"A0",,,,,,"2",,"fixed",,,,false,true,,,,,,,,"fixed-tonic one-tone exchange audit"
"audit:fixed:1451:1955","AUDITED_HAMMING2","scale:1451","scale:1955","1451","1955",false,false,"A0",,,,,,"2",,"fixed",,,,false,true,,,,,,,,"fixed-tonic one-tone exchange audit"
"audit:fixed:1451:1961","AUDITED_HAMMING2","scale:1451","scale:1961","1451","1961",false,false,"A0",,,,,,"2",,"fixed",,,,false,true,,,,,,,,"fixed-tonic one-tone exchange audit"
"audit:fixed:1451:2475","AUDITED_HAMMING2","scale:1451","scale:2475","1451","2475",false,false,"A0",,,,,,"2",,"fixed",,,,true,true,,,,,,,,"fixed-tonic one-tone exchange audit"
"audit:fixed:1451:3243","AUDITED_HAMMING2","scale:1451","scale:3243","1451","3243",false,false,"A0",,,,,,"2",,"fixed",,,,false,true,,,,,,,,"fixed-tonic one-tone exchange audit"
"audit:fixed:1451:3371","AUDITED_HAMMING2","scale:1451","scale:3371","1451","3371",false,false,"A0",,,,,,"2",,"fixed",,,,false,true,,,,,,,,"fixed-tonic one-tone exchange audit"
"audit:fixed:1451:3467","AUDITED_HAMMING2","scale:1451","scale:3467","1451","3467",false,false,"A0",,,,,,"2",,"fixed",,,,false,true,,,,,,,,"fixed-tonic one-tone exchange audit"
"audit:fixed:1451:3491","AUDITED_HAMMING2","scale:1451","scale:3491","1451","3491",false,false,"A0",,,,,,"2",,"fixed",,,,false,true,,,,,,,,"fixed-tonic one-tone exchange audit"
"audit:fixed:1451:3497","AUDITED_HAMMING2","scale:1451","scale:3497","1451","3497",false,false,"A0",,,,,,"2",,"fixed",,,,false,true,,,,,,,,"fixed-tonic one-tone exchange audit"
"audit:fixed:1453:1461","AUDITED_HAMMING2","scale:1453","scale:1461","1453","1461",false,false,"A0;A1",,,,,,"2",,"fixed",,,,true,true,,,,,,,,"fixed-tonic one-tone exchange audit"
"audit:fixed:1453:1465","AUDITED_HAMMING2","scale:1453","scale:1465","1453","1465",false,false,"A0",,,,,,"2",,"fixed",,,,false,true,,,,,,,,"fixed-tonic one-tone exchange audit"
"audit:fixed:1453:1485","AUDITED_HAMMING2","scale:1453","scale:1485","1453","1485",false,false,"A0",,,,,,"2",,"fixed",,,,true,true,,,,,,,,"fixed-tonic one-tone exchange audit"
"audit:fixed:1453:1509","AUDITED_HAMMING2","scale:1453","scale:1509","1453","1509",false,false,"A0",,,,,,"2",,"fixed",,,,false,true,,,,,,,,"fixed-tonic one-tone exchange audit"
"audit:fixed:1453:1513","AUDITED_HAMMING2","scale:1453","scale:1513","1453","1513",false,false,"A0",,,,,,"2",,"fixed",,,,false,true,,,,,,,,"fixed-tonic one-tone exchange audit"
"audit:fixed:1453:1709","AUDITED_HAMMING2","scale:1453","scale:1709","1453","1709",false,false,"A0",,,,,,"2",,"fixed",,,,true,true,,,,,,,,"fixed-tonic one-tone exchange audit"
"audit:fixed:1453:1837","AUDITED_HAMMING2","scale:1453","scale:1837","1453","1837",false,false,"A0",,,,,,"2",,"fixed",,,,false,true,,,,,,,,"fixed-tonic one-tone exchange audit"
"audit:fixed:1453:1933","AUDITED_HAMMING2","scale:1453","scale:1933","1453","1933",false,false,"A0",,,,,,"2",,"fixed",,,,false,true,,,,,,,,"fixed-tonic one-tone exchange audit"
"audit:fixed:1453:1957","AUDITED_HAMMING2","scale:1453","scale:1957","1453","1957",false,false,"A0",,,,,,"2",,"fixed",,,,false,true,,,,,,,,"fixed-tonic one-tone exchange audit"
"audit:fixed:1453:1961","AUDITED_HAMMING2","scale:1453","scale:1961","1453","1961",false,false,"A0",,,,,,"2",,"fixed",,,,false,true,,,,,,,,"fixed-tonic one-tone exchange audit"
"audit:fixed:1453:2477","AUDITED_HAMMING2","scale:1453","scale:2477","1453","2477",false,false,"A0",,,,,,"2",,"fixed",,,,true,true,,,,,,,,"fixed-tonic one-tone exchange audit"
"audit:fixed:1453:3245","AUDITED_HAMMING2","scale:1453","scale:3245","1453","3245",false,false,"A0",,,,,,"2",,"fixed",,,,false,true,,,,,,,,"fixed-tonic one-tone exchange audit"
"audit:fixed:1453:3373","AUDITED_HAMMING2","scale:1453","scale:3373","1453","3373",false,false,"A0",,,,,,"2",,"fixed",,,,false,true,,,,,,,,"fixed-tonic one-tone exchange audit"
"audit:fixed:1453:3469","AUDITED_HAMMING2","scale:1453","scale:3469","1453","3469",false,false,"A0",,,,,,"2",,"fixed",,,,false,true,,,,,,,,"fixed-tonic one-tone exchange audit"
"audit:fixed:1453:3493","AUDITED_HAMMING2","scale:1453","scale:3493","1453","3493",false,false,"A0",,,,,,"2",,"fixed",,,,false,true,,,,,,,,"fixed-tonic one-tone exchange audit"
"audit:fixed:1453:3497","AUDITED_HAMMING2","scale:1453","scale:3497","1453","3497",false,false,"A0",,,,,,"2",,"fixed",,,,false,true,,,,,,,,"fixed-tonic one-tone exchange audit"
"audit:fixed:1459:1461","AUDITED_HAMMING2","scale:1459","scale:1461","1459","1461",false,false,"A1",,,,,,"2",,"fixed",,,,true,true,,,,,,,,"fixed-tonic one-tone exchange audit"
"audit:fixed:1461:1465","AUDITED_HAMMING2","scale:1461","scale:1465","1461","1465",false,false,"A1",,,,,,"2",,"fixed",,,,true,true,,,,,,,,"fixed-tonic one-tone exchange audit"
"audit:fixed:1461:1493","AUDITED_HAMMING2","scale:1461","scale:1493","1461","1493",false,false,"A1;A2",,,,,,"2",,"fixed",,,,true,true,,,,,,,,"fixed-tonic one-tone exchange audit"
"audit:fixed:1461:1509","AUDITED_HAMMING2","scale:1461","scale:1509","1461","1509",false,false,"A1",,,,,,"2",,"fixed",,,,false,true,,,,,,,,"fixed-tonic one-tone exchange audit"
"audit:fixed:1461:1521","AUDITED_HAMMING2","scale:1461","scale:1521","1461","1521",false,false,"A1",,,,,,"2",,"fixed",,,,false,true,,,,,,,,"fixed-tonic one-tone exchange audit"
"audit:fixed:1461:1717","AUDITED_HAMMING2","scale:1461","scale:1717","1461","1717",false,false,"A0;A1",,,,,,"2",,"fixed",,,,true,true,,,,,,,,"fixed-tonic one-tone exchange audit"
"audit:fixed:1461:1845","AUDITED_HAMMING2","scale:1461","scale:1845","1461","1845",false,false,"A1",,,,,,"2",,"fixed",,,,false,true,,,,,,,,"fixed-tonic one-tone exchange audit"
"audit:fixed:1461:1941","AUDITED_HAMMING2","scale:1461","scale:1941","1461","1941",false,false,"A1",,,,,,"2",,"fixed",,,,false,true,,,,,,,,"fixed-tonic one-tone exchange audit"
"audit:fixed:1461:1957","AUDITED_HAMMING2","scale:1461","scale:1957","1461","1957",false,false,"A1",,,,,,"2",,"fixed",,,,false,true,,,,,,,,"fixed-tonic one-tone exchange audit"
"audit:fixed:1461:1969","AUDITED_HAMMING2","scale:1461","scale:1969","1461","1969",false,false,"A1",,,,,,"2",,"fixed",,,,false,true,,,,,,,,"fixed-tonic one-tone exchange audit"
"audit:fixed:1461:2485","AUDITED_HAMMING2","scale:1461","scale:2485","1461","2485",false,false,"A1",,,,,,"2",,"fixed",,,,true,true,,,,,,,,"fixed-tonic one-tone exchange audit"
"audit:fixed:1461:3253","AUDITED_HAMMING2","scale:1461","scale:3253","1461","3253",false,false,"A1",,,,,,"2",,"fixed",,,,false,true,,,,,,,,"fixed-tonic one-tone exchange audit"
"audit:fixed:1461:3381","AUDITED_HAMMING2","scale:1461","scale:3381","1461","3381",false,false,"A1",,,,,,"2",,"fixed",,,,false,true,,,,,,,,"fixed-tonic one-tone exchange audit"
"audit:fixed:1461:3477","AUDITED_HAMMING2","scale:1461","scale:3477","1461","3477",false,false,"A1",,,,,,"2",,"fixed",,,,false,true,,,,,,,,"fixed-tonic one-tone exchange audit"
"audit:fixed:1461:3493","AUDITED_HAMMING2","scale:1461","scale:3493","1461","3493",false,false,"A1",,,,,,"2",,"fixed",,,,false,true,,,,,,,,"fixed-tonic one-tone exchange audit"
"audit:fixed:1461:3505","AUDITED_HAMMING2","scale:1461","scale:3505","1461","3505",false,false,"A1",,,,,,"2",,"fixed",,,,false,true,,,,,,,,"fixed-tonic one-tone exchange audit"
"audit:fixed:1479:1493","AUDITED_HAMMING2","scale:1479","scale:1493","1479","1493",false,false,"A2",,,,,,"2",,"fixed",,,,false,true,,,,,,,,"fixed-tonic one-tone exchange audit"
"audit:fixed:1485:1493","AUDITED_HAMMING2","scale:1485","scale:1493","1485","1493",false,false,"A2",,,,,,"2",,"fixed",,,,true,true,,,,,,,,"fixed-tonic one-tone exchange audit"
"audit:fixed:1491:1493","AUDITED_HAMMING2","scale:1491","scale:1493","1491","1493",false,false,"A2",,,,,,"2",,"fixed",,,,true,true,,,,,,,,"fixed-tonic one-tone exchange audit"
"audit:fixed:1493:1497","AUDITED_HAMMING2","scale:1493","scale:1497","1493","1497",false,false,"A2",,,,,,"2",,"fixed",,,,true,true,,,,,,,,"fixed-tonic one-tone exchange audit"
"audit:fixed:1493:1509","AUDITED_HAMMING2","scale:1493","scale:1509","1493","1509",false,false,"A2",,,,,,"2",,"fixed",,,,true,true,,,,,,,,"fixed-tonic one-tone exchange audit"
"audit:fixed:1493:1521","AUDITED_HAMMING2","scale:1493","scale:1521","1493","1521",false,false,"A2",,,,,,"2",,"fixed",,,,false,true,,,,,,,,"fixed-tonic one-tone exchange audit"
"audit:fixed:1493:1749","AUDITED_HAMMING2","scale:1493","scale:1749","1493","1749",false,false,"A1;A2",,,,,,"2",,"fixed",,,,true,true,,,,,,,,"fixed-tonic one-tone exchange audit"
"audit:fixed:1493:1877","AUDITED_HAMMING2","scale:1493","scale:1877","1493","1877",false,false,"A2",,,,,,"2",,"fixed",,,,false,true,,,,,,,,"fixed-tonic one-tone exchange audit"
"audit:fixed:1493:1941","AUDITED_HAMMING2","scale:1493","scale:1941","1493","1941",false,false,"A2",,,,,,"2",,"fixed",,,,false,true,,,,,,,,"fixed-tonic one-tone exchange audit"
"audit:fixed:1493:1989","AUDITED_HAMMING2","scale:1493","scale:1989","1493","1989",false,false,"A2",,,,,,"2",,"fixed",,,,false,true,,,,,,,,"fixed-tonic one-tone exchange audit"
"audit:fixed:1493:2001","AUDITED_HAMMING2","scale:1493","scale:2001","1493","2001",false,false,"A2",,,,,,"2",,"fixed",,,,false,true,,,,,,,,"fixed-tonic one-tone exchange audit"
"audit:fixed:1493:2517","AUDITED_HAMMING2","scale:1493","scale:2517","1493","2517",false,false,"A2",,,,,,"2",,"fixed",,,,true,true,,,,,,,,"fixed-tonic one-tone exchange audit"
"audit:fixed:1493:3285","AUDITED_HAMMING2","scale:1493","scale:3285","1493","3285",false,false,"A2",,,,,,"2",,"fixed",,,,false,true,,,,,,,,"fixed-tonic one-tone exchange audit"
"audit:fixed:1493:3413","AUDITED_HAMMING2","scale:1493","scale:3413","1493","3413",false,false,"A2",,,,,,"2",,"fixed",,,,false,true,,,,,,,,"fixed-tonic one-tone exchange audit"
"audit:fixed:1493:3477","AUDITED_HAMMING2","scale:1493","scale:3477","1493","3477",false,false,"A2",,,,,,"2",,"fixed",,,,false,true,,,,,,,,"fixed-tonic one-tone exchange audit"
"audit:fixed:1493:3525","AUDITED_HAMMING2","scale:1493","scale:3525","1493","3525",false,false,"A2",,,,,,"2",,"fixed",,,,false,true,,,,,,,,"fixed-tonic one-tone exchange audit"
"audit:fixed:1493:3537","AUDITED_HAMMING2","scale:1493","scale:3537","1493","3537",false,false,"A2",,,,,,"2",,"fixed",,,,false,true,,,,,,,,"fixed-tonic one-tone exchange audit"
"audit:fixed:1583:1707","AUDITED_HAMMING2","scale:1583","scale:1707","1583","1707",false,false,"A1",,,,,,"2",,"fixed",,,,false,true,,,,,,,,"fixed-tonic one-tone exchange audit"
"audit:fixed:1583:1709","AUDITED_HAMMING2","scale:1583","scale:1709","1583","1709",false,false,"A0",,,,,,"2",,"fixed",,,,false,true,,,,,,,,"fixed-tonic one-tone exchange audit"
"audit:fixed:1591:1717","AUDITED_HAMMING2","scale:1591","scale:1717","1591","1717",false,false,"A0",,,,,,"2",,"fixed",,,,false,true,,,,,,,,"fixed-tonic one-tone exchange audit"
"audit:fixed:1595:1707","AUDITED_HAMMING2","scale:1595","scale:1707","1595","1707",false,false,"A1",,,,,,"2",,"fixed",,,,false,true,,,,,,,,"fixed-tonic one-tone exchange audit"
"audit:fixed:1597:1709","AUDITED_HAMMING2","scale:1597","scale:1709","1597","1709",false,false,"A0",,,,,,"2",,"fixed",,,,false,true,,,,,,,,"fixed-tonic one-tone exchange audit"
"audit:fixed:1597:1717","AUDITED_HAMMING2","scale:1597","scale:1717","1597","1717",false,false,"A0",,,,,,"2",,"fixed",,,,false,true,,,,,,,,"fixed-tonic one-tone exchange audit"
"audit:fixed:1623:1749","AUDITED_HAMMING2","scale:1623","scale:1749","1623","1749",false,false,"A1",,,,,,"2",,"fixed",,,,false,true,,,,,,,,"fixed-tonic one-tone exchange audit"
"audit:fixed:1623:1877","AUDITED_HAMMING2","scale:1623","scale:1877","1623","1877",false,false,"A2",,,,,,"2",,"fixed",,,,false,true,,,,,,,,"fixed-tonic one-tone exchange audit"
"audit:fixed:1629:1749","AUDITED_HAMMING2","scale:1629","scale:1749","1629","1749",false,false,"A1",,,,,,"2",,"fixed",,,,false,true,,,,,,,,"fixed-tonic one-tone exchange audit"
"audit:fixed:1629:1877","AUDITED_HAMMING2","scale:1629","scale:1877","1629","1877",false,false,"A2",,,,,,"2",,"fixed",,,,false,true,,,,,,,,"fixed-tonic one-tone exchange audit"
"audit:fixed:1643:1707","AUDITED_HAMMING2","scale:1643","scale:1707","1643","1707",false,false,"A1",,,,,,"2",,"fixed",,,,true,true,,,,,,,,"fixed-tonic one-tone exchange audit"
"audit:fixed:1645:1709","AUDITED_HAMMING2","scale:1645","scale:1709","1645","1709",false,false,"A0",,,,,,"2",,"fixed",,,,true,true,,,,,,,,"fixed-tonic one-tone exchange audit"
"audit:fixed:1653:1717","AUDITED_HAMMING2","scale:1653","scale:1717","1653","1717",false,false,"A0",,,,,,"2",,"fixed",,,,true,true,,,,,,,,"fixed-tonic one-tone exchange audit"
"audit:fixed:1653:1749","AUDITED_HAMMING2","scale:1653","scale:1749","1653","1749",false,false,"A1",,,,,,"2",,"fixed",,,,false,true,,,,,,,,"fixed-tonic one-tone exchange audit"
"audit:fixed:1653:1877","AUDITED_HAMMING2","scale:1653","scale:1877","1653","1877",false,false,"A2",,,,,,"2",,"fixed",,,,false,true,,,,,,,,"fixed-tonic one-tone exchange audit"
"audit:fixed:1679:1707","AUDITED_HAMMING2","scale:1679","scale:1707","1679","1707",false,false,"A1",,,,,,"2",,"fixed",,,,false,true,,,,,,,,"fixed-tonic one-tone exchange audit"
"audit:fixed:1679:1709","AUDITED_HAMMING2","scale:1679","scale:1709","1679","1709",false,false,"A0",,,,,,"2",,"fixed",,,,false,true,,,,,,,,"fixed-tonic one-tone exchange audit"
"audit:fixed:1687:1717","AUDITED_HAMMING2","scale:1687","scale:1717","1687","1717",false,false,"A0",,,,,,"2",,"fixed",,,,false,true,,,,,,,,"fixed-tonic one-tone exchange audit"
"audit:fixed:1687:1749","AUDITED_HAMMING2","scale:1687","scale:1749","1687","1749",false,false,"A1",,,,,,"2",,"fixed",,,,false,true,,,,,,,,"fixed-tonic one-tone exchange audit"
"audit:fixed:1691:1707","AUDITED_HAMMING2","scale:1691","scale:1707","1691","1707",false,false,"A1",,,,,,"2",,"fixed",,,,true,true,,,,,,,,"fixed-tonic one-tone exchange audit"
"audit:fixed:1693:1709","AUDITED_HAMMING2","scale:1693","scale:1709","1693","1709",false,false,"A0",,,,,,"2",,"fixed",,,,true,true,,,,,,,,"fixed-tonic one-tone exchange audit"
"audit:fixed:1693:1717","AUDITED_HAMMING2","scale:1693","scale:1717","1693","1717",false,false,"A0",,,,,,"2",,"fixed",,,,false,true,,,,,,,,"fixed-tonic one-tone exchange audit"
"audit:fixed:1693:1749","AUDITED_HAMMING2","scale:1693","scale:1749","1693","1749",false,false,"A1",,,,,,"2",,"fixed",,,,false,true,,,,,,,,"fixed-tonic one-tone exchange audit"
"audit:fixed:1703:1707","AUDITED_HAMMING2","scale:1703","scale:1707","1703","1707",false,false,"A1",,,,,,"2",,"fixed",,,,true,true,,,,,,,,"fixed-tonic one-tone exchange audit"
"audit:fixed:1703:1709","AUDITED_HAMMING2","scale:1703","scale:1709","1703","1709",false,false,"A0",,,,,,"2",,"fixed",,,,false,true,,,,,,,,"fixed-tonic one-tone exchange audit"
"audit:fixed:1703:1717","AUDITED_HAMMING2","scale:1703","scale:1717","1703","1717",false,false,"A0",,,,,,"2",,"fixed",,,,false,true,,,,,,,,"fixed-tonic one-tone exchange audit"
"audit:fixed:1707:1709","AUDITED_HAMMING2","scale:1707","scale:1709","1707","1709",false,false,"A0;A1",,,,,,"2",,"fixed",,,,true,true,,,,,,,,"fixed-tonic one-tone exchange audit"
"audit:fixed:1707:1715","AUDITED_HAMMING2","scale:1707","scale:1715","1707","1715",false,false,"A1",,,,,,"2",,"fixed",,,,true,true,,,,,,,,"fixed-tonic one-tone exchange audit"
"audit:fixed:1707:1721","AUDITED_HAMMING2","scale:1707","scale:1721","1707","1721",false,false,"A1",,,,,,"2",,"fixed",,,,false,true,,,,,,,,"fixed-tonic one-tone exchange audit"
"audit:fixed:1707:1739","AUDITED_HAMMING2","scale:1707","scale:1739","1707","1739",false,false,"A1",,,,,,"2",,"fixed",,,,true,true,,,,,,,,"fixed-tonic one-tone exchange audit"
"audit:fixed:1707:1763","AUDITED_HAMMING2","scale:1707","scale:1763","1707","1763",false,false,"A1",,,,,,"2",,"fixed",,,,false,true,,,,,,,,"fixed-tonic one-tone exchange audit"
"audit:fixed:1707:1769","AUDITED_HAMMING2","scale:1707","scale:1769","1707","1769",false,false,"A1",,,,,,"2",,"fixed",,,,false,true,,,,,,,,"fixed-tonic one-tone exchange audit"
"audit:fixed:1707:1835","AUDITED_HAMMING2","scale:1707","scale:1835","1707","1835",false,false,"A1",,,,,,"2",,"fixed",,,,true,true,,,,,,,,"fixed-tonic one-tone exchange audit"
"audit:fixed:1707:1931","AUDITED_HAMMING2","scale:1707","scale:1931","1707","1931",false,false,"A1",,,,,,"2",,"fixed",,,,false,true,,,,,,,,"fixed-tonic one-tone exchange audit"
"audit:fixed:1707:1955","AUDITED_HAMMING2","scale:1707","scale:1955","1707","1955",false,false,"A1",,,,,,"2",,"fixed",,,,false,true,,,,,,,,"fixed-tonic one-tone exchange audit"
"audit:fixed:1707:1961","AUDITED_HAMMING2","scale:1707","scale:1961","1707","1961",false,false,"A1",,,,,,"2",,"fixed",,,,false,true,,,,,,,,"fixed-tonic one-tone exchange audit"
"audit:fixed:1707:2731","AUDITED_HAMMING2","scale:1707","scale:2731","1707","2731",false,false,"A1;A2",,,,,,"2",,"fixed",,,,true,true,,,,,,,,"fixed-tonic one-tone exchange audit"
"audit:fixed:1707:3243","AUDITED_HAMMING2","scale:1707","scale:3243","1707","3243",false,false,"A1",,,,,,"2",,"fixed",,,,false,true,,,,,,,,"fixed-tonic one-tone exchange audit"
"audit:fixed:1707:3627","AUDITED_HAMMING2","scale:1707","scale:3627","1707","3627",false,false,"A1",,,,,,"2",,"fixed",,,,false,true,,,,,,,,"fixed-tonic one-tone exchange audit"
"audit:fixed:1707:3723","AUDITED_HAMMING2","scale:1707","scale:3723","1707","3723",false,false,"A1",,,,,,"2",,"fixed",,,,false,true,,,,,,,,"fixed-tonic one-tone exchange audit"
"audit:fixed:1707:3747","AUDITED_HAMMING2","scale:1707","scale:3747","1707","3747",false,false,"A1",,,,,,"2",,"fixed",,,,false,true,,,,,,,,"fixed-tonic one-tone exchange audit"
"audit:fixed:1707:3753","AUDITED_HAMMING2","scale:1707","scale:3753","1707","3753",false,false,"A1",,,,,,"2",,"fixed",,,,false,true,,,,,,,,"fixed-tonic one-tone exchange audit"
"audit:fixed:1709:1717","AUDITED_HAMMING2","scale:1709","scale:1717","1709","1717",false,false,"A0",,,,,,"2",,"fixed",,,,true,true,,,,,,,,"fixed-tonic one-tone exchange audit"
"audit:fixed:1709:1721","AUDITED_HAMMING2","scale:1709","scale:1721","1709","1721",false,false,"A0",,,,,,"2",,"fixed",,,,false,true,,,,,,,,"fixed-tonic one-tone exchange audit"
"audit:fixed:1709:1741","AUDITED_HAMMING2","scale:1709","scale:1741","1709","1741",false,false,"A0",,,,,,"2",,"fixed",,,,true,true,,,,,,,,"fixed-tonic one-tone exchange audit"
"audit:fixed:1709:1765","AUDITED_HAMMING2","scale:1709","scale:1765","1709","1765",false,false,"A0",,,,,,"2",,"fixed",,,,false,true,,,,,,,,"fixed-tonic one-tone exchange audit"
"audit:fixed:1709:1769","AUDITED_HAMMING2","scale:1709","scale:1769","1709","1769",false,false,"A0",,,,,,"2",,"fixed",,,,false,true,,,,,,,,"fixed-tonic one-tone exchange audit"
"audit:fixed:1709:1837","AUDITED_HAMMING2","scale:1709","scale:1837","1709","1837",false,false,"A0",,,,,,"2",,"fixed",,,,true,true,,,,,,,,"fixed-tonic one-tone exchange audit"
"audit:fixed:1709:1933","AUDITED_HAMMING2","scale:1709","scale:1933","1709","1933",false,false,"A0",,,,,,"2",,"fixed",,,,false,true,,,,,,,,"fixed-tonic one-tone exchange audit"
"audit:fixed:1709:1957","AUDITED_HAMMING2","scale:1709","scale:1957","1709","1957",false,false,"A0",,,,,,"2",,"fixed",,,,false,true,,,,,,,,"fixed-tonic one-tone exchange audit"
"audit:fixed:1709:1961","AUDITED_HAMMING2","scale:1709","scale:1961","1709","1961",false,false,"A0",,,,,,"2",,"fixed",,,,false,true,,,,,,,,"fixed-tonic one-tone exchange audit"
"audit:fixed:1709:2733","AUDITED_HAMMING2","scale:1709","scale:2733","1709","2733",false,false,"A0;A1",,,,,,"2",,"fixed",,,,true,true,,,,,,,,"fixed-tonic one-tone exchange audit"
"audit:fixed:1709:3245","AUDITED_HAMMING2","scale:1709","scale:3245","1709","3245",false,false,"A0",,,,,,"2",,"fixed",,,,false,true,,,,,,,,"fixed-tonic one-tone exchange audit"
"audit:fixed:1709:3629","AUDITED_HAMMING2","scale:1709","scale:3629","1709","3629",false,false,"A0",,,,,,"2",,"fixed",,,,false,true,,,,,,,,"fixed-tonic one-tone exchange audit"
"audit:fixed:1709:3725","AUDITED_HAMMING2","scale:1709","scale:3725","1709","3725",false,false,"A0",,,,,,"2",,"fixed",,,,false,true,,,,,,,,"fixed-tonic one-tone exchange audit"
"audit:fixed:1709:3749","AUDITED_HAMMING2","scale:1709","scale:3749","1709","3749",false,false,"A0",,,,,,"2",,"fixed",,,,false,true,,,,,,,,"fixed-tonic one-tone exchange audit"
"audit:fixed:1709:3753","AUDITED_HAMMING2","scale:1709","scale:3753","1709","3753",false,false,"A0",,,,,,"2",,"fixed",,,,false,true,,,,,,,,"fixed-tonic one-tone exchange audit"
"audit:fixed:1715:1717","AUDITED_HAMMING2","scale:1715","scale:1717","1715","1717",false,false,"A0",,,,,,"2",,"fixed",,,,true,true,,,,,,,,"fixed-tonic one-tone exchange audit"
"audit:fixed:1717:1721","AUDITED_HAMMING2","scale:1717","scale:1721","1717","1721",false,false,"A0",,,,,,"2",,"fixed",,,,true,true,,,,,,,,"fixed-tonic one-tone exchange audit"
"audit:fixed:1717:1749","AUDITED_HAMMING2","scale:1717","scale:1749","1717","1749",false,false,"A0;A1",,,,,,"2",,"fixed",,,,true,true,,,,,,,,"fixed-tonic one-tone exchange audit"
"audit:fixed:1717:1765","AUDITED_HAMMING2","scale:1717","scale:1765","1717","1765",false,false,"A0",,,,,,"2",,"fixed",,,,false,true,,,,,,,,"fixed-tonic one-tone exchange audit"
"audit:fixed:1717:1777","AUDITED_HAMMING2","scale:1717","scale:1777","1717","1777",false,false,"A0",,,,,,"2",,"fixed",,,,false,true,,,,,,,,"fixed-tonic one-tone exchange audit"
"audit:fixed:1717:1845","AUDITED_HAMMING2","scale:1717","scale:1845","1717","1845",false,false,"A0",,,,,,"2",,"fixed",,,,true,true,,,,,,,,"fixed-tonic one-tone exchange audit"
"audit:fixed:1717:1941","AUDITED_HAMMING2","scale:1717","scale:1941","1717","1941",false,false,"A0",,,,,,"2",,"fixed",,,,false,true,,,,,,,,"fixed-tonic one-tone exchange audit"
"audit:fixed:1717:1957","AUDITED_HAMMING2","scale:1717","scale:1957","1717","1957",false,false,"A0",,,,,,"2",,"fixed",,,,false,true,,,,,,,,"fixed-tonic one-tone exchange audit"
"audit:fixed:1717:1969","AUDITED_HAMMING2","scale:1717","scale:1969","1717","1969",false,false,"A0",,,,,,"2",,"fixed",,,,false,true,,,,,,,,"fixed-tonic one-tone exchange audit"
"audit:fixed:1717:2741","AUDITED_HAMMING2","scale:1717","scale:2741","1717","2741",false,false,"A0",,,,,,"2",,"fixed",,,,true,true,,,,,,,,"fixed-tonic one-tone exchange audit"
"audit:fixed:1717:3253","AUDITED_HAMMING2","scale:1717","scale:3253","1717","3253",false,false,"A0",,,,,,"2",,"fixed",,,,false,true,,,,,,,,"fixed-tonic one-tone exchange audit"
"audit:fixed:1717:3637","AUDITED_HAMMING2","scale:1717","scale:3637","1717","3637",false,false,"A0",,,,,,"2",,"fixed",,,,false,true,,,,,,,,"fixed-tonic one-tone exchange audit"
"audit:fixed:1717:3733","AUDITED_HAMMING2","scale:1717","scale:3733","1717","3733",false,false,"A0",,,,,,"2",,"fixed",,,,false,true,,,,,,,,"fixed-tonic one-tone exchange audit"
"audit:fixed:1717:3749","AUDITED_HAMMING2","scale:1717","scale:3749","1717","3749",false,false,"A0",,,,,,"2",,"fixed",,,,false,true,,,,,,,,"fixed-tonic one-tone exchange audit"
"audit:fixed:1717:3761","AUDITED_HAMMING2","scale:1717","scale:3761","1717","3761",false,false,"A0",,,,,,"2",,"fixed",,,,false,true,,,,,,,,"fixed-tonic one-tone exchange audit"
"audit:fixed:1735:1749","AUDITED_HAMMING2","scale:1735","scale:1749","1735","1749",false,false,"A1",,,,,,"2",,"fixed",,,,false,true,,,,,,,,"fixed-tonic one-tone exchange audit"
"audit:fixed:1741:1749","AUDITED_HAMMING2","scale:1741","scale:1749","1741","1749",false,false,"A1",,,,,,"2",,"fixed",,,,true,true,,,,,,,,"fixed-tonic one-tone exchange audit"
"audit:fixed:1747:1749","AUDITED_HAMMING2","scale:1747","scale:1749","1747","1749",false,false,"A1",,,,,,"2",,"fixed",,,,true,true,,,,,,,,"fixed-tonic one-tone exchange audit"
"audit:fixed:1749:1753","AUDITED_HAMMING2","scale:1749","scale:1753","1749","1753",false,false,"A1",,,,,,"2",,"fixed",,,,true,true,,,,,,,,"fixed-tonic one-tone exchange audit"
"audit:fixed:1749:1765","AUDITED_HAMMING2","scale:1749","scale:1765","1749","1765",false,false,"A1",,,,,,"2",,"fixed",,,,true,true,,,,,,,,"fixed-tonic one-tone exchange audit"
"audit:fixed:1749:1777","AUDITED_HAMMING2","scale:1749","scale:1777","1749","1777",false,false,"A1",,,,,,"2",,"fixed",,,,false,true,,,,,,,,"fixed-tonic one-tone exchange audit"
"audit:fixed:1749:1877","AUDITED_HAMMING2","scale:1749","scale:1877","1749","1877",false,false,"A1;A2",,,,,,"2",,"fixed",,,,true,true,,,,,,,,"fixed-tonic one-tone exchange audit"
"audit:fixed:1749:1941","AUDITED_HAMMING2","scale:1749","scale:1941","1749","1941",false,false,"A1",,,,,,"2",,"fixed",,,,false,true,,,,,,,,"fixed-tonic one-tone exchange audit"
"audit:fixed:1749:1989","AUDITED_HAMMING2","scale:1749","scale:1989","1749","1989",false,false,"A1",,,,,,"2",,"fixed",,,,false,true,,,,,,,,"fixed-tonic one-tone exchange audit"
"audit:fixed:1749:2001","AUDITED_HAMMING2","scale:1749","scale:2001","1749","2001",false,false,"A1",,,,,,"2",,"fixed",,,,false,true,,,,,,,,"fixed-tonic one-tone exchange audit"
"audit:fixed:1749:2773","AUDITED_HAMMING2","scale:1749","scale:2773","1749","2773",false,false,"A0;A1",,,,,,"2",,"fixed",,,,true,true,,,,,,,,"fixed-tonic one-tone exchange audit"
"audit:fixed:1749:3285","AUDITED_HAMMING2","scale:1749","scale:3285","1749","3285",false,false,"A1",,,,,,"2",,"fixed",,,,false,true,,,,,,,,"fixed-tonic one-tone exchange audit"
"audit:fixed:1749:3669","AUDITED_HAMMING2","scale:1749","scale:3669","1749","3669",false,false,"A1",,,,,,"2",,"fixed",,,,false,true,,,,,,,,"fixed-tonic one-tone exchange audit"
"audit:fixed:1749:3733","AUDITED_HAMMING2","scale:1749","scale:3733","1749","3733",false,false,"A1",,,,,,"2",,"fixed",,,,false,true,,,,,,,,"fixed-tonic one-tone exchange audit"
"audit:fixed:1749:3781","AUDITED_HAMMING2","scale:1749","scale:3781","1749","3781",false,false,"A1",,,,,,"2",,"fixed",,,,false,true,,,,,,,,"fixed-tonic one-tone exchange audit"
"audit:fixed:1749:3793","AUDITED_HAMMING2","scale:1749","scale:3793","1749","3793",false,false,"A1",,,,,,"2",,"fixed",,,,false,true,,,,,,,,"fixed-tonic one-tone exchange audit"
"audit:fixed:1815:1877","AUDITED_HAMMING2","scale:1815","scale:1877","1815","1877",false,false,"A2",,,,,,"2",,"fixed",,,,false,true,,,,,,,,"fixed-tonic one-tone exchange audit"
"audit:fixed:1821:1877","AUDITED_HAMMING2","scale:1821","scale:1877","1821","1877",false,false,"A2",,,,,,"2",,"fixed",,,,false,true,,,,,,,,"fixed-tonic one-tone exchange audit"
"audit:fixed:1845:1877","AUDITED_HAMMING2","scale:1845","scale:1877","1845","1877",false,false,"A2",,,,,,"2",,"fixed",,,,true,true,,,,,,,,"fixed-tonic one-tone exchange audit"
"audit:fixed:1863:1877","AUDITED_HAMMING2","scale:1863","scale:1877","1863","1877",false,false,"A2",,,,,,"2",,"fixed",,,,false,true,,,,,,,,"fixed-tonic one-tone exchange audit"
"audit:fixed:1869:1877","AUDITED_HAMMING2","scale:1869","scale:1877","1869","1877",false,false,"A2",,,,,,"2",,"fixed",,,,true,true,,,,,,,,"fixed-tonic one-tone exchange audit"
"audit:fixed:1875:1877","AUDITED_HAMMING2","scale:1875","scale:1877","1875","1877",false,false,"A2",,,,,,"2",,"fixed",,,,true,true,,,,,,,,"fixed-tonic one-tone exchange audit"
"audit:fixed:1877:1881","AUDITED_HAMMING2","scale:1877","scale:1881","1877","1881",false,false,"A2",,,,,,"2",,"fixed",,,,true,true,,,,,,,,"fixed-tonic one-tone exchange audit"
"audit:fixed:1877:1893","AUDITED_HAMMING2","scale:1877","scale:1893","1877","1893",false,false,"A2",,,,,,"2",,"fixed",,,,true,true,,,,,,,,"fixed-tonic one-tone exchange audit"
"audit:fixed:1877:1905","AUDITED_HAMMING2","scale:1877","scale:1905","1877","1905",false,false,"A2",,,,,,"2",,"fixed",,,,false,true,,,,,,,,"fixed-tonic one-tone exchange audit"
"audit:fixed:1877:1941","AUDITED_HAMMING2","scale:1877","scale:1941","1877","1941",false,false,"A2",,,,,,"2",,"fixed",,,,true,true,,,,,,,,"fixed-tonic one-tone exchange audit"
"audit:fixed:1877:1989","AUDITED_HAMMING2","scale:1877","scale:1989","1877","1989",false,false,"A2",,,,,,"2",,"fixed",,,,false,true,,,,,,,,"fixed-tonic one-tone exchange audit"
"audit:fixed:1877:2001","AUDITED_HAMMING2","scale:1877","scale:2001","1877","2001",false,false,"A2",,,,,,"2",,"fixed",,,,false,true,,,,,,,,"fixed-tonic one-tone exchange audit"
"audit:fixed:1877:2901","AUDITED_HAMMING2","scale:1877","scale:2901","1877","2901",false,false,"A1;A2",,,,,,"2",,"fixed",,,,true,true,,,,,,,,"fixed-tonic one-tone exchange audit"
"audit:fixed:1877:3413","AUDITED_HAMMING2","scale:1877","scale:3413","1877","3413",false,false,"A2",,,,,,"2",,"fixed",,,,false,true,,,,,,,,"fixed-tonic one-tone exchange audit"
"audit:fixed:1877:3669","AUDITED_HAMMING2","scale:1877","scale:3669","1877","3669",false,false,"A2",,,,,,"2",,"fixed",,,,false,true,,,,,,,,"fixed-tonic one-tone exchange audit"
"audit:fixed:1877:3861","AUDITED_HAMMING2","scale:1877","scale:3861","1877","3861",false,false,"A2",,,,,,"2",,"fixed",,,,false,true,,,,,,,,"fixed-tonic one-tone exchange audit"
"audit:fixed:1877:3909","AUDITED_HAMMING2","scale:1877","scale:3909","1877","3909",false,false,"A2",,,,,,"2",,"fixed",,,,false,true,,,,,,,,"fixed-tonic one-tone exchange audit"
"audit:fixed:1877:3921","AUDITED_HAMMING2","scale:1877","scale:3921","1877","3921",false,false,"A2",,,,,,"2",,"fixed",,,,false,true,,,,,,,,"fixed-tonic one-tone exchange audit"
"audit:fixed:2223:2731","AUDITED_HAMMING2","scale:2223","scale:2731","2223","2731",false,false,"A2",,,,,,"2",,"fixed",,,,false,true,,,,,,,,"fixed-tonic one-tone exchange audit"
"audit:fixed:2223:2733","AUDITED_HAMMING2","scale:2223","scale:2733","2223","2733",false,false,"A1",,,,,,"2",,"fixed",,,,false,true,,,,,,,,"fixed-tonic one-tone exchange audit"
"audit:fixed:2231:2741","AUDITED_HAMMING2","scale:2231","scale:2741","2231","2741",false,false,"A0",,,,,,"2",,"fixed",,,,false,true,,,,,,,,"fixed-tonic one-tone exchange audit"
"audit:fixed:2235:2731","AUDITED_HAMMING2","scale:2235","scale:2731","2235","2731",false,false,"A2",,,,,,"2",,"fixed",,,,false,true,,,,,,,,"fixed-tonic one-tone exchange audit"
"audit:fixed:2237:2733","AUDITED_HAMMING2","scale:2237","scale:2733","2237","2733",false,false,"A1",,,,,,"2",,"fixed",,,,false,true,,,,,,,,"fixed-tonic one-tone exchange audit"
"audit:fixed:2237:2741","AUDITED_HAMMING2","scale:2237","scale:2741","2237","2741",false,false,"A0",,,,,,"2",,"fixed",,,,false,true,,,,,,,,"fixed-tonic one-tone exchange audit"
"audit:fixed:2263:2773","AUDITED_HAMMING2","scale:2263","scale:2773","2263","2773",false,false,"A0",,,,,,"2",,"fixed",,,,false,true,,,,,,,,"fixed-tonic one-tone exchange audit"
"audit:fixed:2269:2773","AUDITED_HAMMING2","scale:2269","scale:2773","2269","2773",false,false,"A0",,,,,,"2",,"fixed",,,,false,true,,,,,,,,"fixed-tonic one-tone exchange audit"
"audit:fixed:2283:2731","AUDITED_HAMMING2","scale:2283","scale:2731","2283","2731",false,false,"A2",,,,,,"2",,"fixed",,,,false,true,,,,,,,,"fixed-tonic one-tone exchange audit"
"audit:fixed:2285:2733","AUDITED_HAMMING2","scale:2285","scale:2733","2285","2733",false,false,"A1",,,,,,"2",,"fixed",,,,false,true,,,,,,,,"fixed-tonic one-tone exchange audit"
"audit:fixed:2293:2741","AUDITED_HAMMING2","scale:2293","scale:2741","2293","2741",false,false,"A0",,,,,,"2",,"fixed",,,,false,true,,,,,,,,"fixed-tonic one-tone exchange audit"
"audit:fixed:2293:2773","AUDITED_HAMMING2","scale:2293","scale:2773","2293","2773",false,false,"A0",,,,,,"2",,"fixed",,,,false,true,,,,,,,,"fixed-tonic one-tone exchange audit"
"audit:fixed:2391:2901","AUDITED_HAMMING2","scale:2391","scale:2901","2391","2901",false,false,"A1",,,,,,"2",,"fixed",,,,false,true,,,,,,,,"fixed-tonic one-tone exchange audit"
"audit:fixed:2391:3413","AUDITED_HAMMING2","scale:2391","scale:3413","2391","3413",false,false,"A2",,,,,,"2",,"fixed",,,,false,true,,,,,,,,"fixed-tonic one-tone exchange audit"
"audit:fixed:2397:2901","AUDITED_HAMMING2","scale:2397","scale:2901","2397","2901",false,false,"A1",,,,,,"2",,"fixed",,,,false,true,,,,,,,,"fixed-tonic one-tone exchange audit"
"audit:fixed:2397:3413","AUDITED_HAMMING2","scale:2397","scale:3413","2397","3413",false,false,"A2",,,,,,"2",,"fixed",,,,false,true,,,,,,,,"fixed-tonic one-tone exchange audit"
"audit:fixed:2421:2901","AUDITED_HAMMING2","scale:2421","scale:2901","2421","2901",false,false,"A1",,,,,,"2",,"fixed",,,,false,true,,,,,,,,"fixed-tonic one-tone exchange audit"
"audit:fixed:2421:3413","AUDITED_HAMMING2","scale:2421","scale:3413","2421","3413",false,false,"A2",,,,,,"2",,"fixed",,,,false,true,,,,,,,,"fixed-tonic one-tone exchange audit"
"audit:fixed:2475:2731","AUDITED_HAMMING2","scale:2475","scale:2731","2475","2731",false,false,"A2",,,,,,"2",,"fixed",,,,true,true,,,,,,,,"fixed-tonic one-tone exchange audit"
"audit:fixed:2477:2733","AUDITED_HAMMING2","scale:2477","scale:2733","2477","2733",false,false,"A1",,,,,,"2",,"fixed",,,,true,true,,,,,,,,"fixed-tonic one-tone exchange audit"
"audit:fixed:2485:2741","AUDITED_HAMMING2","scale:2485","scale:2741","2485","2741",false,false,"A0",,,,,,"2",,"fixed",,,,true,true,,,,,,,,"fixed-tonic one-tone exchange audit"
"audit:fixed:2517:2773","AUDITED_HAMMING2","scale:2517","scale:2773","2517","2773",false,false,"A0",,,,,,"2",,"fixed",,,,true,true,,,,,,,,"fixed-tonic one-tone exchange audit"
"audit:fixed:2517:2901","AUDITED_HAMMING2","scale:2517","scale:2901","2517","2901",false,false,"A1",,,,,,"2",,"fixed",,,,false,true,,,,,,,,"fixed-tonic one-tone exchange audit"
"audit:fixed:2517:3413","AUDITED_HAMMING2","scale:2517","scale:3413","2517","3413",false,false,"A2",,,,,,"2",,"fixed",,,,false,true,,,,,,,,"fixed-tonic one-tone exchange audit"
"audit:fixed:2607:2731","AUDITED_HAMMING2","scale:2607","scale:2731","2607","2731",false,false,"A2",,,,,,"2",,"fixed",,,,false,true,,,,,,,,"fixed-tonic one-tone exchange audit"
"audit:fixed:2607:2733","AUDITED_HAMMING2","scale:2607","scale:2733","2607","2733",false,false,"A1",,,,,,"2",,"fixed",,,,false,true,,,,,,,,"fixed-tonic one-tone exchange audit"
"audit:fixed:2615:2741","AUDITED_HAMMING2","scale:2615","scale:2741","2615","2741",false,false,"A0",,,,,,"2",,"fixed",,,,false,true,,,,,,,,"fixed-tonic one-tone exchange audit"
"audit:fixed:2619:2731","AUDITED_HAMMING2","scale:2619","scale:2731","2619","2731",false,false,"A2",,,,,,"2",,"fixed",,,,false,true,,,,,,,,"fixed-tonic one-tone exchange audit"
"audit:fixed:2621:2733","AUDITED_HAMMING2","scale:2621","scale:2733","2621","2733",false,false,"A1",,,,,,"2",,"fixed",,,,false,true,,,,,,,,"fixed-tonic one-tone exchange audit"
"audit:fixed:2621:2741","AUDITED_HAMMING2","scale:2621","scale:2741","2621","2741",false,false,"A0",,,,,,"2",,"fixed",,,,false,true,,,,,,,,"fixed-tonic one-tone exchange audit"
"audit:fixed:2647:2773","AUDITED_HAMMING2","scale:2647","scale:2773","2647","2773",false,false,"A0",,,,,,"2",,"fixed",,,,false,true,,,,,,,,"fixed-tonic one-tone exchange audit"
"audit:fixed:2647:2901","AUDITED_HAMMING2","scale:2647","scale:2901","2647","2901",false,false,"A1",,,,,,"2",,"fixed",,,,false,true,,,,,,,,"fixed-tonic one-tone exchange audit"
"audit:fixed:2653:2773","AUDITED_HAMMING2","scale:2653","scale:2773","2653","2773",false,false,"A0",,,,,,"2",,"fixed",,,,false,true,,,,,,,,"fixed-tonic one-tone exchange audit"
"audit:fixed:2653:2901","AUDITED_HAMMING2","scale:2653","scale:2901","2653","2901",false,false,"A1",,,,,,"2",,"fixed",,,,false,true,,,,,,,,"fixed-tonic one-tone exchange audit"
"audit:fixed:2667:2731","AUDITED_HAMMING2","scale:2667","scale:2731","2667","2731",false,false,"A2",,,,,,"2",,"fixed",,,,true,true,,,,,,,,"fixed-tonic one-tone exchange audit"
"audit:fixed:2669:2733","AUDITED_HAMMING2","scale:2669","scale:2733","2669","2733",false,false,"A1",,,,,,"2",,"fixed",,,,true,true,,,,,,,,"fixed-tonic one-tone exchange audit"
"audit:fixed:2677:2741","AUDITED_HAMMING2","scale:2677","scale:2741","2677","2741",false,false,"A0",,,,,,"2",,"fixed",,,,true,true,,,,,,,,"fixed-tonic one-tone exchange audit"
"audit:fixed:2677:2773","AUDITED_HAMMING2","scale:2677","scale:2773","2677","2773",false,false,"A0",,,,,,"2",,"fixed",,,,false,true,,,,,,,,"fixed-tonic one-tone exchange audit"
"audit:fixed:2677:2901","AUDITED_HAMMING2","scale:2677","scale:2901","2677","2901",false,false,"A1",,,,,,"2",,"fixed",,,,false,true,,,,,,,,"fixed-tonic one-tone exchange audit"
"audit:fixed:2703:2731","AUDITED_HAMMING2","scale:2703","scale:2731","2703","2731",false,false,"A2",,,,,,"2",,"fixed",,,,false,true,,,,,,,,"fixed-tonic one-tone exchange audit"
"audit:fixed:2703:2733","AUDITED_HAMMING2","scale:2703","scale:2733","2703","2733",false,false,"A1",,,,,,"2",,"fixed",,,,false,true,,,,,,,,"fixed-tonic one-tone exchange audit"
"audit:fixed:2711:2741","AUDITED_HAMMING2","scale:2711","scale:2741","2711","2741",false,false,"A0",,,,,,"2",,"fixed",,,,false,true,,,,,,,,"fixed-tonic one-tone exchange audit"
"audit:fixed:2711:2773","AUDITED_HAMMING2","scale:2711","scale:2773","2711","2773",false,false,"A0",,,,,,"2",,"fixed",,,,false,true,,,,,,,,"fixed-tonic one-tone exchange audit"
"audit:fixed:2715:2731","AUDITED_HAMMING2","scale:2715","scale:2731","2715","2731",false,false,"A2",,,,,,"2",,"fixed",,,,true,true,,,,,,,,"fixed-tonic one-tone exchange audit"
"audit:fixed:2717:2733","AUDITED_HAMMING2","scale:2717","scale:2733","2717","2733",false,false,"A1",,,,,,"2",,"fixed",,,,true,true,,,,,,,,"fixed-tonic one-tone exchange audit"
"audit:fixed:2717:2741","AUDITED_HAMMING2","scale:2717","scale:2741","2717","2741",false,false,"A0",,,,,,"2",,"fixed",,,,false,true,,,,,,,,"fixed-tonic one-tone exchange audit"
"audit:fixed:2717:2773","AUDITED_HAMMING2","scale:2717","scale:2773","2717","2773",false,false,"A0",,,,,,"2",,"fixed",,,,false,true,,,,,,,,"fixed-tonic one-tone exchange audit"
"audit:fixed:2727:2731","AUDITED_HAMMING2","scale:2727","scale:2731","2727","2731",false,false,"A2",,,,,,"2",,"fixed",,,,true,true,,,,,,,,"fixed-tonic one-tone exchange audit"
"audit:fixed:2727:2733","AUDITED_HAMMING2","scale:2727","scale:2733","2727","2733",false,false,"A1",,,,,,"2",,"fixed",,,,false,true,,,,,,,,"fixed-tonic one-tone exchange audit"
"audit:fixed:2727:2741","AUDITED_HAMMING2","scale:2727","scale:2741","2727","2741",false,false,"A0",,,,,,"2",,"fixed",,,,false,true,,,,,,,,"fixed-tonic one-tone exchange audit"
"audit:fixed:2731:2733","AUDITED_HAMMING2","scale:2731","scale:2733","2731","2733",false,false,"A1;A2",,,,,,"2",,"fixed",,,,true,true,,,,,,,,"fixed-tonic one-tone exchange audit"
"audit:fixed:2731:2739","AUDITED_HAMMING2","scale:2731","scale:2739","2731","2739",false,false,"A2",,,,,,"2",,"fixed",,,,true,true,,,,,,,,"fixed-tonic one-tone exchange audit"
"audit:fixed:2731:2745","AUDITED_HAMMING2","scale:2731","scale:2745","2731","2745",false,false,"A2",,,,,,"2",,"fixed",,,,false,true,,,,,,,,"fixed-tonic one-tone exchange audit"
"audit:fixed:2731:2763","AUDITED_HAMMING2","scale:2731","scale:2763","2731","2763",false,false,"A2",,,,,,"2",,"fixed",,,,true,true,,,,,,,,"fixed-tonic one-tone exchange audit"
"audit:fixed:2731:2787","AUDITED_HAMMING2","scale:2731","scale:2787","2731","2787",false,false,"A2",,,,,,"2",,"fixed",,,,false,true,,,,,,,,"fixed-tonic one-tone exchange audit"
"audit:fixed:2731:2793","AUDITED_HAMMING2","scale:2731","scale:2793","2731","2793",false,false,"A2",,,,,,"2",,"fixed",,,,false,true,,,,,,,,"fixed-tonic one-tone exchange audit"
"audit:fixed:2731:2859","AUDITED_HAMMING2","scale:2731","scale:2859","2731","2859",false,false,"A2",,,,,,"2",,"fixed",,,,true,true,,,,,,,,"fixed-tonic one-tone exchange audit"
"audit:fixed:2731:2955","AUDITED_HAMMING2","scale:2731","scale:2955","2731","2955",false,false,"A2",,,,,,"2",,"fixed",,,,false,true,,,,,,,,"fixed-tonic one-tone exchange audit"
"audit:fixed:2731:2979","AUDITED_HAMMING2","scale:2731","scale:2979","2731","2979",false,false,"A2",,,,,,"2",,"fixed",,,,false,true,,,,,,,,"fixed-tonic one-tone exchange audit"
"audit:fixed:2731:2985","AUDITED_HAMMING2","scale:2731","scale:2985","2731","2985",false,false,"A2",,,,,,"2",,"fixed",,,,false,true,,,,,,,,"fixed-tonic one-tone exchange audit"
"audit:fixed:2731:3243","AUDITED_HAMMING2","scale:2731","scale:3243","2731","3243",false,false,"A2",,,,,,"2",,"fixed",,,,true,true,,,,,,,,"fixed-tonic one-tone exchange audit"
"audit:fixed:2731:3627","AUDITED_HAMMING2","scale:2731","scale:3627","2731","3627",false,false,"A2",,,,,,"2",,"fixed",,,,false,true,,,,,,,,"fixed-tonic one-tone exchange audit"
"audit:fixed:2731:3723","AUDITED_HAMMING2","scale:2731","scale:3723","2731","3723",false,false,"A2",,,,,,"2",,"fixed",,,,false,true,,,,,,,,"fixed-tonic one-tone exchange audit"
"audit:fixed:2731:3747","AUDITED_HAMMING2","scale:2731","scale:3747","2731","3747",false,false,"A2",,,,,,"2",,"fixed",,,,false,true,,,,,,,,"fixed-tonic one-tone exchange audit"
"audit:fixed:2731:3753","AUDITED_HAMMING2","scale:2731","scale:3753","2731","3753",false,false,"A2",,,,,,"2",,"fixed",,,,false,true,,,,,,,,"fixed-tonic one-tone exchange audit"
"audit:fixed:2733:2741","AUDITED_HAMMING2","scale:2733","scale:2741","2733","2741",false,false,"A0;A1",,,,,,"2",,"fixed",,,,true,true,,,,,,,,"fixed-tonic one-tone exchange audit"
"audit:fixed:2733:2745","AUDITED_HAMMING2","scale:2733","scale:2745","2733","2745",false,false,"A1",,,,,,"2",,"fixed",,,,false,true,,,,,,,,"fixed-tonic one-tone exchange audit"
"audit:fixed:2733:2765","AUDITED_HAMMING2","scale:2733","scale:2765","2733","2765",false,false,"A1",,,,,,"2",,"fixed",,,,true,true,,,,,,,,"fixed-tonic one-tone exchange audit"
"audit:fixed:2733:2789","AUDITED_HAMMING2","scale:2733","scale:2789","2733","2789",false,false,"A1",,,,,,"2",,"fixed",,,,false,true,,,,,,,,"fixed-tonic one-tone exchange audit"
"audit:fixed:2733:2793","AUDITED_HAMMING2","scale:2733","scale:2793","2733","2793",false,false,"A1",,,,,,"2",,"fixed",,,,false,true,,,,,,,,"fixed-tonic one-tone exchange audit"
"audit:fixed:2733:2861","AUDITED_HAMMING2","scale:2733","scale:2861","2733","2861",false,false,"A1",,,,,,"2",,"fixed",,,,true,true,,,,,,,,"fixed-tonic one-tone exchange audit"
"audit:fixed:2733:2957","AUDITED_HAMMING2","scale:2733","scale:2957","2733","2957",false,false,"A1",,,,,,"2",,"fixed",,,,false,true,,,,,,,,"fixed-tonic one-tone exchange audit"
"audit:fixed:2733:2981","AUDITED_HAMMING2","scale:2733","scale:2981","2733","2981",false,false,"A1",,,,,,"2",,"fixed",,,,false,true,,,,,,,,"fixed-tonic one-tone exchange audit"
"audit:fixed:2733:2985","AUDITED_HAMMING2","scale:2733","scale:2985","2733","2985",false,false,"A1",,,,,,"2",,"fixed",,,,false,true,,,,,,,,"fixed-tonic one-tone exchange audit"
"audit:fixed:2733:3245","AUDITED_HAMMING2","scale:2733","scale:3245","2733","3245",false,false,"A1",,,,,,"2",,"fixed",,,,true,true,,,,,,,,"fixed-tonic one-tone exchange audit"
"audit:fixed:2733:3629","AUDITED_HAMMING2","scale:2733","scale:3629","2733","3629",false,false,"A1",,,,,,"2",,"fixed",,,,false,true,,,,,,,,"fixed-tonic one-tone exchange audit"
"audit:fixed:2733:3725","AUDITED_HAMMING2","scale:2733","scale:3725","2733","3725",false,false,"A1",,,,,,"2",,"fixed",,,,false,true,,,,,,,,"fixed-tonic one-tone exchange audit"
"audit:fixed:2733:3749","AUDITED_HAMMING2","scale:2733","scale:3749","2733","3749",false,false,"A1",,,,,,"2",,"fixed",,,,false,true,,,,,,,,"fixed-tonic one-tone exchange audit"
"audit:fixed:2733:3753","AUDITED_HAMMING2","scale:2733","scale:3753","2733","3753",false,false,"A1",,,,,,"2",,"fixed",,,,false,true,,,,,,,,"fixed-tonic one-tone exchange audit"
"audit:fixed:2739:2741","AUDITED_HAMMING2","scale:2739","scale:2741","2739","2741",false,false,"A0",,,,,,"2",,"fixed",,,,true,true,,,,,,,,"fixed-tonic one-tone exchange audit"
"audit:fixed:2741:2745","AUDITED_HAMMING2","scale:2741","scale:2745","2741","2745",false,false,"A0",,,,,,"2",,"fixed",,,,true,true,,,,,,,,"fixed-tonic one-tone exchange audit"
"audit:fixed:2741:2773","AUDITED_HAMMING2","scale:2741","scale:2773","2741","2773",false,false,"A0",,,,,,"2",,"fixed",,,,true,true,,,,,,,,"fixed-tonic one-tone exchange audit"
"audit:fixed:2741:2789","AUDITED_HAMMING2","scale:2741","scale:2789","2741","2789",false,false,"A0",,,,,,"2",,"fixed",,,,false,true,,,,,,,,"fixed-tonic one-tone exchange audit"
"audit:fixed:2741:2801","AUDITED_HAMMING2","scale:2741","scale:2801","2741","2801",false,false,"A0",,,,,,"2",,"fixed",,,,false,true,,,,,,,,"fixed-tonic one-tone exchange audit"
"audit:fixed:2741:2869","AUDITED_HAMMING2","scale:2741","scale:2869","2741","2869",false,false,"A0",,,,,,"2",,"fixed",,,,true,true,,,,,,,,"fixed-tonic one-tone exchange audit"
"audit:fixed:2741:2965","AUDITED_HAMMING2","scale:2741","scale:2965","2741","2965",false,false,"A0",,,,,,"2",,"fixed",,,,false,true,,,,,,,,"fixed-tonic one-tone exchange audit"
"audit:fixed:2741:2981","AUDITED_HAMMING2","scale:2741","scale:2981","2741","2981",false,false,"A0",,,,,,"2",,"fixed",,,,false,true,,,,,,,,"fixed-tonic one-tone exchange audit"
"audit:fixed:2741:2993","AUDITED_HAMMING2","scale:2741","scale:2993","2741","2993",false,false,"A0",,,,,,"2",,"fixed",,,,false,true,,,,,,,,"fixed-tonic one-tone exchange audit"
"audit:fixed:2741:3253","AUDITED_HAMMING2","scale:2741","scale:3253","2741","3253",false,false,"A0",,,,,,"2",,"fixed",,,,true,true,,,,,,,,"fixed-tonic one-tone exchange audit"
"audit:fixed:2741:3637","AUDITED_HAMMING2","scale:2741","scale:3637","2741","3637",false,false,"A0",,,,,,"2",,"fixed",,,,false,true,,,,,,,,"fixed-tonic one-tone exchange audit"
"audit:fixed:2741:3733","AUDITED_HAMMING2","scale:2741","scale:3733","2741","3733",false,false,"A0",,,,,,"2",,"fixed",,,,false,true,,,,,,,,"fixed-tonic one-tone exchange audit"
"audit:fixed:2741:3749","AUDITED_HAMMING2","scale:2741","scale:3749","2741","3749",false,false,"A0",,,,,,"2",,"fixed",,,,false,true,,,,,,,,"fixed-tonic one-tone exchange audit"
"audit:fixed:2741:3761","AUDITED_HAMMING2","scale:2741","scale:3761","2741","3761",false,false,"A0",,,,,,"2",,"fixed",,,,false,true,,,,,,,,"fixed-tonic one-tone exchange audit"
"audit:fixed:2759:2773","AUDITED_HAMMING2","scale:2759","scale:2773","2759","2773",false,false,"A0",,,,,,"2",,"fixed",,,,false,true,,,,,,,,"fixed-tonic one-tone exchange audit"
"audit:fixed:2765:2773","AUDITED_HAMMING2","scale:2765","scale:2773","2765","2773",false,false,"A0",,,,,,"2",,"fixed",,,,true,true,,,,,,,,"fixed-tonic one-tone exchange audit"
"audit:fixed:2771:2773","AUDITED_HAMMING2","scale:2771","scale:2773","2771","2773",false,false,"A0",,,,,,"2",,"fixed",,,,true,true,,,,,,,,"fixed-tonic one-tone exchange audit"
"audit:fixed:2773:2777","AUDITED_HAMMING2","scale:2773","scale:2777","2773","2777",false,false,"A0",,,,,,"2",,"fixed",,,,true,true,,,,,,,,"fixed-tonic one-tone exchange audit"
"audit:fixed:2773:2789","AUDITED_HAMMING2","scale:2773","scale:2789","2773","2789",false,false,"A0",,,,,,"2",,"fixed",,,,true,true,,,,,,,,"fixed-tonic one-tone exchange audit"
"audit:fixed:2773:2801","AUDITED_HAMMING2","scale:2773","scale:2801","2773","2801",false,false,"A0",,,,,,"2",,"fixed",,,,false,true,,,,,,,,"fixed-tonic one-tone exchange audit"
"audit:fixed:2773:2901","AUDITED_HAMMING2","scale:2773","scale:2901","2773","2901",false,false,"A0;A1",,,,,,"2",,"fixed",,,,true,true,,,,,,,,"fixed-tonic one-tone exchange audit"
"audit:fixed:2773:2965","AUDITED_HAMMING2","scale:2773","scale:2965","2773","2965",false,false,"A0",,,,,,"2",,"fixed",,,,false,true,,,,,,,,"fixed-tonic one-tone exchange audit"
"audit:fixed:2773:3013","AUDITED_HAMMING2","scale:2773","scale:3013","2773","3013",false,false,"A0",,,,,,"2",,"fixed",,,,false,true,,,,,,,,"fixed-tonic one-tone exchange audit"
"audit:fixed:2773:3025","AUDITED_HAMMING2","scale:2773","scale:3025","2773","3025",false,false,"A0",,,,,,"2",,"fixed",,,,false,true,,,,,,,,"fixed-tonic one-tone exchange audit"
"audit:fixed:2773:3285","AUDITED_HAMMING2","scale:2773","scale:3285","2773","3285",false,false,"A0",,,,,,"2",,"fixed",,,,true,true,,,,,,,,"fixed-tonic one-tone exchange audit"
"audit:fixed:2773:3669","AUDITED_HAMMING2","scale:2773","scale:3669","2773","3669",false,false,"A0",,,,,,"2",,"fixed",,,,false,true,,,,,,,,"fixed-tonic one-tone exchange audit"
"audit:fixed:2773:3733","AUDITED_HAMMING2","scale:2773","scale:3733","2773","3733",false,false,"A0",,,,,,"2",,"fixed",,,,false,true,,,,,,,,"fixed-tonic one-tone exchange audit"
"audit:fixed:2773:3781","AUDITED_HAMMING2","scale:2773","scale:3781","2773","3781",false,false,"A0",,,,,,"2",,"fixed",,,,false,true,,,,,,,,"fixed-tonic one-tone exchange audit"
"audit:fixed:2773:3793","AUDITED_HAMMING2","scale:2773","scale:3793","2773","3793",false,false,"A0",,,,,,"2",,"fixed",,,,false,true,,,,,,,,"fixed-tonic one-tone exchange audit"
"audit:fixed:2839:2901","AUDITED_HAMMING2","scale:2839","scale:2901","2839","2901",false,false,"A1",,,,,,"2",,"fixed",,,,false,true,,,,,,,,"fixed-tonic one-tone exchange audit"
"audit:fixed:2845:2901","AUDITED_HAMMING2","scale:2845","scale:2901","2845","2901",false,false,"A1",,,,,,"2",,"fixed",,,,false,true,,,,,,,,"fixed-tonic one-tone exchange audit"
"audit:fixed:2869:2901","AUDITED_HAMMING2","scale:2869","scale:2901","2869","2901",false,false,"A1",,,,,,"2",,"fixed",,,,true,true,,,,,,,,"fixed-tonic one-tone exchange audit"
"audit:fixed:2887:2901","AUDITED_HAMMING2","scale:2887","scale:2901","2887","2901",false,false,"A1",,,,,,"2",,"fixed",,,,false,true,,,,,,,,"fixed-tonic one-tone exchange audit"
"audit:fixed:2893:2901","AUDITED_HAMMING2","scale:2893","scale:2901","2893","2901",false,false,"A1",,,,,,"2",,"fixed",,,,true,true,,,,,,,,"fixed-tonic one-tone exchange audit"
"audit:fixed:2899:2901","AUDITED_HAMMING2","scale:2899","scale:2901","2899","2901",false,false,"A1",,,,,,"2",,"fixed",,,,true,true,,,,,,,,"fixed-tonic one-tone exchange audit"
"audit:fixed:2901:2905","AUDITED_HAMMING2","scale:2901","scale:2905","2901","2905",false,false,"A1",,,,,,"2",,"fixed",,,,true,true,,,,,,,,"fixed-tonic one-tone exchange audit"
"audit:fixed:2901:2917","AUDITED_HAMMING2","scale:2901","scale:2917","2901","2917",false,false,"A1",,,,,,"2",,"fixed",,,,true,true,,,,,,,,"fixed-tonic one-tone exchange audit"
"audit:fixed:2901:2929","AUDITED_HAMMING2","scale:2901","scale:2929","2901","2929",false,false,"A1",,,,,,"2",,"fixed",,,,false,true,,,,,,,,"fixed-tonic one-tone exchange audit"
"audit:fixed:2901:2965","AUDITED_HAMMING2","scale:2901","scale:2965","2901","2965",false,false,"A1",,,,,,"2",,"fixed",,,,true,true,,,,,,,,"fixed-tonic one-tone exchange audit"
"audit:fixed:2901:3013","AUDITED_HAMMING2","scale:2901","scale:3013","2901","3013",false,false,"A1",,,,,,"2",,"fixed",,,,false,true,,,,,,,,"fixed-tonic one-tone exchange audit"
"audit:fixed:2901:3025","AUDITED_HAMMING2","scale:2901","scale:3025","2901","3025",false,false,"A1",,,,,,"2",,"fixed",,,,false,true,,,,,,,,"fixed-tonic one-tone exchange audit"
"audit:fixed:2901:3413","AUDITED_HAMMING2","scale:2901","scale:3413","2901","3413",false,false,"A1;A2",,,,,,"2",,"fixed",,,,true,true,,,,,,,,"fixed-tonic one-tone exchange audit"
"audit:fixed:2901:3669","AUDITED_HAMMING2","scale:2901","scale:3669","2901","3669",false,false,"A1",,,,,,"2",,"fixed",,,,false,true,,,,,,,,"fixed-tonic one-tone exchange audit"
"audit:fixed:2901:3861","AUDITED_HAMMING2","scale:2901","scale:3861","2901","3861",false,false,"A1",,,,,,"2",,"fixed",,,,false,true,,,,,,,,"fixed-tonic one-tone exchange audit"
"audit:fixed:2901:3909","AUDITED_HAMMING2","scale:2901","scale:3909","2901","3909",false,false,"A1",,,,,,"2",,"fixed",,,,false,true,,,,,,,,"fixed-tonic one-tone exchange audit"
"audit:fixed:2901:3921","AUDITED_HAMMING2","scale:2901","scale:3921","2901","3921",false,false,"A1",,,,,,"2",,"fixed",,,,false,true,,,,,,,,"fixed-tonic one-tone exchange audit"
"audit:fixed:3159:3413","AUDITED_HAMMING2","scale:3159","scale:3413","3159","3413",false,false,"A2",,,,,,"2",,"fixed",,,,false,true,,,,,,,,"fixed-tonic one-tone exchange audit"
"audit:fixed:3165:3413","AUDITED_HAMMING2","scale:3165","scale:3413","3165","3413",false,false,"A2",,,,,,"2",,"fixed",,,,false,true,,,,,,,,"fixed-tonic one-tone exchange audit"
"audit:fixed:3189:3413","AUDITED_HAMMING2","scale:3189","scale:3413","3189","3413",false,false,"A2",,,,,,"2",,"fixed",,,,false,true,,,,,,,,"fixed-tonic one-tone exchange audit"
"audit:fixed:3285:3413","AUDITED_HAMMING2","scale:3285","scale:3413","3285","3413",false,false,"A2",,,,,,"2",,"fixed",,,,true,true,,,,,,,,"fixed-tonic one-tone exchange audit"
"audit:fixed:3351:3413","AUDITED_HAMMING2","scale:3351","scale:3413","3351","3413",false,false,"A2",,,,,,"2",,"fixed",,,,false,true,,,,,,,,"fixed-tonic one-tone exchange audit"
"audit:fixed:3357:3413","AUDITED_HAMMING2","scale:3357","scale:3413","3357","3413",false,false,"A2",,,,,,"2",,"fixed",,,,false,true,,,,,,,,"fixed-tonic one-tone exchange audit"
"audit:fixed:3381:3413","AUDITED_HAMMING2","scale:3381","scale:3413","3381","3413",false,false,"A2",,,,,,"2",,"fixed",,,,true,true,,,,,,,,"fixed-tonic one-tone exchange audit"
"audit:fixed:3399:3413","AUDITED_HAMMING2","scale:3399","scale:3413","3399","3413",false,false,"A2",,,,,,"2",,"fixed",,,,false,true,,,,,,,,"fixed-tonic one-tone exchange audit"
"audit:fixed:3405:3413","AUDITED_HAMMING2","scale:3405","scale:3413","3405","3413",false,false,"A2",,,,,,"2",,"fixed",,,,true,true,,,,,,,,"fixed-tonic one-tone exchange audit"
"audit:fixed:3411:3413","AUDITED_HAMMING2","scale:3411","scale:3413","3411","3413",false,false,"A2",,,,,,"2",,"fixed",,,,true,true,,,,,,,,"fixed-tonic one-tone exchange audit"
"audit:fixed:3413:3417","AUDITED_HAMMING2","scale:3413","scale:3417","3413","3417",false,false,"A2",,,,,,"2",,"fixed",,,,true,true,,,,,,,,"fixed-tonic one-tone exchange audit"
"audit:fixed:3413:3429","AUDITED_HAMMING2","scale:3413","scale:3429","3413","3429",false,false,"A2",,,,,,"2",,"fixed",,,,true,true,,,,,,,,"fixed-tonic one-tone exchange audit"
"audit:fixed:3413:3441","AUDITED_HAMMING2","scale:3413","scale:3441","3413","3441",false,false,"A2",,,,,,"2",,"fixed",,,,false,true,,,,,,,,"fixed-tonic one-tone exchange audit"
"audit:fixed:3413:3477","AUDITED_HAMMING2","scale:3413","scale:3477","3413","3477",false,false,"A2",,,,,,"2",,"fixed",,,,true,true,,,,,,,,"fixed-tonic one-tone exchange audit"
"audit:fixed:3413:3525","AUDITED_HAMMING2","scale:3413","scale:3525","3413","3525",false,false,"A2",,,,,,"2",,"fixed",,,,false,true,,,,,,,,"fixed-tonic one-tone exchange audit"
"audit:fixed:3413:3537","AUDITED_HAMMING2","scale:3413","scale:3537","3413","3537",false,false,"A2",,,,,,"2",,"fixed",,,,false,true,,,,,,,,"fixed-tonic one-tone exchange audit"
"audit:fixed:3413:3669","AUDITED_HAMMING2","scale:3413","scale:3669","3413","3669",false,false,"A2",,,,,,"2",,"fixed",,,,true,true,,,,,,,,"fixed-tonic one-tone exchange audit"
"audit:fixed:3413:3861","AUDITED_HAMMING2","scale:3413","scale:3861","3413","3861",false,false,"A2",,,,,,"2",,"fixed",,,,false,true,,,,,,,,"fixed-tonic one-tone exchange audit"
"audit:fixed:3413:3909","AUDITED_HAMMING2","scale:3413","scale:3909","3413","3909",false,false,"A2",,,,,,"2",,"fixed",,,,false,true,,,,,,,,"fixed-tonic one-tone exchange audit"
"audit:fixed:3413:3921","AUDITED_HAMMING2","scale:3413","scale:3921","3413","3921",false,false,"A2",,,,,,"2",,"fixed",,,,false,true,,,,,,,,"fixed-tonic one-tone exchange audit"
"audit:fixed:351:1367","AUDITED_HAMMING2","scale:351","scale:1367","351","1367",false,false,"A2",,,,,,"2",,"fixed",,,,false,true,,,,,,,,"fixed-tonic one-tone exchange audit"
"audit:fixed:351:1371","AUDITED_HAMMING2","scale:351","scale:1371","351","1371",false,false,"A1",,,,,,"2",,"fixed",,,,false,true,,,,,,,,"fixed-tonic one-tone exchange audit"
"audit:fixed:351:1373","AUDITED_HAMMING2","scale:351","scale:1373","351","1373",false,false,"A2",,,,,,"2",,"fixed",,,,false,true,,,,,,,,"fixed-tonic one-tone exchange audit"
"audit:fixed:367:1387","AUDITED_HAMMING2","scale:367","scale:1387","367","1387",false,false,"A0",,,,,,"2",,"fixed",,,,false,true,,,,,,,,"fixed-tonic one-tone exchange audit"
"audit:fixed:367:1389","AUDITED_HAMMING2","scale:367","scale:1389","367","1389",false,false,"A1",,,,,,"2",,"fixed",,,,false,true,,,,,,,,"fixed-tonic one-tone exchange audit"
"audit:fixed:375:1367","AUDITED_HAMMING2","scale:375","scale:1367","375","1367",false,false,"A2",,,,,,"2",,"fixed",,,,false,true,,,,,,,,"fixed-tonic one-tone exchange audit"
"audit:fixed:375:1397","AUDITED_HAMMING2","scale:375","scale:1397","375","1397",false,false,"A2",,,,,,"2",,"fixed",,,,false,true,,,,,,,,"fixed-tonic one-tone exchange audit"
"audit:fixed:379:1371","AUDITED_HAMMING2","scale:379","scale:1371","379","1371",false,false,"A1",,,,,,"2",,"fixed",,,,false,true,,,,,,,,"fixed-tonic one-tone exchange audit"
"audit:fixed:379:1387","AUDITED_HAMMING2","scale:379","scale:1387","379","1387",false,false,"A0",,,,,,"2",,"fixed",,,,false,true,,,,,,,,"fixed-tonic one-tone exchange audit"
"audit:fixed:381:1373","AUDITED_HAMMING2","scale:381","scale:1373","381","1373",false,false,"A2",,,,,,"2",,"fixed",,,,false,true,,,,,,,,"fixed-tonic one-tone exchange audit"
"audit:fixed:381:1389","AUDITED_HAMMING2","scale:381","scale:1389","381","1389",false,false,"A1",,,,,,"2",,"fixed",,,,false,true,,,,,,,,"fixed-tonic one-tone exchange audit"
"audit:fixed:381:1397","AUDITED_HAMMING2","scale:381","scale:1397","381","1397",false,false,"A2",,,,,,"2",,"fixed",,,,false,true,,,,,,,,"fixed-tonic one-tone exchange audit"
"audit:fixed:431:1451","AUDITED_HAMMING2","scale:431","scale:1451","431","1451",false,false,"A0",,,,,,"2",,"fixed",,,,false,true,,,,,,,,"fixed-tonic one-tone exchange audit"
"audit:fixed:431:1453","AUDITED_HAMMING2","scale:431","scale:1453","431","1453",false,false,"A0",,,,,,"2",,"fixed",,,,false,true,,,,,,,,"fixed-tonic one-tone exchange audit"
"audit:fixed:439:1461","AUDITED_HAMMING2","scale:439","scale:1461","439","1461",false,false,"A1",,,,,,"2",,"fixed",,,,false,true,,,,,,,,"fixed-tonic one-tone exchange audit"
"audit:fixed:443:1451","AUDITED_HAMMING2","scale:443","scale:1451","443","1451",false,false,"A0",,,,,,"2",,"fixed",,,,false,true,,,,,,,,"fixed-tonic one-tone exchange audit"
"audit:fixed:445:1453","AUDITED_HAMMING2","scale:445","scale:1453","445","1453",false,false,"A0",,,,,,"2",,"fixed",,,,false,true,,,,,,,,"fixed-tonic one-tone exchange audit"
"audit:fixed:445:1461","AUDITED_HAMMING2","scale:445","scale:1461","445","1461",false,false,"A1",,,,,,"2",,"fixed",,,,false,true,,,,,,,,"fixed-tonic one-tone exchange audit"
"audit:fixed:471:1367","AUDITED_HAMMING2","scale:471","scale:1367","471","1367",false,false,"A2",,,,,,"2",,"fixed",,,,false,true,,,,,,,,"fixed-tonic one-tone exchange audit"
"audit:fixed:471:1493","AUDITED_HAMMING2","scale:471","scale:1493","471","1493",false,false,"A2",,,,,,"2",,"fixed",,,,false,true,,,,,,,,"fixed-tonic one-tone exchange audit"
"audit:fixed:475:1371","AUDITED_HAMMING2","scale:475","scale:1371","475","1371",false,false,"A1",,,,,,"2",,"fixed",,,,false,true,,,,,,,,"fixed-tonic one-tone exchange audit"
"audit:fixed:477:1373","AUDITED_HAMMING2","scale:477","scale:1373","477","1373",false,false,"A2",,,,,,"2",,"fixed",,,,false,true,,,,,,,,"fixed-tonic one-tone exchange audit"
"audit:fixed:477:1493","AUDITED_HAMMING2","scale:477","scale:1493","477","1493",false,false,"A2",,,,,,"2",,"fixed",,,,false,true,,,,,,,,"fixed-tonic one-tone exchange audit"
"audit:fixed:491:1387","AUDITED_HAMMING2","scale:491","scale:1387","491","1387",false,false,"A0",,,,,,"2",,"fixed",,,,false,true,,,,,,,,"fixed-tonic one-tone exchange audit"
"audit:fixed:491:1451","AUDITED_HAMMING2","scale:491","scale:1451","491","1451",false,false,"A0",,,,,,"2",,"fixed",,,,false,true,,,,,,,,"fixed-tonic one-tone exchange audit"
"audit:fixed:493:1389","AUDITED_HAMMING2","scale:493","scale:1389","493","1389",false,false,"A1",,,,,,"2",,"fixed",,,,false,true,,,,,,,,"fixed-tonic one-tone exchange audit"
"audit:fixed:493:1453","AUDITED_HAMMING2","scale:493","scale:1453","493","1453",false,false,"A0",,,,,,"2",,"fixed",,,,false,true,,,,,,,,"fixed-tonic one-tone exchange audit"
"audit:fixed:501:1397","AUDITED_HAMMING2","scale:501","scale:1397","501","1397",false,false,"A2",,,,,,"2",,"fixed",,,,false,true,,,,,,,,"fixed-tonic one-tone exchange audit"
"audit:fixed:501:1461","AUDITED_HAMMING2","scale:501","scale:1461","501","1461",false,false,"A1",,,,,,"2",,"fixed",,,,false,true,,,,,,,,"fixed-tonic one-tone exchange audit"
"audit:fixed:501:1493","AUDITED_HAMMING2","scale:501","scale:1493","501","1493",false,false,"A2",,,,,,"2",,"fixed",,,,false,true,,,,,,,,"fixed-tonic one-tone exchange audit"
"audit:fixed:687:1707","AUDITED_HAMMING2","scale:687","scale:1707","687","1707",false,false,"A1",,,,,,"2",,"fixed",,,,false,true,,,,,,,,"fixed-tonic one-tone exchange audit"
"audit:fixed:687:1709","AUDITED_HAMMING2","scale:687","scale:1709","687","1709",false,false,"A0",,,,,,"2",,"fixed",,,,false,true,,,,,,,,"fixed-tonic one-tone exchange audit"
"audit:fixed:687:2731","AUDITED_HAMMING2","scale:687","scale:2731","687","2731",false,false,"A2",,,,,,"2",,"fixed",,,,false,true,,,,,,,,"fixed-tonic one-tone exchange audit"
"audit:fixed:687:2733","AUDITED_HAMMING2","scale:687","scale:2733","687","2733",false,false,"A1",,,,,,"2",,"fixed",,,,false,true,,,,,,,,"fixed-tonic one-tone exchange audit"
"audit:fixed:695:1717","AUDITED_HAMMING2","scale:695","scale:1717","695","1717",false,false,"A0",,,,,,"2",,"fixed",,,,false,true,,,,,,,,"fixed-tonic one-tone exchange audit"
"audit:fixed:695:2741","AUDITED_HAMMING2","scale:695","scale:2741","695","2741",false,false,"A0",,,,,,"2",,"fixed",,,,false,true,,,,,,,,"fixed-tonic one-tone exchange audit"
"audit:fixed:699:1707","AUDITED_HAMMING2","scale:699","scale:1707","699","1707",false,false,"A1",,,,,,"2",,"fixed",,,,false,true,,,,,,,,"fixed-tonic one-tone exchange audit"
"audit:fixed:699:2731","AUDITED_HAMMING2","scale:699","scale:2731","699","2731",false,false,"A2",,,,,,"2",,"fixed",,,,false,true,,,,,,,,"fixed-tonic one-tone exchange audit"
"audit:fixed:701:1709","AUDITED_HAMMING2","scale:701","scale:1709","701","1709",false,false,"A0",,,,,,"2",,"fixed",,,,false,true,,,,,,,,"fixed-tonic one-tone exchange audit"
"audit:fixed:701:1717","AUDITED_HAMMING2","scale:701","scale:1717","701","1717",false,false,"A0",,,,,,"2",,"fixed",,,,false,true,,,,,,,,"fixed-tonic one-tone exchange audit"
"audit:fixed:701:2733","AUDITED_HAMMING2","scale:701","scale:2733","701","2733",false,false,"A1",,,,,,"2",,"fixed",,,,false,true,,,,,,,,"fixed-tonic one-tone exchange audit"
"audit:fixed:701:2741","AUDITED_HAMMING2","scale:701","scale:2741","701","2741",false,false,"A0",,,,,,"2",,"fixed",,,,false,true,,,,,,,,"fixed-tonic one-tone exchange audit"
"audit:fixed:727:1749","AUDITED_HAMMING2","scale:727","scale:1749","727","1749",false,false,"A1",,,,,,"2",,"fixed",,,,false,true,,,,,,,,"fixed-tonic one-tone exchange audit"
"audit:fixed:727:2773","AUDITED_HAMMING2","scale:727","scale:2773","727","2773",false,false,"A0",,,,,,"2",,"fixed",,,,false,true,,,,,,,,"fixed-tonic one-tone exchange audit"
"audit:fixed:733:1749","AUDITED_HAMMING2","scale:733","scale:1749","733","1749",false,false,"A1",,,,,,"2",,"fixed",,,,false,true,,,,,,,,"fixed-tonic one-tone exchange audit"
"audit:fixed:733:2773","AUDITED_HAMMING2","scale:733","scale:2773","733","2773",false,false,"A0",,,,,,"2",,"fixed",,,,false,true,,,,,,,,"fixed-tonic one-tone exchange audit"
"audit:fixed:747:1707","AUDITED_HAMMING2","scale:747","scale:1707","747","1707",false,false,"A1",,,,,,"2",,"fixed",,,,false,true,,,,,,,,"fixed-tonic one-tone exchange audit"
"audit:fixed:747:2731","AUDITED_HAMMING2","scale:747","scale:2731","747","2731",false,false,"A2",,,,,,"2",,"fixed",,,,false,true,,,,,,,,"fixed-tonic one-tone exchange audit"
"audit:fixed:749:1709","AUDITED_HAMMING2","scale:749","scale:1709","749","1709",false,false,"A0",,,,,,"2",,"fixed",,,,false,true,,,,,,,,"fixed-tonic one-tone exchange audit"
"audit:fixed:749:2733","AUDITED_HAMMING2","scale:749","scale:2733","749","2733",false,false,"A1",,,,,,"2",,"fixed",,,,false,true,,,,,,,,"fixed-tonic one-tone exchange audit"
"audit:fixed:757:1717","AUDITED_HAMMING2","scale:757","scale:1717","757","1717",false,false,"A0",,,,,,"2",,"fixed",,,,false,true,,,,,,,,"fixed-tonic one-tone exchange audit"
"audit:fixed:757:1749","AUDITED_HAMMING2","scale:757","scale:1749","757","1749",false,false,"A1",,,,,,"2",,"fixed",,,,false,true,,,,,,,,"fixed-tonic one-tone exchange audit"
"audit:fixed:757:2741","AUDITED_HAMMING2","scale:757","scale:2741","757","2741",false,false,"A0",,,,,,"2",,"fixed",,,,false,true,,,,,,,,"fixed-tonic one-tone exchange audit"
"audit:fixed:757:2773","AUDITED_HAMMING2","scale:757","scale:2773","757","2773",false,false,"A0",,,,,,"2",,"fixed",,,,false,true,,,,,,,,"fixed-tonic one-tone exchange audit"
"audit:fixed:855:1367","AUDITED_HAMMING2","scale:855","scale:1367","855","1367",false,false,"A2",,,,,,"2",,"fixed",,,,true,true,,,,,,,,"fixed-tonic one-tone exchange audit"
"audit:fixed:855:1877","AUDITED_HAMMING2","scale:855","scale:1877","855","1877",false,false,"A2",,,,,,"2",,"fixed",,,,false,true,,,,,,,,"fixed-tonic one-tone exchange audit"
"audit:fixed:855:2901","AUDITED_HAMMING2","scale:855","scale:2901","855","2901",false,false,"A1",,,,,,"2",,"fixed",,,,false,true,,,,,,,,"fixed-tonic one-tone exchange audit"
"audit:fixed:859:1371","AUDITED_HAMMING2","scale:859","scale:1371","859","1371",false,false,"A1",,,,,,"2",,"fixed",,,,true,true,,,,,,,,"fixed-tonic one-tone exchange audit"
"audit:fixed:861:1373","AUDITED_HAMMING2","scale:861","scale:1373","861","1373",false,false,"A2",,,,,,"2",,"fixed",,,,true,true,,,,,,,,"fixed-tonic one-tone exchange audit"
"audit:fixed:861:1877","AUDITED_HAMMING2","scale:861","scale:1877","861","1877",false,false,"A2",,,,,,"2",,"fixed",,,,false,true,,,,,,,,"fixed-tonic one-tone exchange audit"
"audit:fixed:861:2901","AUDITED_HAMMING2","scale:861","scale:2901","861","2901",false,false,"A1",,,,,,"2",,"fixed",,,,false,true,,,,,,,,"fixed-tonic one-tone exchange audit"
"audit:fixed:875:1387","AUDITED_HAMMING2","scale:875","scale:1387","875","1387",false,false,"A0",,,,,,"2",,"fixed",,,,true,true,,,,,,,,"fixed-tonic one-tone exchange audit"
"audit:fixed:877:1389","AUDITED_HAMMING2","scale:877","scale:1389","877","1389",false,false,"A1",,,,,,"2",,"fixed",,,,true,true,,,,,,,,"fixed-tonic one-tone exchange audit"
"audit:fixed:885:1397","AUDITED_HAMMING2","scale:885","scale:1397","885","1397",false,false,"A2",,,,,,"2",,"fixed",,,,true,true,,,,,,,,"fixed-tonic one-tone exchange audit"
"audit:fixed:885:1877","AUDITED_HAMMING2","scale:885","scale:1877","885","1877",false,false,"A2",,,,,,"2",,"fixed",,,,false,true,,,,,,,,"fixed-tonic one-tone exchange audit"
"audit:fixed:885:2901","AUDITED_HAMMING2","scale:885","scale:2901","885","2901",false,false,"A1",,,,,,"2",,"fixed",,,,false,true,,,,,,,,"fixed-tonic one-tone exchange audit"
"audit:fixed:939:1451","AUDITED_HAMMING2","scale:939","scale:1451","939","1451",false,false,"A0",,,,,,"2",,"fixed",,,,true,true,,,,,,,,"fixed-tonic one-tone exchange audit"
"audit:fixed:939:1707","AUDITED_HAMMING2","scale:939","scale:1707","939","1707",false,false,"A1",,,,,,"2",,"fixed",,,,false,true,,,,,,,,"fixed-tonic one-tone exchange audit"
"audit:fixed:939:2731","AUDITED_HAMMING2","scale:939","scale:2731","939","2731",false,false,"A2",,,,,,"2",,"fixed",,,,false,true,,,,,,,,"fixed-tonic one-tone exchange audit"
"audit:fixed:941:1453","AUDITED_HAMMING2","scale:941","scale:1453","941","1453",false,false,"A0",,,,,,"2",,"fixed",,,,true,true,,,,,,,,"fixed-tonic one-tone exchange audit"
"audit:fixed:941:1709","AUDITED_HAMMING2","scale:941","scale:1709","941","1709",false,false,"A0",,,,,,"2",,"fixed",,,,false,true,,,,,,,,"fixed-tonic one-tone exchange audit"
"audit:fixed:941:2733","AUDITED_HAMMING2","scale:941","scale:2733","941","2733",false,false,"A1",,,,,,"2",,"fixed",,,,false,true,,,,,,,,"fixed-tonic one-tone exchange audit"
"audit:fixed:949:1461","AUDITED_HAMMING2","scale:949","scale:1461","949","1461",false,false,"A1",,,,,,"2",,"fixed",,,,true,true,,,,,,,,"fixed-tonic one-tone exchange audit"
"audit:fixed:949:1717","AUDITED_HAMMING2","scale:949","scale:1717","949","1717",false,false,"A0",,,,,,"2",,"fixed",,,,false,true,,,,,,,,"fixed-tonic one-tone exchange audit"
"audit:fixed:949:2741","AUDITED_HAMMING2","scale:949","scale:2741","949","2741",false,false,"A0",,,,,,"2",,"fixed",,,,false,true,,,,,,,,"fixed-tonic one-tone exchange audit"
"audit:fixed:981:1493","AUDITED_HAMMING2","scale:981","scale:1493","981","1493",false,false,"A2",,,,,,"2",,"fixed",,,,true,true,,,,,,,,"fixed-tonic one-tone exchange audit"
"audit:fixed:981:1749","AUDITED_HAMMING2","scale:981","scale:1749","981","1749",false,false,"A1",,,,,,"2",,"fixed",,,,false,true,,,,,,,,"fixed-tonic one-tone exchange audit"
"audit:fixed:981:1877","AUDITED_HAMMING2","scale:981","scale:1877","981","1877",false,false,"A2",,,,,,"2",,"fixed",,,,false,true,,,,,,,,"fixed-tonic one-tone exchange audit"
"audit:fixed:981:2773","AUDITED_HAMMING2","scale:981","scale:2773","981","2773",false,false,"A0",,,,,,"2",,"fixed",,,,false,true,,,,,,,,"fixed-tonic one-tone exchange audit"
"audit:fixed:981:2901","AUDITED_HAMMING2","scale:981","scale:2901","981","2901",false,false,"A1",,,,,,"2",,"fixed",,,,false,true,,,,,,,,"fixed-tonic one-tone exchange audit"
"audit:phase:1001:2001","PHASE_SHIFT","scale:1001","scale:2001","1001","2001",false,false,"A1 phase-closure;A2 phase-closure",,,,,"[-1,1]",,,"phase",,,,true,true,,,,,,,,"adjacent-root phase closure; inverse verified=true"
"audit:phase:1119:2237","PHASE_SHIFT","scale:1119","scale:2237","1119","2237",false,false,"A0 phase-closure;A1 phase-closure;A2 phase-closure",,,,,"[-1,1]",,,"phase",,,,true,true,,,,,,,,"adjacent-root phase closure; inverse verified=true"
"audit:phase:1135:2269","PHASE_SHIFT","scale:1135","scale:2269","1135","2269",false,false,"A0 phase-closure;A1 phase-closure",,,,,"[-1,1]",,,"phase",,,,true,true,,,,,,,,"adjacent-root phase closure; inverse verified=true"
"audit:phase:1143:2285","PHASE_SHIFT","scale:1143","scale:2285","1143","2285",false,false,"A1 phase-closure;A2 phase-closure",,,,,"[-1,1]",,,"phase",,,,true,true,,,,,,,,"adjacent-root phase closure; inverse verified=true"
"audit:phase:1147:2293","PHASE_SHIFT","scale:1147","scale:2293","1147","2293",false,false,"A0 phase-closure;A1 phase-closure",,,,,"[-1,1]",,,"phase",,,,true,true,,,,,,,,"adjacent-root phase closure; inverse verified=true"
"audit:phase:1149:2297","PHASE_SHIFT","scale:1149","scale:2297","1149","2297",false,false,"A1 phase-closure;A2 phase-closure",,,,,"[-1,1]",,,"phase",,,,true,true,,,,,,,,"adjacent-root phase closure; inverse verified=true"
"audit:phase:1199:2397","PHASE_SHIFT","scale:1199","scale:2397","1199","2397",false,false,"A0 phase-closure;A1 phase-closure;A2 phase-closure",,,,,"[-1,1]",,,"phase",,,,true,true,,,,,,,,"adjacent-root phase closure; inverse verified=true"
"audit:phase:1207:2413","PHASE_SHIFT","scale:1207","scale:2413","1207","2413",false,false,"A0 phase-closure;A1 phase-closure",,,,,"[-1,1]",,,"phase",,,,true,true,,,,,,,,"adjacent-root phase closure; inverse verified=true"
"audit:phase:1211:2421","PHASE_SHIFT","scale:1211","scale:2421","1211","2421",false,false,"A0 phase-closure;A1 phase-closure;A2 phase-closure",,,,,"[-1,1]",,,"phase",,,,true,true,,,,,,,,"adjacent-root phase closure; inverse verified=true"
"audit:phase:1213:2425","PHASE_SHIFT","scale:1213","scale:2425","1213","2425",false,false,"A0 phase-closure;A1 phase-closure",,,,,"[-1,1]",,,"phase",,,,true,true,,,,,,,,"adjacent-root phase closure; inverse verified=true"
"audit:phase:1239:2477","PHASE_SHIFT","scale:1239","scale:2477","1239","2477",false,false,"A0 phase-closure;A1 phase-closure;A2 phase-closure",,,,,"[-1,1]",,,"phase",,,,true,true,,,,,,,,"adjacent-root phase closure; inverse verified=true"
"audit:phase:1243:2485","PHASE_SHIFT","scale:1243","scale:2485","1243","2485",false,false,"A0 phase-closure;A1 phase-closure",,,,,"[-1,1]",,,"phase",,,,true,true,,,,,,,,"adjacent-root phase closure; inverse verified=true"
"audit:phase:1245:2489","PHASE_SHIFT","scale:1245","scale:2489","1245","2489",false,false,"A1 phase-closure;A2 phase-closure",,,,,"[-1,1]",,,"phase",,,,true,true,,,,,,,,"adjacent-root phase closure; inverse verified=true"
"audit:phase:1259:2517","PHASE_SHIFT","scale:1259","scale:2517","1259","2517",false,false,"A0 phase-closure;A1 phase-closure;A2 phase-closure",,,,,"[-1,1]",,,"phase",,,,true,true,,,,,,,,"adjacent-root phase closure; inverse verified=true"
"audit:phase:1261:2521","PHASE_SHIFT","scale:1261","scale:2521","1261","2521",false,false,"A0 phase-closure;A1 phase-closure",,,,,"[-1,1]",,,"phase",,,,true,true,,,,,,,,"adjacent-root phase closure; inverse verified=true"
"audit:phase:1269:2537","PHASE_SHIFT","scale:1269","scale:2537","1269","2537",false,false,"A0 phase-closure;A1 phase-closure;A2 phase-closure",,,,,"[-1,1]",,,"phase",,,,true,true,,,,,,,,"adjacent-root phase closure; inverse verified=true"
"audit:phase:1311:2621","PHASE_SHIFT","scale:1311","scale:2621","1311","2621",false,false,"A0 phase-closure;A1 phase-closure;A2 phase-closure",,,,,"[-1,1]",,,"phase",,,,true,true,,,,,,,,"adjacent-root phase closure; inverse verified=true"
"audit:phase:1327:2653","PHASE_SHIFT","scale:1327","scale:2653","1327","2653",false,false,"A0 phase-closure;A1 phase-closure",,,,,"[-1,1]",,,"phase",,,,true,true,,,,,,,,"adjacent-root phase closure; inverse verified=true"
"audit:phase:1335:2669","PHASE_SHIFT","scale:1335","scale:2669","1335","2669",false,false,"A1 phase-closure;A2 phase-closure",,,,,"[-1,1]",,,"phase",,,,true,true,,,,,,,,"adjacent-root phase closure; inverse verified=true"
"audit:phase:1339:2677","PHASE_SHIFT","scale:1339","scale:2677","1339","2677",false,false,"A0 phase-closure;A1 phase-closure",,,,,"[-1,1]",,,"phase",,,,true,true,,,,,,,,"adjacent-root phase closure; inverse verified=true"
"audit:phase:1341:2681","PHASE_SHIFT","scale:1341","scale:2681","1341","2681",false,false,"A0 phase-closure;A1 phase-closure;A2 phase-closure",,,,,"[-1,1]",,,"phase",,,,true,true,,,,,,,,"adjacent-root phase closure; inverse verified=true"
"audit:phase:1359:2717","PHASE_SHIFT","scale:1359","scale:2717","1359","2717",false,false,"A0 phase-closure;A1 phase-closure;A2 phase-closure",,,,,"[-1,1]",,,"phase",,,,true,true,,,,,,,,"adjacent-root phase closure; inverse verified=true"
"audit:phase:1367:2733","PHASE_SHIFT","scale:1367","scale:2733","1367","2733",false,false,"A0 phase-closure;A1 phase-closure;A2 phase-closure",,,,,"[-1,1]",,,"phase",,,,true,true,,,,,,,,"adjacent-root phase closure; inverse verified=true"
"audit:phase:1371:2741","PHASE_SHIFT","scale:1371","scale:2741","1371","2741",false,false,"A0 phase-closure;A1 phase-closure;A2 phase-closure",,,,,"[-1,1]",,,"phase",,,,true,true,,,,,,,,"adjacent-root phase closure; inverse verified=true"
"audit:phase:1373:2745","PHASE_SHIFT","scale:1373","scale:2745","1373","2745",false,false,"A0 phase-closure;A1 phase-closure;A2 phase-closure",,,,,"[-1,1]",,,"phase",,,,true,true,,,,,,,,"adjacent-root phase closure; inverse verified=true"
"audit:phase:1383:2765","PHASE_SHIFT","scale:1383","scale:2765","1383","2765",false,false,"A0 phase-closure;A1 phase-closure;A2 phase-closure",,,,,"[-1,1]",,,"phase",,,,true,true,,,,,,,,"adjacent-root phase closure; inverse verified=true"
"audit:phase:1387:2773","PHASE_SHIFT","scale:1387","scale:2773","1387","2773",false,false,"A0 phase-closure;A1 phase-closure",,,,,"[-1,1]",,,"phase",,,,true,true,,,,,,,,"adjacent-root phase closure; inverse verified=true"
"audit:phase:1389:2777","PHASE_SHIFT","scale:1389","scale:2777","1389","2777",false,false,"A0 phase-closure;A1 phase-closure;A2 phase-closure",,,,,"[-1,1]",,,"phase",,,,true,true,,,,,,,,"adjacent-root phase closure; inverse verified=true"
"audit:phase:1395:2789","PHASE_SHIFT","scale:1395","scale:2789","1395","2789",false,false,"A0 phase-closure;A1 phase-closure;A2 phase-closure",,,,,"[-1,1]",,,"phase",,,,true,true,,,,,,,,"adjacent-root phase closure; inverse verified=true"
"audit:phase:1397:2793","PHASE_SHIFT","scale:1397","scale:2793","1397","2793",false,false,"A1 phase-closure;A2 phase-closure",,,,,"[-1,1]",,,"phase",,,,true,true,,,,,,,,"adjacent-root phase closure; inverse verified=true"
"audit:phase:1401:2801","PHASE_SHIFT","scale:1401","scale:2801","1401","2801",false,false,"A0 phase-closure;A1 phase-closure;A2 phase-closure",,,,,"[-1,1]",,,"phase",,,,true,true,,,,,,,,"adjacent-root phase closure; inverse verified=true"
"audit:phase:1423:2845","PHASE_SHIFT","scale:1423","scale:2845","1423","2845",false,false,"A0 phase-closure;A1 phase-closure",,,,,"[-1,1]",,,"phase",,,,true,true,,,,,,,,"adjacent-root phase closure; inverse verified=true"
"audit:phase:1431:2861","PHASE_SHIFT","scale:1431","scale:2861","1431","2861",false,false,"A1 phase-closure;A2 phase-closure",,,,,"[-1,1]",,,"phase",,,,true,true,,,,,,,,"adjacent-root phase closure; inverse verified=true"
"audit:phase:1435:2869","PHASE_SHIFT","scale:1435","scale:2869","1435","2869",false,false,"A0 phase-closure;A1 phase-closure",,,,,"[-1,1]",,,"phase",,,,true,true,,,,,,,,"adjacent-root phase closure; inverse verified=true"
"audit:phase:1437:2873","PHASE_SHIFT","scale:1437","scale:2873","1437","2873",false,false,"A0 phase-closure;A1 phase-closure;A2 phase-closure",,,,,"[-1,1]",,,"phase",,,,true,true,,,,,,,,"adjacent-root phase closure; inverse verified=true"
"audit:phase:1447:2893","PHASE_SHIFT","scale:1447","scale:2893","1447","2893",false,false,"A0 phase-closure;A1 phase-closure",,,,,"[-1,1]",,,"phase",,,,true,true,,,,,,,,"adjacent-root phase closure; inverse verified=true"
"audit:phase:1451:2901","PHASE_SHIFT","scale:1451","scale:2901","1451","2901",false,false,"A0 phase-closure;A1 phase-closure;A2 phase-closure",,,,,"[-1,1]",,,"phase",,,,true,true,,,,,,,,"adjacent-root phase closure; inverse verified=true"
"audit:phase:1453:2905","PHASE_SHIFT","scale:1453","scale:2905","1453","2905",false,false,"A0 phase-closure;A1 phase-closure",,,,,"[-1,1]",,,"phase",,,,true,true,,,,,,,,"adjacent-root phase closure; inverse verified=true"
"audit:phase:1459:2917","PHASE_SHIFT","scale:1459","scale:2917","1459","2917",false,false,"A0 phase-closure;A1 phase-closure",,,,,"[-1,1]",,,"phase",,,,true,true,,,,,,,,"adjacent-root phase closure; inverse verified=true"
"audit:phase:1461:2921","PHASE_SHIFT","scale:1461","scale:2921","1461","2921",false,false,"A0 phase-closure;A1 phase-closure;A2 phase-closure",,,,,"[-1,1]",,,"phase",,,,true,true,,,,,,,,"adjacent-root phase closure; inverse verified=true"
"audit:phase:1465:2929","PHASE_SHIFT","scale:1465","scale:2929","1465","2929",false,false,"A0 phase-closure;A1 phase-closure",,,,,"[-1,1]",,,"phase",,,,true,true,,,,,,,,"adjacent-root phase closure; inverse verified=true"
"audit:phase:1479:2957","PHASE_SHIFT","scale:1479","scale:2957","1479","2957",false,false,"A1 phase-closure;A2 phase-closure",,,,,"[-1,1]",,,"phase",,,,true,true,,,,,,,,"adjacent-root phase closure; inverse verified=true"
"audit:phase:1483:2965","PHASE_SHIFT","scale:1483","scale:2965","1483","2965",false,false,"A0 phase-closure;A1 phase-closure",,,,,"[-1,1]",,,"phase",,,,true,true,,,,,,,,"adjacent-root phase closure; inverse verified=true"
"audit:phase:1485:2969","PHASE_SHIFT","scale:1485","scale:2969","1485","2969",false,false,"A0 phase-closure;A1 phase-closure;A2 phase-closure",,,,,"[-1,1]",,,"phase",,,,true,true,,,,,,,,"adjacent-root phase closure; inverse verified=true"
"audit:phase:1491:2981","PHASE_SHIFT","scale:1491","scale:2981","1491","2981",false,false,"A0 phase-closure;A1 phase-closure;A2 phase-closure",,,,,"[-1,1]",,,"phase",,,,true,true,,,,,,,,"adjacent-root phase closure; inverse verified=true"
"audit:phase:1493:2985","PHASE_SHIFT","scale:1493","scale:2985","1493","2985",false,false,"A0 phase-closure;A1 phase-closure;A2 phase-closure",,,,,"[-1,1]",,,"phase",,,,true,true,,,,,,,,"adjacent-root phase closure; inverse verified=true"
"audit:phase:1497:2993","PHASE_SHIFT","scale:1497","scale:2993","1497","2993",false,false,"A0 phase-closure;A1 phase-closure;A2 phase-closure",,,,,"[-1,1]",,,"phase",,,,true,true,,,,,,,,"adjacent-root phase closure; inverse verified=true"
"audit:phase:1507:3013","PHASE_SHIFT","scale:1507","scale:3013","1507","3013",false,false,"A0 phase-closure;A1 phase-closure",,,,,"[-1,1]",,,"phase",,,,true,true,,,,,,,,"adjacent-root phase closure; inverse verified=true"
"audit:phase:1509:3017","PHASE_SHIFT","scale:1509","scale:3017","1509","3017",false,false,"A0 phase-closure;A1 phase-closure;A2 phase-closure",,,,,"[-1,1]",,,"phase",,,,true,true,,,,,,,,"adjacent-root phase closure; inverse verified=true"
"audit:phase:1513:3025","PHASE_SHIFT","scale:1513","scale:3025","1513","3025",false,false,"A0 phase-closure;A1 phase-closure",,,,,"[-1,1]",,,"phase",,,,true,true,,,,,,,,"adjacent-root phase closure; inverse verified=true"
"audit:phase:1521:3041","PHASE_SHIFT","scale:1521","scale:3041","1521","3041",false,false,"A1 phase-closure;A2 phase-closure",,,,,"[-1,1]",,,"phase",,,,true,true,,,,,,,,"adjacent-root phase closure; inverse verified=true"
"audit:phase:1583:3165","PHASE_SHIFT","scale:1583","scale:3165","1583","3165",false,false,"A0 phase-closure;A1 phase-closure;A2 phase-closure",,,,,"[-1,1]",,,"phase",,,,true,true,,,,,,,,"adjacent-root phase closure; inverse verified=true"
"audit:phase:1591:3181","PHASE_SHIFT","scale:1591","scale:3181","1591","3181",false,false,"A0 phase-closure;A1 phase-closure",,,,,"[-1,1]",,,"phase",,,,true,true,,,,,,,,"adjacent-root phase closure; inverse verified=true"
"audit:phase:1595:3189","PHASE_SHIFT","scale:1595","scale:3189","1595","3189",false,false,"A1 phase-closure;A2 phase-closure",,,,,"[-1,1]",,,"phase",,,,true,true,,,,,,,,"adjacent-root phase closure; inverse verified=true"
"audit:phase:1597:3193","PHASE_SHIFT","scale:1597","scale:3193","1597","3193",false,false,"A0 phase-closure",,,,,"[-1,1]",,,"phase",,,,true,true,,,,,,,,"adjacent-root phase closure; inverse verified=true"
"audit:phase:1623:3245","PHASE_SHIFT","scale:1623","scale:3245","1623","3245",false,false,"A0 phase-closure;A1 phase-closure;A2 phase-closure",,,,,"[-1,1]",,,"phase",,,,true,true,,,,,,,,"adjacent-root phase closure; inverse verified=true"
"audit:phase:1627:3253","PHASE_SHIFT","scale:1627","scale:3253","1627","3253",false,false,"A0 phase-closure;A1 phase-closure",,,,,"[-1,1]",,,"phase",,,,true,true,,,,,,,,"adjacent-root phase closure; inverse verified=true"
"audit:phase:1629:3257","PHASE_SHIFT","scale:1629","scale:3257","1629","3257",false,false,"A1 phase-closure;A2 phase-closure",,,,,"[-1,1]",,,"phase",,,,true,true,,,,,,,,"adjacent-root phase closure; inverse verified=true"
"audit:phase:1643:3285","PHASE_SHIFT","scale:1643","scale:3285","1643","3285",false,false,"A0 phase-closure;A1 phase-closure;A2 phase-closure",,,,,"[-1,1]",,,"phase",,,,true,true,,,,,,,,"adjacent-root phase closure; inverse verified=true"
"audit:phase:1645:3289","PHASE_SHIFT","scale:1645","scale:3289","1645","3289",false,false,"A0 phase-closure;A1 phase-closure",,,,,"[-1,1]",,,"phase",,,,true,true,,,,,,,,"adjacent-root phase closure; inverse verified=true"
"audit:phase:1653:3305","PHASE_SHIFT","scale:1653","scale:3305","1653","3305",false,false,"A0 phase-closure;A1 phase-closure;A2 phase-closure",,,,,"[-1,1]",,,"phase",,,,true,true,,,,,,,,"adjacent-root phase closure; inverse verified=true"
"audit:phase:1679:3357","PHASE_SHIFT","scale:1679","scale:3357","1679","3357",false,false,"A0 phase-closure;A1 phase-closure;A2 phase-closure",,,,,"[-1,1]",,,"phase",,,,true,true,,,,,,,,"adjacent-root phase closure; inverse verified=true"
"audit:phase:1687:3373","PHASE_SHIFT","scale:1687","scale:3373","1687","3373",false,false,"A0 phase-closure;A1 phase-closure",,,,,"[-1,1]",,,"phase",,,,true,true,,,,,,,,"adjacent-root phase closure; inverse verified=true"
"audit:phase:1691:3381","PHASE_SHIFT","scale:1691","scale:3381","1691","3381",false,false,"A1 phase-closure;A2 phase-closure",,,,,"[-1,1]",,,"phase",,,,true,true,,,,,,,,"adjacent-root phase closure; inverse verified=true"
"audit:phase:1693:3385","PHASE_SHIFT","scale:1693","scale:3385","1693","3385",false,false,"A0 phase-closure;A1 phase-closure",,,,,"[-1,1]",,,"phase",,,,true,true,,,,,,,,"adjacent-root phase closure; inverse verified=true"
"audit:phase:1703:3405","PHASE_SHIFT","scale:1703","scale:3405","1703","3405",false,false,"A0 phase-closure;A1 phase-closure;A2 phase-closure",,,,,"[-1,1]",,,"phase",,,,true,true,,,,,,,,"adjacent-root phase closure; inverse verified=true"
"audit:phase:1707:3413","PHASE_SHIFT","scale:1707","scale:3413","1707","3413",false,false,"A0 phase-closure;A1 phase-closure;A2 phase-closure",,,,,"[-1,1]",,,"phase",,,,true,true,,,,,,,,"adjacent-root phase closure; inverse verified=true"
"audit:phase:1709:3417","PHASE_SHIFT","scale:1709","scale:3417","1709","3417",false,false,"A0 phase-closure;A1 phase-closure;A2 phase-closure",,,,,"[-1,1]",,,"phase",,,,true,true,,,,,,,,"adjacent-root phase closure; inverse verified=true"
"audit:phase:1715:3429","PHASE_SHIFT","scale:1715","scale:3429","1715","3429",false,false,"A0 phase-closure;A1 phase-closure;A2 phase-closure",,,,,"[-1,1]",,,"phase",,,,true,true,,,,,,,,"adjacent-root phase closure; inverse verified=true"
"audit:phase:1717:3433","PHASE_SHIFT","scale:1717","scale:3433","1717","3433",false,false,"A0 phase-closure;A1 phase-closure",,,,,"[-1,1]",,,"phase",,,,true,true,,,,,,,,"adjacent-root phase closure; inverse verified=true"
"audit:phase:1721:3441","PHASE_SHIFT","scale:1721","scale:3441","1721","3441",false,false,"A0 phase-closure;A1 phase-closure;A2 phase-closure",,,,,"[-1,1]",,,"phase",,,,true,true,,,,,,,,"adjacent-root phase closure; inverse verified=true"
"audit:phase:1735:3469","PHASE_SHIFT","scale:1735","scale:3469","1735","3469",false,false,"A0 phase-closure;A1 phase-closure",,,,,"[-1,1]",,,"phase",,,,true,true,,,,,,,,"adjacent-root phase closure; inverse verified=true"
"audit:phase:1739:3477","PHASE_SHIFT","scale:1739","scale:3477","1739","3477",false,false,"A1 phase-closure;A2 phase-closure",,,,,"[-1,1]",,,"phase",,,,true,true,,,,,,,,"adjacent-root phase closure; inverse verified=true"
"audit:phase:1741:3481","PHASE_SHIFT","scale:1741","scale:3481","1741","3481",false,false,"A0 phase-closure;A1 phase-closure",,,,,"[-1,1]",,,"phase",,,,true,true,,,,,,,,"adjacent-root phase closure; inverse verified=true"
"audit:phase:1747:3493","PHASE_SHIFT","scale:1747","scale:3493","1747","3493",false,false,"A0 phase-closure;A1 phase-closure",,,,,"[-1,1]",,,"phase",,,,true,true,,,,,,,,"adjacent-root phase closure; inverse verified=true"
"audit:phase:1749:3497","PHASE_SHIFT","scale:1749","scale:3497","1749","3497",false,false,"A0 phase-closure;A1 phase-closure;A2 phase-closure",,,,,"[-1,1]",,,"phase",,,,true,true,,,,,,,,"adjacent-root phase closure; inverse verified=true"
"audit:phase:1753:3505","PHASE_SHIFT","scale:1753","scale:3505","1753","3505",false,false,"A1 phase-closure",,,,,"[-1,1]",,,"phase",,,,true,true,,,,,,,,"adjacent-root phase closure; inverse verified=true"
"audit:phase:1763:3525","PHASE_SHIFT","scale:1763","scale:3525","1763","3525",false,false,"A1 phase-closure;A2 phase-closure",,,,,"[-1,1]",,,"phase",,,,true,true,,,,,,,,"adjacent-root phase closure; inverse verified=true"
"audit:phase:1765:3529","PHASE_SHIFT","scale:1765","scale:3529","1765","3529",false,false,"A0 phase-closure;A1 phase-closure",,,,,"[-1,1]",,,"phase",,,,true,true,,,,,,,,"adjacent-root phase closure; inverse verified=true"
"audit:phase:1769:3537","PHASE_SHIFT","scale:1769","scale:3537","1769","3537",false,false,"A0 phase-closure;A1 phase-closure;A2 phase-closure",,,,,"[-1,1]",,,"phase",,,,true,true,,,,,,,,"adjacent-root phase closure; inverse verified=true"
"audit:phase:1777:3553","PHASE_SHIFT","scale:1777","scale:3553","1777","3553",false,false,"A0 phase-closure;A1 phase-closure",,,,,"[-1,1]",,,"phase",,,,true,true,,,,,,,,"adjacent-root phase closure; inverse verified=true"
"audit:phase:1815:3629","PHASE_SHIFT","scale:1815","scale:3629","1815","3629",false,false,"A0 phase-closure;A1 phase-closure;A2 phase-closure",,,,,"[-1,1]",,,"phase",,,,true,true,,,,,,,,"adjacent-root phase closure; inverse verified=true"
"audit:phase:1819:3637","PHASE_SHIFT","scale:1819","scale:3637","1819","3637",false,false,"A0 phase-closure;A1 phase-closure",,,,,"[-1,1]",,,"phase",,,,true,true,,,,,,,,"adjacent-root phase closure; inverse verified=true"
"audit:phase:1821:3641","PHASE_SHIFT","scale:1821","scale:3641","1821","3641",false,false,"A2 phase-closure",,,,,"[-1,1]",,,"phase",,,,true,true,,,,,,,,"adjacent-root phase closure; inverse verified=true"
"audit:phase:1835:3669","PHASE_SHIFT","scale:1835","scale:3669","1835","3669",false,false,"A0 phase-closure;A1 phase-closure;A2 phase-closure",,,,,"[-1,1]",,,"phase",,,,true,true,,,,,,,,"adjacent-root phase closure; inverse verified=true"
"audit:phase:1837:3673","PHASE_SHIFT","scale:1837","scale:3673","1837","3673",false,false,"A0 phase-closure;A1 phase-closure",,,,,"[-1,1]",,,"phase",,,,true,true,,,,,,,,"adjacent-root phase closure; inverse verified=true"
"audit:phase:1845:3689","PHASE_SHIFT","scale:1845","scale:3689","1845","3689",false,false,"A0 phase-closure;A1 phase-closure;A2 phase-closure",,,,,"[-1,1]",,,"phase",,,,true,true,,,,,,,,"adjacent-root phase closure; inverse verified=true"
"audit:phase:1863:3725","PHASE_SHIFT","scale:1863","scale:3725","1863","3725",false,false,"A0 phase-closure;A1 phase-closure;A2 phase-closure",,,,,"[-1,1]",,,"phase",,,,true,true,,,,,,,,"adjacent-root phase closure; inverse verified=true"
"audit:phase:1867:3733","PHASE_SHIFT","scale:1867","scale:3733","1867","3733",false,false,"A0 phase-closure;A1 phase-closure",,,,,"[-1,1]",,,"phase",,,,true,true,,,,,,,,"adjacent-root phase closure; inverse verified=true"
"audit:phase:1869:3737","PHASE_SHIFT","scale:1869","scale:3737","1869","3737",false,false,"A1 phase-closure;A2 phase-closure",,,,,"[-1,1]",,,"phase",,,,true,true,,,,,,,,"adjacent-root phase closure; inverse verified=true"
"audit:phase:1875:3749","PHASE_SHIFT","scale:1875","scale:3749","1875","3749",false,false,"A0 phase-closure;A1 phase-closure;A2 phase-closure",,,,,"[-1,1]",,,"phase",,,,true,true,,,,,,,,"adjacent-root phase closure; inverse verified=true"
"audit:phase:1877:3753","PHASE_SHIFT","scale:1877","scale:3753","1877","3753",false,false,"A0 phase-closure;A1 phase-closure;A2 phase-closure",,,,,"[-1,1]",,,"phase",,,,true,true,,,,,,,,"adjacent-root phase closure; inverse verified=true"
"audit:phase:1881:3761","PHASE_SHIFT","scale:1881","scale:3761","1881","3761",false,false,"A0 phase-closure;A1 phase-closure;A2 phase-closure",,,,,"[-1,1]",,,"phase",,,,true,true,,,,,,,,"adjacent-root phase closure; inverse verified=true"
"audit:phase:1891:3781","PHASE_SHIFT","scale:1891","scale:3781","1891","3781",false,false,"A0 phase-closure;A1 phase-closure",,,,,"[-1,1]",,,"phase",,,,true,true,,,,,,,,"adjacent-root phase closure; inverse verified=true"
"audit:phase:1893:3785","PHASE_SHIFT","scale:1893","scale:3785","1893","3785",false,false,"A1 phase-closure;A2 phase-closure",,,,,"[-1,1]",,,"phase",,,,true,true,,,,,,,,"adjacent-root phase closure; inverse verified=true"
"audit:phase:1897:3793","PHASE_SHIFT","scale:1897","scale:3793","1897","3793",false,false,"A0 phase-closure;A1 phase-closure",,,,,"[-1,1]",,,"phase",,,,true,true,,,,,,,,"adjacent-root phase closure; inverse verified=true"
"audit:phase:1905:3809","PHASE_SHIFT","scale:1905","scale:3809","1905","3809",false,false,"A2 phase-closure",,,,,"[-1,1]",,,"phase",,,,true,true,,,,,,,,"adjacent-root phase closure; inverse verified=true"
"audit:phase:191:381","PHASE_SHIFT","scale:191","scale:381","191","381",false,false,"A1 phase-closure;A2 phase-closure",,,,,"[-1,1]",,,"phase",,,,true,true,,,,,,,,"adjacent-root phase closure; inverse verified=true"
"audit:phase:1931:3861","PHASE_SHIFT","scale:1931","scale:3861","1931","3861",false,false,"A0 phase-closure;A1 phase-closure;A2 phase-closure",,,,,"[-1,1]",,,"phase",,,,true,true,,,,,,,,"adjacent-root phase closure; inverse verified=true"
"audit:phase:1933:3865","PHASE_SHIFT","scale:1933","scale:3865","1933","3865",false,false,"A0 phase-closure",,,,,"[-1,1]",,,"phase",,,,true,true,,,,,,,,"adjacent-root phase closure; inverse verified=true"
"audit:phase:1941:3881","PHASE_SHIFT","scale:1941","scale:3881","1941","3881",false,false,"A0 phase-closure;A1 phase-closure;A2 phase-closure",,,,,"[-1,1]",,,"phase",,,,true,true,,,,,,,,"adjacent-root phase closure; inverse verified=true"
"audit:phase:1955:3909","PHASE_SHIFT","scale:1955","scale:3909","1955","3909",false,false,"A0 phase-closure;A1 phase-closure;A2 phase-closure",,,,,"[-1,1]",,,"phase",,,,true,true,,,,,,,,"adjacent-root phase closure; inverse verified=true"
"audit:phase:1957:3913","PHASE_SHIFT","scale:1957","scale:3913","1957","3913",false,false,"A0 phase-closure;A1 phase-closure",,,,,"[-1,1]",,,"phase",,,,true,true,,,,,,,,"adjacent-root phase closure; inverse verified=true"
"audit:phase:1961:3921","PHASE_SHIFT","scale:1961","scale:3921","1961","3921",false,false,"A0 phase-closure;A1 phase-closure;A2 phase-closure",,,,,"[-1,1]",,,"phase",,,,true,true,,,,,,,,"adjacent-root phase closure; inverse verified=true"
"audit:phase:1969:3937","PHASE_SHIFT","scale:1969","scale:3937","1969","3937",false,false,"A0 phase-closure;A1 phase-closure",,,,,"[-1,1]",,,"phase",,,,true,true,,,,,,,,"adjacent-root phase closure; inverse verified=true"
"audit:phase:1989:3977","PHASE_SHIFT","scale:1989","scale:3977","1989","3977",false,false,"A1 phase-closure;A2 phase-closure",,,,,"[-1,1]",,,"phase",,,,true,true,,,,,,,,"adjacent-root phase closure; inverse verified=true"
"audit:phase:2001:4001","PHASE_SHIFT","scale:2001","scale:4001","2001","4001",false,false,"A1 phase-closure;A2 phase-closure",,,,,"[-1,1]",,,"phase",,,,true,true,,,,,,,,"adjacent-root phase closure; inverse verified=true"
"audit:phase:223:445","PHASE_SHIFT","scale:223","scale:445","223","445",false,false,"A0 phase-closure;A1 phase-closure",,,,,"[-1,1]",,,"phase",,,,true,true,,,,,,,,"adjacent-root phase closure; inverse verified=true"
"audit:phase:239:477","PHASE_SHIFT","scale:239","scale:477","239","477",false,false,"A2 phase-closure",,,,,"[-1,1]",,,"phase",,,,true,true,,,,,,,,"adjacent-root phase closure; inverse verified=true"
"audit:phase:247:493","PHASE_SHIFT","scale:247","scale:493","247","493",false,false,"A0 phase-closure;A1 phase-closure",,,,,"[-1,1]",,,"phase",,,,true,true,,,,,,,,"adjacent-root phase closure; inverse verified=true"
"audit:phase:251:501","PHASE_SHIFT","scale:251","scale:501","251","501",false,false,"A1 phase-closure;A2 phase-closure",,,,,"[-1,1]",,,"phase",,,,true,true,,,,,,,,"adjacent-root phase closure; inverse verified=true"
"audit:phase:351:701","PHASE_SHIFT","scale:351","scale:701","351","701",false,false,"A0 phase-closure;A1 phase-closure;A2 phase-closure",,,,,"[-1,1]",,,"phase",,,,true,true,,,,,,,,"adjacent-root phase closure; inverse verified=true"
"audit:phase:367:733","PHASE_SHIFT","scale:367","scale:733","367","733",false,false,"A0 phase-closure;A1 phase-closure",,,,,"[-1,1]",,,"phase",,,,true,true,,,,,,,,"adjacent-root phase closure; inverse verified=true"
"audit:phase:375:749","PHASE_SHIFT","scale:375","scale:749","375","749",false,false,"A0 phase-closure;A1 phase-closure;A2 phase-closure",,,,,"[-1,1]",,,"phase",,,,true,true,,,,,,,,"adjacent-root phase closure; inverse verified=true"
"audit:phase:379:757","PHASE_SHIFT","scale:379","scale:757","379","757",false,false,"A0 phase-closure;A1 phase-closure",,,,,"[-1,1]",,,"phase",,,,true,true,,,,,,,,"adjacent-root phase closure; inverse verified=true"
"audit:phase:381:761","PHASE_SHIFT","scale:381","scale:761","381","761",false,false,"A1 phase-closure;A2 phase-closure",,,,,"[-1,1]",,,"phase",,,,true,true,,,,,,,,"adjacent-root phase closure; inverse verified=true"
"audit:phase:431:861","PHASE_SHIFT","scale:431","scale:861","431","861",false,false,"A0 phase-closure;A1 phase-closure;A2 phase-closure",,,,,"[-1,1]",,,"phase",,,,true,true,,,,,,,,"adjacent-root phase closure; inverse verified=true"
"audit:phase:439:877","PHASE_SHIFT","scale:439","scale:877","439","877",false,false,"A1 phase-closure",,,,,"[-1,1]",,,"phase",,,,true,true,,,,,,,,"adjacent-root phase closure; inverse verified=true"
"audit:phase:443:885","PHASE_SHIFT","scale:443","scale:885","443","885",false,false,"A0 phase-closure;A1 phase-closure;A2 phase-closure",,,,,"[-1,1]",,,"phase",,,,true,true,,,,,,,,"adjacent-root phase closure; inverse verified=true"
"audit:phase:445:889","PHASE_SHIFT","scale:445","scale:889","445","889",false,false,"A0 phase-closure;A1 phase-closure",,,,,"[-1,1]",,,"phase",,,,true,true,,,,,,,,"adjacent-root phase closure; inverse verified=true"
"audit:phase:471:941","PHASE_SHIFT","scale:471","scale:941","471","941",false,false,"A0 phase-closure;A1 phase-closure;A2 phase-closure",,,,,"[-1,1]",,,"phase",,,,true,true,,,,,,,,"adjacent-root phase closure; inverse verified=true"
"audit:phase:475:949","PHASE_SHIFT","scale:475","scale:949","475","949",false,false,"A0 phase-closure;A1 phase-closure",,,,,"[-1,1]",,,"phase",,,,true,true,,,,,,,,"adjacent-root phase closure; inverse verified=true"
"audit:phase:477:953","PHASE_SHIFT","scale:477","scale:953","477","953",false,false,"A2 phase-closure",,,,,"[-1,1]",,,"phase",,,,true,true,,,,,,,,"adjacent-root phase closure; inverse verified=true"
"audit:phase:491:981","PHASE_SHIFT","scale:491","scale:981","491","981",false,false,"A0 phase-closure;A1 phase-closure;A2 phase-closure",,,,,"[-1,1]",,,"phase",,,,true,true,,,,,,,,"adjacent-root phase closure; inverse verified=true"
"audit:phase:493:985","PHASE_SHIFT","scale:493","scale:985","493","985",false,false,"A0 phase-closure;A1 phase-closure",,,,,"[-1,1]",,,"phase",,,,true,true,,,,,,,,"adjacent-root phase closure; inverse verified=true"
"audit:phase:501:1001","PHASE_SHIFT","scale:501","scale:1001","501","1001",false,false,"A1 phase-closure;A2 phase-closure",,,,,"[-1,1]",,,"phase",,,,true,true,,,,,,,,"adjacent-root phase closure; inverse verified=true"
"audit:phase:575:1149","PHASE_SHIFT","scale:575","scale:1149","575","1149",false,false,"A1 phase-closure;A2 phase-closure",,,,,"[-1,1]",,,"phase",,,,true,true,,,,,,,,"adjacent-root phase closure; inverse verified=true"
"audit:phase:607:1213","PHASE_SHIFT","scale:607","scale:1213","607","1213",false,false,"A0 phase-closure;A1 phase-closure",,,,,"[-1,1]",,,"phase",,,,true,true,,,,,,,,"adjacent-root phase closure; inverse verified=true"
"audit:phase:623:1245","PHASE_SHIFT","scale:623","scale:1245","623","1245",false,false,"A1 phase-closure;A2 phase-closure",,,,,"[-1,1]",,,"phase",,,,true,true,,,,,,,,"adjacent-root phase closure; inverse verified=true"
"audit:phase:631:1261","PHASE_SHIFT","scale:631","scale:1261","631","1261",false,false,"A0 phase-closure;A1 phase-closure",,,,,"[-1,1]",,,"phase",,,,true,true,,,,,,,,"adjacent-root phase closure; inverse verified=true"
"audit:phase:635:1269","PHASE_SHIFT","scale:635","scale:1269","635","1269",false,false,"A0 phase-closure;A1 phase-closure;A2 phase-closure",,,,,"[-1,1]",,,"phase",,,,true,true,,,,,,,,"adjacent-root phase closure; inverse verified=true"
"audit:phase:671:1341","PHASE_SHIFT","scale:671","scale:1341","671","1341",false,false,"A0 phase-closure;A1 phase-closure;A2 phase-closure",,,,,"[-1,1]",,,"phase",,,,true,true,,,,,,,,"adjacent-root phase closure; inverse verified=true"
"audit:phase:687:1373","PHASE_SHIFT","scale:687","scale:1373","687","1373",false,false,"A0 phase-closure;A1 phase-closure;A2 phase-closure",,,,,"[-1,1]",,,"phase",,,,true,true,,,,,,,,"adjacent-root phase closure; inverse verified=true"
"audit:phase:695:1389","PHASE_SHIFT","scale:695","scale:1389","695","1389",false,false,"A0 phase-closure;A1 phase-closure;A2 phase-closure",,,,,"[-1,1]",,,"phase",,,,true,true,,,,,,,,"adjacent-root phase closure; inverse verified=true"
"audit:phase:699:1397","PHASE_SHIFT","scale:699","scale:1397","699","1397",false,false,"A1 phase-closure;A2 phase-closure",,,,,"[-1,1]",,,"phase",,,,true,true,,,,,,,,"adjacent-root phase closure; inverse verified=true"
"audit:phase:701:1401","PHASE_SHIFT","scale:701","scale:1401","701","1401",false,false,"A0 phase-closure;A1 phase-closure;A2 phase-closure",,,,,"[-1,1]",,,"phase",,,,true,true,,,,,,,,"adjacent-root phase closure; inverse verified=true"
"audit:phase:719:1437","PHASE_SHIFT","scale:719","scale:1437","719","1437",false,false,"A0 phase-closure;A1 phase-closure;A2 phase-closure",,,,,"[-1,1]",,,"phase",,,,true,true,,,,,,,,"adjacent-root phase closure; inverse verified=true"
"audit:phase:727:1453","PHASE_SHIFT","scale:727","scale:1453","727","1453",false,false,"A0 phase-closure;A1 phase-closure",,,,,"[-1,1]",,,"phase",,,,true,true,,,,,,,,"adjacent-root phase closure; inverse verified=true"
"audit:phase:731:1461","PHASE_SHIFT","scale:731","scale:1461","731","1461",false,false,"A0 phase-closure;A1 phase-closure;A2 phase-closure",,,,,"[-1,1]",,,"phase",,,,true,true,,,,,,,,"adjacent-root phase closure; inverse verified=true"
"audit:phase:733:1465","PHASE_SHIFT","scale:733","scale:1465","733","1465",false,false,"A0 phase-closure;A1 phase-closure",,,,,"[-1,1]",,,"phase",,,,true,true,,,,,,,,"adjacent-root phase closure; inverse verified=true"
"audit:phase:743:1485","PHASE_SHIFT","scale:743","scale:1485","743","1485",false,false,"A0 phase-closure;A1 phase-closure;A2 phase-closure",,,,,"[-1,1]",,,"phase",,,,true,true,,,,,,,,"adjacent-root phase closure; inverse verified=true"
"audit:phase:747:1493","PHASE_SHIFT","scale:747","scale:1493","747","1493",false,false,"A0 phase-closure;A1 phase-closure;A2 phase-closure",,,,,"[-1,1]",,,"phase",,,,true,true,,,,,,,,"adjacent-root phase closure; inverse verified=true"
"audit:phase:749:1497","PHASE_SHIFT","scale:749","scale:1497","749","1497",false,false,"A0 phase-closure;A1 phase-closure;A2 phase-closure",,,,,"[-1,1]",,,"phase",,,,true,true,,,,,,,,"adjacent-root phase closure; inverse verified=true"
"audit:phase:755:1509","PHASE_SHIFT","scale:755","scale:1509","755","1509",false,false,"A0 phase-closure;A1 phase-closure;A2 phase-closure",,,,,"[-1,1]",,,"phase",,,,true,true,,,,,,,,"adjacent-root phase closure; inverse verified=true"
"audit:phase:757:1513","PHASE_SHIFT","scale:757","scale:1513","757","1513",false,false,"A0 phase-closure;A1 phase-closure",,,,,"[-1,1]",,,"phase",,,,true,true,,,,,,,,"adjacent-root phase closure; inverse verified=true"
"audit:phase:761:1521","PHASE_SHIFT","scale:761","scale:1521","761","1521",false,false,"A1 phase-closure;A2 phase-closure",,,,,"[-1,1]",,,"phase",,,,true,true,,,,,,,,"adjacent-root phase closure; inverse verified=true"
"audit:phase:799:1597","PHASE_SHIFT","scale:799","scale:1597","799","1597",false,false,"A0 phase-closure",,,,,"[-1,1]",,,"phase",,,,true,true,,,,,,,,"adjacent-root phase closure; inverse verified=true"
"audit:phase:815:1629","PHASE_SHIFT","scale:815","scale:1629","815","1629",false,false,"A1 phase-closure;A2 phase-closure",,,,,"[-1,1]",,,"phase",,,,true,true,,,,,,,,"adjacent-root phase closure; inverse verified=true"
"audit:phase:823:1645","PHASE_SHIFT","scale:823","scale:1645","823","1645",false,false,"A0 phase-closure;A1 phase-closure",,,,,"[-1,1]",,,"phase",,,,true,true,,,,,,,,"adjacent-root phase closure; inverse verified=true"
"audit:phase:827:1653","PHASE_SHIFT","scale:827","scale:1653","827","1653",false,false,"A0 phase-closure;A1 phase-closure;A2 phase-closure",,,,,"[-1,1]",,,"phase",,,,true,true,,,,,,,,"adjacent-root phase closure; inverse verified=true"
"audit:phase:847:1693","PHASE_SHIFT","scale:847","scale:1693","847","1693",false,false,"A0 phase-closure;A1 phase-closure",,,,,"[-1,1]",,,"phase",,,,true,true,,,,,,,,"adjacent-root phase closure; inverse verified=true"
"audit:phase:855:1709","PHASE_SHIFT","scale:855","scale:1709","855","1709",false,false,"A0 phase-closure;A1 phase-closure;A2 phase-closure",,,,,"[-1,1]",,,"phase",,,,true,true,,,,,,,,"adjacent-root phase closure; inverse verified=true"
"audit:phase:859:1717","PHASE_SHIFT","scale:859","scale:1717","859","1717",false,false,"A0 phase-closure;A1 phase-closure",,,,,"[-1,1]",,,"phase",,,,true,true,,,,,,,,"adjacent-root phase closure; inverse verified=true"
"audit:phase:861:1721","PHASE_SHIFT","scale:861","scale:1721","861","1721",false,false,"A0 phase-closure;A1 phase-closure;A2 phase-closure",,,,,"[-1,1]",,,"phase",,,,true,true,,,,,,,,"adjacent-root phase closure; inverse verified=true"
"audit:phase:871:1741","PHASE_SHIFT","scale:871","scale:1741","871","1741",false,false,"A0 phase-closure;A1 phase-closure",,,,,"[-1,1]",,,"phase",,,,true,true,,,,,,,,"adjacent-root phase closure; inverse verified=true"
"audit:phase:875:1749","PHASE_SHIFT","scale:875","scale:1749","875","1749",false,false,"A0 phase-closure;A1 phase-closure;A2 phase-closure",,,,,"[-1,1]",,,"phase",,,,true,true,,,,,,,,"adjacent-root phase closure; inverse verified=true"
"audit:phase:877:1753","PHASE_SHIFT","scale:877","scale:1753","877","1753",false,false,"A1 phase-closure",,,,,"[-1,1]",,,"phase",,,,true,true,,,,,,,,"adjacent-root phase closure; inverse verified=true"
"audit:phase:883:1765","PHASE_SHIFT","scale:883","scale:1765","883","1765",false,false,"A0 phase-closure;A1 phase-closure",,,,,"[-1,1]",,,"phase",,,,true,true,,,,,,,,"adjacent-root phase closure; inverse verified=true"
"audit:phase:885:1769","PHASE_SHIFT","scale:885","scale:1769","885","1769",false,false,"A0 phase-closure;A1 phase-closure;A2 phase-closure",,,,,"[-1,1]",,,"phase",,,,true,true,,,,,,,,"adjacent-root phase closure; inverse verified=true"
"audit:phase:889:1777","PHASE_SHIFT","scale:889","scale:1777","889","1777",false,false,"A0 phase-closure;A1 phase-closure",,,,,"[-1,1]",,,"phase",,,,true,true,,,,,,,,"adjacent-root phase closure; inverse verified=true"
"audit:phase:911:1821","PHASE_SHIFT","scale:911","scale:1821","911","1821",false,false,"A2 phase-closure",,,,,"[-1,1]",,,"phase",,,,true,true,,,,,,,,"adjacent-root phase closure; inverse verified=true"
"audit:phase:919:1837","PHASE_SHIFT","scale:919","scale:1837","919","1837",false,false,"A0 phase-closure;A1 phase-closure",,,,,"[-1,1]",,,"phase",,,,true,true,,,,,,,,"adjacent-root phase closure; inverse verified=true"
"audit:phase:923:1845","PHASE_SHIFT","scale:923","scale:1845","923","1845",false,false,"A0 phase-closure;A1 phase-closure;A2 phase-closure",,,,,"[-1,1]",,,"phase",,,,true,true,,,,,,,,"adjacent-root phase closure; inverse verified=true"
"audit:phase:935:1869","PHASE_SHIFT","scale:935","scale:1869","935","1869",false,false,"A1 phase-closure;A2 phase-closure",,,,,"[-1,1]",,,"phase",,,,true,true,,,,,,,,"adjacent-root phase closure; inverse verified=true"
"audit:phase:939:1877","PHASE_SHIFT","scale:939","scale:1877","939","1877",false,false,"A0 phase-closure;A1 phase-closure;A2 phase-closure",,,,,"[-1,1]",,,"phase",,,,true,true,,,,,,,,"adjacent-root phase closure; inverse verified=true"
"audit:phase:941:1881","PHASE_SHIFT","scale:941","scale:1881","941","1881",false,false,"A0 phase-closure;A1 phase-closure;A2 phase-closure",,,,,"[-1,1]",,,"phase",,,,true,true,,,,,,,,"adjacent-root phase closure; inverse verified=true"
"audit:phase:947:1893","PHASE_SHIFT","scale:947","scale:1893","947","1893",false,false,"A1 phase-closure;A2 phase-closure",,,,,"[-1,1]",,,"phase",,,,true,true,,,,,,,,"adjacent-root phase closure; inverse verified=true"
"audit:phase:949:1897","PHASE_SHIFT","scale:949","scale:1897","949","1897",false,false,"A0 phase-closure;A1 phase-closure",,,,,"[-1,1]",,,"phase",,,,true,true,,,,,,,,"adjacent-root phase closure; inverse verified=true"
"audit:phase:953:1905","PHASE_SHIFT","scale:953","scale:1905","953","1905",false,false,"A2 phase-closure",,,,,"[-1,1]",,,"phase",,,,true,true,,,,,,,,"adjacent-root phase closure; inverse verified=true"
"audit:phase:967:1933","PHASE_SHIFT","scale:967","scale:1933","967","1933",false,false,"A0 phase-closure",,,,,"[-1,1]",,,"phase",,,,true,true,,,,,,,,"adjacent-root phase closure; inverse verified=true"
"audit:phase:971:1941","PHASE_SHIFT","scale:971","scale:1941","971","1941",false,false,"A0 phase-closure;A1 phase-closure;A2 phase-closure",,,,,"[-1,1]",,,"phase",,,,true,true,,,,,,,,"adjacent-root phase closure; inverse verified=true"
"audit:phase:979:1957","PHASE_SHIFT","scale:979","scale:1957","979","1957",false,false,"A0 phase-closure;A1 phase-closure",,,,,"[-1,1]",,,"phase",,,,true,true,,,,,,,,"adjacent-root phase closure; inverse verified=true"
"audit:phase:981:1961","PHASE_SHIFT","scale:981","scale:1961","981","1961",false,false,"A0 phase-closure;A1 phase-closure;A2 phase-closure",,,,,"[-1,1]",,,"phase",,,,true,true,,,,,,,,"adjacent-root phase closure; inverse verified=true"
"audit:phase:985:1969","PHASE_SHIFT","scale:985","scale:1969","985","1969",false,false,"A0 phase-closure;A1 phase-closure",,,,,"[-1,1]",,,"phase",,,,true,true,,,,,,,,"adjacent-root phase closure; inverse verified=true"
"audit:phase:995:1989","PHASE_SHIFT","scale:995","scale:1989","995","1989",false,false,"A1 phase-closure;A2 phase-closure",,,,,"[-1,1]",,,"phase",,,,true,true,,,,,,,,"adjacent-root phase closure; inverse verified=true"
"boundary-contact:oriented_convergence:191:223:0","CONVERGENCE_CONTACT","scale:191","scale:223","191","223",true,false,"UNIVERSAL","boundary","D6","Jupiter","0",,"2",,"single_degree","5→6","6","Mercury",true,true,"oriented_convergence",,,,,,,"Universal boundary-family audit; relation generated from established office-bearing satellite"
"boundary-contact:oriented_convergence:445:223:1","CONVERGENCE_CONTACT","scale:445","scale:223","445","223",true,false,"UNIVERSAL","boundary","D3","Jupiter","1",,"2",,"root_phase","root 0→1; renormalize −1","1","Saturn",true,true,"oriented_convergence",,,,,,,"Universal boundary-family audit; relation generated from established office-bearing satellite"
"boundary-contact:peripheral_leaf:477:239:1","LEAF_CONTACT","scale:477","scale:239","477","239",true,false,"UNIVERSAL","boundary","D4","Mercury","1",,"2",,"root_phase","root 0→1; renormalize −1","1","Saturn",true,true,"peripheral_leaf",,,,,,,"Universal boundary-family audit; relation generated from established office-bearing satellite"
"boundary-contact:peripheral_leaf:375:247:0","LEAF_CONTACT","scale:375","scale:247","375","247",true,false,"UNIVERSAL","boundary","D4","Venus","0",,"2",,"single_degree","8→7","7","Moon",true,true,"peripheral_leaf",,,,,,,"Universal boundary-family audit; relation generated from established office-bearing satellite"
"boundary-contact:oriented_convergence:253:251:0","CONVERGENCE_CONTACT","scale:253","scale:251","253","251",true,false,"UNIVERSAL","boundary","D6","Jupiter","0",,"2",,"single_degree","2→1","2","Jupiter",true,true,"oriented_convergence",,,,,,,"Universal boundary-family audit; relation generated from established office-bearing satellite"
"boundary-contact:oriented_convergence:379:251:0","CONVERGENCE_CONTACT","scale:379","scale:251","379","251",true,false,"UNIVERSAL","boundary","D3","Jupiter","0",,"2",,"single_degree","8→7","7","Moon",true,true,"oriented_convergence",,,,,,,"Universal boundary-family audit; relation generated from established office-bearing satellite"
"boundary-contact:oriented_convergence:191:319:0","CONVERGENCE_CONTACT","scale:191","scale:319","191","319",true,false,"UNIVERSAL","boundary","D6","Jupiter","0",,"2",,"single_degree","7→8","7","Moon",true,true,"oriented_convergence",,,,,,,"Universal boundary-family audit; relation generated from established office-bearing satellite"
"boundary-contact:oriented_convergence:637:319:1","CONVERGENCE_CONTACT","scale:637","scale:319","637","319",true,false,"UNIVERSAL","boundary","D5","Jupiter","1",,"2",,"root_phase","root 0→1; renormalize −1","1","Saturn",true,true,"oriented_convergence",,,,,,,"Universal boundary-family audit; relation generated from established office-bearing satellite"
"boundary-contact:oriented_convergence:415:351:0","CONVERGENCE_CONTACT","scale:415","scale:351","415","351",true,false,"UNIVERSAL","boundary","D5","Saturn","0",,"2",,"single_degree","7→6","6","Mercury",true,true,"oriented_convergence",,,,,,,"Universal boundary-family audit; relation generated from established office-bearing satellite"
"boundary-contact:oriented_convergence:607:351:0","CONVERGENCE_CONTACT","scale:607","scale:351","607","351",true,false,"UNIVERSAL","boundary","D5","Saturn","0",,"2",,"single_degree","9→8","7","Moon",true,true,"oriented_convergence",,,,,,,"Universal boundary-family audit; relation generated from established office-bearing satellite"
"boundary-contact:oriented_convergence:375:367:0","CONVERGENCE_CONTACT","scale:375","scale:367","375","367",true,false,"UNIVERSAL","boundary","D4","Venus","0",,"2",,"single_degree","4→3","4","Sun",true,true,"oriented_convergence",,,,,,,"Universal boundary-family audit; relation generated from established office-bearing satellite"
"boundary-contact:oriented_convergence:623:367:0","CONVERGENCE_CONTACT","scale:623","scale:367","623","367",true,false,"UNIVERSAL","boundary","D4","Venus","0",,"2",,"single_degree","9→8","7","Moon",true,true,"oriented_convergence",,,,,,,"Universal boundary-family audit; relation generated from established office-bearing satellite"
"boundary-contact:office_junction:415:431:0","JUNCTION_CONTACT","scale:415","scale:431","415","431",true,false,"UNIVERSAL","boundary","D5","Saturn","0",,"2",,"single_degree","4→5","5","Venus",true,true,"office_junction",,,,,,,"Universal boundary-family audit; relation generated from established office-bearing satellite"
"boundary-contact:office_junction:439:431:0","JUNCTION_CONTACT","scale:439","scale:431","439","431",true,false,"UNIVERSAL","boundary","D2","Jupiter","0",,"2",,"single_degree","4→3","4","Sun",true,true,"office_junction",,,,,,,"Universal boundary-family audit; relation generated from established office-bearing satellite"
"boundary-contact:office_junction:463:431:0","JUNCTION_CONTACT","scale:463","scale:431","463","431",true,false,"UNIVERSAL","boundary","D2","Jupiter","0",,"2",,"single_degree","6→5","5","Venus",true,true,"office_junction",,,,,,,"Universal boundary-family audit; relation generated from established office-bearing satellite"
"boundary-contact:office_junction:687:431:0","JUNCTION_CONTACT","scale:687","scale:431","687","431",true,false,"UNIVERSAL","boundary","A2","Saturn","0",,"2",,"single_degree","9→8","7","Moon",true,true,"office_junction",,,,,,,"Universal boundary-family audit; relation generated from established office-bearing satellite"
"boundary-contact:office_junction:861:431:1","JUNCTION_CONTACT","scale:861","scale:431","861","431",true,false,"UNIVERSAL","boundary","A2","Saturn","1",,"2",,"root_phase","root 0→1; renormalize −1","1","Saturn",true,true,"office_junction",,,,,,,"Universal boundary-family audit; relation generated from established office-bearing satellite"
"boundary-contact:office_junction:475:491:0","JUNCTION_CONTACT","scale:475","scale:491","475","491",true,false,"UNIVERSAL","boundary","D2","Jupiter","0",,"2",,"single_degree","4→5","4","Sun",true,true,"office_junction",,,,,,,"Universal boundary-family audit; relation generated from established office-bearing satellite"
"boundary-contact:office_junction:487:491:0","JUNCTION_CONTACT","scale:487","scale:491","487","491",true,false,"UNIVERSAL","boundary","D2","Jupiter","0",,"2",,"single_degree","2→3","3","Mars",true,true,"office_junction",,,,,,,"Universal boundary-family audit; relation generated from established office-bearing satellite"
"boundary-contact:office_junction:499:491:0","JUNCTION_CONTACT","scale:499","scale:491","499","491",true,false,"UNIVERSAL","boundary","D5","Mars","0",,"2",,"single_degree","4→3","3","Mars",true,true,"office_junction",,,,,,,"Universal boundary-family audit; relation generated from established office-bearing satellite"
"boundary-contact:office_junction:747:491:0","JUNCTION_CONTACT","scale:747","scale:491","747","491",true,false,"UNIVERSAL","boundary","A2","Mars","0",,"2",,"single_degree","9→8","7","Moon",true,true,"office_junction",,,,,,,"Universal boundary-family audit; relation generated from established office-bearing satellite"
"boundary-contact:office_junction:981:491:1","JUNCTION_CONTACT","scale:981","scale:491","981","491",true,false,"UNIVERSAL","boundary","A2","Mars","1",,"2",,"root_phase","root 0→1; renormalize −1","1","Saturn",true,true,"office_junction",,,,,,,"Universal boundary-family audit; relation generated from established office-bearing satellite"
"boundary-contact:oriented_convergence:477:493:0","CONVERGENCE_CONTACT","scale:477","scale:493","477","493",true,false,"UNIVERSAL","boundary","D4","Mercury","0",,"2",,"single_degree","4→5","4","Sun",true,true,"oriented_convergence",,,,,,,"Universal boundary-family audit; relation generated from established office-bearing satellite"
"boundary-contact:oriented_convergence:985:493:1","CONVERGENCE_CONTACT","scale:985","scale:493","985","493",true,false,"UNIVERSAL","boundary","D4","Mercury","1",,"2",,"root_phase","root 0→1; renormalize −1","1","Saturn",true,true,"oriented_convergence",,,,,,,"Universal boundary-family audit; relation generated from established office-bearing satellite"
"boundary-contact:oriented_convergence:499:501:0","CONVERGENCE_CONTACT","scale:499","scale:501","499","501",true,false,"UNIVERSAL","boundary","D5","Mars","0",,"2",,"single_degree","1→2","2","Jupiter",true,true,"oriented_convergence",,,,,,,"Universal boundary-family audit; relation generated from established office-bearing satellite"
"boundary-contact:oriented_convergence:1001:501:1","CONVERGENCE_CONTACT","scale:1001","scale:501","1001","501",true,false,"UNIVERSAL","boundary","D5","Mars","1",,"2",,"root_phase","root 0→1; renormalize −1","1","Saturn",true,true,"oriented_convergence",,,,,,,"Universal boundary-family audit; relation generated from established office-bearing satellite"
"boundary-contact:oriented_convergence:253:505:-1","CONVERGENCE_CONTACT","scale:253","scale:505","253","505",true,false,"UNIVERSAL","boundary","D6","Jupiter","-1",,"2",,"root_phase","root 0→11; renormalize +1","1","Saturn",true,true,"oriented_convergence",,,,,,,"Universal boundary-family audit; relation generated from established office-bearing satellite"
"boundary-contact:oriented_convergence:761:505:0","CONVERGENCE_CONTACT","scale:761","scale:505","761","505",true,false,"UNIVERSAL","boundary","D5","Jupiter","0",,"2",,"single_degree","9→8","7","Moon",true,true,"oriented_convergence",,,,,,,"Universal boundary-family audit; relation generated from established office-bearing satellite"
"boundary-contact:oriented_convergence:607:575:0","CONVERGENCE_CONTACT","scale:607","scale:575","607","575",true,false,"UNIVERSAL","boundary","D5","Saturn","0",,"2",,"single_degree","6→5","6","Mercury",true,true,"oriented_convergence",,,,,,,"Universal boundary-family audit; relation generated from established office-bearing satellite"
"boundary-contact:oriented_convergence:1087:575:0","CONVERGENCE_CONTACT","scale:1087","scale:575","1087","575",true,false,"UNIVERSAL","boundary","D6","Saturn","0",,"2",,"single_degree","10→9","7","Moon",true,true,"oriented_convergence",,,,,,,"Universal boundary-family audit; relation generated from established office-bearing satellite"
"boundary-contact:oriented_convergence:445:701:0","CONVERGENCE_CONTACT","scale:445","scale:701","445","701",true,false,"UNIVERSAL","boundary","D3","Jupiter","0",,"2",,"single_degree","8→9","7","Moon",true,true,"oriented_convergence",,,,,,,"Universal boundary-family audit; relation generated from established office-bearing satellite"
"boundary-contact:oriented_convergence:637:701:0","CONVERGENCE_CONTACT","scale:637","scale:701","637","701",true,false,"UNIVERSAL","boundary","D5","Jupiter","0",,"2",,"single_degree","6→7","6","Mercury",true,true,"oriented_convergence",,,,,,,"Universal boundary-family audit; relation generated from established office-bearing satellite"
"boundary-contact:oriented_convergence:699:701:0","CONVERGENCE_CONTACT","scale:699","scale:701","699","701",true,false,"UNIVERSAL","boundary","A2","Jupiter","0",,"2",,"single_degree","1→2","2","Jupiter",true,true,"oriented_convergence",,,,,,,"Universal boundary-family audit; relation generated from established office-bearing satellite"
"boundary-contact:oriented_convergence:1401:701:1","CONVERGENCE_CONTACT","scale:1401","scale:701","1401","701",true,false,"UNIVERSAL","boundary","A2","Jupiter","1",,"2",,"root_phase","root 0→1; renormalize −1","1","Saturn",true,true,"oriented_convergence",,,,,,,"Universal boundary-family audit; relation generated from established office-bearing satellite"
"boundary-contact:office_junction:463:719:0","JUNCTION_CONTACT","scale:463","scale:719","463","719",true,false,"UNIVERSAL","boundary","D2","Jupiter","0",,"2",,"single_degree","8→9","7","Moon",true,true,"office_junction",,,,,,,"Universal boundary-family audit; relation generated from established office-bearing satellite"
"boundary-contact:office_junction:687:719:0","JUNCTION_CONTACT","scale:687","scale:719","687","719",true,false,"UNIVERSAL","boundary","A2","Saturn","0",,"2",,"single_degree","5→6","5","Venus",true,true,"office_junction",,,,,,,"Universal boundary-family audit; relation generated from established office-bearing satellite"
"boundary-contact:office_junction:727:719:0","JUNCTION_CONTACT","scale:727","scale:719","727","719",true,false,"UNIVERSAL","boundary","A0","Jupiter","0",,"2",,"single_degree","4→3","4","Sun",true,true,"office_junction",,,,,,,"Universal boundary-family audit; relation generated from established office-bearing satellite"
"boundary-contact:office_junction:1437:719:1","JUNCTION_CONTACT","scale:1437","scale:719","1437","719",true,false,"UNIVERSAL","boundary","A0","Jupiter","1",,"2",,"root_phase","root 0→1; renormalize −1","1","Saturn",true,true,"office_junction",,,,,,,"Universal boundary-family audit; relation generated from established office-bearing satellite"
"boundary-contact:office_junction:477:733:0","JUNCTION_CONTACT","scale:477","scale:733","477","733",true,false,"UNIVERSAL","boundary","D4","Mercury","0",,"2",,"single_degree","8→9","7","Moon",true,true,"office_junction",,,,,,,"Universal boundary-family audit; relation generated from established office-bearing satellite"
"boundary-contact:office_junction:731:733:0","JUNCTION_CONTACT","scale:731","scale:733","731","733",true,false,"UNIVERSAL","boundary","A1","Mercury","0",,"2",,"single_degree","1→2","2","Jupiter",true,true,"office_junction",,,,,,,"Universal boundary-family audit; relation generated from established office-bearing satellite"
"boundary-contact:office_junction:861:733:0","JUNCTION_CONTACT","scale:861","scale:733","861","733",true,false,"UNIVERSAL","boundary","A2","Saturn","0",,"2",,"single_degree","8→7","6","Mercury",true,true,"office_junction",,,,,,,"Universal boundary-family audit; relation generated from established office-bearing satellite"
"boundary-contact:office_junction:1245:733:0","JUNCTION_CONTACT","scale:1245","scale:733","1245","733",true,false,"UNIVERSAL","boundary","A2","Saturn","0",,"2",,"single_degree","10→9","7","Moon",true,true,"office_junction",,,,,,,"Universal boundary-family audit; relation generated from established office-bearing satellite"
"boundary-contact:office_junction:1465:733:1","JUNCTION_CONTACT","scale:1465","scale:733","1465","733",true,false,"UNIVERSAL","boundary","A1","Mercury","1",,"2",,"root_phase","root 0→1; renormalize −1","1","Saturn",true,true,"office_junction",,,,,,,"Universal boundary-family audit; relation generated from established office-bearing satellite"
"boundary-contact:office_junction:375:749:-1","JUNCTION_CONTACT","scale:375","scale:749","375","749",true,false,"UNIVERSAL","boundary","D4","Venus","-1",,"2",,"root_phase","root 0→11; renormalize +1","1","Saturn",true,true,"office_junction",,,,,,,"Universal boundary-family audit; relation generated from established office-bearing satellite"
"boundary-contact:office_junction:747:749:0","JUNCTION_CONTACT","scale:747","scale:749","747","749",true,false,"UNIVERSAL","boundary","A2","Mars","0",,"2",,"single_degree","1→2","2","Jupiter",true,true,"office_junction",,,,,,,"Universal boundary-family audit; relation generated from established office-bearing satellite"
"boundary-contact:office_junction:877:749:0","JUNCTION_CONTACT","scale:877","scale:749","877","749",true,false,"UNIVERSAL","boundary","A1","Venus","0",,"2",,"single_degree","8→7","6","Mercury",true,true,"office_junction",,,,,,,"Universal boundary-family audit; relation generated from established office-bearing satellite"
"boundary-contact:office_junction:1261:749:0","JUNCTION_CONTACT","scale:1261","scale:749","1261","749",true,false,"UNIVERSAL","boundary","A1","Venus","0",,"2",,"single_degree","10→9","7","Moon",true,true,"office_junction",,,,,,,"Universal boundary-family audit; relation generated from established office-bearing satellite"
"boundary-contact:office_junction:1497:749:1","JUNCTION_CONTACT","scale:1497","scale:749","1497","749",true,false,"UNIVERSAL","boundary","A2","Mars","1",,"2",,"root_phase","root 0→1; renormalize −1","1","Saturn",true,true,"office_junction",,,,,,,"Universal boundary-family audit; relation generated from established office-bearing satellite"
"boundary-contact:oriented_convergence:499:755:0","CONVERGENCE_CONTACT","scale:499","scale:755","499","755",true,false,"UNIVERSAL","boundary","D5","Mars","0",,"2",,"single_degree","8→9","7","Moon",true,true,"oriented_convergence",,,,,,,"Universal boundary-family audit; relation generated from established office-bearing satellite"
"boundary-contact:oriented_convergence:747:755:0","CONVERGENCE_CONTACT","scale:747","scale:755","747","755",true,false,"UNIVERSAL","boundary","A2","Mars","0",,"2",,"single_degree","3→4","3","Mars",true,true,"oriented_convergence",,,,,,,"Universal boundary-family audit; relation generated from established office-bearing satellite"
"boundary-contact:oriented_convergence:1509:755:1","CONVERGENCE_CONTACT","scale:1509","scale:755","1509","755",true,false,"UNIVERSAL","boundary","A2","Mars","1",,"2",,"root_phase","root 0→1; renormalize −1","1","Saturn",true,true,"oriented_convergence",,,,,,,"Universal boundary-family audit; relation generated from established office-bearing satellite"
"boundary-contact:oriented_convergence:379:757:-1","CONVERGENCE_CONTACT","scale:379","scale:757","379","757",true,false,"UNIVERSAL","boundary","D3","Jupiter","-1",,"2",,"root_phase","root 0→11; renormalize +1","1","Saturn",true,true,"oriented_convergence",,,,,,,"Universal boundary-family audit; relation generated from established office-bearing satellite"
"boundary-contact:oriented_convergence:761:757:0","CONVERGENCE_CONTACT","scale:761","scale:757","761","757",true,false,"UNIVERSAL","boundary","D5","Jupiter","0",,"2",,"single_degree","3→2","2","Jupiter",true,true,"oriented_convergence",,,,,,,"Universal boundary-family audit; relation generated from established office-bearing satellite"
"boundary-contact:oriented_convergence:885:757:0","CONVERGENCE_CONTACT","scale:885","scale:757","885","757",true,false,"UNIVERSAL","boundary","A2","Jupiter","0",,"2",,"single_degree","8→7","6","Mercury",true,true,"oriented_convergence",,,,,,,"Universal boundary-family audit; relation generated from established office-bearing satellite"
"boundary-contact:oriented_convergence:1269:757:0","CONVERGENCE_CONTACT","scale:1269","scale:757","1269","757",true,false,"UNIVERSAL","boundary","A2","Jupiter","0",,"2",,"single_degree","10→9","7","Moon",true,true,"oriented_convergence",,,,,,,"Universal boundary-family audit; relation generated from established office-bearing satellite"
"boundary-contact:oriented_convergence:687:815:0","CONVERGENCE_CONTACT","scale:687","scale:815","687","815",true,false,"UNIVERSAL","boundary","A2","Saturn","0",,"2",,"single_degree","7→8","6","Mercury",true,true,"oriented_convergence",,,,,,,"Universal boundary-family audit; relation generated from established office-bearing satellite"
"boundary-contact:oriented_convergence:799:815:0","CONVERGENCE_CONTACT","scale:799","scale:815","799","815",true,false,"UNIVERSAL","boundary","D5","Saturn","0",,"2",,"single_degree","4→5","5","Venus",true,true,"oriented_convergence",,,,,,,"Universal boundary-family audit; relation generated from established office-bearing satellite"
"boundary-contact:oriented_convergence:1629:815:1","CONVERGENCE_CONTACT","scale:1629","scale:815","1629","815",true,false,"UNIVERSAL","boundary","A2","Saturn","1",,"2",,"root_phase","root 0→1; renormalize −1","1","Saturn",true,true,"oriented_convergence",,,,,,,"Universal boundary-family audit; relation generated from established office-bearing satellite"
"boundary-contact:office_junction:695:823:0","JUNCTION_CONTACT","scale:695","scale:823","695","823",true,false,"UNIVERSAL","boundary","A1","Venus","0",,"2",,"single_degree","7→8","6","Mercury",true,true,"office_junction",,,,,,,"Universal boundary-family audit; relation generated from established office-bearing satellite"
"boundary-contact:office_junction:855:823:0","JUNCTION_CONTACT","scale:855","scale:823","855","823",true,false,"UNIVERSAL","boundary","A0","Mercury","0",,"2",,"single_degree","6→5","5","Venus",true,true,"office_junction",,,,,,,"Universal boundary-family audit; relation generated from established office-bearing satellite"
"boundary-contact:office_junction:1335:823:0","JUNCTION_CONTACT","scale:1335","scale:823","1335","823",true,false,"UNIVERSAL","boundary","A2","Moon","0",,"2",,"single_degree","10→9","7","Moon",true,true,"office_junction",,,,,,,"Universal boundary-family audit; relation generated from established office-bearing satellite"
"boundary-contact:office_junction:1645:823:1","JUNCTION_CONTACT","scale:1645","scale:823","1645","823",true,false,"UNIVERSAL","boundary","A0","Mercury","1",,"2",,"root_phase","root 0→1; renormalize −1","1","Saturn",true,true,"office_junction",,,,,,,"Universal boundary-family audit; relation generated from established office-bearing satellite"
"boundary-contact:office_junction:699:827:0","JUNCTION_CONTACT","scale:699","scale:827","699","827",true,false,"UNIVERSAL","boundary","A2","Jupiter","0",,"2",,"single_degree","7→8","6","Mercury",true,true,"office_junction",,,,,,,"Universal boundary-family audit; relation generated from established office-bearing satellite"
"boundary-contact:office_junction:859:827:0","JUNCTION_CONTACT","scale:859","scale:827","859","827",true,false,"UNIVERSAL","boundary","A0","Mars","0",,"2",,"single_degree","6→5","5","Venus",true,true,"office_junction",,,,,,,"Universal boundary-family audit; relation generated from established office-bearing satellite"
"boundary-contact:office_junction:1339:827:0","JUNCTION_CONTACT","scale:1339","scale:827","1339","827",true,false,"UNIVERSAL","boundary","A1","Sun","0",,"2",,"single_degree","10→9","7","Moon",true,true,"office_junction",,,,,,,"Universal boundary-family audit; relation generated from established office-bearing satellite"
"boundary-contact:office_junction:1653:827:1","JUNCTION_CONTACT","scale:1653","scale:827","1653","827",true,false,"UNIVERSAL","boundary","A0","Mars","1",,"2",,"root_phase","root 0→1; renormalize −1","1","Saturn",true,true,"office_junction",,,,,,,"Universal boundary-family audit; relation generated from established office-bearing satellite"
"boundary-contact:oriented_convergence:415:829:-1","CONVERGENCE_CONTACT","scale:415","scale:829","415","829",true,false,"UNIVERSAL","boundary","D5","Saturn","-1",,"2",,"root_phase","root 0→11; renormalize +1","1","Saturn",true,true,"oriented_convergence",,,,,,,"Universal boundary-family audit; relation generated from established office-bearing satellite"
"boundary-contact:oriented_convergence:861:829:0","CONVERGENCE_CONTACT","scale:861","scale:829","861","829",true,false,"UNIVERSAL","boundary","A2","Saturn","0",,"2",,"single_degree","6→5","5","Venus",true,true,"oriented_convergence",,,,,,,"Universal boundary-family audit; relation generated from established office-bearing satellite"
"boundary-contact:oriented_convergence:1341:829:0","CONVERGENCE_CONTACT","scale:1341","scale:829","1341","829",true,false,"UNIVERSAL","boundary","A2","Saturn","0",,"2",,"single_degree","10→9","7","Moon",true,true,"oriented_convergence",,,,,,,"Universal boundary-family audit; relation generated from established office-bearing satellite"
"boundary-contact:office_junction:855:847:0","JUNCTION_CONTACT","scale:855","scale:847","855","847",true,false,"UNIVERSAL","boundary","A0","Mercury","0",,"2",,"single_degree","4→3","4","Sun",true,true,"office_junction",,,,,,,"Universal boundary-family audit; relation generated from established office-bearing satellite"
"boundary-contact:office_junction:911:847:0","JUNCTION_CONTACT","scale:911","scale:847","911","847",true,false,"UNIVERSAL","boundary","D2","Mercury","0",,"2",,"single_degree","7→6","5","Venus",true,true,"office_junction",,,,,,,"Universal boundary-family audit; relation generated from established office-bearing satellite"
"boundary-contact:office_junction:1359:847:0","JUNCTION_CONTACT","scale:1359","scale:847","1359","847",true,false,"UNIVERSAL","boundary","A2","Moon","0",,"2",,"single_degree","10→9","7","Moon",true,true,"office_junction",,,,,,,"Universal boundary-family audit; relation generated from established office-bearing satellite"
"boundary-contact:office_junction:1693:847:1","JUNCTION_CONTACT","scale:1693","scale:847","1693","847",true,false,"UNIVERSAL","boundary","A0","Mercury","1",,"2",,"root_phase","root 0→1; renormalize −1","1","Saturn",true,true,"office_junction",,,,,,,"Universal boundary-family audit; relation generated from established office-bearing satellite"
"boundary-contact:office_junction:875:883:0","JUNCTION_CONTACT","scale:875","scale:883","875","883",true,false,"UNIVERSAL","boundary","A0","Saturn","0",,"2",,"single_degree","3→4","3","Mars",true,true,"office_junction",,,,,,,"Universal boundary-family audit; relation generated from established office-bearing satellite"
"boundary-contact:office_junction:885:883:0","JUNCTION_CONTACT","scale:885","scale:883","885","883",true,false,"UNIVERSAL","boundary","A2","Jupiter","0",,"2",,"single_degree","2→1","2","Jupiter",true,true,"office_junction",,,,,,,"Universal boundary-family audit; relation generated from established office-bearing satellite"
"boundary-contact:office_junction:1395:883:0","JUNCTION_CONTACT","scale:1395","scale:883","1395","883",true,false,"UNIVERSAL","boundary","A0","Saturn","0",,"2",,"single_degree","10→9","7","Moon",true,true,"office_junction",,,,,,,"Universal boundary-family audit; relation generated from established office-bearing satellite"
"boundary-contact:office_junction:1765:883:1","JUNCTION_CONTACT","scale:1765","scale:883","1765","883",true,false,"UNIVERSAL","boundary","A1","Moon","1",,"2",,"root_phase","root 0→1; renormalize −1","1","Saturn",true,true,"office_junction",,,,,,,"Universal boundary-family audit; relation generated from established office-bearing satellite"
"boundary-contact:office_junction:939:947:0","JUNCTION_CONTACT","scale:939","scale:947","939","947",true,false,"UNIVERSAL","boundary","A0","Venus","0",,"2",,"single_degree","3→4","3","Mars",true,true,"office_junction",,,,,,,"Universal boundary-family audit; relation generated from established office-bearing satellite"
"boundary-contact:office_junction:949:947:0","JUNCTION_CONTACT","scale:949","scale:947","949","947",true,false,"UNIVERSAL","boundary","A1","Mercury","0",,"2",,"single_degree","2→1","2","Jupiter",true,true,"office_junction",,,,,,,"Universal boundary-family audit; relation generated from established office-bearing satellite"
"boundary-contact:office_junction:1459:947:0","JUNCTION_CONTACT","scale:1459","scale:947","1459","947",true,false,"UNIVERSAL","boundary","A0","Venus","0",,"2",,"single_degree","10→9","7","Moon",true,true,"office_junction",,,,,,,"Universal boundary-family audit; relation generated from established office-bearing satellite"
"boundary-contact:office_junction:1893:947:1","JUNCTION_CONTACT","scale:1893","scale:947","1893","947",true,false,"UNIVERSAL","boundary","A2","Sun","1",,"2",,"root_phase","root 0→1; renormalize −1","1","Saturn",true,true,"office_junction",,,,,,,"Universal boundary-family audit; relation generated from established office-bearing satellite"
"boundary-contact:office_junction:939:971:0","JUNCTION_CONTACT","scale:939","scale:971","939","971",true,false,"UNIVERSAL","boundary","A0","Venus","0",,"2",,"single_degree","5→6","4","Sun",true,true,"office_junction",,,,,,,"Universal boundary-family audit; relation generated from established office-bearing satellite"
"boundary-contact:office_junction:967:971:0","JUNCTION_CONTACT","scale:967","scale:971","967","971",true,false,"UNIVERSAL","boundary","D2","Venus","0",,"2",,"single_degree","2→3","3","Mars",true,true,"office_junction",,,,,,,"Universal boundary-family audit; relation generated from established office-bearing satellite"
"boundary-contact:office_junction:1483:971:0","JUNCTION_CONTACT","scale:1483","scale:971","1483","971",true,false,"UNIVERSAL","boundary","A0","Venus","0",,"2",,"single_degree","10→9","7","Moon",true,true,"office_junction",,,,,,,"Universal boundary-family audit; relation generated from established office-bearing satellite"
"boundary-contact:office_junction:1941:971:1","JUNCTION_CONTACT","scale:1941","scale:971","1941","971",true,false,"UNIVERSAL","boundary","A2","Sun","1",,"2",,"root_phase","root 0→1; renormalize −1","1","Saturn",true,true,"office_junction",,,,,,,"Universal boundary-family audit; relation generated from established office-bearing satellite"
"boundary-contact:office_junction:487:973:-1","JUNCTION_CONTACT","scale:487","scale:973","487","973",true,false,"UNIVERSAL","boundary","D2","Jupiter","-1",,"2",,"root_phase","root 0→11; renormalize +1","1","Saturn",true,true,"office_junction",,,,,,,"Universal boundary-family audit; relation generated from established office-bearing satellite"
"boundary-contact:office_junction:941:973:0","JUNCTION_CONTACT","scale:941","scale:973","941","973",true,false,"UNIVERSAL","boundary","A0","Jupiter","0",,"2",,"single_degree","5→6","4","Sun",true,true,"office_junction",,,,,,,"Universal boundary-family audit; relation generated from established office-bearing satellite"
"boundary-contact:office_junction:981:973:0","JUNCTION_CONTACT","scale:981","scale:973","981","973",true,false,"UNIVERSAL","boundary","A2","Mars","0",,"2",,"single_degree","4→3","3","Mars",true,true,"office_junction",,,,,,,"Universal boundary-family audit; relation generated from established office-bearing satellite"
"boundary-contact:office_junction:1485:973:0","JUNCTION_CONTACT","scale:1485","scale:973","1485","973",true,false,"UNIVERSAL","boundary","A0","Jupiter","0",,"2",,"single_degree","10→9","7","Moon",true,true,"office_junction",,,,,,,"Universal boundary-family audit; relation generated from established office-bearing satellite"
"boundary-contact:oriented_convergence:981:979:0","CONVERGENCE_CONTACT","scale:981","scale:979","981","979",true,false,"UNIVERSAL","boundary","A2","Mars","0",,"2",,"single_degree","2→1","2","Jupiter",true,true,"oriented_convergence",,,,,,,"Universal boundary-family audit; relation generated from established office-bearing satellite"
"boundary-contact:oriented_convergence:995:979:0","CONVERGENCE_CONTACT","scale:995","scale:979","995","979",true,false,"UNIVERSAL","boundary","D5","Mars","0",,"2",,"single_degree","5→4","3","Mars",true,true,"oriented_convergence",,,,,,,"Universal boundary-family audit; relation generated from established office-bearing satellite"
"boundary-contact:oriented_convergence:1491:979:0","CONVERGENCE_CONTACT","scale:1491","scale:979","1491","979",true,false,"UNIVERSAL","boundary","A2","Mars","0",,"2",,"single_degree","10→9","7","Moon",true,true,"oriented_convergence",,,,,,,"Universal boundary-family audit; relation generated from established office-bearing satellite"
"boundary-contact:oriented_convergence:1001:1009:0","CONVERGENCE_CONTACT","scale:1001","scale:1009","1001","1009",true,false,"UNIVERSAL","boundary","D5","Mars","0",,"2",,"single_degree","3→4","2","Jupiter",true,true,"oriented_convergence",,,,,,,"Universal boundary-family audit; relation generated from established office-bearing satellite"
"boundary-contact:oriented_convergence:2017:1009:1","CONVERGENCE_CONTACT","scale:2017","scale:1009","2017","1009",true,false,"UNIVERSAL","boundary","D6","Mars","1",,"2",,"root_phase","root 0→1; renormalize −1","1","Saturn",true,true,"oriented_convergence",,,,,,,"Universal boundary-family audit; relation generated from established office-bearing satellite"
"boundary-contact:oriented_convergence:635:1147:0","CONVERGENCE_CONTACT","scale:635","scale:1147","635","1147",true,false,"UNIVERSAL","boundary","D4","Venus","0",,"2",,"single_degree","9→10","7","Moon",true,true,"oriented_convergence",,,,,,,"Universal boundary-family audit; relation generated from established office-bearing satellite"
"boundary-contact:oriented_convergence:1143:1147:0","CONVERGENCE_CONTACT","scale:1143","scale:1147","1143","1147",true,false,"UNIVERSAL","boundary","D4","Venus","0",,"2",,"single_degree","2→3","3","Mars",true,true,"oriented_convergence",,,,,,,"Universal boundary-family audit; relation generated from established office-bearing satellite"
"boundary-contact:oriented_convergence:637:1149:0","CONVERGENCE_CONTACT","scale:637","scale:1149","637","1149",true,false,"UNIVERSAL","boundary","D5","Jupiter","0",,"2",,"single_degree","9→10","7","Moon",true,true,"oriented_convergence",,,,,,,"Universal boundary-family audit; relation generated from established office-bearing satellite"
"boundary-contact:oriented_convergence:2297:1149:1","CONVERGENCE_CONTACT","scale:2297","scale:1149","2297","1149",true,false,"UNIVERSAL","boundary","D5","Jupiter","1",,"2",,"root_phase","root 0→1; renormalize −1","1","Saturn",true,true,"oriented_convergence",,,,,,,"Universal boundary-family audit; relation generated from established office-bearing satellite"
"boundary-contact:oriented_convergence:687:1199:0","CONVERGENCE_CONTACT","scale:687","scale:1199","687","1199",true,false,"UNIVERSAL","boundary","A2","Saturn","0",,"2",,"single_degree","9→10","7","Moon",true,true,"oriented_convergence",,,,,,,"Universal boundary-family audit; relation generated from established office-bearing satellite"
"boundary-contact:oriented_convergence:1135:1199:0","CONVERGENCE_CONTACT","scale:1135","scale:1199","1135","1199",true,false,"UNIVERSAL","boundary","D3","Saturn","0",,"2",,"single_degree","6→7","6","Mercury",true,true,"oriented_convergence",,,,,,,"Universal boundary-family audit; relation generated from established office-bearing satellite"
"boundary-contact:oriented_convergence:1183:1199:0","CONVERGENCE_CONTACT","scale:1183","scale:1199","1183","1199",true,false,"UNIVERSAL","boundary","D5","Saturn","0",,"2",,"single_degree","4→5","5","Venus",true,true,"oriented_convergence",,,,,,,"Universal boundary-family audit; relation generated from established office-bearing satellite"
"boundary-contact:oriented_convergence:2397:1199:1","CONVERGENCE_CONTACT","scale:2397","scale:1199","2397","1199",true,false,"UNIVERSAL","boundary","A2","Saturn","1",,"2",,"root_phase","root 0→1; renormalize −1","1","Saturn",true,true,"oriented_convergence",,,,,,,"Universal boundary-family audit; relation generated from established office-bearing satellite"
"boundary-contact:office_junction:695:1207:0","JUNCTION_CONTACT","scale:695","scale:1207","695","1207",true,false,"UNIVERSAL","boundary","A1","Venus","0",,"2",,"single_degree","9→10","7","Moon",true,true,"office_junction",,,,,,,"Universal boundary-family audit; relation generated from established office-bearing satellite"
"boundary-contact:office_junction:1143:1207:0","JUNCTION_CONTACT","scale:1143","scale:1207","1143","1207",true,false,"UNIVERSAL","boundary","D4","Venus","0",,"2",,"single_degree","6→7","6","Mercury",true,true,"office_junction",,,,,,,"Universal boundary-family audit; relation generated from established office-bearing satellite"
"boundary-contact:office_junction:1239:1207:0","JUNCTION_CONTACT","scale:1239","scale:1207","1239","1207",true,false,"UNIVERSAL","boundary","A2","Moon","0",,"2",,"single_degree","6→5","5","Venus",true,true,"office_junction",,,,,,,"Universal boundary-family audit; relation generated from established office-bearing satellite"
"boundary-contact:office_junction:1335:1207:0","JUNCTION_CONTACT","scale:1335","scale:1207","1335","1207",true,false,"UNIVERSAL","boundary","A2","Moon","0",,"2",,"single_degree","8→7","6","Mercury",true,true,"office_junction",,,,,,,"Universal boundary-family audit; relation generated from established office-bearing satellite"
"boundary-contact:office_junction:2413:1207:1","JUNCTION_CONTACT","scale:2413","scale:1207","2413","1207",true,false,"UNIVERSAL","boundary","A1","Venus","1",,"2",,"root_phase","root 0→1; renormalize −1","1","Saturn",true,true,"office_junction",,,,,,,"Universal boundary-family audit; relation generated from established office-bearing satellite"
"boundary-contact:office_junction:699:1211:0","JUNCTION_CONTACT","scale:699","scale:1211","699","1211",true,false,"UNIVERSAL","boundary","A2","Jupiter","0",,"2",,"single_degree","9→10","7","Moon",true,true,"office_junction",,,,,,,"Universal boundary-family audit; relation generated from established office-bearing satellite"
"boundary-contact:office_junction:1243:1211:0","JUNCTION_CONTACT","scale:1243","scale:1211","1243","1211",true,false,"UNIVERSAL","boundary","A1","Sun","0",,"2",,"single_degree","6→5","5","Venus",true,true,"office_junction",,,,,,,"Universal boundary-family audit; relation generated from established office-bearing satellite"
"boundary-contact:office_junction:1339:1211:0","JUNCTION_CONTACT","scale:1339","scale:1211","1339","1211",true,false,"UNIVERSAL","boundary","A1","Sun","0",,"2",,"single_degree","8→7","6","Mercury",true,true,"office_junction",,,,,,,"Universal boundary-family audit; relation generated from established office-bearing satellite"
"boundary-contact:office_junction:2235:1211:0","JUNCTION_CONTACT","scale:2235","scale:1211","2235","1211",true,false,"UNIVERSAL","boundary","D4","Sun","0",,"2",,"single_degree","11→10","7","Moon",true,true,"office_junction",,,,,,,"Universal boundary-family audit; relation generated from established office-bearing satellite"
"boundary-contact:office_junction:2421:1211:1","JUNCTION_CONTACT","scale:2421","scale:1211","2421","1211",true,false,"UNIVERSAL","boundary","A2","Jupiter","1",,"2",,"root_phase","root 0→1; renormalize −1","1","Saturn",true,true,"office_junction",,,,,,,"Universal boundary-family audit; relation generated from established office-bearing satellite"
"boundary-contact:oriented_convergence:607:1213:-1","CONVERGENCE_CONTACT","scale:607","scale:1213","607","1213",true,false,"UNIVERSAL","boundary","D5","Saturn","-1",,"2",,"root_phase","root 0→11; renormalize +1","1","Saturn",true,true,"oriented_convergence",,,,,,,"Universal boundary-family audit; relation generated from established office-bearing satellite"
"boundary-contact:oriented_convergence:1245:1213:0","CONVERGENCE_CONTACT","scale:1245","scale:1213","1245","1213",true,false,"UNIVERSAL","boundary","A2","Saturn","0",,"2",,"single_degree","6→5","5","Venus",true,true,"oriented_convergence",,,,,,,"Universal boundary-family audit; relation generated from established office-bearing satellite"
"boundary-contact:oriented_convergence:1341:1213:0","CONVERGENCE_CONTACT","scale:1341","scale:1213","1341","1213",true,false,"UNIVERSAL","boundary","A2","Saturn","0",,"2",,"single_degree","8→7","6","Mercury",true,true,"oriented_convergence",,,,,,,"Universal boundary-family audit; relation generated from established office-bearing satellite"
"boundary-contact:oriented_convergence:2237:1213:0","CONVERGENCE_CONTACT","scale:2237","scale:1213","2237","1213",true,false,"UNIVERSAL","boundary","D3","Saturn","0",,"2",,"single_degree","11→10","7","Moon",true,true,"oriented_convergence",,,,,,,"Universal boundary-family audit; relation generated from established office-bearing satellite"
"boundary-contact:oriented_convergence:1239:1231:0","CONVERGENCE_CONTACT","scale:1239","scale:1231","1239","1231",true,false,"UNIVERSAL","boundary","A2","Moon","0",,"2",,"single_degree","4→3","4","Sun",true,true,"oriented_convergence",,,,,,,"Universal boundary-family audit; relation generated from established office-bearing satellite"
"boundary-contact:oriented_convergence:1359:1231:0","CONVERGENCE_CONTACT","scale:1359","scale:1231","1359","1231",true,false,"UNIVERSAL","boundary","A2","Moon","0",,"2",,"single_degree","8→7","6","Mercury",true,true,"oriented_convergence",,,,,,,"Universal boundary-family audit; relation generated from established office-bearing satellite"
"boundary-contact:oriented_convergence:2255:1231:0","CONVERGENCE_CONTACT","scale:2255","scale:1231","2255","1231",true,false,"UNIVERSAL","boundary","D5","Moon","0",,"2",,"single_degree","11→10","7","Moon",true,true,"oriented_convergence",,,,,,,"Universal boundary-family audit; relation generated from established office-bearing satellite"
"boundary-contact:office_junction:1259:1267:0","JUNCTION_CONTACT","scale:1259","scale:1267","1259","1267",true,false,"UNIVERSAL","boundary","A0","Saturn","0",,"2",,"single_degree","3→4","3","Mars",true,true,"office_junction",,,,,,,"Universal boundary-family audit; relation generated from established office-bearing satellite"
"boundary-contact:office_junction:1269:1267:0","JUNCTION_CONTACT","scale:1269","scale:1267","1269","1267",true,false,"UNIVERSAL","boundary","A2","Jupiter","0",,"2",,"single_degree","2→1","2","Jupiter",true,true,"office_junction",,,,,,,"Universal boundary-family audit; relation generated from established office-bearing satellite"
"boundary-contact:office_junction:1395:1267:0","JUNCTION_CONTACT","scale:1395","scale:1267","1395","1267",true,false,"UNIVERSAL","boundary","A0","Saturn","0",,"2",,"single_degree","8→7","6","Mercury",true,true,"office_junction",,,,,,,"Universal boundary-family audit; relation generated from established office-bearing satellite"
"boundary-contact:office_junction:2291:1267:0","JUNCTION_CONTACT","scale:2291","scale:1267","2291","1267",true,false,"UNIVERSAL","boundary","D2","Saturn","0",,"2",,"single_degree","11→10","7","Moon",true,true,"office_junction",,,,,,,"Universal boundary-family audit; relation generated from established office-bearing satellite"
"boundary-contact:oriented_convergence:799:1311:0","CONVERGENCE_CONTACT","scale:799","scale:1311","799","1311",true,false,"UNIVERSAL","boundary","D5","Saturn","0",,"2",,"single_degree","9→10","7","Moon",true,true,"oriented_convergence",,,,,,,"Universal boundary-family audit; relation generated from established office-bearing satellite"
"boundary-contact:oriented_convergence:1183:1311:0","CONVERGENCE_CONTACT","scale:1183","scale:1311","1183","1311",true,false,"UNIVERSAL","boundary","D5","Saturn","0",,"2",,"single_degree","7→8","6","Mercury",true,true,"oriented_convergence",,,,,,,"Universal boundary-family audit; relation generated from established office-bearing satellite"
"boundary-contact:oriented_convergence:1335:1327:0","CONVERGENCE_CONTACT","scale:1335","scale:1327","1335","1327",true,false,"UNIVERSAL","boundary","A2","Moon","0",,"2",,"single_degree","4→3","4","Sun",true,true,"oriented_convergence",,,,,,,"Universal boundary-family audit; relation generated from established office-bearing satellite"
"boundary-contact:oriented_convergence:1359:1327:0","CONVERGENCE_CONTACT","scale:1359","scale:1327","1359","1327",true,false,"UNIVERSAL","boundary","A2","Moon","0",,"2",,"single_degree","6→5","5","Venus",true,true,"oriented_convergence",,,,,,,"Universal boundary-family audit; relation generated from established office-bearing satellite"
"boundary-contact:oriented_convergence:1583:1327:0","CONVERGENCE_CONTACT","scale:1583","scale:1327","1583","1327",true,false,"UNIVERSAL","boundary","D3","Moon","0",,"2",,"single_degree","9→8","6","Mercury",true,true,"oriented_convergence",,,,,,,"Universal boundary-family audit; relation generated from established office-bearing satellite"
"boundary-contact:oriented_convergence:2351:1327:0","CONVERGENCE_CONTACT","scale:2351","scale:1327","2351","1327",true,false,"UNIVERSAL","boundary","D5","Moon","0",,"2",,"single_degree","11→10","7","Moon",true,true,"oriented_convergence",,,,,,,"Universal boundary-family audit; relation generated from established office-bearing satellite"
"boundary-contact:office_junction:911:1423:0","JUNCTION_CONTACT","scale:911","scale:1423","911","1423",true,false,"UNIVERSAL","boundary","D2","Mercury","0",,"2",,"single_degree","9→10","7","Moon",true,true,"office_junction",,,,,,,"Universal boundary-family audit; relation generated from established office-bearing satellite"
"boundary-contact:office_junction:1359:1423:0","JUNCTION_CONTACT","scale:1359","scale:1423","1359","1423",true,false,"UNIVERSAL","boundary","A2","Moon","0",,"2",,"single_degree","6→7","5","Venus",true,true,"office_junction",,,,,,,"Universal boundary-family audit; relation generated from established office-bearing satellite"
"boundary-contact:office_junction:1431:1423:0","JUNCTION_CONTACT","scale:1431","scale:1423","1431","1423",true,false,"UNIVERSAL","boundary","A2","Moon","0",,"2",,"single_degree","4→3","4","Sun",true,true,"office_junction",,,,,,,"Universal boundary-family audit; relation generated from established office-bearing satellite"
"boundary-contact:office_junction:2447:1423:0","JUNCTION_CONTACT","scale:2447","scale:1423","2447","1423",true,false,"UNIVERSAL","boundary","D5","Moon","0",,"2",,"single_degree","11→10","7","Moon",true,true,"office_junction",,,,,,,"Universal boundary-family audit; relation generated from established office-bearing satellite"
"boundary-contact:office_junction:2845:1423:1","JUNCTION_CONTACT","scale:2845","scale:1423","2845","1423",true,false,"UNIVERSAL","boundary","D2","Mercury","1",,"2",,"root_phase","root 0→1; renormalize −1","1","Saturn",true,true,"office_junction",,,,,,,"Universal boundary-family audit; relation generated from established office-bearing satellite"
"boundary-contact:office_junction:995:1507:0","JUNCTION_CONTACT","scale:995","scale:1507","995","1507",true,false,"UNIVERSAL","boundary","D5","Mars","0",,"2",,"single_degree","9→10","7","Moon",true,true,"office_junction",,,,,,,"Universal boundary-family audit; relation generated from established office-bearing satellite"
"boundary-contact:office_junction:1491:1507:0","JUNCTION_CONTACT","scale:1491","scale:1507","1491","1507",true,false,"UNIVERSAL","boundary","A2","Mars","0",,"2",,"single_degree","4→5","3","Mars",true,true,"office_junction",,,,,,,"Universal boundary-family audit; relation generated from established office-bearing satellite"
"boundary-contact:office_junction:1509:1507:0","JUNCTION_CONTACT","scale:1509","scale:1507","1509","1507",true,false,"UNIVERSAL","boundary","A2","Mars","0",,"2",,"single_degree","2→1","2","Jupiter",true,true,"office_junction",,,,,,,"Universal boundary-family audit; relation generated from established office-bearing satellite"
"boundary-contact:office_junction:1763:1507:0","JUNCTION_CONTACT","scale:1763","scale:1507","1763","1507",true,false,"UNIVERSAL","boundary","D2","Sun","0",,"2",,"single_degree","9→8","6","Mercury",true,true,"office_junction",,,,,,,"Universal boundary-family audit; relation generated from established office-bearing satellite"
"boundary-contact:office_junction:2531:1507:0","JUNCTION_CONTACT","scale:2531","scale:1507","2531","1507",true,false,"UNIVERSAL","boundary","D2","Sun","0",,"2",,"single_degree","11→10","7","Moon",true,true,"office_junction",,,,,,,"Universal boundary-family audit; relation generated from established office-bearing satellite"
"boundary-contact:oriented_convergence:1001:1513:0","CONVERGENCE_CONTACT","scale:1001","scale:1513","1001","1513",true,false,"UNIVERSAL","boundary","D5","Mars","0",,"2",,"single_degree","9→10","7","Moon",true,true,"oriented_convergence",,,,,,,"Universal boundary-family audit; relation generated from established office-bearing satellite"
"boundary-contact:oriented_convergence:1497:1513:0","CONVERGENCE_CONTACT","scale:1497","scale:1513","1497","1513",true,false,"UNIVERSAL","boundary","A2","Mars","0",,"2",,"single_degree","4→5","3","Mars",true,true,"oriented_convergence",,,,,,,"Universal boundary-family audit; relation generated from established office-bearing satellite"
"boundary-contact:oriented_convergence:1509:1513:0","CONVERGENCE_CONTACT","scale:1509","scale:1513","1509","1513",true,false,"UNIVERSAL","boundary","A2","Mars","0",,"2",,"single_degree","2→3","2","Jupiter",true,true,"oriented_convergence",,,,,,,"Universal boundary-family audit; relation generated from established office-bearing satellite"
"boundary-contact:oriented_convergence:3025:1513:1","CONVERGENCE_CONTACT","scale:3025","scale:1513","3025","1513",true,false,"UNIVERSAL","boundary","D3","Mars","1",,"2",,"root_phase","root 0→1; renormalize −1","1","Saturn",true,true,"oriented_convergence",,,,,,,"Universal boundary-family audit; relation generated from established office-bearing satellite"
"boundary-contact:oriented_convergence:761:1521:-1","CONVERGENCE_CONTACT","scale:761","scale:1521","761","1521",true,false,"UNIVERSAL","boundary","D5","Jupiter","-1",,"2",,"root_phase","root 0→11; renormalize +1","1","Saturn",true,true,"oriented_convergence",,,,,,,"Universal boundary-family audit; relation generated from established office-bearing satellite"
"boundary-contact:oriented_convergence:2545:1521:0","CONVERGENCE_CONTACT","scale:2545","scale:1521","2545","1521",true,false,"UNIVERSAL","boundary","D5","Jupiter","0",,"2",,"single_degree","11→10","7","Moon",true,true,"oriented_convergence",,,,,,,"Universal boundary-family audit; relation generated from established office-bearing satellite"
"boundary-contact:oriented_convergence:1583:1567:0","CONVERGENCE_CONTACT","scale:1583","scale:1567","1583","1567",true,false,"UNIVERSAL","boundary","D3","Moon","0",,"2",,"single_degree","5→4","5","Venus",true,true,"oriented_convergence",,,,,,,"Universal boundary-family audit; relation generated from established office-bearing satellite"
"boundary-contact:oriented_convergence:2591:1567:0","CONVERGENCE_CONTACT","scale:2591","scale:1567","2591","1567",true,false,"UNIVERSAL","boundary","D6","Moon","0",,"2",,"single_degree","11→10","7","Moon",true,true,"oriented_convergence",,,,,,,"Universal boundary-family audit; relation generated from established office-bearing satellite"
"boundary-contact:office_junction:799:1597:-1","JUNCTION_CONTACT","scale:799","scale:1597","799","1597",true,false,"UNIVERSAL","boundary","D5","Saturn","-1",,"2",,"root_phase","root 0→11; renormalize +1","1","Saturn",true,true,"office_junction",,,,,,,"Universal boundary-family audit; relation generated from established office-bearing satellite"
"boundary-contact:office_junction:1341:1597:0","JUNCTION_CONTACT","scale:1341","scale:1597","1341","1597",true,false,"UNIVERSAL","boundary","A2","Saturn","0",,"2",,"single_degree","8→9","6","Mercury",true,true,"office_junction",,,,,,,"Universal boundary-family audit; relation generated from established office-bearing satellite"
"boundary-contact:office_junction:1595:1597:0","JUNCTION_CONTACT","scale:1595","scale:1597","1595","1597",true,false,"UNIVERSAL","boundary","D2","Moon","0",,"2",,"single_degree","1→2","2","Jupiter",true,true,"office_junction",,,,,,,"Universal boundary-family audit; relation generated from established office-bearing satellite"
"boundary-contact:office_junction:1629:1597:0","JUNCTION_CONTACT","scale:1629","scale:1597","1629","1597",true,false,"UNIVERSAL","boundary","A2","Saturn","0",,"2",,"single_degree","6→5","5","Venus",true,true,"office_junction",,,,,,,"Universal boundary-family audit; relation generated from established office-bearing satellite"
"boundary-contact:office_junction:3193:1597:1","JUNCTION_CONTACT","scale:3193","scale:1597","3193","1597",true,false,"UNIVERSAL","boundary","D2","Moon","1",,"2",,"root_phase","root 0→1; renormalize −1","1","Saturn",true,true,"office_junction",,,,,,,"Universal boundary-family audit; relation generated from established office-bearing satellite"
"boundary-contact:office_junction:1383:1639:0","JUNCTION_CONTACT","scale:1383","scale:1639","1383","1639",true,false,"UNIVERSAL","boundary","A0","Saturn","0",,"2",,"single_degree","8→9","6","Mercury",true,true,"office_junction",,,,,,,"Universal boundary-family audit; relation generated from established office-bearing satellite"
"boundary-contact:office_junction:1623:1639:0","JUNCTION_CONTACT","scale:1623","scale:1639","1623","1639",true,false,"UNIVERSAL","boundary","A2","Moon","0",,"2",,"single_degree","4→5","4","Sun",true,true,"office_junction",,,,,,,"Universal boundary-family audit; relation generated from established office-bearing satellite"
"boundary-contact:office_junction:1643:1639:0","JUNCTION_CONTACT","scale:1643","scale:1639","1643","1639",true,false,"UNIVERSAL","boundary","A0","Saturn","0",,"2",,"single_degree","3→2","3","Mars",true,true,"office_junction",,,,,,,"Universal boundary-family audit; relation generated from established office-bearing satellite"
"boundary-contact:office_junction:1703:1639:0","JUNCTION_CONTACT","scale:1703","scale:1639","1703","1639",true,false,"UNIVERSAL","boundary","A1","Jupiter","0",,"2",,"single_degree","7→6","5","Venus",true,true,"office_junction",,,,,,,"Universal boundary-family audit; relation generated from established office-bearing satellite"
"boundary-contact:office_junction:1401:1657:0","JUNCTION_CONTACT","scale:1401","scale:1657","1401","1657",true,false,"UNIVERSAL","boundary","A2","Jupiter","0",,"2",,"single_degree","8→9","6","Mercury",true,true,"office_junction",,,,,,,"Universal boundary-family audit; relation generated from established office-bearing satellite"
"boundary-contact:office_junction:1653:1657:0","JUNCTION_CONTACT","scale:1653","scale:1657","1653","1657",true,false,"UNIVERSAL","boundary","A0","Mars","0",,"2",,"single_degree","2→3","2","Jupiter",true,true,"office_junction",,,,,,,"Universal boundary-family audit; relation generated from established office-bearing satellite"
"boundary-contact:office_junction:1721:1657:0","JUNCTION_CONTACT","scale:1721","scale:1657","1721","1657",true,false,"UNIVERSAL","boundary","A0","Mars","0",,"2",,"single_degree","7→6","5","Venus",true,true,"office_junction",,,,,,,"Universal boundary-family audit; relation generated from established office-bearing satellite"
"boundary-contact:office_junction:3313:1657:1","JUNCTION_CONTACT","scale:3313","scale:1657","3313","1657",true,false,"UNIVERSAL","boundary","D2","Mars","1",,"2",,"root_phase","root 0→1; renormalize −1","1","Saturn",true,true,"office_junction",,,,,,,"Universal boundary-family audit; relation generated from established office-bearing satellite"
"boundary-contact:oriented_convergence:1615:1679:0","CONVERGENCE_CONTACT","scale:1615","scale:1679","1615","1679",true,false,"UNIVERSAL","boundary","D4","Mars","0",,"2",,"single_degree","6→7","5","Venus",true,true,"oriented_convergence",,,,,,,"Universal boundary-family audit; relation generated from established office-bearing satellite"
"boundary-contact:oriented_convergence:3357:1679:1","CONVERGENCE_CONTACT","scale:3357","scale:1679","3357","1679",true,false,"UNIVERSAL","boundary","D4","Mars","1",,"2",,"root_phase","root 0→1; renormalize −1","1","Saturn",true,true,"oriented_convergence",,,,,,,"Universal boundary-family audit; relation generated from established office-bearing satellite"
"boundary-contact:office_junction:1431:1687:0","JUNCTION_CONTACT","scale:1431","scale:1687","1431","1687",true,false,"UNIVERSAL","boundary","A2","Moon","0",,"2",,"single_degree","8→9","6","Mercury",true,true,"office_junction",,,,,,,"Universal boundary-family audit; relation generated from established office-bearing satellite"
"boundary-contact:office_junction:1623:1687:0","JUNCTION_CONTACT","scale:1623","scale:1687","1623","1687",true,false,"UNIVERSAL","boundary","A2","Moon","0",,"2",,"single_degree","6→7","5","Venus",true,true,"office_junction",,,,,,,"Universal boundary-family audit; relation generated from established office-bearing satellite"
"boundary-contact:office_junction:1691:1687:0","JUNCTION_CONTACT","scale:1691","scale:1687","1691","1687",true,false,"UNIVERSAL","boundary","A1","Jupiter","0",,"2",,"single_degree","3→2","3","Mars",true,true,"office_junction",,,,,,,"Universal boundary-family audit; relation generated from established office-bearing satellite"
"boundary-contact:office_junction:1703:1687:0","JUNCTION_CONTACT","scale:1703","scale:1687","1703","1687",true,false,"UNIVERSAL","boundary","A1","Jupiter","0",,"2",,"single_degree","5→4","4","Sun",true,true,"office_junction",,,,,,,"Universal boundary-family audit; relation generated from established office-bearing satellite"
"boundary-contact:office_junction:1815:1687:0","JUNCTION_CONTACT","scale:1815","scale:1687","1815","1687",true,false,"UNIVERSAL","boundary","D4","Jupiter","0",,"2",,"single_degree","8→7","5","Venus",true,true,"office_junction",,,,,,,"Universal boundary-family audit; relation generated from established office-bearing satellite"
"boundary-contact:office_junction:885:1769:-1","JUNCTION_CONTACT","scale:885","scale:1769","885","1769",true,false,"UNIVERSAL","boundary","A2","Jupiter","-1",,"2",,"root_phase","root 0→11; renormalize +1","1","Saturn",true,true,"office_junction",,,,,,,"Universal boundary-family audit; relation generated from established office-bearing satellite"
"boundary-contact:office_junction:1753:1769:0","JUNCTION_CONTACT","scale:1753","scale:1769","1753","1769",true,false,"UNIVERSAL","boundary","A1","Moon","0",,"2",,"single_degree","4→5","3","Mars",true,true,"office_junction",,,,,,,"Universal boundary-family audit; relation generated from established office-bearing satellite"
"boundary-contact:office_junction:1765:1769:0","JUNCTION_CONTACT","scale:1765","scale:1769","1765","1769",true,false,"UNIVERSAL","boundary","A1","Moon","0",,"2",,"single_degree","2→3","2","Jupiter",true,true,"office_junction",,,,,,,"Universal boundary-family audit; relation generated from established office-bearing satellite"
"boundary-contact:office_junction:2793:1769:0","JUNCTION_CONTACT","scale:2793","scale:1769","2793","1769",true,false,"UNIVERSAL","boundary","A2","Jupiter","0",,"2",,"single_degree","11→10","7","Moon",true,true,"office_junction",,,,,,,"Universal boundary-family audit; relation generated from established office-bearing satellite"
"boundary-contact:office_junction:3537:1769:1","JUNCTION_CONTACT","scale:3537","scale:1769","3537","1769",true,false,"UNIVERSAL","boundary","D4","Moon","1",,"2",,"root_phase","root 0→1; renormalize −1","1","Saturn",true,true,"office_junction",,,,,,,"Universal boundary-family audit; relation generated from established office-bearing satellite"
"boundary-contact:oriented_convergence:889:1777:-1","CONVERGENCE_CONTACT","scale:889","scale:1777","889","1777",true,false,"UNIVERSAL","boundary","D4","Mercury","-1",,"2",,"root_phase","root 0→11; renormalize +1","1","Saturn",true,true,"oriented_convergence",,,,,,,"Universal boundary-family audit; relation generated from established office-bearing satellite"
"boundary-contact:oriented_convergence:1905:1777:0","CONVERGENCE_CONTACT","scale:1905","scale:1777","1905","1777",true,false,"UNIVERSAL","boundary","D4","Mercury","0",,"2",,"single_degree","8→7","5","Venus",true,true,"oriented_convergence",,,,,,,"Universal boundary-family audit; relation generated from established office-bearing satellite"
"boundary-contact:peripheral_leaf:1815:1807:0","LEAF_CONTACT","scale:1815","scale:1807","1815","1807",true,false,"UNIVERSAL","boundary","D4","Jupiter","0",,"2",,"single_degree","4→3","4","Sun",true,true,"peripheral_leaf",,,,,,,"Universal boundary-family audit; relation generated from established office-bearing satellite"
"boundary-contact:office_junction:1715:1843:0","JUNCTION_CONTACT","scale:1715","scale:1843","1715","1843",true,false,"UNIVERSAL","boundary","A0","Mars","0",,"2",,"single_degree","7→8","5","Venus",true,true,"office_junction",,,,,,,"Universal boundary-family audit; relation generated from established office-bearing satellite"
"boundary-contact:office_junction:1835:1843:0","JUNCTION_CONTACT","scale:1835","scale:1843","1835","1843",true,false,"UNIVERSAL","boundary","A1","Jupiter","0",,"2",,"single_degree","3→4","3","Mars",true,true,"office_junction",,,,,,,"Universal boundary-family audit; relation generated from established office-bearing satellite"
"boundary-contact:office_junction:1845:1843:0","JUNCTION_CONTACT","scale:1845","scale:1843","1845","1843",true,false,"UNIVERSAL","boundary","A0","Mars","0",,"2",,"single_degree","2→1","2","Jupiter",true,true,"office_junction",,,,,,,"Universal boundary-family audit; relation generated from established office-bearing satellite"
"boundary-contact:office_junction:1875:1843:0","JUNCTION_CONTACT","scale:1875","scale:1843","1875","1843",true,false,"UNIVERSAL","boundary","A2","Sun","0",,"2",,"single_degree","6→5","4","Sun",true,true,"office_junction",,,,,,,"Universal boundary-family audit; relation generated from established office-bearing satellite"
"boundary-contact:office_junction:1739:1867:0","JUNCTION_CONTACT","scale:1739","scale:1867","1739","1867",true,false,"UNIVERSAL","boundary","A1","Jupiter","0",,"2",,"single_degree","7→8","5","Venus",true,true,"office_junction",,,,,,,"Universal boundary-family audit; relation generated from established office-bearing satellite"
"boundary-contact:office_junction:1835:1867:0","JUNCTION_CONTACT","scale:1835","scale:1867","1835","1867",true,false,"UNIVERSAL","boundary","A1","Jupiter","0",,"2",,"single_degree","5→6","4","Sun",true,true,"office_junction",,,,,,,"Universal boundary-family audit; relation generated from established office-bearing satellite"
"boundary-contact:office_junction:1863:1867:0","JUNCTION_CONTACT","scale:1863","scale:1867","1863","1867",true,false,"UNIVERSAL","boundary","D4","Jupiter","0",,"2",,"single_degree","2→3","3","Mars",true,true,"office_junction",,,,,,,"Universal boundary-family audit; relation generated from established office-bearing satellite"
"boundary-contact:office_junction:1869:1867:0","JUNCTION_CONTACT","scale:1869","scale:1867","1869","1867",true,false,"UNIVERSAL","boundary","A2","Sun","0",,"2",,"single_degree","2→1","2","Jupiter",true,true,"office_junction",,,,,,,"Universal boundary-family audit; relation generated from established office-bearing satellite"
"boundary-contact:office_junction:1875:1867:0","JUNCTION_CONTACT","scale:1875","scale:1867","1875","1867",true,false,"UNIVERSAL","boundary","A2","Sun","0",,"2",,"single_degree","4→3","3","Mars",true,true,"office_junction",,,,,,,"Universal boundary-family audit; relation generated from established office-bearing satellite"
"boundary-contact:office_junction:949:1897:-1","JUNCTION_CONTACT","scale:949","scale:1897","949","1897",true,false,"UNIVERSAL","boundary","A1","Mercury","-1",,"2",,"root_phase","root 0→11; renormalize +1","1","Saturn",true,true,"office_junction",,,,,,,"Universal boundary-family audit; relation generated from established office-bearing satellite"
"boundary-contact:office_junction:1881:1897:0","JUNCTION_CONTACT","scale:1881","scale:1897","1881","1897",true,false,"UNIVERSAL","boundary","A2","Sun","0",,"2",,"single_degree","4→5","3","Mars",true,true,"office_junction",,,,,,,"Universal boundary-family audit; relation generated from established office-bearing satellite"
"boundary-contact:office_junction:1893:1897:0","JUNCTION_CONTACT","scale:1893","scale:1897","1893","1897",true,false,"UNIVERSAL","boundary","A2","Sun","0",,"2",,"single_degree","2→3","2","Jupiter",true,true,"office_junction",,,,,,,"Universal boundary-family audit; relation generated from established office-bearing satellite"
"boundary-contact:office_junction:1905:1897:0","JUNCTION_CONTACT","scale:1905","scale:1897","1905","1897",true,false,"UNIVERSAL","boundary","D4","Mercury","0",,"2",,"single_degree","4→3","2","Jupiter",true,true,"office_junction",,,,,,,"Universal boundary-family audit; relation generated from established office-bearing satellite"
"boundary-contact:office_junction:2921:1897:0","JUNCTION_CONTACT","scale:2921","scale:1897","2921","1897",true,false,"UNIVERSAL","boundary","A1","Mercury","0",,"2",,"single_degree","11→10","7","Moon",true,true,"office_junction",,,,,,,"Universal boundary-family audit; relation generated from established office-bearing satellite"
"boundary-contact:peripheral_leaf:1863:1927:0","LEAF_CONTACT","scale:1863","scale:1927","1863","1927",true,false,"UNIVERSAL","boundary","D4","Jupiter","0",,"2",,"single_degree","6→7","4","Sun",true,true,"peripheral_leaf",,,,,,,"Universal boundary-family audit; relation generated from established office-bearing satellite"
"boundary-contact:oriented_convergence:1939:1931:0","CONVERGENCE_CONTACT","scale:1939","scale:1931","1939","1931",true,false,"UNIVERSAL","boundary","D4","Saturn","0",,"2",,"single_degree","4→3","3","Mars",true,true,"oriented_convergence",,,,,,,"Universal boundary-family audit; relation generated from established office-bearing satellite"
"boundary-contact:oriented_convergence:2955:1931:0","CONVERGENCE_CONTACT","scale:2955","scale:1931","2955","1931",true,false,"UNIVERSAL","boundary","D4","Saturn","0",,"2",,"single_degree","11→10","7","Moon",true,true,"oriented_convergence",,,,,,,"Universal boundary-family audit; relation generated from established office-bearing satellite"
"boundary-contact:office_junction:967:1933:-1","JUNCTION_CONTACT","scale:967","scale:1933","967","1933",true,false,"UNIVERSAL","boundary","D2","Venus","-1",,"2",,"root_phase","root 0→11; renormalize +1","1","Saturn",true,true,"office_junction",,,,,,,"Universal boundary-family audit; relation generated from established office-bearing satellite"
"boundary-contact:office_junction:1869:1933:0","JUNCTION_CONTACT","scale:1869","scale:1933","1869","1933",true,false,"UNIVERSAL","boundary","A2","Sun","0",,"2",,"single_degree","6→7","4","Sun",true,true,"office_junction",,,,,,,"Universal boundary-family audit; relation generated from established office-bearing satellite"
"boundary-contact:office_junction:1941:1933:0","JUNCTION_CONTACT","scale:1941","scale:1933","1941","1933",true,false,"UNIVERSAL","boundary","A2","Sun","0",,"2",,"single_degree","4→3","3","Mars",true,true,"office_junction",,,,,,,"Universal boundary-family audit; relation generated from established office-bearing satellite"
"boundary-contact:office_junction:2957:1933:0","JUNCTION_CONTACT","scale:2957","scale:1933","2957","1933",true,false,"UNIVERSAL","boundary","D2","Venus","0",,"2",,"single_degree","11→10","7","Moon",true,true,"office_junction",,,,,,,"Universal boundary-family audit; relation generated from established office-bearing satellite"
"boundary-contact:office_junction:3865:1933:1","JUNCTION_CONTACT","scale:3865","scale:1933","3865","1933",true,false,"UNIVERSAL","boundary","D5","Sun","1",,"2",,"root_phase","root 0→1; renormalize −1","1","Saturn",true,true,"office_junction",,,,,,,"Universal boundary-family audit; relation generated from established office-bearing satellite"
"boundary-contact:oriented_convergence:1881:1945:0","CONVERGENCE_CONTACT","scale:1881","scale:1945","1881","1945",true,false,"UNIVERSAL","boundary","A2","Sun","0",,"2",,"single_degree","6→7","4","Sun",true,true,"oriented_convergence",,,,,,,"Universal boundary-family audit; relation generated from established office-bearing satellite"
"boundary-contact:oriented_convergence:1941:1945:0","CONVERGENCE_CONTACT","scale:1941","scale:1945","1941","1945",true,false,"UNIVERSAL","boundary","A2","Sun","0",,"2",,"single_degree","2→3","2","Jupiter",true,true,"oriented_convergence",,,,,,,"Universal boundary-family audit; relation generated from established office-bearing satellite"
"boundary-contact:oriented_convergence:3889:1945:1","CONVERGENCE_CONTACT","scale:3889","scale:1945","3889","1945",true,false,"UNIVERSAL","boundary","D5","Sun","1",,"2",,"root_phase","root 0→1; renormalize −1","1","Saturn",true,true,"oriented_convergence",,,,,,,"Universal boundary-family audit; relation generated from established office-bearing satellite"
"boundary-contact:oriented_convergence:1893:1957:0","CONVERGENCE_CONTACT","scale:1893","scale:1957","1893","1957",true,false,"UNIVERSAL","boundary","A2","Sun","0",,"2",,"single_degree","6→7","4","Sun",true,true,"oriented_convergence",,,,,,,"Universal boundary-family audit; relation generated from established office-bearing satellite"
"boundary-contact:oriented_convergence:1941:1957:0","CONVERGENCE_CONTACT","scale:1941","scale:1957","1941","1957",true,false,"UNIVERSAL","boundary","A2","Sun","0",,"2",,"single_degree","4→5","3","Mars",true,true,"oriented_convergence",,,,,,,"Universal boundary-family audit; relation generated from established office-bearing satellite"
"boundary-contact:oriented_convergence:1955:1957:0","CONVERGENCE_CONTACT","scale:1955","scale:1957","1955","1957",true,false,"UNIVERSAL","boundary","D3","Sun","0",,"2",,"single_degree","1→2","2","Jupiter",true,true,"oriented_convergence",,,,,,,"Universal boundary-family audit; relation generated from established office-bearing satellite"
"boundary-contact:oriented_convergence:3913:1957:1","CONVERGENCE_CONTACT","scale:3913","scale:1957","3913","1957",true,false,"UNIVERSAL","boundary","D5","Sun","1",,"2",,"root_phase","root 0→1; renormalize −1","1","Saturn",true,true,"oriented_convergence",,,,,,,"Universal boundary-family audit; relation generated from established office-bearing satellite"
"boundary-contact:oriented_convergence:981:1961:-1","CONVERGENCE_CONTACT","scale:981","scale:1961","981","1961",true,false,"UNIVERSAL","boundary","A2","Mars","-1",,"2",,"root_phase","root 0→11; renormalize +1","1","Saturn",true,true,"oriented_convergence",,,,,,,"Universal boundary-family audit; relation generated from established office-bearing satellite"
"boundary-contact:oriented_convergence:1969:1961:0","CONVERGENCE_CONTACT","scale:1969","scale:1961","1969","1961",true,false,"UNIVERSAL","boundary","D3","Mars","0",,"2",,"single_degree","4→3","2","Jupiter",true,true,"oriented_convergence",,,,,,,"Universal boundary-family audit; relation generated from established office-bearing satellite"
"boundary-contact:oriented_convergence:1993:1961:0","CONVERGENCE_CONTACT","scale:1993","scale:1961","1993","1961",true,false,"UNIVERSAL","boundary","D5","Mars","0",,"2",,"single_degree","6→5","3","Mars",true,true,"oriented_convergence",,,,,,,"Universal boundary-family audit; relation generated from established office-bearing satellite"
"boundary-contact:oriented_convergence:2985:1961:0","CONVERGENCE_CONTACT","scale:2985","scale:1961","2985","1961",true,false,"UNIVERSAL","boundary","A2","Mars","0",,"2",,"single_degree","11→10","7","Moon",true,true,"oriented_convergence",,,,,,,"Universal boundary-family audit; relation generated from established office-bearing satellite"
"boundary-contact:oriented_convergence:1955:1987:0","CONVERGENCE_CONTACT","scale:1955","scale:1987","1955","1987",true,false,"UNIVERSAL","boundary","D3","Sun","0",,"2",,"single_degree","5→6","3","Mars",true,true,"oriented_convergence",,,,,,,"Universal boundary-family audit; relation generated from established office-bearing satellite"
"boundary-contact:oriented_convergence:3973:1987:1","CONVERGENCE_CONTACT","scale:3973","scale:1987","3973","1987",true,false,"UNIVERSAL","boundary","D6","Sun","1",,"2",,"root_phase","root 0→1; renormalize −1","1","Saturn",true,true,"oriented_convergence",,,,,,,"Universal boundary-family audit; relation generated from established office-bearing satellite"
"boundary-contact:oriented_convergence:995:1989:-1","CONVERGENCE_CONTACT","scale:995","scale:1989","995","1989",true,false,"UNIVERSAL","boundary","D5","Mars","-1",,"2",,"root_phase","root 0→11; renormalize +1","1","Saturn",true,true,"oriented_convergence",,,,,,,"Universal boundary-family audit; relation generated from established office-bearing satellite"
"boundary-contact:oriented_convergence:1993:1989:0","CONVERGENCE_CONTACT","scale:1993","scale:1989","1993","1989",true,false,"UNIVERSAL","boundary","D5","Mars","0",,"2",,"single_degree","3→2","2","Jupiter",true,true,"oriented_convergence",,,,,,,"Universal boundary-family audit; relation generated from established office-bearing satellite"
"boundary-contact:oriented_convergence:1135:2159:0","CONVERGENCE_CONTACT","scale:1135","scale:2159","1135","2159",true,false,"UNIVERSAL","boundary","D3","Saturn","0",,"2",,"single_degree","10→11","7","Moon",true,true,"oriented_convergence",,,,,,,"Universal boundary-family audit; relation generated from established office-bearing satellite"
"boundary-contact:oriented_convergence:2143:2159:0","CONVERGENCE_CONTACT","scale:2143","scale:2159","2143","2159",true,false,"UNIVERSAL","boundary","D6","Saturn","0",,"2",,"single_degree","4→5","5","Venus",true,true,"oriented_convergence",,,,,,,"Universal boundary-family audit; relation generated from established office-bearing satellite"
"boundary-contact:peripheral_leaf:1143:2167:0","LEAF_CONTACT","scale:1143","scale:2167","1143","2167",true,false,"UNIVERSAL","boundary","D4","Venus","0",,"2",,"single_degree","10→11","7","Moon",true,true,"peripheral_leaf",,,,,,,"Universal boundary-family audit; relation generated from established office-bearing satellite"
"boundary-contact:peripheral_leaf:2235:2171:0","LEAF_CONTACT","scale:2235","scale:2171","2235","2171",true,false,"UNIVERSAL","boundary","D4","Sun","0",,"2",,"single_degree","7→6","6","Mercury",true,true,"peripheral_leaf",,,,,,,"Universal boundary-family audit; relation generated from established office-bearing satellite"
"boundary-contact:oriented_convergence:1087:2173:-1","CONVERGENCE_CONTACT","scale:1087","scale:2173","1087","2173",true,false,"UNIVERSAL","boundary","D6","Saturn","-1",,"2",,"root_phase","root 0→11; renormalize +1","1","Saturn",true,true,"oriented_convergence",,,,,,,"Universal boundary-family audit; relation generated from established office-bearing satellite"
"boundary-contact:oriented_convergence:2237:2173:0","CONVERGENCE_CONTACT","scale:2237","scale:2173","2237","2173",true,false,"UNIVERSAL","boundary","D3","Saturn","0",,"2",,"single_degree","7→6","6","Mercury",true,true,"oriented_convergence",,,,,,,"Universal boundary-family audit; relation generated from established office-bearing satellite"
"boundary-contact:oriented_convergence:1183:2207:0","CONVERGENCE_CONTACT","scale:1183","scale:2207","1183","2207",true,false,"UNIVERSAL","boundary","D5","Saturn","0",,"2",,"single_degree","10→11","7","Moon",true,true,"oriented_convergence",,,,,,,"Universal boundary-family audit; relation generated from established office-bearing satellite"
"boundary-contact:oriented_convergence:2143:2207:0","CONVERGENCE_CONTACT","scale:2143","scale:2207","2143","2207",true,false,"UNIVERSAL","boundary","D6","Saturn","0",,"2",,"single_degree","6→7","6","Mercury",true,true,"oriented_convergence",,,,,,,"Universal boundary-family audit; relation generated from established office-bearing satellite"
"boundary-contact:oriented_convergence:2255:2223:0","CONVERGENCE_CONTACT","scale:2255","scale:2223","2255","2223",true,false,"UNIVERSAL","boundary","D5","Moon","0",,"2",,"single_degree","6→5","5","Venus",true,true,"oriented_convergence",,,,,,,"Universal boundary-family audit; relation generated from established office-bearing satellite"
"boundary-contact:oriented_convergence:2351:2223:0","CONVERGENCE_CONTACT","scale:2351","scale:2223","2351","2223",true,false,"UNIVERSAL","boundary","D5","Moon","0",,"2",,"single_degree","8→7","6","Mercury",true,true,"oriented_convergence",,,,,,,"Universal boundary-family audit; relation generated from established office-bearing satellite"
"boundary-contact:oriented_convergence:2235:2231:0","CONVERGENCE_CONTACT","scale:2235","scale:2231","2235","2231",true,false,"UNIVERSAL","boundary","D4","Sun","0",,"2",,"single_degree","3→2","3","Mars",true,true,"oriented_convergence",,,,,,,"Universal boundary-family audit; relation generated from established office-bearing satellite"
"boundary-contact:oriented_convergence:2359:2231:0","CONVERGENCE_CONTACT","scale:2359","scale:2231","2359","2231",true,false,"UNIVERSAL","boundary","D4","Sun","0",,"2",,"single_degree","8→7","6","Mercury",true,true,"oriented_convergence",,,,,,,"Universal boundary-family audit; relation generated from established office-bearing satellite"
"boundary-contact:office_junction:1239:2263:0","JUNCTION_CONTACT","scale:1239","scale:2263","1239","2263",true,false,"UNIVERSAL","boundary","A2","Moon","0",,"2",,"single_degree","10→11","7","Moon",true,true,"office_junction",,,,,,,"Universal boundary-family audit; relation generated from established office-bearing satellite"
"boundary-contact:office_junction:2255:2263:0","JUNCTION_CONTACT","scale:2255","scale:2263","2255","2263",true,false,"UNIVERSAL","boundary","D5","Moon","0",,"2",,"single_degree","3→4","4","Sun",true,true,"office_junction",,,,,,,"Universal boundary-family audit; relation generated from established office-bearing satellite"
"boundary-contact:office_junction:2267:2263:0","JUNCTION_CONTACT","scale:2267","scale:2263","2267","2263",true,false,"UNIVERSAL","boundary","D2","Saturn","0",,"2",,"single_degree","3→2","3","Mars",true,true,"office_junction",,,,,,,"Universal boundary-family audit; relation generated from established office-bearing satellite"
"boundary-contact:office_junction:2279:2263:0","JUNCTION_CONTACT","scale:2279","scale:2263","2279","2263",true,false,"UNIVERSAL","boundary","D2","Saturn","0",,"2",,"single_degree","5→4","4","Sun",true,true,"office_junction",,,,,,,"Universal boundary-family audit; relation generated from established office-bearing satellite"
"boundary-contact:office_junction:2391:2263:0","JUNCTION_CONTACT","scale:2391","scale:2263","2391","2263",true,false,"UNIVERSAL","boundary","A2","Moon","0",,"2",,"single_degree","8→7","6","Mercury",true,true,"office_junction",,,,,,,"Universal boundary-family audit; relation generated from established office-bearing satellite"
"boundary-contact:office_junction:1269:2293:0","JUNCTION_CONTACT","scale:1269","scale:2293","1269","2293",true,false,"UNIVERSAL","boundary","A2","Jupiter","0",,"2",,"single_degree","10→11","7","Moon",true,true,"office_junction",,,,,,,"Universal boundary-family audit; relation generated from established office-bearing satellite"
"boundary-contact:office_junction:2285:2293:0","JUNCTION_CONTACT","scale:2285","scale:2293","2285","2293",true,false,"UNIVERSAL","boundary","D2","Saturn","0",,"2",,"single_degree","3→4","3","Mars",true,true,"office_junction",,,,,,,"Universal boundary-family audit; relation generated from established office-bearing satellite"
"boundary-contact:office_junction:2291:2293:0","JUNCTION_CONTACT","scale:2291","scale:2293","2291","2293",true,false,"UNIVERSAL","boundary","D2","Saturn","0",,"2",,"single_degree","1→2","2","Jupiter",true,true,"office_junction",,,,,,,"Universal boundary-family audit; relation generated from established office-bearing satellite"
"boundary-contact:office_junction:2297:2293:0","JUNCTION_CONTACT","scale:2297","scale:2293","2297","2293",true,false,"UNIVERSAL","boundary","D5","Jupiter","0",,"2",,"single_degree","3→2","2","Jupiter",true,true,"office_junction",,,,,,,"Universal boundary-family audit; relation generated from established office-bearing satellite"
"boundary-contact:office_junction:2421:2293:0","JUNCTION_CONTACT","scale:2421","scale:2293","2421","2293",true,false,"UNIVERSAL","boundary","A2","Jupiter","0",,"2",,"single_degree","8→7","6","Mercury",true,true,"office_junction",,,,,,,"Universal boundary-family audit; relation generated from established office-bearing satellite"
"boundary-contact:oriented_convergence:2351:2335:0","CONVERGENCE_CONTACT","scale:2351","scale:2335","2351","2335",true,false,"UNIVERSAL","boundary","D5","Moon","0",,"2",,"single_degree","5→4","5","Venus",true,true,"oriented_convergence",,,,,,,"Universal boundary-family audit; relation generated from established office-bearing satellite"
"boundary-contact:oriented_convergence:2591:2335:0","CONVERGENCE_CONTACT","scale:2591","scale:2335","2591","2335",true,false,"UNIVERSAL","boundary","D6","Moon","0",,"2",,"single_degree","9→8","6","Mercury",true,true,"oriented_convergence",,,,,,,"Universal boundary-family audit; relation generated from established office-bearing satellite"
"boundary-contact:office_junction:1383:2407:0","JUNCTION_CONTACT","scale:1383","scale:2407","1383","2407",true,false,"UNIVERSAL","boundary","A0","Saturn","0",,"2",,"single_degree","10→11","7","Moon",true,true,"office_junction",,,,,,,"Universal boundary-family audit; relation generated from established office-bearing satellite"
"boundary-contact:office_junction:2279:2407:0","JUNCTION_CONTACT","scale:2279","scale:2407","2279","2407",true,false,"UNIVERSAL","boundary","D2","Saturn","0",,"2",,"single_degree","7→8","6","Mercury",true,true,"office_junction",,,,,,,"Universal boundary-family audit; relation generated from established office-bearing satellite"
"boundary-contact:office_junction:2391:2407:0","JUNCTION_CONTACT","scale:2391","scale:2407","2391","2407",true,false,"UNIVERSAL","boundary","A2","Moon","0",,"2",,"single_degree","4→5","4","Sun",true,true,"office_junction",,,,,,,"Universal boundary-family audit; relation generated from established office-bearing satellite"
"boundary-contact:office_junction:2411:2407:0","JUNCTION_CONTACT","scale:2411","scale:2407","2411","2407",true,false,"UNIVERSAL","boundary","A0","Saturn","0",,"2",,"single_degree","3→2","3","Mars",true,true,"office_junction",,,,,,,"Universal boundary-family audit; relation generated from established office-bearing satellite"
"boundary-contact:oriented_convergence:1401:2425:0","CONVERGENCE_CONTACT","scale:1401","scale:2425","1401","2425",true,false,"UNIVERSAL","boundary","A2","Jupiter","0",,"2",,"single_degree","10→11","7","Moon",true,true,"oriented_convergence",,,,,,,"Universal boundary-family audit; relation generated from established office-bearing satellite"
"boundary-contact:oriented_convergence:2297:2425:0","CONVERGENCE_CONTACT","scale:2297","scale:2425","2297","2425",true,false,"UNIVERSAL","boundary","D5","Jupiter","0",,"2",,"single_degree","7→8","6","Mercury",true,true,"oriented_convergence",,,,,,,"Universal boundary-family audit; relation generated from established office-bearing satellite"
"boundary-contact:oriented_convergence:2421:2425:0","CONVERGENCE_CONTACT","scale:2421","scale:2425","2421","2425",true,false,"UNIVERSAL","boundary","A2","Jupiter","0",,"2",,"single_degree","2→3","2","Jupiter",true,true,"oriented_convergence",,,,,,,"Universal boundary-family audit; relation generated from established office-bearing satellite"
"boundary-contact:oriented_convergence:1431:2455:0","CONVERGENCE_CONTACT","scale:1431","scale:2455","1431","2455",true,false,"UNIVERSAL","boundary","A2","Moon","0",,"2",,"single_degree","10→11","7","Moon",true,true,"oriented_convergence",,,,,,,"Universal boundary-family audit; relation generated from established office-bearing satellite"
"boundary-contact:oriented_convergence:2391:2455:0","CONVERGENCE_CONTACT","scale:2391","scale:2455","2391","2455",true,false,"UNIVERSAL","boundary","A2","Moon","0",,"2",,"single_degree","6→7","5","Venus",true,true,"oriented_convergence",,,,,,,"Universal boundary-family audit; relation generated from established office-bearing satellite"
"boundary-contact:oriented_convergence:2447:2455:0","CONVERGENCE_CONTACT","scale:2447","scale:2455","2447","2455",true,false,"UNIVERSAL","boundary","D5","Moon","0",,"2",,"single_degree","3→4","4","Sun",true,true,"oriented_convergence",,,,,,,"Universal boundary-family audit; relation generated from established office-bearing satellite"
"boundary-contact:office_junction:1435:2459:0","JUNCTION_CONTACT","scale:1435","scale:2459","1435","2459",true,false,"UNIVERSAL","boundary","A0","Venus","0",,"2",,"single_degree","10→11","7","Moon",true,true,"office_junction",,,,,,,"Universal boundary-family audit; relation generated from established office-bearing satellite"
"boundary-contact:office_junction:2395:2459:0","JUNCTION_CONTACT","scale:2395","scale:2459","2395","2459",true,false,"UNIVERSAL","boundary","A1","Sun","0",,"2",,"single_degree","6→7","5","Venus",true,true,"office_junction",,,,,,,"Universal boundary-family audit; relation generated from established office-bearing satellite"
"boundary-contact:office_junction:2475:2459:0","JUNCTION_CONTACT","scale:2475","scale:2459","2475","2459",true,false,"UNIVERSAL","boundary","A0","Venus","0",,"2",,"single_degree","5→4","4","Sun",true,true,"office_junction",,,,,,,"Universal boundary-family audit; relation generated from established office-bearing satellite"
"boundary-contact:office_junction:2715:2459:0","JUNCTION_CONTACT","scale:2715","scale:2459","2715","2459",true,false,"UNIVERSAL","boundary","A2","Mercury","0",,"2",,"single_degree","9→8","6","Mercury",true,true,"office_junction",,,,,,,"Universal boundary-family audit; relation generated from established office-bearing satellite"
"boundary-contact:office_junction:1437:2461:0","JUNCTION_CONTACT","scale:1437","scale:2461","1437","2461",true,false,"UNIVERSAL","boundary","A0","Jupiter","0",,"2",,"single_degree","10→11","7","Moon",true,true,"office_junction",,,,,,,"Universal boundary-family audit; relation generated from established office-bearing satellite"
"boundary-contact:office_junction:2397:2461:0","JUNCTION_CONTACT","scale:2397","scale:2461","2397","2461",true,false,"UNIVERSAL","boundary","A2","Saturn","0",,"2",,"single_degree","6→7","5","Venus",true,true,"office_junction",,,,,,,"Universal boundary-family audit; relation generated from established office-bearing satellite"
"boundary-contact:office_junction:2477:2461:0","JUNCTION_CONTACT","scale:2477","scale:2461","2477","2461",true,false,"UNIVERSAL","boundary","A0","Jupiter","0",,"2",,"single_degree","5→4","4","Sun",true,true,"office_junction",,,,,,,"Universal boundary-family audit; relation generated from established office-bearing satellite"
"boundary-contact:office_junction:2717:2461:0","JUNCTION_CONTACT","scale:2717","scale:2461","2717","2461",true,false,"UNIVERSAL","boundary","A1","Mars","0",,"2",,"single_degree","9→8","6","Mercury",true,true,"office_junction",,,,,,,"Universal boundary-family audit; relation generated from established office-bearing satellite"
"boundary-contact:office_junction:1447:2471:0","JUNCTION_CONTACT","scale:1447","scale:2471","1447","2471",true,false,"UNIVERSAL","boundary","A0","Venus","0",,"2",,"single_degree","10→11","7","Moon",true,true,"office_junction",,,,,,,"Universal boundary-family audit; relation generated from established office-bearing satellite"
"boundary-contact:office_junction:2475:2471:0","JUNCTION_CONTACT","scale:2475","scale:2471","2475","2471",true,false,"UNIVERSAL","boundary","A0","Venus","0",,"2",,"single_degree","3→2","3","Mars",true,true,"office_junction",,,,,,,"Universal boundary-family audit; relation generated from established office-bearing satellite"
"boundary-contact:office_junction:2503:2471:0","JUNCTION_CONTACT","scale:2503","scale:2471","2503","2471",true,false,"UNIVERSAL","boundary","D2","Venus","0",,"2",,"single_degree","6→5","4","Sun",true,true,"office_junction",,,,,,,"Universal boundary-family audit; relation generated from established office-bearing satellite"
"boundary-contact:office_junction:2727:2471:0","JUNCTION_CONTACT","scale:2727","scale:2471","2727","2471",true,false,"UNIVERSAL","boundary","A2","Mercury","0",,"2",,"single_degree","9→8","6","Mercury",true,true,"office_junction",,,,,,,"Universal boundary-family audit; relation generated from established office-bearing satellite"
"boundary-contact:office_junction:1245:2489:-1","JUNCTION_CONTACT","scale:1245","scale:2489","1245","2489",true,false,"UNIVERSAL","boundary","A2","Saturn","-1",,"2",,"root_phase","root 0→11; renormalize +1","1","Saturn",true,true,"office_junction",,,,,,,"Universal boundary-family audit; relation generated from established office-bearing satellite"
"boundary-contact:office_junction:1465:2489:0","JUNCTION_CONTACT","scale:1465","scale:2489","1465","2489",true,false,"UNIVERSAL","boundary","A1","Mercury","0",,"2",,"single_degree","10→11","7","Moon",true,true,"office_junction",,,,,,,"Universal boundary-family audit; relation generated from established office-bearing satellite"
"boundary-contact:office_junction:2485:2489:0","JUNCTION_CONTACT","scale:2485","scale:2489","2485","2489",true,false,"UNIVERSAL","boundary","A0","Moon","0",,"2",,"single_degree","2→3","2","Jupiter",true,true,"office_junction",,,,,,,"Universal boundary-family audit; relation generated from established office-bearing satellite"
"boundary-contact:office_junction:2745:2489:0","JUNCTION_CONTACT","scale:2745","scale:2489","2745","2489",true,false,"UNIVERSAL","boundary","A0","Moon","0",,"2",,"single_degree","9→8","6","Mercury",true,true,"office_junction",,,,,,,"Universal boundary-family audit; relation generated from established office-bearing satellite"
"boundary-contact:office_junction:1261:2521:-1","JUNCTION_CONTACT","scale:1261","scale:2521","1261","2521",true,false,"UNIVERSAL","boundary","A1","Venus","-1",,"2",,"root_phase","root 0→11; renormalize +1","1","Saturn",true,true,"office_junction",,,,,,,"Universal boundary-family audit; relation generated from established office-bearing satellite"
"boundary-contact:office_junction:1497:2521:0","JUNCTION_CONTACT","scale:1497","scale:2521","1497","2521",true,false,"UNIVERSAL","boundary","A2","Mars","0",,"2",,"single_degree","10→11","7","Moon",true,true,"office_junction",,,,,,,"Universal boundary-family audit; relation generated from established office-bearing satellite"
"boundary-contact:office_junction:2517:2521:0","JUNCTION_CONTACT","scale:2517","scale:2521","2517","2521",true,false,"UNIVERSAL","boundary","A0","Sun","0",,"2",,"single_degree","2→3","2","Jupiter",true,true,"office_junction",,,,,,,"Universal boundary-family audit; relation generated from established office-bearing satellite"
"boundary-contact:office_junction:2777:2521:0","JUNCTION_CONTACT","scale:2777","scale:2521","2777","2521",true,false,"UNIVERSAL","boundary","A0","Sun","0",,"2",,"single_degree","9→8","6","Mercury",true,true,"office_junction",,,,,,,"Universal boundary-family audit; relation generated from established office-bearing satellite"
"boundary-contact:office_junction:1509:2533:0","JUNCTION_CONTACT","scale:1509","scale:2533","1509","2533",true,false,"UNIVERSAL","boundary","A2","Mars","0",,"2",,"single_degree","10→11","7","Moon",true,true,"office_junction",,,,,,,"Universal boundary-family audit; relation generated from established office-bearing satellite"
"boundary-contact:office_junction:2517:2533:0","JUNCTION_CONTACT","scale:2517","scale:2533","2517","2533",true,false,"UNIVERSAL","boundary","A0","Sun","0",,"2",,"single_degree","4→5","3","Mars",true,true,"office_junction",,,,,,,"Universal boundary-family audit; relation generated from established office-bearing satellite"
"boundary-contact:office_junction:2531:2533:0","JUNCTION_CONTACT","scale:2531","scale:2533","2531","2533",true,false,"UNIVERSAL","boundary","D2","Sun","0",,"2",,"single_degree","1→2","2","Jupiter",true,true,"office_junction",,,,,,,"Universal boundary-family audit; relation generated from established office-bearing satellite"
"boundary-contact:office_junction:2789:2533:0","JUNCTION_CONTACT","scale:2789","scale:2533","2789","2533",true,false,"UNIVERSAL","boundary","A0","Sun","0",,"2",,"single_degree","9→8","6","Mercury",true,true,"office_junction",,,,,,,"Universal boundary-family audit; relation generated from established office-bearing satellite"
"boundary-contact:oriented_convergence:1269:2537:-1","CONVERGENCE_CONTACT","scale:1269","scale:2537","1269","2537",true,false,"UNIVERSAL","boundary","A2","Jupiter","-1",,"2",,"root_phase","root 0→11; renormalize +1","1","Saturn",true,true,"oriented_convergence",,,,,,,"Universal boundary-family audit; relation generated from established office-bearing satellite"
"boundary-contact:oriented_convergence:2545:2537:0","CONVERGENCE_CONTACT","scale:2545","scale:2537","2545","2537",true,false,"UNIVERSAL","boundary","D5","Jupiter","0",,"2",,"single_degree","4→3","2","Jupiter",true,true,"oriented_convergence",,,,,,,"Universal boundary-family audit; relation generated from established office-bearing satellite"
"boundary-contact:oriented_convergence:2793:2537:0","CONVERGENCE_CONTACT","scale:2793","scale:2537","2793","2537",true,false,"UNIVERSAL","boundary","A2","Jupiter","0",,"2",,"single_degree","9→8","6","Mercury",true,true,"oriented_convergence",,,,,,,"Universal boundary-family audit; relation generated from established office-bearing satellite"
"boundary-contact:oriented_convergence:2365:2621:0","CONVERGENCE_CONTACT","scale:2365","scale:2621","2365","2621",true,false,"UNIVERSAL","boundary","D4","Sun","0",,"2",,"single_degree","8→9","6","Mercury",true,true,"oriented_convergence",,,,,,,"Universal boundary-family audit; relation generated from established office-bearing satellite"
"boundary-contact:oriented_convergence:2619:2621:0","CONVERGENCE_CONTACT","scale:2619","scale:2621","2619","2621",true,false,"UNIVERSAL","boundary","D4","Sun","0",,"2",,"single_degree","1→2","2","Jupiter",true,true,"oriented_convergence",,,,,,,"Universal boundary-family audit; relation generated from established office-bearing satellite"
"boundary-contact:oriented_convergence:1623:2647:0","CONVERGENCE_CONTACT","scale:1623","scale:2647","1623","2647",true,false,"UNIVERSAL","boundary","A2","Moon","0",,"2",,"single_degree","10→11","7","Moon",true,true,"oriented_convergence",,,,,,,"Universal boundary-family audit; relation generated from established office-bearing satellite"
"boundary-contact:oriented_convergence:2391:2647:0","CONVERGENCE_CONTACT","scale:2391","scale:2647","2391","2647",true,false,"UNIVERSAL","boundary","A2","Moon","0",,"2",,"single_degree","8→9","6","Mercury",true,true,"oriented_convergence",,,,,,,"Universal boundary-family audit; relation generated from established office-bearing satellite"
"boundary-contact:oriented_convergence:2615:2647:0","CONVERGENCE_CONTACT","scale:2615","scale:2647","2615","2647",true,false,"UNIVERSAL","boundary","D3","Moon","0",,"2",,"single_degree","5→6","5","Venus",true,true,"oriented_convergence",,,,,,,"Universal boundary-family audit; relation generated from established office-bearing satellite"
"boundary-contact:oriented_convergence:2639:2647:0","CONVERGENCE_CONTACT","scale:2639","scale:2647","2639","2647",true,false,"UNIVERSAL","boundary","D5","Moon","0",,"2",,"single_degree","3→4","4","Sun",true,true,"oriented_convergence",,,,,,,"Universal boundary-family audit; relation generated from established office-bearing satellite"
"boundary-contact:office_junction:1627:2651:0","JUNCTION_CONTACT","scale:1627","scale:2651","1627","2651",true,false,"UNIVERSAL","boundary","A1","Sun","0",,"2",,"single_degree","10→11","7","Moon",true,true,"office_junction",,,,,,,"Universal boundary-family audit; relation generated from established office-bearing satellite"
"boundary-contact:office_junction:2395:2651:0","JUNCTION_CONTACT","scale:2395","scale:2651","2395","2651",true,false,"UNIVERSAL","boundary","A1","Sun","0",,"2",,"single_degree","8→9","6","Mercury",true,true,"office_junction",,,,,,,"Universal boundary-family audit; relation generated from established office-bearing satellite"
"boundary-contact:office_junction:2619:2651:0","JUNCTION_CONTACT","scale:2619","scale:2651","2619","2651",true,false,"UNIVERSAL","boundary","D4","Sun","0",,"2",,"single_degree","5→6","5","Venus",true,true,"office_junction",,,,,,,"Universal boundary-family audit; relation generated from established office-bearing satellite"
"boundary-contact:office_junction:2667:2651:0","JUNCTION_CONTACT","scale:2667","scale:2651","2667","2651",true,false,"UNIVERSAL","boundary","A2","Mercury","0",,"2",,"single_degree","5→4","4","Sun",true,true,"office_junction",,,,,,,"Universal boundary-family audit; relation generated from established office-bearing satellite"
"boundary-contact:office_junction:2715:2651:0","JUNCTION_CONTACT","scale:2715","scale:2651","2715","2651",true,false,"UNIVERSAL","boundary","A2","Mercury","0",,"2",,"single_degree","7→6","5","Venus",true,true,"office_junction",,,,,,,"Universal boundary-family audit; relation generated from established office-bearing satellite"
"boundary-contact:office_junction:1629:2653:0","JUNCTION_CONTACT","scale:1629","scale:2653","1629","2653",true,false,"UNIVERSAL","boundary","A2","Saturn","0",,"2",,"single_degree","10→11","7","Moon",true,true,"office_junction",,,,,,,"Universal boundary-family audit; relation generated from established office-bearing satellite"
"boundary-contact:office_junction:2397:2653:0","JUNCTION_CONTACT","scale:2397","scale:2653","2397","2653",true,false,"UNIVERSAL","boundary","A2","Saturn","0",,"2",,"single_degree","8→9","6","Mercury",true,true,"office_junction",,,,,,,"Universal boundary-family audit; relation generated from established office-bearing satellite"
"boundary-contact:office_junction:2669:2653:0","JUNCTION_CONTACT","scale:2669","scale:2653","2669","2653",true,false,"UNIVERSAL","boundary","A1","Mars","0",,"2",,"single_degree","5→4","4","Sun",true,true,"office_junction",,,,,,,"Universal boundary-family audit; relation generated from established office-bearing satellite"
"boundary-contact:office_junction:2717:2653:0","JUNCTION_CONTACT","scale:2717","scale:2653","2717","2653",true,false,"UNIVERSAL","boundary","A1","Mars","0",,"2",,"single_degree","7→6","5","Venus",true,true,"office_junction",,,,,,,"Universal boundary-family audit; relation generated from established office-bearing satellite"
"boundary-contact:office_junction:3165:2653:0","JUNCTION_CONTACT","scale:3165","scale:2653","3165","2653",true,false,"UNIVERSAL","boundary","D4","Mars","0",,"2",,"single_degree","10→9","6","Mercury",true,true,"office_junction",,,,,,,"Universal boundary-family audit; relation generated from established office-bearing satellite"
"boundary-contact:oriented_convergence:2667:2663:0","CONVERGENCE_CONTACT","scale:2667","scale:2663","2667","2663",true,false,"UNIVERSAL","boundary","A2","Mercury","0",,"2",,"single_degree","3→2","3","Mars",true,true,"oriented_convergence",,,,,,,"Universal boundary-family audit; relation generated from established office-bearing satellite"
"boundary-contact:oriented_convergence:2727:2663:0","CONVERGENCE_CONTACT","scale:2727","scale:2663","2727","2663",true,false,"UNIVERSAL","boundary","A2","Mercury","0",,"2",,"single_degree","7→6","5","Venus",true,true,"oriented_convergence",,,,,,,"Universal boundary-family audit; relation generated from established office-bearing satellite"
"boundary-contact:oriented_convergence:3175:2663:0","CONVERGENCE_CONTACT","scale:3175","scale:2663","3175","2663",true,false,"UNIVERSAL","boundary","D5","Mercury","0",,"2",,"single_degree","10→9","6","Mercury",true,true,"oriented_convergence",,,,,,,"Universal boundary-family audit; relation generated from established office-bearing satellite"
"boundary-contact:office_junction:1341:2681:-1","JUNCTION_CONTACT","scale:1341","scale:2681","1341","2681",true,false,"UNIVERSAL","boundary","A2","Saturn","-1",,"2",,"root_phase","root 0→11; renormalize +1","1","Saturn",true,true,"office_junction",,,,,,,"Universal boundary-family audit; relation generated from established office-bearing satellite"
"boundary-contact:office_junction:2677:2681:0","JUNCTION_CONTACT","scale:2677","scale:2681","2677","2681",true,false,"UNIVERSAL","boundary","A0","Moon","0",,"2",,"single_degree","2→3","2","Jupiter",true,true,"office_junction",,,,,,,"Universal boundary-family audit; relation generated from established office-bearing satellite"
"boundary-contact:office_junction:2745:2681:0","JUNCTION_CONTACT","scale:2745","scale:2681","2745","2681",true,false,"UNIVERSAL","boundary","A0","Moon","0",,"2",,"single_degree","7→6","5","Venus",true,true,"office_junction",,,,,,,"Universal boundary-family audit; relation generated from established office-bearing satellite"
"boundary-contact:office_junction:3193:2681:0","JUNCTION_CONTACT","scale:3193","scale:2681","3193","2681",true,false,"UNIVERSAL","boundary","D2","Moon","0",,"2",,"single_degree","10→9","6","Mercury",true,true,"office_junction",,,,,,,"Universal boundary-family audit; relation generated from established office-bearing satellite"
"boundary-contact:oriented_convergence:2447:2703:0","CONVERGENCE_CONTACT","scale:2447","scale:2703","2447","2703",true,false,"UNIVERSAL","boundary","D5","Moon","0",,"2",,"single_degree","8→9","6","Mercury",true,true,"oriented_convergence",,,,,,,"Universal boundary-family audit; relation generated from established office-bearing satellite"
"boundary-contact:oriented_convergence:2639:2703:0","CONVERGENCE_CONTACT","scale:2639","scale:2703","2639","2703",true,false,"UNIVERSAL","boundary","D5","Moon","0",,"2",,"single_degree","6→7","5","Venus",true,true,"oriented_convergence",,,,,,,"Universal boundary-family audit; relation generated from established office-bearing satellite"
"boundary-contact:oriented_convergence:2715:2711:0","CONVERGENCE_CONTACT","scale:2715","scale:2711","2715","2711",true,false,"UNIVERSAL","boundary","A2","Mercury","0",,"2",,"single_degree","3→2","3","Mars",true,true,"oriented_convergence",,,,,,,"Universal boundary-family audit; relation generated from established office-bearing satellite"
"boundary-contact:oriented_convergence:2727:2711:0","CONVERGENCE_CONTACT","scale:2727","scale:2711","2727","2711",true,false,"UNIVERSAL","boundary","A2","Mercury","0",,"2",,"single_degree","5→4","4","Sun",true,true,"oriented_convergence",,,,,,,"Universal boundary-family audit; relation generated from established office-bearing satellite"
"boundary-contact:oriented_convergence:2839:2711:0","CONVERGENCE_CONTACT","scale:2839","scale:2711","2839","2711",true,false,"UNIVERSAL","boundary","D3","Mercury","0",,"2",,"single_degree","8→7","5","Venus",true,true,"oriented_convergence",,,,,,,"Universal boundary-family audit; relation generated from established office-bearing satellite"
"boundary-contact:oriented_convergence:3223:2711:0","CONVERGENCE_CONTACT","scale:3223","scale:2711","3223","2711",true,false,"UNIVERSAL","boundary","D5","Mercury","0",,"2",,"single_degree","10→9","6","Mercury",true,true,"oriented_convergence",,,,,,,"Universal boundary-family audit; relation generated from established office-bearing satellite"
"boundary-contact:office_junction:1735:2759:0","JUNCTION_CONTACT","scale:1735","scale:2759","1735","2759",true,false,"UNIVERSAL","boundary","D2","Venus","0",,"2",,"single_degree","10→11","7","Moon",true,true,"office_junction",,,,,,,"Universal boundary-family audit; relation generated from established office-bearing satellite"
"boundary-contact:office_junction:2503:2759:0","JUNCTION_CONTACT","scale:2503","scale:2759","2503","2759",true,false,"UNIVERSAL","boundary","D2","Venus","0",,"2",,"single_degree","8→9","6","Mercury",true,true,"office_junction",,,,,,,"Universal boundary-family audit; relation generated from established office-bearing satellite"
"boundary-contact:office_junction:2727:2759:0","JUNCTION_CONTACT","scale:2727","scale:2759","2727","2759",true,false,"UNIVERSAL","boundary","A2","Mercury","0",,"2",,"single_degree","5→6","4","Sun",true,true,"office_junction",,,,,,,"Universal boundary-family audit; relation generated from established office-bearing satellite"
"boundary-contact:office_junction:2763:2759:0","JUNCTION_CONTACT","scale:2763","scale:2759","2763","2759",true,false,"UNIVERSAL","boundary","A2","Mercury","0",,"2",,"single_degree","3→2","3","Mars",true,true,"office_junction",,,,,,,"Universal boundary-family audit; relation generated from established office-bearing satellite"
"boundary-contact:office_junction:3271:2759:0","JUNCTION_CONTACT","scale:3271","scale:2759","3271","2759",true,false,"UNIVERSAL","boundary","D5","Mercury","0",,"2",,"single_degree","10→9","6","Mercury",true,true,"office_junction",,,,,,,"Universal boundary-family audit; relation generated from established office-bearing satellite"
"boundary-contact:office_junction:1401:2801:-1","JUNCTION_CONTACT","scale:1401","scale:2801","1401","2801",true,false,"UNIVERSAL","boundary","A2","Jupiter","-1",,"2",,"root_phase","root 0→11; renormalize +1","1","Saturn",true,true,"office_junction",,,,,,,"Universal boundary-family audit; relation generated from established office-bearing satellite"
"boundary-contact:office_junction:2545:2801:0","JUNCTION_CONTACT","scale:2545","scale:2801","2545","2801",true,false,"UNIVERSAL","boundary","D5","Jupiter","0",,"2",,"single_degree","8→9","6","Mercury",true,true,"office_junction",,,,,,,"Universal boundary-family audit; relation generated from established office-bearing satellite"
"boundary-contact:office_junction:2793:2801:0","JUNCTION_CONTACT","scale:2793","scale:2801","2793","2801",true,false,"UNIVERSAL","boundary","A2","Jupiter","0",,"2",,"single_degree","3→4","2","Jupiter",true,true,"office_junction",,,,,,,"Universal boundary-family audit; relation generated from established office-bearing satellite"
"boundary-contact:office_junction:2929:2801:0","JUNCTION_CONTACT","scale:2929","scale:2801","2929","2801",true,false,"UNIVERSAL","boundary","D2","Mars","0",,"2",,"single_degree","8→7","5","Venus",true,true,"office_junction",,,,,,,"Universal boundary-family audit; relation generated from established office-bearing satellite"
"boundary-contact:office_junction:3313:2801:0","JUNCTION_CONTACT","scale:3313","scale:2801","3313","2801",true,false,"UNIVERSAL","boundary","D2","Mars","0",,"2",,"single_degree","10→9","6","Mercury",true,true,"office_junction",,,,,,,"Universal boundary-family audit; relation generated from established office-bearing satellite"
"boundary-contact:oriented_convergence:2839:2831:0","CONVERGENCE_CONTACT","scale:2839","scale:2831","2839","2831",true,false,"UNIVERSAL","boundary","D3","Mercury","0",,"2",,"single_degree","4→3","4","Sun",true,true,"oriented_convergence",,,,,,,"Universal boundary-family audit; relation generated from established office-bearing satellite"
"boundary-contact:oriented_convergence:3343:2831:0","CONVERGENCE_CONTACT","scale:3343","scale:2831","3343","2831",true,false,"UNIVERSAL","boundary","D6","Mercury","0",,"2",,"single_degree","10→9","6","Mercury",true,true,"oriented_convergence",,,,,,,"Universal boundary-family audit; relation generated from established office-bearing satellite"
"boundary-contact:office_junction:2739:2867:0","JUNCTION_CONTACT","scale:2739","scale:2867","2739","2867",true,false,"UNIVERSAL","boundary","A0","Moon","0",,"2",,"single_degree","7→8","5","Venus",true,true,"office_junction",,,,,,,"Universal boundary-family audit; relation generated from established office-bearing satellite"
"boundary-contact:office_junction:2859:2867:0","JUNCTION_CONTACT","scale:2859","scale:2867","2859","2867",true,false,"UNIVERSAL","boundary","A2","Mercury","0",,"2",,"single_degree","3→4","3","Mars",true,true,"office_junction",,,,,,,"Universal boundary-family audit; relation generated from established office-bearing satellite"
"boundary-contact:office_junction:2869:2867:0","JUNCTION_CONTACT","scale:2869","scale:2867","2869","2867",true,false,"UNIVERSAL","boundary","A0","Moon","0",,"2",,"single_degree","2→1","2","Jupiter",true,true,"office_junction",,,,,,,"Universal boundary-family audit; relation generated from established office-bearing satellite"
"boundary-contact:office_junction:2899:2867:0","JUNCTION_CONTACT","scale:2899","scale:2867","2899","2867",true,false,"UNIVERSAL","boundary","A1","Saturn","0",,"2",,"single_degree","6→5","4","Sun",true,true,"office_junction",,,,,,,"Universal boundary-family audit; relation generated from established office-bearing satellite"
"boundary-contact:oriented_convergence:1863:2887:0","CONVERGENCE_CONTACT","scale:1863","scale:2887","1863","2887",true,false,"UNIVERSAL","boundary","D4","Jupiter","0",,"2",,"single_degree","10→11","7","Moon",true,true,"oriented_convergence",,,,,,,"Universal boundary-family audit; relation generated from established office-bearing satellite"
"boundary-contact:oriented_convergence:2855:2887:0","CONVERGENCE_CONTACT","scale:2855","scale:2887","2855","2887",true,false,"UNIVERSAL","boundary","D4","Jupiter","0",,"2",,"single_degree","5→6","4","Sun",true,true,"oriented_convergence",,,,,,,"Universal boundary-family audit; relation generated from established office-bearing satellite"
"boundary-contact:office_junction:2763:2891:0","JUNCTION_CONTACT","scale:2763","scale:2891","2763","2891",true,false,"UNIVERSAL","boundary","A2","Mercury","0",,"2",,"single_degree","7→8","5","Venus",true,true,"office_junction",,,,,,,"Universal boundary-family audit; relation generated from established office-bearing satellite"
"boundary-contact:office_junction:2859:2891:0","JUNCTION_CONTACT","scale:2859","scale:2891","2859","2891",true,false,"UNIVERSAL","boundary","A2","Mercury","0",,"2",,"single_degree","5→6","4","Sun",true,true,"office_junction",,,,,,,"Universal boundary-family audit; relation generated from established office-bearing satellite"
"boundary-contact:office_junction:2893:2891:0","JUNCTION_CONTACT","scale:2893","scale:2891","2893","2891",true,false,"UNIVERSAL","boundary","A1","Saturn","0",,"2",,"single_degree","2→1","2","Jupiter",true,true,"office_junction",,,,,,,"Universal boundary-family audit; relation generated from established office-bearing satellite"
"boundary-contact:office_junction:2899:2891:0","JUNCTION_CONTACT","scale:2899","scale:2891","2899","2891",true,false,"UNIVERSAL","boundary","A1","Saturn","0",,"2",,"single_degree","4→3","3","Mars",true,true,"office_junction",,,,,,,"Universal boundary-family audit; relation generated from established office-bearing satellite"
"boundary-contact:office_junction:2955:2891:0","JUNCTION_CONTACT","scale:2955","scale:2891","2955","2891",true,false,"UNIVERSAL","boundary","D4","Saturn","0",,"2",,"single_degree","7→6","4","Sun",true,true,"office_junction",,,,,,,"Universal boundary-family audit; relation generated from established office-bearing satellite"
"boundary-contact:peripheral_leaf:2955:2951:0","LEAF_CONTACT","scale:2955","scale:2951","2955","2951",true,false,"UNIVERSAL","boundary","D4","Saturn","0",,"2",,"single_degree","3→2","3","Mars",true,true,"peripheral_leaf",,,,,,,"Universal boundary-family audit; relation generated from established office-bearing satellite"
"boundary-contact:office_junction:1485:2969:-1","JUNCTION_CONTACT","scale:1485","scale:2969","1485","2969",true,false,"UNIVERSAL","boundary","A0","Jupiter","-1",,"2",,"root_phase","root 0→11; renormalize +1","1","Saturn",true,true,"office_junction",,,,,,,"Universal boundary-family audit; relation generated from established office-bearing satellite"
"boundary-contact:office_junction:2905:2969:0","JUNCTION_CONTACT","scale:2905","scale:2969","2905","2969",true,false,"UNIVERSAL","boundary","A0","Jupiter","0",,"2",,"single_degree","6→7","4","Sun",true,true,"office_junction",,,,,,,"Universal boundary-family audit; relation generated from established office-bearing satellite"
"boundary-contact:office_junction:2965:2969:0","JUNCTION_CONTACT","scale:2965","scale:2969","2965","2969",true,false,"UNIVERSAL","boundary","A1","Saturn","0",,"2",,"single_degree","2→3","2","Jupiter",true,true,"office_junction",,,,,,,"Universal boundary-family audit; relation generated from established office-bearing satellite"
"boundary-contact:office_junction:2985:2969:0","JUNCTION_CONTACT","scale:2985","scale:2969","2985","2969",true,false,"UNIVERSAL","boundary","A2","Mars","0",,"2",,"single_degree","5→4","3","Mars",true,true,"office_junction",,,,,,,"Universal boundary-family audit; relation generated from established office-bearing satellite"
"boundary-contact:office_junction:1491:2981:-1","JUNCTION_CONTACT","scale:1491","scale:2981","1491","2981",true,false,"UNIVERSAL","boundary","A2","Mars","-1",,"2",,"root_phase","root 0→11; renormalize +1","1","Saturn",true,true,"office_junction",,,,,,,"Universal boundary-family audit; relation generated from established office-bearing satellite"
"boundary-contact:office_junction:2917:2981:0","JUNCTION_CONTACT","scale:2917","scale:2981","2917","2981",true,false,"UNIVERSAL","boundary","A1","Saturn","0",,"2",,"single_degree","6→7","4","Sun",true,true,"office_junction",,,,,,,"Universal boundary-family audit; relation generated from established office-bearing satellite"
"boundary-contact:office_junction:2965:2981:0","JUNCTION_CONTACT","scale:2965","scale:2981","2965","2981",true,false,"UNIVERSAL","boundary","A1","Saturn","0",,"2",,"single_degree","4→5","3","Mars",true,true,"office_junction",,,,,,,"Universal boundary-family audit; relation generated from established office-bearing satellite"
"boundary-contact:office_junction:2979:2981:0","JUNCTION_CONTACT","scale:2979","scale:2981","2979","2981",true,false,"UNIVERSAL","boundary","D4","Saturn","0",,"2",,"single_degree","1→2","2","Jupiter",true,true,"office_junction",,,,,,,"Universal boundary-family audit; relation generated from established office-bearing satellite"
"boundary-contact:office_junction:2985:2981:0","JUNCTION_CONTACT","scale:2985","scale:2981","2985","2981",true,false,"UNIVERSAL","boundary","A2","Mars","0",,"2",,"single_degree","3→2","2","Jupiter",true,true,"office_junction",,,,,,,"Universal boundary-family audit; relation generated from established office-bearing satellite"
"boundary-contact:peripheral_leaf:2979:3011:0","LEAF_CONTACT","scale:2979","scale:3011","2979","3011",true,false,"UNIVERSAL","boundary","D4","Saturn","0",,"2",,"single_degree","5→6","3","Mars",true,true,"peripheral_leaf",,,,,,,"Universal boundary-family audit; relation generated from established office-bearing satellite"
"boundary-contact:oriented_convergence:3017:3013:0","CONVERGENCE_CONTACT","scale:3017","scale:3013","3017","3013",true,false,"UNIVERSAL","boundary","D4","Moon","0",,"2",,"single_degree","3→2","2","Jupiter",true,true,"oriented_convergence",,,,,,,"Universal boundary-family audit; relation generated from established office-bearing satellite"
"boundary-contact:oriented_convergence:3525:3013:0","CONVERGENCE_CONTACT","scale:3525","scale:3013","3525","3013",true,false,"UNIVERSAL","boundary","D4","Moon","0",,"2",,"single_degree","10→9","6","Mercury",true,true,"oriented_convergence",,,,,,,"Universal boundary-family audit; relation generated from established office-bearing satellite"
"boundary-contact:oriented_convergence:2017:3041:0","CONVERGENCE_CONTACT","scale:2017","scale:3041","2017","3041",true,false,"UNIVERSAL","boundary","D6","Mars","0",,"2",,"single_degree","10→11","7","Moon",true,true,"oriented_convergence",,,,,,,"Universal boundary-family audit; relation generated from established office-bearing satellite"
"boundary-contact:oriented_convergence:3025:3041:0","CONVERGENCE_CONTACT","scale:3025","scale:3041","3025","3041",true,false,"UNIVERSAL","boundary","D3","Mars","0",,"2",,"single_degree","4→5","2","Jupiter",true,true,"oriented_convergence",,,,,,,"Universal boundary-family audit; relation generated from established office-bearing satellite"
"boundary-contact:oriented_convergence:2615:3127:0","CONVERGENCE_CONTACT","scale:2615","scale:3127","2615","3127",true,false,"UNIVERSAL","boundary","D3","Moon","0",,"2",,"single_degree","9→10","6","Mercury",true,true,"oriented_convergence",,,,,,,"Universal boundary-family audit; relation generated from established office-bearing satellite"
"boundary-contact:oriented_convergence:3119:3127:0","CONVERGENCE_CONTACT","scale:3119","scale:3127","3119","3127",true,false,"UNIVERSAL","boundary","D6","Moon","0",,"2",,"single_degree","3→4","4","Sun",true,true,"oriented_convergence",,,,,,,"Universal boundary-family audit; relation generated from established office-bearing satellite"
"boundary-contact:peripheral_leaf:2619:3131:0","LEAF_CONTACT","scale:2619","scale:3131","2619","3131",true,false,"UNIVERSAL","boundary","D4","Sun","0",,"2",,"single_degree","9→10","6","Mercury",true,true,"peripheral_leaf",,,,,,,"Universal boundary-family audit; relation generated from established office-bearing satellite"
"boundary-contact:peripheral_leaf:3165:3133:0","LEAF_CONTACT","scale:3165","scale:3133","3165","3133",true,false,"UNIVERSAL","boundary","D4","Mars","0",,"2",,"single_degree","6→5","5","Venus",true,true,"peripheral_leaf",,,,,,,"Universal boundary-family audit; relation generated from established office-bearing satellite"
"boundary-contact:oriented_convergence:2639:3151:0","CONVERGENCE_CONTACT","scale:2639","scale:3151","2639","3151",true,false,"UNIVERSAL","boundary","D5","Moon","0",,"2",,"single_degree","9→10","6","Mercury",true,true,"oriented_convergence",,,,,,,"Universal boundary-family audit; relation generated from established office-bearing satellite"
"boundary-contact:oriented_convergence:3119:3151:0","CONVERGENCE_CONTACT","scale:3119","scale:3151","3119","3151",true,false,"UNIVERSAL","boundary","D6","Moon","0",,"2",,"single_degree","5→6","5","Venus",true,true,"oriented_convergence",,,,,,,"Universal boundary-family audit; relation generated from established office-bearing satellite"
"boundary-contact:oriented_convergence:3175:3159:0","CONVERGENCE_CONTACT","scale:3175","scale:3159","3175","3159",true,false,"UNIVERSAL","boundary","D5","Mercury","0",,"2",,"single_degree","5→4","4","Sun",true,true,"oriented_convergence",,,,,,,"Universal boundary-family audit; relation generated from established office-bearing satellite"
"boundary-contact:oriented_convergence:3223:3159:0","CONVERGENCE_CONTACT","scale:3223","scale:3159","3223","3159",true,false,"UNIVERSAL","boundary","D5","Mercury","0",,"2",,"single_degree","7→6","5","Venus",true,true,"oriented_convergence",,,,,,,"Universal boundary-family audit; relation generated from established office-bearing satellite"
"boundary-contact:oriented_convergence:3165:3163:0","CONVERGENCE_CONTACT","scale:3165","scale:3163","3165","3163",true,false,"UNIVERSAL","boundary","D4","Mars","0",,"2",,"single_degree","2→1","2","Jupiter",true,true,"oriented_convergence",,,,,,,"Universal boundary-family audit; relation generated from established office-bearing satellite"
"boundary-contact:oriented_convergence:3227:3163:0","CONVERGENCE_CONTACT","scale:3227","scale:3163","3227","3163",true,false,"UNIVERSAL","boundary","D4","Mars","0",,"2",,"single_degree","7→6","5","Venus",true,true,"oriented_convergence",,,,,,,"Universal boundary-family audit; relation generated from established office-bearing satellite"
"boundary-contact:office_junction:2667:3179:0","JUNCTION_CONTACT","scale:2667","scale:3179","2667","3179",true,false,"UNIVERSAL","boundary","A2","Mercury","0",,"2",,"single_degree","9→10","6","Mercury",true,true,"office_junction",,,,,,,"Universal boundary-family audit; relation generated from established office-bearing satellite"
"boundary-contact:office_junction:3175:3179:0","JUNCTION_CONTACT","scale:3175","scale:3179","3175","3179",true,false,"UNIVERSAL","boundary","D5","Mercury","0",,"2",,"single_degree","2→3","3","Mars",true,true,"office_junction",,,,,,,"Universal boundary-family audit; relation generated from established office-bearing satellite"
"boundary-contact:office_junction:3181:3179:0","JUNCTION_CONTACT","scale:3181","scale:3179","3181","3179",true,false,"UNIVERSAL","boundary","D2","Moon","0",,"2",,"single_degree","2→1","2","Jupiter",true,true,"office_junction",,,,,,,"Universal boundary-family audit; relation generated from established office-bearing satellite"
"boundary-contact:office_junction:3187:3179:0","JUNCTION_CONTACT","scale:3187","scale:3179","3187","3179",true,false,"UNIVERSAL","boundary","D2","Moon","0",,"2",,"single_degree","4→3","3","Mars",true,true,"office_junction",,,,,,,"Universal boundary-family audit; relation generated from established office-bearing satellite"
"boundary-contact:office_junction:3243:3179:0","JUNCTION_CONTACT","scale:3243","scale:3179","3243","3179",true,false,"UNIVERSAL","boundary","A2","Mercury","0",,"2",,"single_degree","7→6","5","Venus",true,true,"office_junction",,,,,,,"Universal boundary-family audit; relation generated from established office-bearing satellite"
"boundary-contact:oriented_convergence:3223:3215:0","CONVERGENCE_CONTACT","scale:3223","scale:3215","3223","3215",true,false,"UNIVERSAL","boundary","D5","Mercury","0",,"2",,"single_degree","4→3","4","Sun",true,true,"oriented_convergence",,,,,,,"Universal boundary-family audit; relation generated from established office-bearing satellite"
"boundary-contact:oriented_convergence:3343:3215:0","CONVERGENCE_CONTACT","scale:3343","scale:3215","3343","3215",true,false,"UNIVERSAL","boundary","D6","Mercury","0",,"2",,"single_degree","8→7","5","Venus",true,true,"oriented_convergence",,,,,,,"Universal boundary-family audit; relation generated from established office-bearing satellite"
"boundary-contact:office_junction:2739:3251:0","JUNCTION_CONTACT","scale:2739","scale:3251","2739","3251",true,false,"UNIVERSAL","boundary","A0","Moon","0",,"2",,"single_degree","9→10","6","Mercury",true,true,"office_junction",,,,,,,"Universal boundary-family audit; relation generated from established office-bearing satellite"
"boundary-contact:office_junction:3187:3251:0","JUNCTION_CONTACT","scale:3187","scale:3251","3187","3251",true,false,"UNIVERSAL","boundary","D2","Moon","0",,"2",,"single_degree","6→7","5","Venus",true,true,"office_junction",,,,,,,"Universal boundary-family audit; relation generated from established office-bearing satellite"
"boundary-contact:office_junction:3243:3251:0","JUNCTION_CONTACT","scale:3243","scale:3251","3243","3251",true,false,"UNIVERSAL","boundary","A2","Mercury","0",,"2",,"single_degree","3→4","3","Mars",true,true,"office_junction",,,,,,,"Universal boundary-family audit; relation generated from established office-bearing satellite"
"boundary-contact:office_junction:3253:3251:0","JUNCTION_CONTACT","scale:3253","scale:3251","3253","3251",true,false,"UNIVERSAL","boundary","A0","Moon","0",,"2",,"single_degree","2→1","2","Jupiter",true,true,"office_junction",,,,,,,"Universal boundary-family audit; relation generated from established office-bearing satellite"
"boundary-contact:oriented_convergence:2763:3275:0","CONVERGENCE_CONTACT","scale:2763","scale:3275","2763","3275",true,false,"UNIVERSAL","boundary","A2","Mercury","0",,"2",,"single_degree","9→10","6","Mercury",true,true,"oriented_convergence",,,,,,,"Universal boundary-family audit; relation generated from established office-bearing satellite"
"boundary-contact:oriented_convergence:3243:3275:0","CONVERGENCE_CONTACT","scale:3243","scale:3275","3243","3275",true,false,"UNIVERSAL","boundary","A2","Mercury","0",,"2",,"single_degree","5→6","4","Sun",true,true,"oriented_convergence",,,,,,,"Universal boundary-family audit; relation generated from established office-bearing satellite"
"boundary-contact:oriented_convergence:3271:3275:0","CONVERGENCE_CONTACT","scale:3271","scale:3275","3271","3275",true,false,"UNIVERSAL","boundary","D5","Mercury","0",,"2",,"single_degree","2→3","3","Mars",true,true,"oriented_convergence",,,,,,,"Universal boundary-family audit; relation generated from established office-bearing satellite"
"boundary-contact:office_junction:2765:3277:0","JUNCTION_CONTACT","scale:2765","scale:3277","2765","3277",true,false,"UNIVERSAL","boundary","A0","Sun","0",,"2",,"single_degree","9→10","6","Mercury",true,true,"office_junction",,,,,,,"Universal boundary-family audit; relation generated from established office-bearing satellite"
"boundary-contact:office_junction:3245:3277:0","JUNCTION_CONTACT","scale:3245","scale:3277","3245","3277",true,false,"UNIVERSAL","boundary","A1","Mars","0",,"2",,"single_degree","5→6","4","Sun",true,true,"office_junction",,,,,,,"Universal boundary-family audit; relation generated from established office-bearing satellite"
"boundary-contact:office_junction:3285:3277:0","JUNCTION_CONTACT","scale:3285","scale:3277","3285","3277",true,false,"UNIVERSAL","boundary","A0","Sun","0",,"2",,"single_degree","4→3","3","Mars",true,true,"office_junction",,,,,,,"Universal boundary-family audit; relation generated from established office-bearing satellite"
"boundary-contact:office_junction:3405:3277:0","JUNCTION_CONTACT","scale:3405","scale:3277","3405","3277",true,false,"UNIVERSAL","boundary","A2","Venus","0",,"2",,"single_degree","8→7","5","Venus",true,true,"office_junction",,,,,,,"Universal boundary-family audit; relation generated from established office-bearing satellite"
"boundary-contact:office_junction:2771:3283:0","JUNCTION_CONTACT","scale:2771","scale:3283","2771","3283",true,false,"UNIVERSAL","boundary","A0","Sun","0",,"2",,"single_degree","9→10","6","Mercury",true,true,"office_junction",,,,,,,"Universal boundary-family audit; relation generated from established office-bearing satellite"
"boundary-contact:office_junction:3285:3283:0","JUNCTION_CONTACT","scale:3285","scale:3283","3285","3283",true,false,"UNIVERSAL","boundary","A0","Sun","0",,"2",,"single_degree","2→1","2","Jupiter",true,true,"office_junction",,,,,,,"Universal boundary-family audit; relation generated from established office-bearing satellite"
"boundary-contact:office_junction:3299:3283:0","JUNCTION_CONTACT","scale:3299","scale:3283","3299","3283",true,false,"UNIVERSAL","boundary","D2","Sun","0",,"2",,"single_degree","5→4","3","Mars",true,true,"office_junction",,,,,,,"Universal boundary-family audit; relation generated from established office-bearing satellite"
"boundary-contact:office_junction:3411:3283:0","JUNCTION_CONTACT","scale:3411","scale:3283","3411","3283",true,false,"UNIVERSAL","boundary","A2","Venus","0",,"2",,"single_degree","8→7","5","Venus",true,true,"office_junction",,,,,,,"Universal boundary-family audit; relation generated from established office-bearing satellite"
"boundary-contact:oriented_convergence:2859:3371:0","CONVERGENCE_CONTACT","scale:2859","scale:3371","2859","3371",true,false,"UNIVERSAL","boundary","A2","Mercury","0",,"2",,"single_degree","9→10","6","Mercury",true,true,"oriented_convergence",,,,,,,"Universal boundary-family audit; relation generated from established office-bearing satellite"
"boundary-contact:oriented_convergence:3243:3371:0","CONVERGENCE_CONTACT","scale:3243","scale:3371","3243","3371",true,false,"UNIVERSAL","boundary","A2","Mercury","0",,"2",,"single_degree","7→8","5","Venus",true,true,"oriented_convergence",,,,,,,"Universal boundary-family audit; relation generated from established office-bearing satellite"
"boundary-contact:oriented_convergence:3355:3371:0","CONVERGENCE_CONTACT","scale:3355","scale:3371","3355","3371",true,false,"UNIVERSAL","boundary","D3","Mercury","0",,"2",,"single_degree","4→5","4","Sun",true,true,"oriented_convergence",,,,,,,"Universal boundary-family audit; relation generated from established office-bearing satellite"
"boundary-contact:oriented_convergence:3367:3371:0","CONVERGENCE_CONTACT","scale:3367","scale:3371","3367","3371",true,false,"UNIVERSAL","boundary","D5","Mercury","0",,"2",,"single_degree","2→3","3","Mars",true,true,"oriented_convergence",,,,,,,"Universal boundary-family audit; relation generated from established office-bearing satellite"
"boundary-contact:office_junction:2861:3373:0","JUNCTION_CONTACT","scale:2861","scale:3373","2861","3373",true,false,"UNIVERSAL","boundary","A1","Mars","0",,"2",,"single_degree","9→10","6","Mercury",true,true,"office_junction",,,,,,,"Universal boundary-family audit; relation generated from established office-bearing satellite"
"boundary-contact:office_junction:3245:3373:0","JUNCTION_CONTACT","scale:3245","scale:3373","3245","3373",true,false,"UNIVERSAL","boundary","A1","Mars","0",,"2",,"single_degree","7→8","5","Venus",true,true,"office_junction",,,,,,,"Universal boundary-family audit; relation generated from established office-bearing satellite"
"boundary-contact:office_junction:3357:3373:0","JUNCTION_CONTACT","scale:3357","scale:3373","3357","3373",true,false,"UNIVERSAL","boundary","D4","Mars","0",,"2",,"single_degree","4→5","4","Sun",true,true,"office_junction",,,,,,,"Universal boundary-family audit; relation generated from established office-bearing satellite"
"boundary-contact:office_junction:3381:3373:0","JUNCTION_CONTACT","scale:3381","scale:3373","3381","3373",true,false,"UNIVERSAL","boundary","A2","Venus","0",,"2",,"single_degree","4→3","3","Mars",true,true,"office_junction",,,,,,,"Universal boundary-family audit; relation generated from established office-bearing satellite"
"boundary-contact:office_junction:3405:3373:0","JUNCTION_CONTACT","scale:3405","scale:3373","3405","3373",true,false,"UNIVERSAL","boundary","A2","Venus","0",,"2",,"single_degree","6→5","4","Sun",true,true,"office_junction",,,,,,,"Universal boundary-family audit; relation generated from established office-bearing satellite"
"boundary-contact:oriented_convergence:3381:3379:0","CONVERGENCE_CONTACT","scale:3381","scale:3379","3381","3379",true,false,"UNIVERSAL","boundary","A2","Venus","0",,"2",,"single_degree","2→1","2","Jupiter",true,true,"oriented_convergence",,,,,,,"Universal boundary-family audit; relation generated from established office-bearing satellite"
"boundary-contact:oriented_convergence:3411:3379:0","CONVERGENCE_CONTACT","scale:3411","scale:3379","3411","3379",true,false,"UNIVERSAL","boundary","A2","Venus","0",,"2",,"single_degree","6→5","4","Sun",true,true,"oriented_convergence",,,,,,,"Universal boundary-family audit; relation generated from established office-bearing satellite"
"boundary-contact:oriented_convergence:3635:3379:0","CONVERGENCE_CONTACT","scale:3635","scale:3379","3635","3379",true,false,"UNIVERSAL","boundary","D5","Venus","0",,"2",,"single_degree","9→8","5","Venus",true,true,"oriented_convergence",,,,,,,"Universal boundary-family audit; relation generated from established office-bearing satellite"
"boundary-contact:oriented_convergence:3271:3399:0","CONVERGENCE_CONTACT","scale:3271","scale:3399","3271","3399",true,false,"UNIVERSAL","boundary","D5","Mercury","0",,"2",,"single_degree","7→8","5","Venus",true,true,"oriented_convergence",,,,,,,"Universal boundary-family audit; relation generated from established office-bearing satellite"
"boundary-contact:oriented_convergence:3367:3399:0","CONVERGENCE_CONTACT","scale:3367","scale:3399","3367","3399",true,false,"UNIVERSAL","boundary","D5","Mercury","0",,"2",,"single_degree","5→6","4","Sun",true,true,"oriented_convergence",,,,,,,"Universal boundary-family audit; relation generated from established office-bearing satellite"
"boundary-contact:oriented_convergence:3405:3403:0","CONVERGENCE_CONTACT","scale:3405","scale:3403","3405","3403",true,false,"UNIVERSAL","boundary","A2","Venus","0",,"2",,"single_degree","2→1","2","Jupiter",true,true,"oriented_convergence",,,,,,,"Universal boundary-family audit; relation generated from established office-bearing satellite"
"boundary-contact:oriented_convergence:3411:3403:0","CONVERGENCE_CONTACT","scale:3411","scale:3403","3411","3403",true,false,"UNIVERSAL","boundary","A2","Venus","0",,"2",,"single_degree","4→3","3","Mars",true,true,"oriented_convergence",,,,,,,"Universal boundary-family audit; relation generated from established office-bearing satellite"
"boundary-contact:oriented_convergence:3467:3403:0","CONVERGENCE_CONTACT","scale:3467","scale:3403","3467","3403",true,false,"UNIVERSAL","boundary","D3","Venus","0",,"2",,"single_degree","7→6","4","Sun",true,true,"oriented_convergence",,,,,,,"Universal boundary-family audit; relation generated from established office-bearing satellite"
"boundary-contact:oriented_convergence:3659:3403:0","CONVERGENCE_CONTACT","scale:3659","scale:3403","3659","3403",true,false,"UNIVERSAL","boundary","D5","Venus","0",,"2",,"single_degree","9→8","5","Venus",true,true,"oriented_convergence",,,,,,,"Universal boundary-family audit; relation generated from established office-bearing satellite"
"boundary-contact:office_junction:2915:3427:0","JUNCTION_CONTACT","scale:2915","scale:3427","2915","3427",true,false,"UNIVERSAL","boundary","D2","Sun","0",,"2",,"single_degree","9→10","6","Mercury",true,true,"office_junction",,,,,,,"Universal boundary-family audit; relation generated from established office-bearing satellite"
"boundary-contact:office_junction:3299:3427:0","JUNCTION_CONTACT","scale:3299","scale:3427","3299","3427",true,false,"UNIVERSAL","boundary","D2","Sun","0",,"2",,"single_degree","7→8","5","Venus",true,true,"office_junction",,,,,,,"Universal boundary-family audit; relation generated from established office-bearing satellite"
"boundary-contact:office_junction:3411:3427:0","JUNCTION_CONTACT","scale:3411","scale:3427","3411","3427",true,false,"UNIVERSAL","boundary","A2","Venus","0",,"2",,"single_degree","4→5","3","Mars",true,true,"office_junction",,,,,,,"Universal boundary-family audit; relation generated from established office-bearing satellite"
"boundary-contact:office_junction:3429:3427:0","JUNCTION_CONTACT","scale:3429","scale:3427","3429","3427",true,false,"UNIVERSAL","boundary","A2","Venus","0",,"2",,"single_degree","2→1","2","Jupiter",true,true,"office_junction",,,,,,,"Universal boundary-family audit; relation generated from established office-bearing satellite"
"boundary-contact:office_junction:3683:3427:0","JUNCTION_CONTACT","scale:3683","scale:3427","3683","3427",true,false,"UNIVERSAL","boundary","D5","Venus","0",,"2",,"single_degree","9→8","5","Venus",true,true,"office_junction",,,,,,,"Universal boundary-family audit; relation generated from established office-bearing satellite"
"boundary-contact:oriented_convergence:3467:3463:0","CONVERGENCE_CONTACT","scale:3467","scale:3463","3467","3463",true,false,"UNIVERSAL","boundary","D3","Venus","0",,"2",,"single_degree","3→2","3","Mars",true,true,"oriented_convergence",,,,,,,"Universal boundary-family audit; relation generated from established office-bearing satellite"
"boundary-contact:oriented_convergence:3719:3463:0","CONVERGENCE_CONTACT","scale:3719","scale:3463","3719","3463",true,false,"UNIVERSAL","boundary","D6","Venus","0",,"2",,"single_degree","9→8","5","Venus",true,true,"oriented_convergence",,,,,,,"Universal boundary-family audit; relation generated from established office-bearing satellite"
"boundary-contact:office_junction:1741:3481:-1","JUNCTION_CONTACT","scale:1741","scale:3481","1741","3481",true,false,"UNIVERSAL","boundary","A0","Mercury","-1",,"2",,"root_phase","root 0→11; renormalize +1","1","Saturn",true,true,"office_junction",,,,,,,"Universal boundary-family audit; relation generated from established office-bearing satellite"
"boundary-contact:office_junction:3417:3481:0","JUNCTION_CONTACT","scale:3417","scale:3481","3417","3481",true,false,"UNIVERSAL","boundary","A0","Mercury","0",,"2",,"single_degree","6→7","4","Sun",true,true,"office_junction",,,,,,,"Universal boundary-family audit; relation generated from established office-bearing satellite"
"boundary-contact:office_junction:3477:3481:0","JUNCTION_CONTACT","scale:3477","scale:3481","3477","3481",true,false,"UNIVERSAL","boundary","A2","Venus","0",,"2",,"single_degree","2→3","2","Jupiter",true,true,"office_junction",,,,,,,"Universal boundary-family audit; relation generated from established office-bearing satellite"
"boundary-contact:office_junction:3497:3481:0","JUNCTION_CONTACT","scale:3497","scale:3481","3497","3481",true,false,"UNIVERSAL","boundary","A1","Moon","0",,"2",,"single_degree","5→4","3","Mars",true,true,"office_junction",,,,,,,"Universal boundary-family audit; relation generated from established office-bearing satellite"
"boundary-contact:oriented_convergence:2979:3491:0","CONVERGENCE_CONTACT","scale:2979","scale:3491","2979","3491",true,false,"UNIVERSAL","boundary","D4","Saturn","0",,"2",,"single_degree","9→10","6","Mercury",true,true,"oriented_convergence",,,,,,,"Universal boundary-family audit; relation generated from established office-bearing satellite"
"boundary-contact:oriented_convergence:3475:3491:0","CONVERGENCE_CONTACT","scale:3475","scale:3491","3475","3491",true,false,"UNIVERSAL","boundary","D4","Saturn","0",,"2",,"single_degree","4→5","3","Mars",true,true,"oriented_convergence",,,,,,,"Universal boundary-family audit; relation generated from established office-bearing satellite"
"boundary-contact:office_junction:1747:3493:-1","JUNCTION_CONTACT","scale:1747","scale:3493","1747","3493",true,false,"UNIVERSAL","boundary","A1","Moon","-1",,"2",,"root_phase","root 0→11; renormalize +1","1","Saturn",true,true,"office_junction",,,,,,,"Universal boundary-family audit; relation generated from established office-bearing satellite"
"boundary-contact:office_junction:3429:3493:0","JUNCTION_CONTACT","scale:3429","scale:3493","3429","3493",true,false,"UNIVERSAL","boundary","A2","Venus","0",,"2",,"single_degree","6→7","4","Sun",true,true,"office_junction",,,,,,,"Universal boundary-family audit; relation generated from established office-bearing satellite"
"boundary-contact:office_junction:3477:3493:0","JUNCTION_CONTACT","scale:3477","scale:3493","3477","3493",true,false,"UNIVERSAL","boundary","A2","Venus","0",,"2",,"single_degree","4→5","3","Mars",true,true,"office_junction",,,,,,,"Universal boundary-family audit; relation generated from established office-bearing satellite"
"boundary-contact:office_junction:3497:3493:0","JUNCTION_CONTACT","scale:3497","scale:3493","3497","3493",true,false,"UNIVERSAL","boundary","A1","Moon","0",,"2",,"single_degree","3→2","2","Jupiter",true,true,"office_junction",,,,,,,"Universal boundary-family audit; relation generated from established office-bearing satellite"
"boundary-contact:office_junction:3525:3493:0","JUNCTION_CONTACT","scale:3525","scale:3493","3525","3493",true,false,"UNIVERSAL","boundary","D4","Moon","0",,"2",,"single_degree","6→5","3","Mars",true,true,"office_junction",,,,,,,"Universal boundary-family audit; relation generated from established office-bearing satellite"
"boundary-contact:peripheral_leaf:3525:3523:0","LEAF_CONTACT","scale:3525","scale:3523","3525","3523",true,false,"UNIVERSAL","boundary","D4","Moon","0",,"2",,"single_degree","2→1","2","Jupiter",true,true,"peripheral_leaf",,,,,,,"Universal boundary-family audit; relation generated from established office-bearing satellite"
"boundary-contact:peripheral_leaf:3537:3553:0","LEAF_CONTACT","scale:3537","scale:3553","3537","3553",true,false,"UNIVERSAL","boundary","D4","Moon","0",,"2",,"single_degree","4→5","2","Jupiter",true,true,"peripheral_leaf",,,,,,,"Universal boundary-family audit; relation generated from established office-bearing satellite"
"boundary-contact:oriented_convergence:3355:3611:0","CONVERGENCE_CONTACT","scale:3355","scale:3611","3355","3611",true,false,"UNIVERSAL","boundary","D3","Mercury","0",,"2",,"single_degree","8→9","5","Venus",true,true,"oriented_convergence",,,,,,,"Universal boundary-family audit; relation generated from established office-bearing satellite"
"boundary-contact:oriented_convergence:3607:3611:0","CONVERGENCE_CONTACT","scale:3607","scale:3611","3607","3611",true,false,"UNIVERSAL","boundary","D6","Mercury","0",,"2",,"single_degree","2→3","3","Mars",true,true,"oriented_convergence",,,,,,,"Universal boundary-family audit; relation generated from established office-bearing satellite"
"boundary-contact:peripheral_leaf:3357:3613:0","LEAF_CONTACT","scale:3357","scale:3613","3357","3613",true,false,"UNIVERSAL","boundary","D4","Mars","0",,"2",,"single_degree","8→9","5","Venus",true,true,"peripheral_leaf",,,,,,,"Universal boundary-family audit; relation generated from established office-bearing satellite"
"boundary-contact:oriented_convergence:3367:3623:0","CONVERGENCE_CONTACT","scale:3367","scale:3623","3367","3623",true,false,"UNIVERSAL","boundary","D5","Mercury","0",,"2",,"single_degree","8→9","5","Venus",true,true,"oriented_convergence",,,,,,,"Universal boundary-family audit; relation generated from established office-bearing satellite"
"boundary-contact:oriented_convergence:3607:3623:0","CONVERGENCE_CONTACT","scale:3607","scale:3623","3607","3623",true,false,"UNIVERSAL","boundary","D6","Mercury","0",,"2",,"single_degree","4→5","4","Sun",true,true,"oriented_convergence",,,,,,,"Universal boundary-family audit; relation generated from established office-bearing satellite"
"boundary-contact:oriented_convergence:3635:3627:0","CONVERGENCE_CONTACT","scale:3635","scale:3627","3635","3627",true,false,"UNIVERSAL","boundary","D5","Venus","0",,"2",,"single_degree","4→3","3","Mars",true,true,"oriented_convergence",,,,,,,"Universal boundary-family audit; relation generated from established office-bearing satellite"
"boundary-contact:oriented_convergence:3659:3627:0","CONVERGENCE_CONTACT","scale:3659","scale:3627","3659","3627",true,false,"UNIVERSAL","boundary","D5","Venus","0",,"2",,"single_degree","6→5","4","Sun",true,true,"oriented_convergence",,,,,,,"Universal boundary-family audit; relation generated from established office-bearing satellite"
"boundary-contact:oriented_convergence:1815:3629:-1","CONVERGENCE_CONTACT","scale:1815","scale:3629","1815","3629",true,false,"UNIVERSAL","boundary","D4","Jupiter","-1",,"2",,"root_phase","root 0→11; renormalize +1","1","Saturn",true,true,"oriented_convergence",,,,,,,"Universal boundary-family audit; relation generated from established office-bearing satellite"
"boundary-contact:oriented_convergence:3661:3629:0","CONVERGENCE_CONTACT","scale:3661","scale:3629","3661","3629",true,false,"UNIVERSAL","boundary","D4","Jupiter","0",,"2",,"single_degree","6→5","4","Sun",true,true,"oriented_convergence",,,,,,,"Universal boundary-family audit; relation generated from established office-bearing satellite"
"boundary-contact:office_junction:1819:3637:-1","JUNCTION_CONTACT","scale:1819","scale:3637","1819","3637",true,false,"UNIVERSAL","boundary","D2","Mercury","-1",,"2",,"root_phase","root 0→11; renormalize +1","1","Saturn",true,true,"office_junction",,,,,,,"Universal boundary-family audit; relation generated from established office-bearing satellite"
"boundary-contact:office_junction:3381:3637:0","JUNCTION_CONTACT","scale:3381","scale:3637","3381","3637",true,false,"UNIVERSAL","boundary","A2","Venus","0",,"2",,"single_degree","8→9","5","Venus",true,true,"office_junction",,,,,,,"Universal boundary-family audit; relation generated from established office-bearing satellite"
"boundary-contact:office_junction:3635:3637:0","JUNCTION_CONTACT","scale:3635","scale:3637","3635","3637",true,false,"UNIVERSAL","boundary","D5","Venus","0",,"2",,"single_degree","1→2","2","Jupiter",true,true,"office_junction",,,,,,,"Universal boundary-family audit; relation generated from established office-bearing satellite"
"boundary-contact:office_junction:3641:3637:0","JUNCTION_CONTACT","scale:3641","scale:3637","3641","3637",true,false,"UNIVERSAL","boundary","D2","Mercury","0",,"2",,"single_degree","3→2","2","Jupiter",true,true,"office_junction",,,,,,,"Universal boundary-family audit; relation generated from established office-bearing satellite"
"boundary-contact:office_junction:3669:3637:0","JUNCTION_CONTACT","scale:3669","scale:3637","3669","3637",true,false,"UNIVERSAL","boundary","A2","Venus","0",,"2",,"single_degree","6→5","4","Sun",true,true,"office_junction",,,,,,,"Universal boundary-family audit; relation generated from established office-bearing satellite"
"boundary-contact:oriented_convergence:3659:3655:0","CONVERGENCE_CONTACT","scale:3659","scale:3655","3659","3655",true,false,"UNIVERSAL","boundary","D5","Venus","0",,"2",,"single_degree","3→2","3","Mars",true,true,"oriented_convergence",,,,,,,"Universal boundary-family audit; relation generated from established office-bearing satellite"
"boundary-contact:oriented_convergence:3719:3655:0","CONVERGENCE_CONTACT","scale:3719","scale:3655","3719","3655",true,false,"UNIVERSAL","boundary","D6","Venus","0",,"2",,"single_degree","7→6","4","Sun",true,true,"oriented_convergence",,,,,,,"Universal boundary-family audit; relation generated from established office-bearing satellite"
"boundary-contact:office_junction:1837:3673:-1","JUNCTION_CONTACT","scale:1837","scale:3673","1837","3673",true,false,"UNIVERSAL","boundary","A0","Mercury","-1",,"2",,"root_phase","root 0→11; renormalize +1","1","Saturn",true,true,"office_junction",,,,,,,"Universal boundary-family audit; relation generated from established office-bearing satellite"
"boundary-contact:office_junction:3417:3673:0","JUNCTION_CONTACT","scale:3417","scale:3673","3417","3673",true,false,"UNIVERSAL","boundary","A0","Mercury","0",,"2",,"single_degree","8→9","5","Venus",true,true,"office_junction",,,,,,,"Universal boundary-family audit; relation generated from established office-bearing satellite"
"boundary-contact:office_junction:3641:3673:0","JUNCTION_CONTACT","scale:3641","scale:3673","3641","3673",true,false,"UNIVERSAL","boundary","D2","Mercury","0",,"2",,"single_degree","5→6","4","Sun",true,true,"office_junction",,,,,,,"Universal boundary-family audit; relation generated from established office-bearing satellite"
"boundary-contact:office_junction:3669:3673:0","JUNCTION_CONTACT","scale:3669","scale:3673","3669","3673",true,false,"UNIVERSAL","boundary","A2","Venus","0",,"2",,"single_degree","2→3","2","Jupiter",true,true,"office_junction",,,,,,,"Universal boundary-family audit; relation generated from established office-bearing satellite"
"boundary-contact:oriented_convergence:3429:3685:0","CONVERGENCE_CONTACT","scale:3429","scale:3685","3429","3685",true,false,"UNIVERSAL","boundary","A2","Venus","0",,"2",,"single_degree","8→9","5","Venus",true,true,"oriented_convergence",,,,,,,"Universal boundary-family audit; relation generated from established office-bearing satellite"
"boundary-contact:oriented_convergence:3669:3685:0","CONVERGENCE_CONTACT","scale:3669","scale:3685","3669","3685",true,false,"UNIVERSAL","boundary","A2","Venus","0",,"2",,"single_degree","4→5","3","Mars",true,true,"oriented_convergence",,,,,,,"Universal boundary-family audit; relation generated from established office-bearing satellite"
"boundary-contact:oriented_convergence:3683:3685:0","CONVERGENCE_CONTACT","scale:3683","scale:3685","3683","3685",true,false,"UNIVERSAL","boundary","D5","Venus","0",,"2",,"single_degree","1→2","2","Jupiter",true,true,"oriented_convergence",,,,,,,"Universal boundary-family audit; relation generated from established office-bearing satellite"
"boundary-contact:office_junction:1845:3689:-1","JUNCTION_CONTACT","scale:1845","scale:3689","1845","3689",true,false,"UNIVERSAL","boundary","A0","Mars","-1",,"2",,"root_phase","root 0→11; renormalize +1","1","Saturn",true,true,"office_junction",,,,,,,"Universal boundary-family audit; relation generated from established office-bearing satellite"
"boundary-contact:office_junction:3433:3689:0","JUNCTION_CONTACT","scale:3433","scale:3689","3433","3689",true,false,"UNIVERSAL","boundary","A0","Mars","0",,"2",,"single_degree","8→9","5","Venus",true,true,"office_junction",,,,,,,"Universal boundary-family audit; relation generated from established office-bearing satellite"
"boundary-contact:office_junction:3697:3689:0","JUNCTION_CONTACT","scale:3697","scale:3689","3697","3689",true,false,"UNIVERSAL","boundary","D2","Mars","0",,"2",,"single_degree","4→3","2","Jupiter",true,true,"office_junction",,,,,,,"Universal boundary-family audit; relation generated from established office-bearing satellite"
"boundary-contact:office_junction:3753:3689:0","JUNCTION_CONTACT","scale:3753","scale:3689","3753","3689",true,false,"UNIVERSAL","boundary","A2","Sun","0",,"2",,"single_degree","7→6","4","Sun",true,true,"office_junction",,,,,,,"Universal boundary-family audit; relation generated from established office-bearing satellite"
"boundary-contact:oriented_convergence:3477:3733:0","CONVERGENCE_CONTACT","scale:3477","scale:3733","3477","3733",true,false,"UNIVERSAL","boundary","A2","Venus","0",,"2",,"single_degree","8→9","5","Venus",true,true,"oriented_convergence",,,,,,,"Universal boundary-family audit; relation generated from established office-bearing satellite"
"boundary-contact:oriented_convergence:3669:3733:0","CONVERGENCE_CONTACT","scale:3669","scale:3733","3669","3733",true,false,"UNIVERSAL","boundary","A2","Venus","0",,"2",,"single_degree","6→7","4","Sun",true,true,"oriented_convergence",,,,,,,"Universal boundary-family audit; relation generated from established office-bearing satellite"
"boundary-contact:oriented_convergence:3725:3733:0","CONVERGENCE_CONTACT","scale:3725","scale:3733","3725","3733",true,false,"UNIVERSAL","boundary","D3","Venus","0",,"2",,"single_degree","3→4","3","Mars",true,true,"oriented_convergence",,,,,,,"Universal boundary-family audit; relation generated from established office-bearing satellite"
"boundary-contact:oriented_convergence:3731:3733:0","CONVERGENCE_CONTACT","scale:3731","scale:3733","3731","3733",true,false,"UNIVERSAL","boundary","D5","Venus","0",,"2",,"single_degree","1→2","2","Jupiter",true,true,"oriented_convergence",,,,,,,"Universal boundary-family audit; relation generated from established office-bearing satellite"
"boundary-contact:oriented_convergence:1869:3737:-1","CONVERGENCE_CONTACT","scale:1869","scale:3737","1869","3737",true,false,"UNIVERSAL","boundary","A2","Sun","-1",,"2",,"root_phase","root 0→11; renormalize +1","1","Saturn",true,true,"oriented_convergence",,,,,,,"Universal boundary-family audit; relation generated from established office-bearing satellite"
"boundary-contact:oriented_convergence:3753:3737:0","CONVERGENCE_CONTACT","scale:3753","scale:3737","3753","3737",true,false,"UNIVERSAL","boundary","A2","Sun","0",,"2",,"single_degree","5→4","3","Mars",true,true,"oriented_convergence",,,,,,,"Universal boundary-family audit; relation generated from established office-bearing satellite"
"boundary-contact:oriented_convergence:3865:3737:0","CONVERGENCE_CONTACT","scale:3865","scale:3737","3865","3737",true,false,"UNIVERSAL","boundary","D5","Sun","0",,"2",,"single_degree","8→7","4","Sun",true,true,"oriented_convergence",,,,,,,"Universal boundary-family audit; relation generated from established office-bearing satellite"
"boundary-contact:oriented_convergence:3683:3747:0","CONVERGENCE_CONTACT","scale:3683","scale:3747","3683","3747",true,false,"UNIVERSAL","boundary","D5","Venus","0",,"2",,"single_degree","6→7","4","Sun",true,true,"oriented_convergence",,,,,,,"Universal boundary-family audit; relation generated from established office-bearing satellite"
"boundary-contact:oriented_convergence:3731:3747:0","CONVERGENCE_CONTACT","scale:3731","scale:3747","3731","3747",true,false,"UNIVERSAL","boundary","D5","Venus","0",,"2",,"single_degree","4→5","3","Mars",true,true,"oriented_convergence",,,,,,,"Universal boundary-family audit; relation generated from established office-bearing satellite"
"boundary-contact:oriented_convergence:1875:3749:-1","CONVERGENCE_CONTACT","scale:1875","scale:3749","1875","3749",true,false,"UNIVERSAL","boundary","A2","Sun","-1",,"2",,"root_phase","root 0→11; renormalize +1","1","Saturn",true,true,"oriented_convergence",,,,,,,"Universal boundary-family audit; relation generated from established office-bearing satellite"
"boundary-contact:oriented_convergence:3753:3749:0","CONVERGENCE_CONTACT","scale:3753","scale:3749","3753","3749",true,false,"UNIVERSAL","boundary","A2","Sun","0",,"2",,"single_degree","3→2","2","Jupiter",true,true,"oriented_convergence",,,,,,,"Universal boundary-family audit; relation generated from established office-bearing satellite"
"boundary-contact:oriented_convergence:3781:3749:0","CONVERGENCE_CONTACT","scale:3781","scale:3749","3781","3749",true,false,"UNIVERSAL","boundary","D3","Sun","0",,"2",,"single_degree","6→5","3","Mars",true,true,"oriented_convergence",,,,,,,"Universal boundary-family audit; relation generated from established office-bearing satellite"
"boundary-contact:oriented_convergence:3877:3749:0","CONVERGENCE_CONTACT","scale:3877","scale:3749","3877","3749",true,false,"UNIVERSAL","boundary","D5","Sun","0",,"2",,"single_degree","8→7","4","Sun",true,true,"oriented_convergence",,,,,,,"Universal boundary-family audit; relation generated from established office-bearing satellite"
"boundary-contact:office_junction:1881:3761:-1","JUNCTION_CONTACT","scale:1881","scale:3761","1881","3761",true,false,"UNIVERSAL","boundary","A2","Sun","-1",,"2",,"root_phase","root 0→11; renormalize +1","1","Saturn",true,true,"office_junction",,,,,,,"Universal boundary-family audit; relation generated from established office-bearing satellite"
"boundary-contact:office_junction:3505:3761:0","JUNCTION_CONTACT","scale:3505","scale:3761","3505","3761",true,false,"UNIVERSAL","boundary","D2","Mars","0",,"2",,"single_degree","8→9","5","Venus",true,true,"office_junction",,,,,,,"Universal boundary-family audit; relation generated from established office-bearing satellite"
"boundary-contact:office_junction:3697:3761:0","JUNCTION_CONTACT","scale:3697","scale:3761","3697","3761",true,false,"UNIVERSAL","boundary","D2","Mars","0",,"2",,"single_degree","6→7","4","Sun",true,true,"office_junction",,,,,,,"Universal boundary-family audit; relation generated from established office-bearing satellite"
"boundary-contact:office_junction:3753:3761:0","JUNCTION_CONTACT","scale:3753","scale:3761","3753","3761",true,false,"UNIVERSAL","boundary","A2","Sun","0",,"2",,"single_degree","3→4","2","Jupiter",true,true,"office_junction",,,,,,,"Universal boundary-family audit; relation generated from established office-bearing satellite"
"boundary-contact:office_junction:3889:3761:0","JUNCTION_CONTACT","scale:3889","scale:3761","3889","3761",true,false,"UNIVERSAL","boundary","D5","Sun","0",,"2",,"single_degree","8→7","4","Sun",true,true,"office_junction",,,,,,,"Universal boundary-family audit; relation generated from established office-bearing satellite"
"boundary-contact:oriented_convergence:3781:3779:0","CONVERGENCE_CONTACT","scale:3781","scale:3779","3781","3779",true,false,"UNIVERSAL","boundary","D3","Sun","0",,"2",,"single_degree","2→1","2","Jupiter",true,true,"oriented_convergence",,,,,,,"Universal boundary-family audit; relation generated from established office-bearing satellite"
"boundary-contact:oriented_convergence:3907:3779:0","CONVERGENCE_CONTACT","scale:3907","scale:3779","3907","3779",true,false,"UNIVERSAL","boundary","D6","Sun","0",,"2",,"single_degree","8→7","4","Sun",true,true,"oriented_convergence",,,,,,,"Universal boundary-family audit; relation generated from established office-bearing satellite"
"boundary-contact:oriented_convergence:3537:3793:0","CONVERGENCE_CONTACT","scale:3537","scale:3793","3537","3793",true,false,"UNIVERSAL","boundary","D4","Moon","0",,"2",,"single_degree","8→9","5","Venus",true,true,"oriented_convergence",,,,,,,"Universal boundary-family audit; relation generated from established office-bearing satellite"
"boundary-contact:oriented_convergence:3785:3793:0","CONVERGENCE_CONTACT","scale:3785","scale:3793","3785","3793",true,false,"UNIVERSAL","boundary","D4","Moon","0",,"2",,"single_degree","3→4","2","Jupiter",true,true,"oriented_convergence",,,,,,,"Universal boundary-family audit; relation generated from established office-bearing satellite"
"boundary-contact:peripheral_leaf:1905:3809:-1","LEAF_CONTACT","scale:1905","scale:3809","1905","3809",true,false,"UNIVERSAL","boundary","D4","Mercury","-1",,"2",,"root_phase","root 0→11; renormalize +1","1","Saturn",true,true,"peripheral_leaf",,,,,,,"Universal boundary-family audit; relation generated from established office-bearing satellite"
"boundary-contact:oriented_convergence:3725:3853:0","CONVERGENCE_CONTACT","scale:3725","scale:3853","3725","3853",true,false,"UNIVERSAL","boundary","D3","Venus","0",,"2",,"single_degree","7→8","4","Sun",true,true,"oriented_convergence",,,,,,,"Universal boundary-family audit; relation generated from established office-bearing satellite"
"boundary-contact:oriented_convergence:3851:3853:0","CONVERGENCE_CONTACT","scale:3851","scale:3853","3851","3853",true,false,"UNIVERSAL","boundary","D6","Venus","0",,"2",,"single_degree","1→2","2","Jupiter",true,true,"oriented_convergence",,,,,,,"Universal boundary-family audit; relation generated from established office-bearing satellite"
"boundary-contact:oriented_convergence:3731:3859:0","CONVERGENCE_CONTACT","scale:3731","scale:3859","3731","3859",true,false,"UNIVERSAL","boundary","D5","Venus","0",,"2",,"single_degree","7→8","4","Sun",true,true,"oriented_convergence",,,,,,,"Universal boundary-family audit; relation generated from established office-bearing satellite"
"boundary-contact:oriented_convergence:3851:3859:0","CONVERGENCE_CONTACT","scale:3851","scale:3859","3851","3859",true,false,"UNIVERSAL","boundary","D6","Venus","0",,"2",,"single_degree","3→4","3","Mars",true,true,"oriented_convergence",,,,,,,"Universal boundary-family audit; relation generated from established office-bearing satellite"
"boundary-contact:oriented_convergence:3865:3861:0","CONVERGENCE_CONTACT","scale:3865","scale:3861","3865","3861",true,false,"UNIVERSAL","boundary","D5","Sun","0",,"2",,"single_degree","3→2","2","Jupiter",true,true,"oriented_convergence",,,,,,,"Universal boundary-family audit; relation generated from established office-bearing satellite"
"boundary-contact:oriented_convergence:3877:3861:0","CONVERGENCE_CONTACT","scale:3877","scale:3861","3877","3861",true,false,"UNIVERSAL","boundary","D5","Sun","0",,"2",,"single_degree","5→4","3","Mars",true,true,"oriented_convergence",,,,,,,"Universal boundary-family audit; relation generated from established office-bearing satellite"
"boundary-contact:oriented_convergence:3877:3875:0","CONVERGENCE_CONTACT","scale:3877","scale:3875","3877","3875",true,false,"UNIVERSAL","boundary","D5","Sun","0",,"2",,"single_degree","2→1","2","Jupiter",true,true,"oriented_convergence",,,,,,,"Universal boundary-family audit; relation generated from established office-bearing satellite"
"boundary-contact:oriented_convergence:3907:3875:0","CONVERGENCE_CONTACT","scale:3907","scale:3875","3907","3875",true,false,"UNIVERSAL","boundary","D6","Sun","0",,"2",,"single_degree","6→5","3","Mars",true,true,"oriented_convergence",,,,,,,"Universal boundary-family audit; relation generated from established office-bearing satellite"
"boundary-contact:oriented_convergence:3889:3921:0","CONVERGENCE_CONTACT","scale:3889","scale:3921","3889","3921",true,false,"UNIVERSAL","boundary","D5","Sun","0",,"2",,"single_degree","5→6","3","Mars",true,true,"oriented_convergence",,,,,,,"Universal boundary-family audit; relation generated from established office-bearing satellite"
"boundary-contact:oriented_convergence:3913:3921:0","CONVERGENCE_CONTACT","scale:3913","scale:3921","3913","3921",true,false,"UNIVERSAL","boundary","D5","Sun","0",,"2",,"single_degree","3→4","2","Jupiter",true,true,"oriented_convergence",,,,,,,"Universal boundary-family audit; relation generated from established office-bearing satellite"
"boundary-contact:oriented_convergence:1969:3937:-1","CONVERGENCE_CONTACT","scale:1969","scale:3937","1969","3937",true,false,"UNIVERSAL","boundary","D3","Mars","-1",,"2",,"root_phase","root 0→11; renormalize +1","1","Saturn",true,true,"oriented_convergence",,,,,,,"Universal boundary-family audit; relation generated from established office-bearing satellite"
"boundary-contact:oriented_convergence:4001:3937:0","CONVERGENCE_CONTACT","scale:4001","scale:3937","4001","3937",true,false,"UNIVERSAL","boundary","D6","Mars","0",,"2",,"single_degree","7→6","3","Mars",true,true,"oriented_convergence",,,,,,,"Universal boundary-family audit; relation generated from established office-bearing satellite"
"boundary-contact:oriented_convergence:3913:3977:0","CONVERGENCE_CONTACT","scale:3913","scale:3977","3913","3977",true,false,"UNIVERSAL","boundary","D5","Sun","0",,"2",,"single_degree","6→7","3","Mars",true,true,"oriented_convergence",,,,,,,"Universal boundary-family audit; relation generated from established office-bearing satellite"
"boundary-contact:oriented_convergence:3973:3977:0","CONVERGENCE_CONTACT","scale:3973","scale:3977","3973","3977",true,false,"UNIVERSAL","boundary","D6","Sun","0",,"2",,"single_degree","2→3","2","Jupiter",true,true,"oriented_convergence",,,,,,,"Universal boundary-family audit; relation generated from established office-bearing satellite"
"boundary-contact:oriented_convergence:1993:3985:-1","CONVERGENCE_CONTACT","scale:1993","scale:3985","1993","3985",true,false,"UNIVERSAL","boundary","D5","Mars","-1",,"2",,"root_phase","root 0→11; renormalize +1","1","Saturn",true,true,"oriented_convergence",,,,,,,"Universal boundary-family audit; relation generated from established office-bearing satellite"
"boundary-contact:oriented_convergence:4001:3985:0","CONVERGENCE_CONTACT","scale:4001","scale:3985","4001","3985",true,false,"UNIVERSAL","boundary","D6","Mars","0",,"2",,"single_degree","5→4","2","Jupiter",true,true,"oriented_convergence",,,,,,,"Universal boundary-family audit; relation generated from established office-bearing satellite"
"belongs:127:7-1","BELONGS_TO_FAMILY","scale:127","family:7-1","127",,true,false,,,,,,,,,,,,,,,,,,,,,,"Canonical family projection"
"occupies:127:Jupiter","OCCUPIES_OFFICE","scale:127","office:Jupiter","127",,true,false,"D7","D7",,,,,,,,,,,,,,,,,,true,,"Same-office convergence from exactly two D6 / 7-2 satellites, one from each chiral orientation; no residual children."
"belongs:191:7-2","BELONGS_TO_FAMILY","scale:191","family:7-2","191",,true,false,,,,,,,,,,,,,,,,,,,,,,"Canonical family projection"
"occupies:191:Jupiter","OCCUPIES_OFFICE","scale:191","office:Jupiter","191",,true,false,"D6","D6",,,,,,,,,,,,,,,,,,true,,"direct eligible relation to 7-8 D6 anchor 381; earlier precedence preserved"
"belongs:223:7-4","BELONGS_TO_FAMILY","scale:223","family:7-4","223",,true,false,,,,,,,,,,,,,,,,,,,,,,"Canonical family projection"
"office-evidence:223:Jupiter","RELATIONAL_OFFICE_EVIDENCE","scale:223","office:Jupiter","223",,true,false,,,,"Jupiter",,,,,,,,,,,,"2","oriented_convergence",true,false,false,"{""D3"":1,""D6"":1}","Derived aggregate of canonical non-governing boundary contacts"
"belongs:239:7-5","BELONGS_TO_FAMILY","scale:239","family:7-5","239",,true,false,,,,,,,,,,,,,,,,,,,,,,"Canonical family projection"
"office-evidence:239:Mercury","RELATIONAL_OFFICE_EVIDENCE","scale:239","office:Mercury","239",,true,false,,,,"Mercury",,,,,,,,,,,,"1","peripheral_leaf",true,false,false,"{""D4"":1}","Derived aggregate of canonical non-governing boundary contacts"
"belongs:247:7-5","BELONGS_TO_FAMILY","scale:247","family:7-5","247",,true,false,,,,,,,,,,,,,,,,,,,,,,"Canonical family projection"
"office-evidence:247:Venus","RELATIONAL_OFFICE_EVIDENCE","scale:247","office:Venus","247",,true,false,,,,"Venus",,,,,,,,,,,,"1","peripheral_leaf",true,false,false,"{""D4"":1}","Derived aggregate of canonical non-governing boundary contacts"
"belongs:251:7-4","BELONGS_TO_FAMILY","scale:251","family:7-4","251",,true,false,,,,,,,,,,,,,,,,,,,,,,"Canonical family projection"
"office-evidence:251:Jupiter","RELATIONAL_OFFICE_EVIDENCE","scale:251","office:Jupiter","251",,true,false,,,,"Jupiter",,,,,,,,,,,,"2","oriented_convergence",true,false,false,"{""D3"":1,""D6"":1}","Derived aggregate of canonical non-governing boundary contacts"
"belongs:253:7-2","BELONGS_TO_FAMILY","scale:253","family:7-2","253",,true,false,,,,,,,,,,,,,,,,,,,,,,"Canonical family projection"
"occupies:253:Jupiter","OCCUPIES_OFFICE","scale:253","office:Jupiter","253",,true,false,"D6","D6",,,,,,,,,,,,,,,,,,true,,"direct eligible relation to 7-8 D6 anchor 381; earlier precedence preserved"
"belongs:319:7-3","BELONGS_TO_FAMILY","scale:319","family:7-3","319",,true,false,,,,,,,,,,,,,,,,,,,,,,"Canonical family projection"
"office-evidence:319:Jupiter","RELATIONAL_OFFICE_EVIDENCE","scale:319","office:Jupiter","319",,true,false,,,,"Jupiter",,,,,,,,,,,,"2","oriented_convergence",true,false,false,"{""D5"":1,""D6"":1}","Derived aggregate of canonical non-governing boundary contacts"
"belongs:351:7-9","BELONGS_TO_FAMILY","scale:351","family:7-9","351",,true,false,,,,,,,,,,,,,,,,,,,,,,"Canonical family projection"
"office-evidence:351:Saturn","RELATIONAL_OFFICE_EVIDENCE","scale:351","office:Saturn","351",,true,false,,,,"Saturn",,,,,,,,,,,,"2","oriented_convergence",true,false,false,"{""D5"":2}","Derived aggregate of canonical non-governing boundary contacts"
"belongs:367:7-Z36","BELONGS_TO_FAMILY","scale:367","family:7-Z36","367",,true,false,,,,,,,,,,,,,,,,,,,,,,"Canonical family projection"
"office-evidence:367:Venus","RELATIONAL_OFFICE_EVIDENCE","scale:367","office:Venus","367",,true,false,,,,"Venus",,,,,,,,,,,,"2","oriented_convergence",true,false,false,"{""D4"":2}","Derived aggregate of canonical non-governing boundary contacts"
"belongs:375:7-13","BELONGS_TO_FAMILY","scale:375","family:7-13","375",,true,false,,,,,,,,,,,,,,,,,,,,,,"Canonical family projection"
"occupies:375:Venus","OCCUPIES_OFFICE","scale:375","office:Venus","375",,true,false,"D4","D4",,,,,,,,,,,,,,,,,,true,,"direct eligible relation to 7-Z17 D4 anchor 631; earlier precedence preserved"
"belongs:379:7-11","BELONGS_TO_FAMILY","scale:379","family:7-11","379",,true,false,,,,,,,,,,,,,,,,,,,,,,"Canonical family projection"
"occupies:379:Jupiter","OCCUPIES_OFFICE","scale:379","office:Jupiter","379",,true,false,"D3","D3",,,,,,,,,,,,,,,,,,true,,"direct eligible relation to 7-Z37 D3 anchor 443; earlier precedence preserved"
"belongs:381:7-8","BELONGS_TO_FAMILY","scale:381","family:7-8","381",,true,false,,,,,,,,,,,,,,,,,,,,,,"Canonical family projection"
"occupies:381:Jupiter","OCCUPIES_OFFICE","scale:381","office:Jupiter","381",,true,false,"D6","D6",,,,,,,,,,,,,,,,,,true,,"7-8 same-office convergence from two established D3 and two established D5 satellite contacts"
"belongs:415:7-6","BELONGS_TO_FAMILY","scale:415","family:7-6","415",,true,false,,,,,,,,,,,,,,,,,,,,,,"Canonical family projection"
"occupies:415:Saturn","OCCUPIES_OFFICE","scale:415","office:Saturn","415",,true,false,"D5","D5",,,,,,,,,,,,,,,,,,true,,"direct eligible relation to 7-Z12 D5 anchor 671; earlier precedence preserved"
"belongs:431:7-14","BELONGS_TO_FAMILY","scale:431","family:7-14","431",,true,false,,,,,,,,,,,,,,,,,,,,,,"Canonical family projection"
"office-evidence:431:Jupiter","RELATIONAL_OFFICE_EVIDENCE","scale:431","office:Jupiter","431",,true,false,,,,"Jupiter",,,,,,,,,,,,"2","office_junction",false,false,false,"{""A2"":2,""D2"":2,""D5"":1}","Derived aggregate of canonical non-governing boundary contacts"
"office-evidence:431:Saturn","RELATIONAL_OFFICE_EVIDENCE","scale:431","office:Saturn","431",,true,false,,,,"Saturn",,,,,,,,,,,,"3","office_junction",false,true,false,"{""A2"":2,""D2"":2,""D5"":1}","Derived aggregate of canonical non-governing boundary contacts"
"belongs:439:7-Z38","BELONGS_TO_FAMILY","scale:439","family:7-Z38","439",,true,false,,,,,,,,,,,,,,,,,,,,,,"Canonical family projection"
"occupies:439:Jupiter","OCCUPIES_OFFICE","scale:439","office:Jupiter","439",,true,false,"D2","D2",,,,,,,,,,,,,,,,,,true,,"direct eligible relation to 7-15 D2 anchor 471; earlier precedence preserved"
"belongs:443:7-Z37","BELONGS_TO_FAMILY","scale:443","family:7-Z37","443",,true,false,,,,,,,,,,,,,,,,,,,,,,"Canonical family projection"
"occupies:443:Jupiter","OCCUPIES_OFFICE","scale:443","office:Jupiter","443",,true,false,"D3","D3",,,,,,,,,,,,,,,,,,true,,"7-Z37 dual-tier same-office convergence from two A2 and two D2 satellite contacts"
"belongs:445:7-11","BELONGS_TO_FAMILY","scale:445","family:7-11","445",,true,false,,,,,,,,,,,,,,,,,,,,,,"Canonical family projection"
"occupies:445:Jupiter","OCCUPIES_OFFICE","scale:445","office:Jupiter","445",,true,false,"D3","D3",,,,,,,,,,,,,,,,,,true,,"direct eligible relation to 7-Z37 D3 anchor 443; earlier precedence preserved"
"belongs:463:7-7","BELONGS_TO_FAMILY","scale:463","family:7-7","463",,true,false,,,,,,,,,,,,,,,,,,,,,,"Canonical family projection"
"occupies:463:Jupiter","OCCUPIES_OFFICE","scale:463","office:Jupiter","463",,true,false,"D2","D2",,,,,,,,,,,,,,,,,,true,,"direct eligible relation to 7-15 D2 anchor 471; earlier precedence preserved"
"belongs:471:7-15","BELONGS_TO_FAMILY","scale:471","family:7-15","471",,true,false,,,,,,,,,,,,,,,,,,,,,,"Canonical family projection"
"occupies:471:Jupiter","OCCUPIES_OFFICE","scale:471","office:Jupiter","471",,true,false,"D2","D2",,,,,,,,,,,,,,,,,,true,,"7-15 same-office convergence from two independently agreeing A0-satellite contacts"
"belongs:475:7-Z38","BELONGS_TO_FAMILY","scale:475","family:7-Z38","475",,true,false,,,,,,,,,,,,,,,,,,,,,,"Canonical family projection"
"occupies:475:Jupiter","OCCUPIES_OFFICE","scale:475","office:Jupiter","475",,true,false,"D2","D2",,,,,,,,,,,,,,,,,,true,,"direct eligible relation to 7-15 D2 anchor 471; earlier precedence preserved"
"belongs:477:7-13","BELONGS_TO_FAMILY","scale:477","family:7-13","477",,true,false,,,,,,,,,,,,,,,,,,,,,,"Canonical family projection"
"occupies:477:Mercury","OCCUPIES_OFFICE","scale:477","office:Mercury","477",,true,false,"D4","D4",,,,,,,,,,,,,,,,,,true,,"direct eligible relation to 7-Z17 D4 anchor 953; earlier precedence preserved"
"belongs:487:7-7","BELONGS_TO_FAMILY","scale:487","family:7-7","487",,true,false,,,,,,,,,,,,,,,,,,,,,,"Canonical family projection"
"occupies:487:Jupiter","OCCUPIES_OFFICE","scale:487","office:Jupiter","487",,true,false,"D2","D2",,,,,,,,,,,,,,,,,,true,,"direct eligible relation to 7-15 D2 anchor 471; earlier precedence preserved"
"belongs:491:7-14","BELONGS_TO_FAMILY","scale:491","family:7-14","491",,true,false,,,,,,,,,,,,,,,,,,,,,,"Canonical family projection"
"office-evidence:491:Mars","RELATIONAL_OFFICE_EVIDENCE","scale:491","office:Mars","491",,true,false,,,,"Mars",,,,,,,,,,,,"3","office_junction",false,true,false,"{""A2"":2,""D2"":2,""D5"":1}","Derived aggregate of canonical non-governing boundary contacts"
"office-evidence:491:Jupiter","RELATIONAL_OFFICE_EVIDENCE","scale:491","office:Jupiter","491",,true,false,,,,"Jupiter",,,,,,,,,,,,"2","office_junction",false,false,false,"{""A2"":2,""D2"":2,""D5"":1}","Derived aggregate of canonical non-governing boundary contacts"
"belongs:493:7-Z36","BELONGS_TO_FAMILY","scale:493","family:7-Z36","493",,true,false,,,,,,,,,,,,,,,,,,,,,,"Canonical family projection"
"office-evidence:493:Mercury","RELATIONAL_OFFICE_EVIDENCE","scale:493","office:Mercury","493",,true,false,,,,"Mercury",,,,,,,,,,,,"2","oriented_convergence",true,false,false,"{""D4"":2}","Derived aggregate of canonical non-governing boundary contacts"
"belongs:499:7-6","BELONGS_TO_FAMILY","scale:499","family:7-6","499",,true,false,,,,,,,,,,,,,,,,,,,,,,"Canonical family projection"
"occupies:499:Mars","OCCUPIES_OFFICE","scale:499","office:Mars","499",,true,false,"D5","D5",,,,,,,,,,,,,,,,,,true,,"direct eligible relation to 7-Z12 D5 anchor 997; earlier precedence preserved"
"belongs:501:7-9","BELONGS_TO_FAMILY","scale:501","family:7-9","501",,true,false,,,,,,,,,,,,,,,,,,,,,,"Canonical family projection"
"office-evidence:501:Mars","RELATIONAL_OFFICE_EVIDENCE","scale:501","office:Mars","501",,true,false,,,,"Mars",,,,,,,,,,,,"2","oriented_convergence",true,false,false,"{""D5"":2}","Derived aggregate of canonical non-governing boundary contacts"
"belongs:505:7-3","BELONGS_TO_FAMILY","scale:505","family:7-3","505",,true,false,,,,,,,,,,,,,,,,,,,,,,"Canonical family projection"
"office-evidence:505:Jupiter","RELATIONAL_OFFICE_EVIDENCE","scale:505","office:Jupiter","505",,true,false,,,,"Jupiter",,,,,,,,,,,,"2","oriented_convergence",true,false,false,"{""D5"":1,""D6"":1}","Derived aggregate of canonical non-governing boundary contacts"
"belongs:575:7-3","BELONGS_TO_FAMILY","scale:575","family:7-3","575",,true,false,,,,,,,,,,,,,,,,,,,,,,"Canonical family projection"
"office-evidence:575:Saturn","RELATIONAL_OFFICE_EVIDENCE","scale:575","office:Saturn","575",,true,false,,,,"Saturn",,,,,,,,,,,,"2","oriented_convergence",true,false,false,"{""D5"":1,""D6"":1}","Derived aggregate of canonical non-governing boundary contacts"
"belongs:607:7-10","BELONGS_TO_FAMILY","scale:607","family:7-10","607",,true,false,,,,,,,,,,,,,,,,,,,,,,"Canonical family projection"
"occupies:607:Saturn","OCCUPIES_OFFICE","scale:607","office:Saturn","607",,true,false,"D5","D5",,,,,,,,,,,,,,,,,,true,,"direct eligible relation to 7-Z12 D5 anchor 671; earlier precedence preserved"
"belongs:623:7-16","BELONGS_TO_FAMILY","scale:623","family:7-16","623",,true,false,,,,,,,,,,,,,,,,,,,,,,"Canonical family projection"
"occupies:623:Venus","OCCUPIES_OFFICE","scale:623","office:Venus","623",,true,false,"D4","D4",,,,,,,,,,,,,,,,,,true,,"direct eligible relation to 7-Z17 D4 anchor 631; earlier precedence preserved"
"belongs:631:7-Z17","BELONGS_TO_FAMILY","scale:631","family:7-Z17","631",,true,false,,,,,,,,,,,,,,,,,,,,,,"Canonical family projection"
"occupies:631:Venus","OCCUPIES_OFFICE","scale:631","office:Venus","631",,true,false,"D4","D4",,,,,,,,,,,,,,,,,,true,,"7-Z17 same-office convergence from two established A1 satellite contacts"
"belongs:635:7-16","BELONGS_TO_FAMILY","scale:635","family:7-16","635",,true,false,,,,,,,,,,,,,,,,,,,,,,"Canonical family projection"
"occupies:635:Venus","OCCUPIES_OFFICE","scale:635","office:Venus","635",,true,false,"D4","D4",,,,,,,,,,,,,,,,,,true,,"direct eligible relation to 7-Z17 D4 anchor 631; earlier precedence preserved"
"belongs:637:7-10","BELONGS_TO_FAMILY","scale:637","family:7-10","637",,true,false,,,,,,,,,,,,,,,,,,,,,,"Canonical family projection"
"occupies:637:Jupiter","OCCUPIES_OFFICE","scale:637","office:Jupiter","637",,true,false,"D5","D5",,,,,,,,,,,,,,,,,,true,,"direct eligible relation to 7-Z12 D5 anchor 1273; earlier precedence preserved"
"belongs:671:7-Z12","BELONGS_TO_FAMILY","scale:671","family:7-Z12","671",,true,false,,,,,,,,,,,,,,,,,,,,,,"Canonical family projection"
"occupies:671:Saturn","OCCUPIES_OFFICE","scale:671","office:Saturn","671",,true,false,"D5","D5",,,,,,,,,,,,,,,,,,true,,"7-Z12 same-office convergence from two established A2 satellite contacts"
"belongs:687:7-24","BELONGS_TO_FAMILY","scale:687","family:7-24","687",,true,false,,,,,,,,,,,,,,,,,,,,,,"Canonical family projection"
"occupies:687:Saturn","OCCUPIES_OFFICE","scale:687","office:Saturn","687",,true,false,"A2","A2",,,,,,,,,,,,,,,,,,true,,"unique eligible parent at governing tier"
"belongs:695:7-27","BELONGS_TO_FAMILY","scale:695","family:7-27","695",,true,false,,,,,,,,,,,,,,,,,,,,,,"Canonical family projection"
"occupies:695:Venus","OCCUPIES_OFFICE","scale:695","office:Venus","695",,true,false,"A1","A1",,,,,,,,,,,,,,,,,,true,,"unique eligible parent at governing tier"
"belongs:699:7-26","BELONGS_TO_FAMILY","scale:699","family:7-26","699",,true,false,,,,,,,,,,,,,,,,,,,,,,"Canonical family projection"
"occupies:699:Jupiter","OCCUPIES_OFFICE","scale:699","office:Jupiter","699",,true,false,"A2","A2",,,,,,,,,,,,,,,,,,true,,"unique eligible parent at governing tier"
"belongs:701:7-23","BELONGS_TO_FAMILY","scale:701","family:7-23","701",,true,false,,,,,,,,,,,,,,,,,,,,,,"Canonical family projection"
"office-evidence:701:Jupiter","RELATIONAL_OFFICE_EVIDENCE","scale:701","office:Jupiter","701",,true,false,,,,"Jupiter",,,,,,,,,,,,"4","oriented_convergence",true,false,false,"{""A2"":2,""D3"":1,""D5"":1}","Derived aggregate of canonical non-governing boundary contacts"
"belongs:719:7-19","BELONGS_TO_FAMILY","scale:719","family:7-19","719",,true,false,,,,,,,,,,,,,,,,,,,,,,"Canonical family projection"
"office-evidence:719:Jupiter","RELATIONAL_OFFICE_EVIDENCE","scale:719","office:Jupiter","719",,true,false,,,,"Jupiter",,,,,,,,,,,,"3","office_junction",false,true,false,"{""A0"":2,""A2"":1,""D2"":1}","Derived aggregate of canonical non-governing boundary contacts"
"office-evidence:719:Saturn","RELATIONAL_OFFICE_EVIDENCE","scale:719","office:Saturn","719",,true,false,,,,"Saturn",,,,,,,,,,,,"1","office_junction",false,false,false,"{""A0"":2,""A2"":1,""D2"":1}","Derived aggregate of canonical non-governing boundary contacts"
"belongs:727:7-29","BELONGS_TO_FAMILY","scale:727","family:7-29","727",,true,false,,,,,,,,,,,,,,,,,,,,,,"Canonical family projection"
"occupies:727:Jupiter","OCCUPIES_OFFICE","scale:727","office:Jupiter","727",,true,false,"A0","A0",,,,,,,,,,,,,,,,,,true,,"unique eligible parent at governing tier"
"belongs:731:7-31","BELONGS_TO_FAMILY","scale:731","family:7-31","731",,true,false,,,,,,,,,,,,,,,,,,,,,,"Canonical family projection"
"occupies:731:Mercury","OCCUPIES_OFFICE","scale:731","office:Mercury","731",,true,false,"A1","A1",,,,,,,,,,,,,,,,,,true,,"unique eligible parent at governing tier"
"belongs:733:7-25","BELONGS_TO_FAMILY","scale:733","family:7-25","733",,true,false,,,,,,,,,,,,,,,,,,,,,,"Canonical family projection"
"office-evidence:733:Mercury","RELATIONAL_OFFICE_EVIDENCE","scale:733","office:Mercury","733",,true,false,,,,"Mercury",,,,,,,,,,,,"3","office_junction",false,true,false,"{""A1"":2,""A2"":2,""D4"":1}","Derived aggregate of canonical non-governing boundary contacts"
"office-evidence:733:Saturn","RELATIONAL_OFFICE_EVIDENCE","scale:733","office:Saturn","733",,true,false,,,,"Saturn",,,,,,,,,,,,"2","office_junction",false,false,false,"{""A1"":2,""A2"":2,""D4"":1}","Derived aggregate of canonical non-governing boundary contacts"
"belongs:743:7-20","BELONGS_TO_FAMILY","scale:743","family:7-20","743",,true,false,,,,,,,,,,,,,,,,,,,,,,"Canonical family projection"
"occupies:743:Moon","OCCUPIES_OFFICE","scale:743","office:Moon","743",,true,false,"D1","D1",,,,,,,,,,,,,,,,,,true,,"direct eligible relation to 7-22 D1 anchor 871; A0–A2 precedence preserved"
"belongs:747:7-28","BELONGS_TO_FAMILY","scale:747","family:7-28","747",,true,false,,,,,,,,,,,,,,,,,,,,,,"Canonical family projection"
"occupies:747:Mars","OCCUPIES_OFFICE","scale:747","office:Mars","747",,true,false,"A2","A2",,,,,,,,,,,,,,,,,,true,,"unique eligible parent at governing tier"
"belongs:749:7-25","BELONGS_TO_FAMILY","scale:749","family:7-25","749",,true,false,,,,,,,,,,,,,,,,,,,,,,"Canonical family projection"
"office-evidence:749:Mars","RELATIONAL_OFFICE_EVIDENCE","scale:749","office:Mars","749",,true,false,,,,"Mars",,,,,,,,,,,,"2","office_junction",false,false,false,"{""A1"":2,""A2"":2,""D4"":1}","Derived aggregate of canonical non-governing boundary contacts"
"office-evidence:749:Venus","RELATIONAL_OFFICE_EVIDENCE","scale:749","office:Venus","749",,true,false,,,,"Venus",,,,,,,,,,,,"3","office_junction",false,true,false,"{""A1"":2,""A2"":2,""D4"":1}","Derived aggregate of canonical non-governing boundary contacts"
"belongs:755:7-Z18","BELONGS_TO_FAMILY","scale:755","family:7-Z18","755",,true,false,,,,,,,,,,,,,,,,,,,,,,"Canonical family projection"
"office-evidence:755:Mars","RELATIONAL_OFFICE_EVIDENCE","scale:755","office:Mars","755",,true,false,,,,"Mars",,,,,,,,,,,,"3","oriented_convergence",true,false,false,"{""A2"":2,""D5"":1}","Derived aggregate of canonical non-governing boundary contacts"
"belongs:757:7-23","BELONGS_TO_FAMILY","scale:757","family:7-23","757",,true,false,,,,,,,,,,,,,,,,,,,,,,"Canonical family projection"
"office-evidence:757:Jupiter","RELATIONAL_OFFICE_EVIDENCE","scale:757","office:Jupiter","757",,true,false,,,,"Jupiter",,,,,,,,,,,,"4","oriented_convergence",true,false,false,"{""A2"":2,""D3"":1,""D5"":1}","Derived aggregate of canonical non-governing boundary contacts"
"belongs:761:7-10","BELONGS_TO_FAMILY","scale:761","family:7-10","761",,true,false,,,,,,,,,,,,,,,,,,,,,,"Canonical family projection"
"occupies:761:Jupiter","OCCUPIES_OFFICE","scale:761","office:Jupiter","761",,true,false,"D5","D5",,,,,,,,,,,,,,,,,,true,,"direct eligible relation to 7-Z12 D5 anchor 1273; earlier precedence preserved"
"belongs:799:7-6","BELONGS_TO_FAMILY","scale:799","family:7-6","799",,true,false,,,,,,,,,,,,,,,,,,,,,,"Canonical family projection"
"occupies:799:Saturn","OCCUPIES_OFFICE","scale:799","office:Saturn","799",,true,false,"D5","D5",,,,,,,,,,,,,,,,,,true,,"direct eligible relation to 7-Z12 D5 anchor 671; earlier precedence preserved"
"belongs:815:7-Z18","BELONGS_TO_FAMILY","scale:815","family:7-Z18","815",,true,false,,,,,,,,,,,,,,,,,,,,,,"Canonical family projection"
"office-evidence:815:Saturn","RELATIONAL_OFFICE_EVIDENCE","scale:815","office:Saturn","815",,true,false,,,,"Saturn",,,,,,,,,,,,"3","oriented_convergence",true,false,false,"{""A2"":2,""D5"":1}","Derived aggregate of canonical non-governing boundary contacts"
"belongs:823:7-21","BELONGS_TO_FAMILY","scale:823","family:7-21","823",,true,false,,,,,,,,,,,,,,,,,,,,,,"Canonical family projection"
"office-evidence:823:Moon","RELATIONAL_OFFICE_EVIDENCE","scale:823","office:Moon","823",,true,false,,,,"Moon",,,,,,,,,,,,"1","office_junction",false,false,false,"{""A0"":2,""A1"":1,""A2"":1}","Derived aggregate of canonical non-governing boundary contacts"
"office-evidence:823:Mercury","RELATIONAL_OFFICE_EVIDENCE","scale:823","office:Mercury","823",,true,false,,,,"Mercury",,,,,,,,,,,,"2","office_junction",false,true,false,"{""A0"":2,""A1"":1,""A2"":1}","Derived aggregate of canonical non-governing boundary contacts"
"office-evidence:823:Venus","RELATIONAL_OFFICE_EVIDENCE","scale:823","office:Venus","823",,true,false,,,,"Venus",,,,,,,,,,,,"1","office_junction",false,false,false,"{""A0"":2,""A1"":1,""A2"":1}","Derived aggregate of canonical non-governing boundary contacts"
"belongs:827:7-21","BELONGS_TO_FAMILY","scale:827","family:7-21","827",,true,false,,,,,,,,,,,,,,,,,,,,,,"Canonical family projection"
"office-evidence:827:Sun","RELATIONAL_OFFICE_EVIDENCE","scale:827","office:Sun","827",,true,false,,,,"Sun",,,,,,,,,,,,"1","office_junction",false,false,false,"{""A0"":2,""A1"":1,""A2"":1}","Derived aggregate of canonical non-governing boundary contacts"
"office-evidence:827:Mars","RELATIONAL_OFFICE_EVIDENCE","scale:827","office:Mars","827",,true,false,,,,"Mars",,,,,,,,,,,,"2","office_junction",false,true,false,"{""A0"":2,""A1"":1,""A2"":1}","Derived aggregate of canonical non-governing boundary contacts"
"office-evidence:827:Jupiter","RELATIONAL_OFFICE_EVIDENCE","scale:827","office:Jupiter","827",,true,false,,,,"Jupiter",,,,,,,,,,,,"1","office_junction",false,false,false,"{""A0"":2,""A1"":1,""A2"":1}","Derived aggregate of canonical non-governing boundary contacts"
"belongs:829:7-Z18","BELONGS_TO_FAMILY","scale:829","family:7-Z18","829",,true,false,,,,,,,,,,,,,,,,,,,,,,"Canonical family projection"
"office-evidence:829:Saturn","RELATIONAL_OFFICE_EVIDENCE","scale:829","office:Saturn","829",,true,false,,,,"Saturn",,,,,,,,,,,,"3","oriented_convergence",true,false,false,"{""A2"":2,""D5"":1}","Derived aggregate of canonical non-governing boundary contacts"
"belongs:847:7-19","BELONGS_TO_FAMILY","scale:847","family:7-19","847",,true,false,,,,,,,,,,,,,,,,,,,,,,"Canonical family projection"
"office-evidence:847:Moon","RELATIONAL_OFFICE_EVIDENCE","scale:847","office:Moon","847",,true,false,,,,"Moon",,,,,,,,,,,,"1","office_junction",false,false,false,"{""A0"":2,""A2"":1,""D2"":1}","Derived aggregate of canonical non-governing boundary contacts"
"office-evidence:847:Mercury","RELATIONAL_OFFICE_EVIDENCE","scale:847","office:Mercury","847",,true,false,,,,"Mercury",,,,,,,,,,,,"3","office_junction",false,true,false,"{""A0"":2,""A2"":1,""D2"":1}","Derived aggregate of canonical non-governing boundary contacts"
"belongs:855:7-30","BELONGS_TO_FAMILY","scale:855","family:7-30","855",,true,false,,,,,,,,,,,,,,,,,,,,,,"Canonical family projection"
"occupies:855:Mercury","OCCUPIES_OFFICE","scale:855","office:Mercury","855",,true,false,"A0","A0",,,,,,,,,,,,,,,,,,true,,"unique eligible parent at governing tier"
"belongs:859:7-32","BELONGS_TO_FAMILY","scale:859","family:7-32","859",,true,false,,,,,,,,,,,,,,,,,,,,,,"Canonical family projection"
"occupies:859:Mars","OCCUPIES_OFFICE","scale:859","office:Mars","859",,true,false,"A0","A0",,,,,,,,,,,,,,,,,,true,,"unique eligible parent at governing tier"
"belongs:861:7-28","BELONGS_TO_FAMILY","scale:861","family:7-28","861",,true,false,,,,,,,,,,,,,,,,,,,,,,"Canonical family projection"
"occupies:861:Saturn","OCCUPIES_OFFICE","scale:861","office:Saturn","861",,true,false,"A2","A2",,,,,,,,,,,,,,,,,,true,,"unique eligible parent at governing tier"
"belongs:871:7-22","BELONGS_TO_FAMILY","scale:871","family:7-22","871",,true,false,,,,,,,,,,,,,,,,,,,,,,"Canonical family projection"
"occupies:871:Moon","OCCUPIES_OFFICE","scale:871","office:Moon","871",,true,false,"D1","D1",,,,,,,,,,,,,,,,,,true,,"7-22 second-order midpoint from symmetric A0-satellite contacts at g−2 and g+2"
"belongs:875:7-32","BELONGS_TO_FAMILY","scale:875","family:7-32","875",,true,false,,,,,,,,,,,,,,,,,,,,,,"Canonical family projection"
"occupies:875:Saturn","OCCUPIES_OFFICE","scale:875","office:Saturn","875",,true,false,"A0","A0",,,,,,,,,,,,,,,,,,true,,"unique eligible parent at governing tier"
"belongs:877:7-31","BELONGS_TO_FAMILY","scale:877","family:7-31","877",,true,false,,,,,,,,,,,,,,,,,,,,,,"Canonical family projection"
"occupies:877:Venus","OCCUPIES_OFFICE","scale:877","office:Venus","877",,true,false,"A1","A1",,,,,,,,,,,,,,,,,,true,,"unique eligible parent at governing tier"
"belongs:883:7-21","BELONGS_TO_FAMILY","scale:883","family:7-21","883",,true,false,,,,,,,,,,,,,,,,,,,,,,"Canonical family projection"
"office-evidence:883:Moon","RELATIONAL_OFFICE_EVIDENCE","scale:883","office:Moon","883",,true,false,,,,"Moon",,,,,,,,,,,,"1","office_junction",false,false,false,"{""A0"":2,""A1"":1,""A2"":1}","Derived aggregate of canonical non-governing boundary contacts"
"office-evidence:883:Jupiter","RELATIONAL_OFFICE_EVIDENCE","scale:883","office:Jupiter","883",,true,false,,,,"Jupiter",,,,,,,,,,,,"1","office_junction",false,false,false,"{""A0"":2,""A1"":1,""A2"":1}","Derived aggregate of canonical non-governing boundary contacts"
"office-evidence:883:Saturn","RELATIONAL_OFFICE_EVIDENCE","scale:883","office:Saturn","883",,true,false,,,,"Saturn",,,,,,,,,,,,"2","office_junction",false,true,false,"{""A0"":2,""A1"":1,""A2"":1}","Derived aggregate of canonical non-governing boundary contacts"
"belongs:885:7-26","BELONGS_TO_FAMILY","scale:885","family:7-26","885",,true,false,,,,,,,,,,,,,,,,,,,,,,"Canonical family projection"
"occupies:885:Jupiter","OCCUPIES_OFFICE","scale:885","office:Jupiter","885",,true,false,"A2","A2",,,,,,,,,,,,,,,,,,true,,"unique eligible parent at governing tier"
"belongs:889:7-16","BELONGS_TO_FAMILY","scale:889","family:7-16","889",,true,false,,,,,,,,,,,,,,,,,,,,,,"Canonical family projection"
"occupies:889:Mercury","OCCUPIES_OFFICE","scale:889","office:Mercury","889",,true,false,"D4","D4",,,,,,,,,,,,,,,,,,true,,"direct eligible relation to 7-Z17 D4 anchor 953; earlier precedence preserved"
"belongs:911:7-7","BELONGS_TO_FAMILY","scale:911","family:7-7","911",,true,false,,,,,,,,,,,,,,,,,,,,,,"Canonical family projection"
"occupies:911:Mercury","OCCUPIES_OFFICE","scale:911","office:Mercury","911",,true,false,"D2","D2",,,,,,,,,,,,,,,,,,true,,"direct eligible relation to 7-15 D2 anchor 1821; earlier precedence preserved"
"belongs:919:7-20","BELONGS_TO_FAMILY","scale:919","family:7-20","919",,true,false,,,,,,,,,,,,,,,,,,,,,,"Canonical family projection"
"occupies:919:Sun","OCCUPIES_OFFICE","scale:919","office:Sun","919",,true,false,"D1","D1",,,,,,,,,,,,,,,,,,true,,"direct eligible relation to 7-22 D1 anchor 923; A0–A2 precedence preserved"
"belongs:923:7-22","BELONGS_TO_FAMILY","scale:923","family:7-22","923",,true,false,,,,,,,,,,,,,,,,,,,,,,"Canonical family projection"
"occupies:923:Sun","OCCUPIES_OFFICE","scale:923","office:Sun","923",,true,false,"D1","D1",,,,,,,,,,,,,,,,,,true,,"7-22 second-order midpoint from symmetric A0-satellite contacts at g−2 and g+2"
"belongs:925:7-20","BELONGS_TO_FAMILY","scale:925","family:7-20","925",,true,false,,,,,,,,,,,,,,,,,,,,,,"Canonical family projection"
"occupies:925:Sun","OCCUPIES_OFFICE","scale:925","office:Sun","925",,true,false,"D1","D1",,,,,,,,,,,,,,,,,,true,,"direct eligible relation to 7-22 D1 anchor 923; A0–A2 precedence preserved"
"belongs:935:7-20","BELONGS_TO_FAMILY","scale:935","family:7-20","935",,true,false,,,,,,,,,,,,,,,,,,,,,,"Canonical family projection"
"occupies:935:Moon","OCCUPIES_OFFICE","scale:935","office:Moon","935",,true,false,"D1","D1",,,,,,,,,,,,,,,,,,true,,"direct eligible relation to 7-22 D1 anchor 871; A0–A2 precedence preserved"
"belongs:939:7-30","BELONGS_TO_FAMILY","scale:939","family:7-30","939",,true,false,,,,,,,,,,,,,,,,,,,,,,"Canonical family projection"
"occupies:939:Venus","OCCUPIES_OFFICE","scale:939","office:Venus","939",,true,false,"A0","A0",,,,,,,,,,,,,,,,,,true,,"unique eligible parent at governing tier"
"belongs:941:7-29","BELONGS_TO_FAMILY","scale:941","family:7-29","941",,true,false,,,,,,,,,,,,,,,,,,,,,,"Canonical family projection"
"occupies:941:Jupiter","OCCUPIES_OFFICE","scale:941","office:Jupiter","941",,true,false,"A0","A0",,,,,,,,,,,,,,,,,,true,,"unique eligible parent at governing tier"
"belongs:947:7-21","BELONGS_TO_FAMILY","scale:947","family:7-21","947",,true,false,,,,,,,,,,,,,,,,,,,,,,"Canonical family projection"
"office-evidence:947:Sun","RELATIONAL_OFFICE_EVIDENCE","scale:947","office:Sun","947",,true,false,,,,"Sun",,,,,,,,,,,,"1","office_junction",false,false,false,"{""A0"":2,""A1"":1,""A2"":1}","Derived aggregate of canonical non-governing boundary contacts"
"office-evidence:947:Mercury","RELATIONAL_OFFICE_EVIDENCE","scale:947","office:Mercury","947",,true,false,,,,"Mercury",,,,,,,,,,,,"1","office_junction",false,false,false,"{""A0"":2,""A1"":1,""A2"":1}","Derived aggregate of canonical non-governing boundary contacts"
"office-evidence:947:Venus","RELATIONAL_OFFICE_EVIDENCE","scale:947","office:Venus","947",,true,false,,,,"Venus",,,,,,,,,,,,"2","office_junction",false,true,false,"{""A0"":2,""A1"":1,""A2"":1}","Derived aggregate of canonical non-governing boundary contacts"
"belongs:949:7-27","BELONGS_TO_FAMILY","scale:949","family:7-27","949",,true,false,,,,,,,,,,,,,,,,,,,,,,"Canonical family projection"
"occupies:949:Mercury","OCCUPIES_OFFICE","scale:949","office:Mercury","949",,true,false,"A1","A1",,,,,,,,,,,,,,,,,,true,,"unique eligible parent at governing tier"
"belongs:953:7-Z17","BELONGS_TO_FAMILY","scale:953","family:7-Z17","953",,true,false,,,,,,,,,,,,,,,,,,,,,,"Canonical family projection"
"occupies:953:Mercury","OCCUPIES_OFFICE","scale:953","office:Mercury","953",,true,false,"D4","D4",,,,,,,,,,,,,,,,,,true,,"7-Z17 same-office convergence from two established A1 satellite contacts"
"belongs:967:7-7","BELONGS_TO_FAMILY","scale:967","family:7-7","967",,true,false,,,,,,,,,,,,,,,,,,,,,,"Canonical family projection"
"occupies:967:Venus","OCCUPIES_OFFICE","scale:967","office:Venus","967",,true,false,"D2","D2",,,,,,,,,,,,,,,,,,true,,"direct eligible relation to 7-15 D2 anchor 1479; earlier precedence preserved"
"belongs:971:7-19","BELONGS_TO_FAMILY","scale:971","family:7-19","971",,true,false,,,,,,,,,,,,,,,,,,,,,,"Canonical family projection"
"office-evidence:971:Sun","RELATIONAL_OFFICE_EVIDENCE","scale:971","office:Sun","971",,true,false,,,,"Sun",,,,,,,,,,,,"1","office_junction",false,false,false,"{""A0"":2,""A2"":1,""D2"":1}","Derived aggregate of canonical non-governing boundary contacts"
"office-evidence:971:Venus","RELATIONAL_OFFICE_EVIDENCE","scale:971","office:Venus","971",,true,false,,,,"Venus",,,,,,,,,,,,"3","office_junction",false,true,false,"{""A0"":2,""A2"":1,""D2"":1}","Derived aggregate of canonical non-governing boundary contacts"
"belongs:973:7-19","BELONGS_TO_FAMILY","scale:973","family:7-19","973",,true,false,,,,,,,,,,,,,,,,,,,,,,"Canonical family projection"
"office-evidence:973:Mars","RELATIONAL_OFFICE_EVIDENCE","scale:973","office:Mars","973",,true,false,,,,"Mars",,,,,,,,,,,,"1","office_junction",false,false,false,"{""A0"":2,""A2"":1,""D2"":1}","Derived aggregate of canonical non-governing boundary contacts"
"office-evidence:973:Jupiter","RELATIONAL_OFFICE_EVIDENCE","scale:973","office:Jupiter","973",,true,false,,,,"Jupiter",,,,,,,,,,,,"3","office_junction",false,true,false,"{""A0"":2,""A2"":1,""D2"":1}","Derived aggregate of canonical non-governing boundary contacts"
"belongs:979:7-Z18","BELONGS_TO_FAMILY","scale:979","family:7-Z18","979",,true,false,,,,,,,,,,,,,,,,,,,,,,"Canonical family projection"
"office-evidence:979:Mars","RELATIONAL_OFFICE_EVIDENCE","scale:979","office:Mars","979",,true,false,,,,"Mars",,,,,,,,,,,,"3","oriented_convergence",true,false,false,"{""A2"":2,""D5"":1}","Derived aggregate of canonical non-governing boundary contacts"
"belongs:981:7-24","BELONGS_TO_FAMILY","scale:981","family:7-24","981",,true,false,,,,,,,,,,,,,,,,,,,,,,"Canonical family projection"
"occupies:981:Mars","OCCUPIES_OFFICE","scale:981","office:Mars","981",,true,false,"A2","A2",,,,,,,,,,,,,,,,,,true,,"unique eligible parent at governing tier"
"belongs:985:7-16","BELONGS_TO_FAMILY","scale:985","family:7-16","985",,true,false,,,,,,,,,,,,,,,,,,,,,,"Canonical family projection"
"occupies:985:Mercury","OCCUPIES_OFFICE","scale:985","office:Mercury","985",,true,false,"D4","D4",,,,,,,,,,,,,,,,,,true,,"direct eligible relation to 7-Z17 D4 anchor 953; earlier precedence preserved"
"belongs:995:7-6","BELONGS_TO_FAMILY","scale:995","family:7-6","995",,true,false,,,,,,,,,,,,,,,,,,,,,,"Canonical family projection"
"occupies:995:Mars","OCCUPIES_OFFICE","scale:995","office:Mars","995",,true,false,"D5","D5",,,,,,,,,,,,,,,,,,true,,"direct eligible relation to 7-Z12 D5 anchor 997; earlier precedence preserved"
"belongs:997:7-Z12","BELONGS_TO_FAMILY","scale:997","family:7-Z12","997",,true,false,,,,,,,,,,,,,,,,,,,,,,"Canonical family projection"
"occupies:997:Mars","OCCUPIES_OFFICE","scale:997","office:Mars","997",,true,false,"D5","D5",,,,,,,,,,,,,,,,,,true,,"7-Z12 same-office convergence from two established A2 satellite contacts"
"belongs:1001:7-10","BELONGS_TO_FAMILY","scale:1001","family:7-10","1001",,true,false,,,,,,,,,,,,,,,,,,,,,,"Canonical family projection"
"occupies:1001:Mars","OCCUPIES_OFFICE","scale:1001","office:Mars","1001",,true,false,"D5","D5",,,,,,,,,,,,,,,,,,true,,"direct eligible relation to 7-Z12 D5 anchor 997; earlier precedence preserved"
"belongs:1009:7-3","BELONGS_TO_FAMILY","scale:1009","family:7-3","1009",,true,false,,,,,,,,,,,,,,,,,,,,,,"Canonical family projection"
"office-evidence:1009:Mars","RELATIONAL_OFFICE_EVIDENCE","scale:1009","office:Mars","1009",,true,false,,,,"Mars",,,,,,,,,,,,"2","oriented_convergence",true,false,false,"{""D5"":1,""D6"":1}","Derived aggregate of canonical non-governing boundary contacts"
"belongs:1087:7-2","BELONGS_TO_FAMILY","scale:1087","family:7-2","1087",,true,false,,,,,,,,,,,,,,,,,,,,,,"Canonical family projection"
"occupies:1087:Saturn","OCCUPIES_OFFICE","scale:1087","office:Saturn","1087",,true,false,"D6","D6",,,,,,,,,,,,,,,,,,true,,"direct eligible relation to 7-8 D6 anchor 1119; earlier precedence preserved"
"belongs:1119:7-8","BELONGS_TO_FAMILY","scale:1119","family:7-8","1119",,true,false,,,,,,,,,,,,,,,,,,,,,,"Canonical family projection"
"occupies:1119:Saturn","OCCUPIES_OFFICE","scale:1119","office:Saturn","1119",,true,false,"D6","D6",,,,,,,,,,,,,,,,,,true,,"7-8 same-office convergence from two established D3 and two established D5 satellite contacts"
"belongs:1135:7-11","BELONGS_TO_FAMILY","scale:1135","family:7-11","1135",,true,false,,,,,,,,,,,,,,,,,,,,,,"Canonical family projection"
"occupies:1135:Saturn","OCCUPIES_OFFICE","scale:1135","office:Saturn","1135",,true,false,"D3","D3",,,,,,,,,,,,,,,,,,true,,"direct eligible relation to 7-Z37 D3 anchor 2269; earlier precedence preserved"
"belongs:1143:7-13","BELONGS_TO_FAMILY","scale:1143","family:7-13","1143",,true,false,,,,,,,,,,,,,,,,,,,,,,"Canonical family projection"
"occupies:1143:Venus","OCCUPIES_OFFICE","scale:1143","office:Venus","1143",,true,false,"D4","D4",,,,,,,,,,,,,,,,,,true,,"direct eligible relation to 7-Z17 D4 anchor 631; earlier precedence preserved"
"belongs:1147:7-Z36","BELONGS_TO_FAMILY","scale:1147","family:7-Z36","1147",,true,false,,,,,,,,,,,,,,,,,,,,,,"Canonical family projection"
"office-evidence:1147:Venus","RELATIONAL_OFFICE_EVIDENCE","scale:1147","office:Venus","1147",,true,false,,,,"Venus",,,,,,,,,,,,"2","oriented_convergence",true,false,false,"{""D4"":2}","Derived aggregate of canonical non-governing boundary contacts"
"belongs:1149:7-9","BELONGS_TO_FAMILY","scale:1149","family:7-9","1149",,true,false,,,,,,,,,,,,,,,,,,,,,,"Canonical family projection"
"office-evidence:1149:Jupiter","RELATIONAL_OFFICE_EVIDENCE","scale:1149","office:Jupiter","1149",,true,false,,,,"Jupiter",,,,,,,,,,,,"2","oriented_convergence",true,false,false,"{""D5"":2}","Derived aggregate of canonical non-governing boundary contacts"
"belongs:1183:7-10","BELONGS_TO_FAMILY","scale:1183","family:7-10","1183",,true,false,,,,,,,,,,,,,,,,,,,,,,"Canonical family projection"
"occupies:1183:Saturn","OCCUPIES_OFFICE","scale:1183","office:Saturn","1183",,true,false,"D5","D5",,,,,,,,,,,,,,,,,,true,,"direct eligible relation to 7-Z12 D5 anchor 671; earlier precedence preserved"
"belongs:1199:7-23","BELONGS_TO_FAMILY","scale:1199","family:7-23","1199",,true,false,,,,,,,,,,,,,,,,,,,,,,"Canonical family projection"
"office-evidence:1199:Saturn","RELATIONAL_OFFICE_EVIDENCE","scale:1199","office:Saturn","1199",,true,false,,,,"Saturn",,,,,,,,,,,,"4","oriented_convergence",true,false,false,"{""A2"":2,""D3"":1,""D5"":1}","Derived aggregate of canonical non-governing boundary contacts"
"belongs:1207:7-25","BELONGS_TO_FAMILY","scale:1207","family:7-25","1207",,true,false,,,,,,,,,,,,,,,,,,,,,,"Canonical family projection"
"office-evidence:1207:Moon","RELATIONAL_OFFICE_EVIDENCE","scale:1207","office:Moon","1207",,true,false,,,,"Moon",,,,,,,,,,,,"2","office_junction",false,false,false,"{""A1"":2,""A2"":2,""D4"":1}","Derived aggregate of canonical non-governing boundary contacts"
"office-evidence:1207:Venus","RELATIONAL_OFFICE_EVIDENCE","scale:1207","office:Venus","1207",,true,false,,,,"Venus",,,,,,,,,,,,"3","office_junction",false,true,false,"{""A1"":2,""A2"":2,""D4"":1}","Derived aggregate of canonical non-governing boundary contacts"
"belongs:1211:7-25","BELONGS_TO_FAMILY","scale:1211","family:7-25","1211",,true,false,,,,,,,,,,,,,,,,,,,,,,"Canonical family projection"
"office-evidence:1211:Sun","RELATIONAL_OFFICE_EVIDENCE","scale:1211","office:Sun","1211",,true,false,,,,"Sun",,,,,,,,,,,,"3","office_junction",false,true,false,"{""A1"":2,""A2"":2,""D4"":1}","Derived aggregate of canonical non-governing boundary contacts"
"office-evidence:1211:Jupiter","RELATIONAL_OFFICE_EVIDENCE","scale:1211","office:Jupiter","1211",,true,false,,,,"Jupiter",,,,,,,,,,,,"2","office_junction",false,false,false,"{""A1"":2,""A2"":2,""D4"":1}","Derived aggregate of canonical non-governing boundary contacts"
"belongs:1213:7-23","BELONGS_TO_FAMILY","scale:1213","family:7-23","1213",,true,false,,,,,,,,,,,,,,,,,,,,,,"Canonical family projection"
"office-evidence:1213:Saturn","RELATIONAL_OFFICE_EVIDENCE","scale:1213","office:Saturn","1213",,true,false,,,,"Saturn",,,,,,,,,,,,"4","oriented_convergence",true,false,false,"{""A2"":2,""D3"":1,""D5"":1}","Derived aggregate of canonical non-governing boundary contacts"
"belongs:1231:7-Z18","BELONGS_TO_FAMILY","scale:1231","family:7-Z18","1231",,true,false,,,,,,,,,,,,,,,,,,,,,,"Canonical family projection"
"office-evidence:1231:Moon","RELATIONAL_OFFICE_EVIDENCE","scale:1231","office:Moon","1231",,true,false,,,,"Moon",,,,,,,,,,,,"3","oriented_convergence",true,false,false,"{""A2"":2,""D5"":1}","Derived aggregate of canonical non-governing boundary contacts"
"belongs:1239:7-28","BELONGS_TO_FAMILY","scale:1239","family:7-28","1239",,true,false,,,,,,,,,,,,,,,,,,,,,,"Canonical family projection"
"occupies:1239:Moon","OCCUPIES_OFFICE","scale:1239","office:Moon","1239",,true,false,"A2","A2",,,,,,,,,,,,,,,,,,true,,"unique eligible parent at governing tier"
"belongs:1243:7-31","BELONGS_TO_FAMILY","scale:1243","family:7-31","1243",,true,false,,,,,,,,,,,,,,,,,,,,,,"Canonical family projection"
"occupies:1243:Sun","OCCUPIES_OFFICE","scale:1243","office:Sun","1243",,true,false,"A1","A1",,,,,,,,,,,,,,,,,,true,,"unique eligible parent at governing tier"
"belongs:1245:7-26","BELONGS_TO_FAMILY","scale:1245","family:7-26","1245",,true,false,,,,,,,,,,,,,,,,,,,,,,"Canonical family projection"
"occupies:1245:Saturn","OCCUPIES_OFFICE","scale:1245","office:Saturn","1245",,true,false,"A2","A2",,,,,,,,,,,,,,,,,,true,,"unique eligible parent at governing tier"
"belongs:1255:7-20","BELONGS_TO_FAMILY","scale:1255","family:7-20","1255",,true,false,,,,,,,,,,,,,,,,,,,,,,"Canonical family projection"
"occupies:1255:Mars","OCCUPIES_OFFICE","scale:1255","office:Mars","1255",,true,false,"D1","D1",,,,,,,,,,,,,,,,,,true,,"direct eligible relation to 7-22 D1 anchor 2509; A0–A2 precedence preserved"
"belongs:1259:7-29","BELONGS_TO_FAMILY","scale:1259","family:7-29","1259",,true,false,,,,,,,,,,,,,,,,,,,,,,"Canonical family projection"
"occupies:1259:Saturn","OCCUPIES_OFFICE","scale:1259","office:Saturn","1259",,true,false,"A0","A0",,,,,,,,,,,,,,,,,,true,,"unique eligible parent at governing tier"
"belongs:1261:7-27","BELONGS_TO_FAMILY","scale:1261","family:7-27","1261",,true,false,,,,,,,,,,,,,,,,,,,,,,"Canonical family projection"
"occupies:1261:Venus","OCCUPIES_OFFICE","scale:1261","office:Venus","1261",,true,false,"A1","A1",,,,,,,,,,,,,,,,,,true,,"unique eligible parent at governing tier"
"belongs:1267:7-19","BELONGS_TO_FAMILY","scale:1267","family:7-19","1267",,true,false,,,,,,,,,,,,,,,,,,,,,,"Canonical family projection"
"office-evidence:1267:Jupiter","RELATIONAL_OFFICE_EVIDENCE","scale:1267","office:Jupiter","1267",,true,false,,,,"Jupiter",,,,,,,,,,,,"1","office_junction",false,false,false,"{""A0"":2,""A2"":1,""D2"":1}","Derived aggregate of canonical non-governing boundary contacts"
"office-evidence:1267:Saturn","RELATIONAL_OFFICE_EVIDENCE","scale:1267","office:Saturn","1267",,true,false,,,,"Saturn",,,,,,,,,,,,"3","office_junction",false,true,false,"{""A0"":2,""A2"":1,""D2"":1}","Derived aggregate of canonical non-governing boundary contacts"
"belongs:1269:7-24","BELONGS_TO_FAMILY","scale:1269","family:7-24","1269",,true,false,,,,,,,,,,,,,,,,,,,,,,"Canonical family projection"
"occupies:1269:Jupiter","OCCUPIES_OFFICE","scale:1269","office:Jupiter","1269",,true,false,"A2","A2",,,,,,,,,,,,,,,,,,true,,"unique eligible parent at governing tier"
"belongs:1273:7-Z12","BELONGS_TO_FAMILY","scale:1273","family:7-Z12","1273",,true,false,,,,,,,,,,,,,,,,,,,,,,"Canonical family projection"
"occupies:1273:Jupiter","OCCUPIES_OFFICE","scale:1273","office:Jupiter","1273",,true,false,"D5","D5",,,,,,,,,,,,,,,,,,true,,"7-Z12 same-office convergence from two established A2 satellite contacts"
"belongs:1311:7-9","BELONGS_TO_FAMILY","scale:1311","family:7-9","1311",,true,false,,,,,,,,,,,,,,,,,,,,,,"Canonical family projection"
"office-evidence:1311:Saturn","RELATIONAL_OFFICE_EVIDENCE","scale:1311","office:Saturn","1311",,true,false,,,,"Saturn",,,,,,,,,,,,"2","oriented_convergence",true,false,false,"{""D5"":2}","Derived aggregate of canonical non-governing boundary contacts"
"belongs:1327:7-23","BELONGS_TO_FAMILY","scale:1327","family:7-23","1327",,true,false,,,,,,,,,,,,,,,,,,,,,,"Canonical family projection"
"office-evidence:1327:Moon","RELATIONAL_OFFICE_EVIDENCE","scale:1327","office:Moon","1327",,true,false,,,,"Moon",,,,,,,,,,,,"4","oriented_convergence",true,false,false,"{""A2"":2,""D3"":1,""D5"":1}","Derived aggregate of canonical non-governing boundary contacts"
"belongs:1335:7-26","BELONGS_TO_FAMILY","scale:1335","family:7-26","1335",,true,false,,,,,,,,,,,,,,,,,,,,,,"Canonical family projection"
"occupies:1335:Moon","OCCUPIES_OFFICE","scale:1335","office:Moon","1335",,true,false,"A2","A2",,,,,,,,,,,,,,,,,,true,,"unique eligible parent at governing tier"
"belongs:1339:7-27","BELONGS_TO_FAMILY","scale:1339","family:7-27","1339",,true,false,,,,,,,,,,,,,,,,,,,,,,"Canonical family projection"
"occupies:1339:Sun","OCCUPIES_OFFICE","scale:1339","office:Sun","1339",,true,false,"A1","A1",,,,,,,,,,,,,,,,,,true,,"unique eligible parent at governing tier"
"belongs:1341:7-24","BELONGS_TO_FAMILY","scale:1341","family:7-24","1341",,true,false,,,,,,,,,,,,,,,,,,,,,,"Canonical family projection"
"occupies:1341:Saturn","OCCUPIES_OFFICE","scale:1341","office:Saturn","1341",,true,false,"A2","A2",,,,,,,,,,,,,,,,,,true,,"unique eligible parent at governing tier"
"belongs:1359:7-24","BELONGS_TO_FAMILY","scale:1359","family:7-24","1359",,true,false,,,,,,,,,,,,,,,,,,,,,,"Canonical family projection"
"occupies:1359:Moon","OCCUPIES_OFFICE","scale:1359","office:Moon","1359",,true,false,"A2","A2",,,,,,,,,,,,,,,,,,true,,"unique eligible parent at governing tier"
"belongs:1367:7-33","BELONGS_TO_FAMILY","scale:1367","family:7-33","1367",,true,false,,,,,,,,,,,,,,,,,,,,,,"Canonical family projection"
"occupies:1367:Moon","OCCUPIES_OFFICE","scale:1367","office:Moon","1367",,true,false,"A2","A2",,,,,,,,,,,,,,,,,,true,,"modal-orbit transport from the declared Lydian Minor / Mars fixture"
"belongs:1371:7-34","BELONGS_TO_FAMILY","scale:1371","family:7-34","1371",,true,false,,,,,,,,,,,,,,,,,,,,,,"Canonical family projection"
"occupies:1371:Sun","OCCUPIES_OFFICE","scale:1371","office:Sun","1371",,true,false,"A1","A1",,,,,,,,,,,,,,,,,,true,,"validated A0 midpoint/phase-seam construction"
"belongs:1373:7-33","BELONGS_TO_FAMILY","scale:1373","family:7-33","1373",,true,false,,,,,,,,,,,,,,,,,,,,,,"Canonical family projection"
"occupies:1373:Saturn","OCCUPIES_OFFICE","scale:1373","office:Saturn","1373",,true,false,"A2","A2",,,,,,,,,,,,,,,,,,true,,"modal-orbit transport from the declared Lydian Minor / Mars fixture"
"belongs:1383:7-30","BELONGS_TO_FAMILY","scale:1383","family:7-30","1383",,true,false,,,,,,,,,,,,,,,,,,,,,,"Canonical family projection"
"occupies:1383:Saturn","OCCUPIES_OFFICE","scale:1383","office:Saturn","1383",,true,false,"A0","A0",,,,,,,,,,,,,,,,,,true,,"unique eligible parent at governing tier"
"belongs:1387:7-35","BELONGS_TO_FAMILY","scale:1387","family:7-35","1387",,true,false,,,,,,,,,,,,,,,,,,,,,,"Canonical family projection"
"occupies:1387:Saturn","OCCUPIES_OFFICE","scale:1387","office:Saturn","1387",,true,false,"A0","A0",,,,,,,,,,,,,,,,,,true,,"canonical A0 governor registry"
"belongs:1389:7-34","BELONGS_TO_FAMILY","scale:1389","family:7-34","1389",,true,false,,,,,,,,,,,,,,,,,,,,,,"Canonical family projection"
"occupies:1389:Venus","OCCUPIES_OFFICE","scale:1389","office:Venus","1389",,true,false,"A1","A1",,,,,,,,,,,,,,,,,,true,,"validated A0 midpoint/phase-seam construction"
"belongs:1395:7-30","BELONGS_TO_FAMILY","scale:1395","family:7-30","1395",,true,false,,,,,,,,,,,,,,,,,,,,,,"Canonical family projection"
"occupies:1395:Saturn","OCCUPIES_OFFICE","scale:1395","office:Saturn","1395",,true,false,"A0","A0",,,,,,,,,,,,,,,,,,true,,"unique eligible parent at governing tier"
"belongs:1397:7-33","BELONGS_TO_FAMILY","scale:1397","family:7-33","1397",,true,false,,,,,,,,,,,,,,,,,,,,,,"Canonical family projection"
"occupies:1397:Jupiter","OCCUPIES_OFFICE","scale:1397","office:Jupiter","1397",,true,false,"A2","A2",,,,,,,,,,,,,,,,,,true,,"modal-orbit transport from the declared Lydian Minor / Mars fixture"
"belongs:1401:7-24","BELONGS_TO_FAMILY","scale:1401","family:7-24","1401",,true,false,,,,,,,,,,,,,,,,,,,,,,"Canonical family projection"
"occupies:1401:Jupiter","OCCUPIES_OFFICE","scale:1401","office:Jupiter","1401",,true,false,"A2","A2",,,,,,,,,,,,,,,,,,true,,"unique eligible parent at governing tier"
"belongs:1423:7-14","BELONGS_TO_FAMILY","scale:1423","family:7-14","1423",,true,false,,,,,,,,,,,,,,,,,,,,,,"Canonical family projection"
"office-evidence:1423:Moon","RELATIONAL_OFFICE_EVIDENCE","scale:1423","office:Moon","1423",,true,false,,,,"Moon",,,,,,,,,,,,"3","office_junction",false,true,false,"{""A2"":2,""D2"":2,""D5"":1}","Derived aggregate of canonical non-governing boundary contacts"
"office-evidence:1423:Mercury","RELATIONAL_OFFICE_EVIDENCE","scale:1423","office:Mercury","1423",,true,false,,,,"Mercury",,,,,,,,,,,,"2","office_junction",false,false,false,"{""A2"":2,""D2"":2,""D5"":1}","Derived aggregate of canonical non-governing boundary contacts"
"belongs:1431:7-28","BELONGS_TO_FAMILY","scale:1431","family:7-28","1431",,true,false,,,,,,,,,,,,,,,,,,,,,,"Canonical family projection"
"occupies:1431:Moon","OCCUPIES_OFFICE","scale:1431","office:Moon","1431",,true,false,"A2","A2",,,,,,,,,,,,,,,,,,true,,"unique eligible parent at governing tier"
"belongs:1435:7-32","BELONGS_TO_FAMILY","scale:1435","family:7-32","1435",,true,false,,,,,,,,,,,,,,,,,,,,,,"Canonical family projection"
"occupies:1435:Venus","OCCUPIES_OFFICE","scale:1435","office:Venus","1435",,true,false,"A0","A0",,,,,,,,,,,,,,,,,,true,,"unique eligible parent at governing tier"
"belongs:1437:7-30","BELONGS_TO_FAMILY","scale:1437","family:7-30","1437",,true,false,,,,,,,,,,,,,,,,,,,,,,"Canonical family projection"
"occupies:1437:Jupiter","OCCUPIES_OFFICE","scale:1437","office:Jupiter","1437",,true,false,"A0","A0",,,,,,,,,,,,,,,,,,true,,"unique eligible parent at governing tier"
"belongs:1447:7-29","BELONGS_TO_FAMILY","scale:1447","family:7-29","1447",,true,false,,,,,,,,,,,,,,,,,,,,,,"Canonical family projection"
"occupies:1447:Venus","OCCUPIES_OFFICE","scale:1447","office:Venus","1447",,true,false,"A0","A0",,,,,,,,,,,,,,,,,,true,,"unique eligible parent at governing tier"
"belongs:1451:7-35","BELONGS_TO_FAMILY","scale:1451","family:7-35","1451",,true,false,,,,,,,,,,,,,,,,,,,,,,"Canonical family projection"
"occupies:1451:Venus","OCCUPIES_OFFICE","scale:1451","office:Venus","1451",,true,false,"A0","A0",,,,,,,,,,,,,,,,,,true,,"canonical A0 governor registry"
"belongs:1453:7-35","BELONGS_TO_FAMILY","scale:1453","family:7-35","1453",,true,false,,,,,,,,,,,,,,,,,,,,,,"Canonical family projection"
"occupies:1453:Jupiter","OCCUPIES_OFFICE","scale:1453","office:Jupiter","1453",,true,false,"A0","A0",,,,,,,,,,,,,,,,,,true,,"canonical A0 governor registry"
"belongs:1459:7-32","BELONGS_TO_FAMILY","scale:1459","family:7-32","1459",,true,false,,,,,,,,,,,,,,,,,,,,,,"Canonical family projection"
"occupies:1459:Venus","OCCUPIES_OFFICE","scale:1459","office:Venus","1459",,true,false,"A0","A0",,,,,,,,,,,,,,,,,,true,,"unique eligible parent at governing tier"
"belongs:1461:7-34","BELONGS_TO_FAMILY","scale:1461","family:7-34","1461",,true,false,,,,,,,,,,,,,,,,,,,,,,"Canonical family projection"
"occupies:1461:Mercury","OCCUPIES_OFFICE","scale:1461","office:Mercury","1461",,true,false,"A1","A1",,,,,,,,,,,,,,,,,,true,,"validated A0 midpoint/phase-seam construction"
"belongs:1465:7-27","BELONGS_TO_FAMILY","scale:1465","family:7-27","1465",,true,false,,,,,,,,,,,,,,,,,,,,,,"Canonical family projection"
"occupies:1465:Mercury","OCCUPIES_OFFICE","scale:1465","office:Mercury","1465",,true,false,"A1","A1",,,,,,,,,,,,,,,,,,true,,"unique eligible parent at governing tier"
"belongs:1479:7-15","BELONGS_TO_FAMILY","scale:1479","family:7-15","1479",,true,false,,,,,,,,,,,,,,,,,,,,,,"Canonical family projection"
"occupies:1479:Venus","OCCUPIES_OFFICE","scale:1479","office:Venus","1479",,true,false,"D2","D2",,,,,,,,,,,,,,,,,,true,,"7-15 same-office convergence from two independently agreeing A0-satellite contacts"
"belongs:1483:7-29","BELONGS_TO_FAMILY","scale:1483","family:7-29","1483",,true,false,,,,,,,,,,,,,,,,,,,,,,"Canonical family projection"
"occupies:1483:Venus","OCCUPIES_OFFICE","scale:1483","office:Venus","1483",,true,false,"A0","A0",,,,,,,,,,,,,,,,,,true,,"unique eligible parent at governing tier"
"belongs:1485:7-30","BELONGS_TO_FAMILY","scale:1485","family:7-30","1485",,true,false,,,,,,,,,,,,,,,,,,,,,,"Canonical family projection"
"occupies:1485:Jupiter","OCCUPIES_OFFICE","scale:1485","office:Jupiter","1485",,true,false,"A0","A0",,,,,,,,,,,,,,,,,,true,,"unique eligible parent at governing tier"
"belongs:1491:7-28","BELONGS_TO_FAMILY","scale:1491","family:7-28","1491",,true,false,,,,,,,,,,,,,,,,,,,,,,"Canonical family projection"
"occupies:1491:Mars","OCCUPIES_OFFICE","scale:1491","office:Mars","1491",,true,false,"A2","A2",,,,,,,,,,,,,,,,,,true,,"unique eligible parent at governing tier"
"belongs:1493:7-33","BELONGS_TO_FAMILY","scale:1493","family:7-33","1493",,true,false,,,,,,,,,,,,,,,,,,,,,,"Canonical family projection"
"occupies:1493:Mars","OCCUPIES_OFFICE","scale:1493","office:Mars","1493",,true,false,"A2","A2",,,,,,,,,,,,,,,,,,true,,"declared A2 relational office"
"belongs:1497:7-26","BELONGS_TO_FAMILY","scale:1497","family:7-26","1497",,true,false,,,,,,,,,,,,,,,,,,,,,,"Canonical family projection"
"occupies:1497:Mars","OCCUPIES_OFFICE","scale:1497","office:Mars","1497",,true,false,"A2","A2",,,,,,,,,,,,,,,,,,true,,"unique eligible parent at governing tier"
"belongs:1507:7-14","BELONGS_TO_FAMILY","scale:1507","family:7-14","1507",,true,false,,,,,,,,,,,,,,,,,,,,,,"Canonical family projection"
"office-evidence:1507:Sun","RELATIONAL_OFFICE_EVIDENCE","scale:1507","office:Sun","1507",,true,false,,,,"Sun",,,,,,,,,,,,"2","office_junction",false,false,false,"{""A2"":2,""D2"":2,""D5"":1}","Derived aggregate of canonical non-governing boundary contacts"
"office-evidence:1507:Mars","RELATIONAL_OFFICE_EVIDENCE","scale:1507","office:Mars","1507",,true,false,,,,"Mars",,,,,,,,,,,,"3","office_junction",false,true,false,"{""A2"":2,""D2"":2,""D5"":1}","Derived aggregate of canonical non-governing boundary contacts"
"belongs:1509:7-24","BELONGS_TO_FAMILY","scale:1509","family:7-24","1509",,true,false,,,,,,,,,,,,,,,,,,,,,,"Canonical family projection"
"occupies:1509:Mars","OCCUPIES_OFFICE","scale:1509","office:Mars","1509",,true,false,"A2","A2",,,,,,,,,,,,,,,,,,true,,"unique eligible parent at governing tier"
"belongs:1513:7-23","BELONGS_TO_FAMILY","scale:1513","family:7-23","1513",,true,false,,,,,,,,,,,,,,,,,,,,,,"Canonical family projection"
"office-evidence:1513:Mars","RELATIONAL_OFFICE_EVIDENCE","scale:1513","office:Mars","1513",,true,false,,,,"Mars",,,,,,,,,,,,"4","oriented_convergence",true,false,false,"{""A2"":2,""D3"":1,""D5"":1}","Derived aggregate of canonical non-governing boundary contacts"
"belongs:1521:7-9","BELONGS_TO_FAMILY","scale:1521","family:7-9","1521",,true,false,,,,,,,,,,,,,,,,,,,,,,"Canonical family projection"
"office-evidence:1521:Jupiter","RELATIONAL_OFFICE_EVIDENCE","scale:1521","office:Jupiter","1521",,true,false,,,,"Jupiter",,,,,,,,,,,,"2","oriented_convergence",true,false,false,"{""D5"":2}","Derived aggregate of canonical non-governing boundary contacts"
"belongs:1567:7-4","BELONGS_TO_FAMILY","scale:1567","family:7-4","1567",,true,false,,,,,,,,,,,,,,,,,,,,,,"Canonical family projection"
"office-evidence:1567:Moon","RELATIONAL_OFFICE_EVIDENCE","scale:1567","office:Moon","1567",,true,false,,,,"Moon",,,,,,,,,,,,"2","oriented_convergence",true,false,false,"{""D3"":1,""D6"":1}","Derived aggregate of canonical non-governing boundary contacts"
"belongs:1583:7-11","BELONGS_TO_FAMILY","scale:1583","family:7-11","1583",,true,false,,,,,,,,,,,,,,,,,,,,,,"Canonical family projection"
"occupies:1583:Moon","OCCUPIES_OFFICE","scale:1583","office:Moon","1583",,true,false,"D3","D3",,,,,,,,,,,,,,,,,,true,,"direct eligible relation to 7-Z37 D3 anchor 1591; earlier precedence preserved"
"belongs:1591:7-Z37","BELONGS_TO_FAMILY","scale:1591","family:7-Z37","1591",,true,false,,,,,,,,,,,,,,,,,,,,,,"Canonical family projection"
"occupies:1591:Moon","OCCUPIES_OFFICE","scale:1591","office:Moon","1591",,true,false,"D3","D3",,,,,,,,,,,,,,,,,,true,,"7-Z37 dual-tier same-office convergence from two A2 and two D2 satellite contacts"
"belongs:1595:7-Z38","BELONGS_TO_FAMILY","scale:1595","family:7-Z38","1595",,true,false,,,,,,,,,,,,,,,,,,,,,,"Canonical family projection"
"occupies:1595:Moon","OCCUPIES_OFFICE","scale:1595","office:Moon","1595",,true,false,"D2","D2",,,,,,,,,,,,,,,,,,true,,"direct eligible relation to 7-15 D2 anchor 3189; earlier precedence preserved"
"belongs:1597:7-14","BELONGS_TO_FAMILY","scale:1597","family:7-14","1597",,true,false,,,,,,,,,,,,,,,,,,,,,,"Canonical family projection"
"office-evidence:1597:Moon","RELATIONAL_OFFICE_EVIDENCE","scale:1597","office:Moon","1597",,true,false,,,,"Moon",,,,,,,,,,,,"2","office_junction",false,false,false,"{""A2"":2,""D2"":2,""D5"":1}","Derived aggregate of canonical non-governing boundary contacts"
"office-evidence:1597:Saturn","RELATIONAL_OFFICE_EVIDENCE","scale:1597","office:Saturn","1597",,true,false,,,,"Saturn",,,,,,,,,,,,"3","office_junction",false,true,false,"{""A2"":2,""D2"":2,""D5"":1}","Derived aggregate of canonical non-governing boundary contacts"
"belongs:1615:7-16","BELONGS_TO_FAMILY","scale:1615","family:7-16","1615",,true,false,,,,,,,,,,,,,,,,,,,,,,"Canonical family projection"
"occupies:1615:Mars","OCCUPIES_OFFICE","scale:1615","office:Mars","1615",,true,false,"D4","D4",,,,,,,,,,,,,,,,,,true,,"direct eligible relation to 7-Z17 D4 anchor 3229; earlier precedence preserved"
"belongs:1623:7-26","BELONGS_TO_FAMILY","scale:1623","family:7-26","1623",,true,false,,,,,,,,,,,,,,,,,,,,,,"Canonical family projection"
"occupies:1623:Moon","OCCUPIES_OFFICE","scale:1623","office:Moon","1623",,true,false,"A2","A2",,,,,,,,,,,,,,,,,,true,,"unique eligible parent at governing tier"
"belongs:1627:7-31","BELONGS_TO_FAMILY","scale:1627","family:7-31","1627",,true,false,,,,,,,,,,,,,,,,,,,,,,"Canonical family projection"
"occupies:1627:Sun","OCCUPIES_OFFICE","scale:1627","office:Sun","1627",,true,false,"A1","A1",,,,,,,,,,,,,,,,,,true,,"unique eligible parent at governing tier"
"belongs:1629:7-28","BELONGS_TO_FAMILY","scale:1629","family:7-28","1629",,true,false,,,,,,,,,,,,,,,,,,,,,,"Canonical family projection"
"occupies:1629:Saturn","OCCUPIES_OFFICE","scale:1629","office:Saturn","1629",,true,false,"A2","A2",,,,,,,,,,,,,,,,,,true,,"unique eligible parent at governing tier"
"belongs:1639:7-21","BELONGS_TO_FAMILY","scale:1639","family:7-21","1639",,true,false,,,,,,,,,,,,,,,,,,,,,,"Canonical family projection"
"office-evidence:1639:Moon","RELATIONAL_OFFICE_EVIDENCE","scale:1639","office:Moon","1639",,true,false,,,,"Moon",,,,,,,,,,,,"1","office_junction",false,false,false,"{""A0"":2,""A1"":1,""A2"":1}","Derived aggregate of canonical non-governing boundary contacts"
"office-evidence:1639:Jupiter","RELATIONAL_OFFICE_EVIDENCE","scale:1639","office:Jupiter","1639",,true,false,,,,"Jupiter",,,,,,,,,,,,"1","office_junction",false,false,false,"{""A0"":2,""A1"":1,""A2"":1}","Derived aggregate of canonical non-governing boundary contacts"
"office-evidence:1639:Saturn","RELATIONAL_OFFICE_EVIDENCE","scale:1639","office:Saturn","1639",,true,false,,,,"Saturn",,,,,,,,,,,,"2","office_junction",false,true,false,"{""A0"":2,""A1"":1,""A2"":1}","Derived aggregate of canonical non-governing boundary contacts"
"belongs:1643:7-32","BELONGS_TO_FAMILY","scale:1643","family:7-32","1643",,true,false,,,,,,,,,,,,,,,,,,,,,,"Canonical family projection"
"occupies:1643:Saturn","OCCUPIES_OFFICE","scale:1643","office:Saturn","1643",,true,false,"A0","A0",,,,,,,,,,,,,,,,,,true,,"unique eligible parent at governing tier"
"belongs:1645:7-32","BELONGS_TO_FAMILY","scale:1645","family:7-32","1645",,true,false,,,,,,,,,,,,,,,,,,,,,,"Canonical family projection"
"occupies:1645:Mercury","OCCUPIES_OFFICE","scale:1645","office:Mercury","1645",,true,false,"A0","A0",,,,,,,,,,,,,,,,,,true,,"unique eligible parent at governing tier"
"belongs:1651:7-22","BELONGS_TO_FAMILY","scale:1651","family:7-22","1651",,true,false,,,,,,,,,,,,,,,,,,,,,,"Canonical family projection"
"occupies:1651:Jupiter","OCCUPIES_OFFICE","scale:1651","office:Jupiter","1651",,true,false,"D1","D1",,,,,,,,,,,,,,,,,,true,,"7-22 second-order midpoint from symmetric A0-satellite contacts at g−2 and g+2"
"belongs:1653:7-30","BELONGS_TO_FAMILY","scale:1653","family:7-30","1653",,true,false,,,,,,,,,,,,,,,,,,,,,,"Canonical family projection"
"occupies:1653:Mars","OCCUPIES_OFFICE","scale:1653","office:Mars","1653",,true,false,"A0","A0",,,,,,,,,,,,,,,,,,true,,"unique eligible parent at governing tier"
"belongs:1657:7-19","BELONGS_TO_FAMILY","scale:1657","family:7-19","1657",,true,false,,,,,,,,,,,,,,,,,,,,,,"Canonical family projection"
"office-evidence:1657:Mars","RELATIONAL_OFFICE_EVIDENCE","scale:1657","office:Mars","1657",,true,false,,,,"Mars",,,,,,,,,,,,"3","office_junction",false,true,false,"{""A0"":2,""A2"":1,""D2"":1}","Derived aggregate of canonical non-governing boundary contacts"
"office-evidence:1657:Jupiter","RELATIONAL_OFFICE_EVIDENCE","scale:1657","office:Jupiter","1657",,true,false,,,,"Jupiter",,,,,,,,,,,,"1","office_junction",false,false,false,"{""A0"":2,""A2"":1,""D2"":1}","Derived aggregate of canonical non-governing boundary contacts"
"belongs:1679:7-Z36","BELONGS_TO_FAMILY","scale:1679","family:7-Z36","1679",,true,false,,,,,,,,,,,,,,,,,,,,,,"Canonical family projection"
"office-evidence:1679:Mars","RELATIONAL_OFFICE_EVIDENCE","scale:1679","office:Mars","1679",,true,false,,,,"Mars",,,,,,,,,,,,"2","oriented_convergence",true,false,false,"{""D4"":2}","Derived aggregate of canonical non-governing boundary contacts"
"belongs:1687:7-25","BELONGS_TO_FAMILY","scale:1687","family:7-25","1687",,true,false,,,,,,,,,,,,,,,,,,,,,,"Canonical family projection"
"office-evidence:1687:Moon","RELATIONAL_OFFICE_EVIDENCE","scale:1687","office:Moon","1687",,true,false,,,,"Moon",,,,,,,,,,,,"2","office_junction",false,false,false,"{""A1"":2,""A2"":2,""D4"":1}","Derived aggregate of canonical non-governing boundary contacts"
"office-evidence:1687:Jupiter","RELATIONAL_OFFICE_EVIDENCE","scale:1687","office:Jupiter","1687",,true,false,,,,"Jupiter",,,,,,,,,,,,"3","office_junction",false,true,false,"{""A1"":2,""A2"":2,""D4"":1}","Derived aggregate of canonical non-governing boundary contacts"
"belongs:1691:7-31","BELONGS_TO_FAMILY","scale:1691","family:7-31","1691",,true,false,,,,,,,,,,,,,,,,,,,,,,"Canonical family projection"
"occupies:1691:Jupiter","OCCUPIES_OFFICE","scale:1691","office:Jupiter","1691",,true,false,"A1","A1",,,,,,,,,,,,,,,,,,true,,"unique eligible parent at governing tier"
"belongs:1693:7-29","BELONGS_TO_FAMILY","scale:1693","family:7-29","1693",,true,false,,,,,,,,,,,,,,,,,,,,,,"Canonical family projection"
"occupies:1693:Mercury","OCCUPIES_OFFICE","scale:1693","office:Mercury","1693",,true,false,"A0","A0",,,,,,,,,,,,,,,,,,true,,"unique eligible parent at governing tier"
"belongs:1703:7-27","BELONGS_TO_FAMILY","scale:1703","family:7-27","1703",,true,false,,,,,,,,,,,,,,,,,,,,,,"Canonical family projection"
"occupies:1703:Jupiter","OCCUPIES_OFFICE","scale:1703","office:Jupiter","1703",,true,false,"A1","A1",,,,,,,,,,,,,,,,,,true,,"unique eligible parent at governing tier"
"belongs:1707:7-34","BELONGS_TO_FAMILY","scale:1707","family:7-34","1707",,true,false,,,,,,,,,,,,,,,,,,,,,,"Canonical family projection"
"occupies:1707:Jupiter","OCCUPIES_OFFICE","scale:1707","office:Jupiter","1707",,true,false,"A1","A1",,,,,,,,,,,,,,,,,,true,,"validated A0 midpoint/phase-seam construction"
"belongs:1709:7-35","BELONGS_TO_FAMILY","scale:1709","family:7-35","1709",,true,false,,,,,,,,,,,,,,,,,,,,,,"Canonical family projection"
"occupies:1709:Mercury","OCCUPIES_OFFICE","scale:1709","office:Mercury","1709",,true,false,"A0","A0",,,,,,,,,,,,,,,,,,true,,"canonical A0 governor registry"
"belongs:1715:7-32","BELONGS_TO_FAMILY","scale:1715","family:7-32","1715",,true,false,,,,,,,,,,,,,,,,,,,,,,"Canonical family projection"
"occupies:1715:Mars","OCCUPIES_OFFICE","scale:1715","office:Mars","1715",,true,false,"A0","A0",,,,,,,,,,,,,,,,,,true,,"unique eligible parent at governing tier"
"belongs:1717:7-35","BELONGS_TO_FAMILY","scale:1717","family:7-35","1717",,true,false,,,,,,,,,,,,,,,,,,,,,,"Canonical family projection"
"occupies:1717:Mars","OCCUPIES_OFFICE","scale:1717","office:Mars","1717",,true,false,"A0","A0",,,,,,,,,,,,,,,,,,true,,"canonical A0 governor registry"
"belongs:1721:7-29","BELONGS_TO_FAMILY","scale:1721","family:7-29","1721",,true,false,,,,,,,,,,,,,,,,,,,,,,"Canonical family projection"
"occupies:1721:Mars","OCCUPIES_OFFICE","scale:1721","office:Mars","1721",,true,false,"A0","A0",,,,,,,,,,,,,,,,,,true,,"unique eligible parent at governing tier"
"belongs:1735:7-Z38","BELONGS_TO_FAMILY","scale:1735","family:7-Z38","1735",,true,false,,,,,,,,,,,,,,,,,,,,,,"Canonical family projection"
"occupies:1735:Venus","OCCUPIES_OFFICE","scale:1735","office:Venus","1735",,true,false,"D2","D2",,,,,,,,,,,,,,,,,,true,,"direct eligible relation to 7-15 D2 anchor 1479; earlier precedence preserved"
"belongs:1739:7-31","BELONGS_TO_FAMILY","scale:1739","family:7-31","1739",,true,false,,,,,,,,,,,,,,,,,,,,,,"Canonical family projection"
"occupies:1739:Jupiter","OCCUPIES_OFFICE","scale:1739","office:Jupiter","1739",,true,false,"A1","A1",,,,,,,,,,,,,,,,,,true,,"unique eligible parent at governing tier"
"belongs:1741:7-32","BELONGS_TO_FAMILY","scale:1741","family:7-32","1741",,true,false,,,,,,,,,,,,,,,,,,,,,,"Canonical family projection"
"occupies:1741:Mercury","OCCUPIES_OFFICE","scale:1741","office:Mercury","1741",,true,false,"A0","A0",,,,,,,,,,,,,,,,,,true,,"unique eligible parent at governing tier"
"belongs:1747:7-31","BELONGS_TO_FAMILY","scale:1747","family:7-31","1747",,true,false,,,,,,,,,,,,,,,,,,,,,,"Canonical family projection"
"occupies:1747:Moon","OCCUPIES_OFFICE","scale:1747","office:Moon","1747",,true,false,"A1","A1",,,,,,,,,,,,,,,,,,true,,"unique eligible parent at governing tier"
"belongs:1749:7-34","BELONGS_TO_FAMILY","scale:1749","family:7-34","1749",,true,false,,,,,,,,,,,,,,,,,,,,,,"Canonical family projection"
"occupies:1749:Moon","OCCUPIES_OFFICE","scale:1749","office:Moon","1749",,true,false,"A1","A1",,,,,,,,,,,,,,,,,,true,,"validated A0 midpoint/phase-seam construction"
"belongs:1753:7-31","BELONGS_TO_FAMILY","scale:1753","family:7-31","1753",,true,false,,,,,,,,,,,,,,,,,,,,,,"Canonical family projection"
"occupies:1753:Moon","OCCUPIES_OFFICE","scale:1753","office:Moon","1753",,true,false,"A1","A1",,,,,,,,,,,,,,,,,,true,,"unique eligible parent at governing tier"
"belongs:1763:7-Z38","BELONGS_TO_FAMILY","scale:1763","family:7-Z38","1763",,true,false,,,,,,,,,,,,,,,,,,,,,,"Canonical family projection"
"occupies:1763:Sun","OCCUPIES_OFFICE","scale:1763","office:Sun","1763",,true,false,"D2","D2",,,,,,,,,,,,,,,,,,true,,"direct eligible relation to 7-15 D2 anchor 2787; earlier precedence preserved"
"belongs:1765:7-27","BELONGS_TO_FAMILY","scale:1765","family:7-27","1765",,true,false,,,,,,,,,,,,,,,,,,,,,,"Canonical family projection"
"occupies:1765:Moon","OCCUPIES_OFFICE","scale:1765","office:Moon","1765",,true,false,"A1","A1",,,,,,,,,,,,,,,,,,true,,"unique eligible parent at governing tier"
"belongs:1769:7-25","BELONGS_TO_FAMILY","scale:1769","family:7-25","1769",,true,false,,,,,,,,,,,,,,,,,,,,,,"Canonical family projection"
"office-evidence:1769:Moon","RELATIONAL_OFFICE_EVIDENCE","scale:1769","office:Moon","1769",,true,false,,,,"Moon",,,,,,,,,,,,"3","office_junction",false,true,false,"{""A1"":2,""A2"":2,""D4"":1}","Derived aggregate of canonical non-governing boundary contacts"
"office-evidence:1769:Jupiter","RELATIONAL_OFFICE_EVIDENCE","scale:1769","office:Jupiter","1769",,true,false,,,,"Jupiter",,,,,,,,,,,,"2","office_junction",false,false,false,"{""A1"":2,""A2"":2,""D4"":1}","Derived aggregate of canonical non-governing boundary contacts"
"belongs:1777:7-Z36","BELONGS_TO_FAMILY","scale:1777","family:7-Z36","1777",,true,false,,,,,,,,,,,,,,,,,,,,,,"Canonical family projection"
"office-evidence:1777:Mercury","RELATIONAL_OFFICE_EVIDENCE","scale:1777","office:Mercury","1777",,true,false,,,,"Mercury",,,,,,,,,,,,"2","oriented_convergence",true,false,false,"{""D4"":2}","Derived aggregate of canonical non-governing boundary contacts"
"belongs:1807:7-5","BELONGS_TO_FAMILY","scale:1807","family:7-5","1807",,true,false,,,,,,,,,,,,,,,,,,,,,,"Canonical family projection"
"office-evidence:1807:Jupiter","RELATIONAL_OFFICE_EVIDENCE","scale:1807","office:Jupiter","1807",,true,false,,,,"Jupiter",,,,,,,,,,,,"1","peripheral_leaf",true,false,false,"{""D4"":1}","Derived aggregate of canonical non-governing boundary contacts"
"belongs:1815:7-13","BELONGS_TO_FAMILY","scale:1815","family:7-13","1815",,true,false,,,,,,,,,,,,,,,,,,,,,,"Canonical family projection"
"occupies:1815:Jupiter","OCCUPIES_OFFICE","scale:1815","office:Jupiter","1815",,true,false,"D4","D4",,,,,,,,,,,,,,,,,,true,,"direct eligible relation to 7-Z17 D4 anchor 1831; earlier precedence preserved"
"belongs:1819:7-Z38","BELONGS_TO_FAMILY","scale:1819","family:7-Z38","1819",,true,false,,,,,,,,,,,,,,,,,,,,,,"Canonical family projection"
"occupies:1819:Mercury","OCCUPIES_OFFICE","scale:1819","office:Mercury","1819",,true,false,"D2","D2",,,,,,,,,,,,,,,,,,true,,"direct eligible relation to 7-15 D2 anchor 1821; earlier precedence preserved"
"belongs:1821:7-15","BELONGS_TO_FAMILY","scale:1821","family:7-15","1821",,true,false,,,,,,,,,,,,,,,,,,,,,,"Canonical family projection"
"occupies:1821:Mercury","OCCUPIES_OFFICE","scale:1821","office:Mercury","1821",,true,false,"D2","D2",,,,,,,,,,,,,,,,,,true,,"7-15 same-office convergence from two independently agreeing A0-satellite contacts"
"belongs:1831:7-Z17","BELONGS_TO_FAMILY","scale:1831","family:7-Z17","1831",,true,false,,,,,,,,,,,,,,,,,,,,,,"Canonical family projection"
"occupies:1831:Jupiter","OCCUPIES_OFFICE","scale:1831","office:Jupiter","1831",,true,false,"D4","D4",,,,,,,,,,,,,,,,,,true,,"7-Z17 same-office convergence from two established A1 satellite contacts"
"belongs:1835:7-27","BELONGS_TO_FAMILY","scale:1835","family:7-27","1835",,true,false,,,,,,,,,,,,,,,,,,,,,,"Canonical family projection"
"occupies:1835:Jupiter","OCCUPIES_OFFICE","scale:1835","office:Jupiter","1835",,true,false,"A1","A1",,,,,,,,,,,,,,,,,,true,,"unique eligible parent at governing tier"
"belongs:1837:7-29","BELONGS_TO_FAMILY","scale:1837","family:7-29","1837",,true,false,,,,,,,,,,,,,,,,,,,,,,"Canonical family projection"
"occupies:1837:Mercury","OCCUPIES_OFFICE","scale:1837","office:Mercury","1837",,true,false,"A0","A0",,,,,,,,,,,,,,,,,,true,,"unique eligible parent at governing tier"
"belongs:1843:7-21","BELONGS_TO_FAMILY","scale:1843","family:7-21","1843",,true,false,,,,,,,,,,,,,,,,,,,,,,"Canonical family projection"
"office-evidence:1843:Sun","RELATIONAL_OFFICE_EVIDENCE","scale:1843","office:Sun","1843",,true,false,,,,"Sun",,,,,,,,,,,,"1","office_junction",false,false,false,"{""A0"":2,""A1"":1,""A2"":1}","Derived aggregate of canonical non-governing boundary contacts"
"office-evidence:1843:Mars","RELATIONAL_OFFICE_EVIDENCE","scale:1843","office:Mars","1843",,true,false,,,,"Mars",,,,,,,,,,,,"2","office_junction",false,true,false,"{""A0"":2,""A1"":1,""A2"":1}","Derived aggregate of canonical non-governing boundary contacts"
"office-evidence:1843:Jupiter","RELATIONAL_OFFICE_EVIDENCE","scale:1843","office:Jupiter","1843",,true,false,,,,"Jupiter",,,,,,,,,,,,"1","office_junction",false,false,false,"{""A0"":2,""A1"":1,""A2"":1}","Derived aggregate of canonical non-governing boundary contacts"
"belongs:1845:7-30","BELONGS_TO_FAMILY","scale:1845","family:7-30","1845",,true,false,,,,,,,,,,,,,,,,,,,,,,"Canonical family projection"
"occupies:1845:Mars","OCCUPIES_OFFICE","scale:1845","office:Mars","1845",,true,false,"A0","A0",,,,,,,,,,,,,,,,,,true,,"unique eligible parent at governing tier"
"belongs:1849:7-20","BELONGS_TO_FAMILY","scale:1849","family:7-20","1849",,true,false,,,,,,,,,,,,,,,,,,,,,,"Canonical family projection"
"occupies:1849:Saturn","OCCUPIES_OFFICE","scale:1849","office:Saturn","1849",,true,false,"D1","D1",,,,,,,,,,,,,,,,,,true,,"direct eligible relation to 7-22 D1 anchor 2873; A0–A2 precedence preserved"
"belongs:1863:7-13","BELONGS_TO_FAMILY","scale:1863","family:7-13","1863",,true,false,,,,,,,,,,,,,,,,,,,,,,"Canonical family projection"
"occupies:1863:Jupiter","OCCUPIES_OFFICE","scale:1863","office:Jupiter","1863",,true,false,"D4","D4",,,,,,,,,,,,,,,,,,true,,"direct eligible relation to 7-Z17 D4 anchor 1831; earlier precedence preserved"
"belongs:1867:7-25","BELONGS_TO_FAMILY","scale:1867","family:7-25","1867",,true,false,,,,,,,,,,,,,,,,,,,,,,"Canonical family projection"
"office-evidence:1867:Sun","RELATIONAL_OFFICE_EVIDENCE","scale:1867","office:Sun","1867",,true,false,,,,"Sun",,,,,,,,,,,,"2","office_junction",false,false,false,"{""A1"":2,""A2"":2,""D4"":1}","Derived aggregate of canonical non-governing boundary contacts"
"office-evidence:1867:Jupiter","RELATIONAL_OFFICE_EVIDENCE","scale:1867","office:Jupiter","1867",,true,false,,,,"Jupiter",,,,,,,,,,,,"3","office_junction",false,true,false,"{""A1"":2,""A2"":2,""D4"":1}","Derived aggregate of canonical non-governing boundary contacts"
"belongs:1869:7-28","BELONGS_TO_FAMILY","scale:1869","family:7-28","1869",,true,false,,,,,,,,,,,,,,,,,,,,,,"Canonical family projection"
"occupies:1869:Sun","OCCUPIES_OFFICE","scale:1869","office:Sun","1869",,true,false,"A2","A2",,,,,,,,,,,,,,,,,,true,,"unique eligible parent at governing tier"
"belongs:1875:7-26","BELONGS_TO_FAMILY","scale:1875","family:7-26","1875",,true,false,,,,,,,,,,,,,,,,,,,,,,"Canonical family projection"
"occupies:1875:Sun","OCCUPIES_OFFICE","scale:1875","office:Sun","1875",,true,false,"A2","A2",,,,,,,,,,,,,,,,,,true,,"unique eligible parent at governing tier"
"belongs:1877:7-33","BELONGS_TO_FAMILY","scale:1877","family:7-33","1877",,true,false,,,,,,,,,,,,,,,,,,,,,,"Canonical family projection"
"occupies:1877:Sun","OCCUPIES_OFFICE","scale:1877","office:Sun","1877",,true,false,"A2","A2",,,,,,,,,,,,,,,,,,true,,"modal-orbit transport from the declared Lydian Minor / Mars fixture"
"belongs:1881:7-28","BELONGS_TO_FAMILY","scale:1881","family:7-28","1881",,true,false,,,,,,,,,,,,,,,,,,,,,,"Canonical family projection"
"occupies:1881:Sun","OCCUPIES_OFFICE","scale:1881","office:Sun","1881",,true,false,"A2","A2",,,,,,,,,,,,,,,,,,true,,"unique eligible parent at governing tier"
"belongs:1891:7-Z37","BELONGS_TO_FAMILY","scale:1891","family:7-Z37","1891",,true,false,,,,,,,,,,,,,,,,,,,,,,"Canonical family projection"
"occupies:1891:Sun","OCCUPIES_OFFICE","scale:1891","office:Sun","1891",,true,false,"D3","D3",,,,,,,,,,,,,,,,,,true,,"7-Z37 dual-tier same-office convergence from two A2 and two D2 satellite contacts"
"belongs:1893:7-26","BELONGS_TO_FAMILY","scale:1893","family:7-26","1893",,true,false,,,,,,,,,,,,,,,,,,,,,,"Canonical family projection"
"occupies:1893:Sun","OCCUPIES_OFFICE","scale:1893","office:Sun","1893",,true,false,"A2","A2",,,,,,,,,,,,,,,,,,true,,"unique eligible parent at governing tier"
"belongs:1897:7-25","BELONGS_TO_FAMILY","scale:1897","family:7-25","1897",,true,false,,,,,,,,,,,,,,,,,,,,,,"Canonical family projection"
"office-evidence:1897:Sun","RELATIONAL_OFFICE_EVIDENCE","scale:1897","office:Sun","1897",,true,false,,,,"Sun",,,,,,,,,,,,"2","office_junction",false,false,false,"{""A1"":2,""A2"":2,""D4"":1}","Derived aggregate of canonical non-governing boundary contacts"
"office-evidence:1897:Mercury","RELATIONAL_OFFICE_EVIDENCE","scale:1897","office:Mercury","1897",,true,false,,,,"Mercury",,,,,,,,,,,,"3","office_junction",false,true,false,"{""A1"":2,""A2"":2,""D4"":1}","Derived aggregate of canonical non-governing boundary contacts"
"belongs:1905:7-13","BELONGS_TO_FAMILY","scale:1905","family:7-13","1905",,true,false,,,,,,,,,,,,,,,,,,,,,,"Canonical family projection"
"occupies:1905:Mercury","OCCUPIES_OFFICE","scale:1905","office:Mercury","1905",,true,false,"D4","D4",,,,,,,,,,,,,,,,,,true,,"direct eligible relation to 7-Z17 D4 anchor 953; earlier precedence preserved"
"belongs:1927:7-5","BELONGS_TO_FAMILY","scale:1927","family:7-5","1927",,true,false,,,,,,,,,,,,,,,,,,,,,,"Canonical family projection"
"office-evidence:1927:Jupiter","RELATIONAL_OFFICE_EVIDENCE","scale:1927","office:Jupiter","1927",,true,false,,,,"Jupiter",,,,,,,,,,,,"1","peripheral_leaf",true,false,false,"{""D4"":1}","Derived aggregate of canonical non-governing boundary contacts"
"belongs:1931:7-Z36","BELONGS_TO_FAMILY","scale:1931","family:7-Z36","1931",,true,false,,,,,,,,,,,,,,,,,,,,,,"Canonical family projection"
"office-evidence:1931:Saturn","RELATIONAL_OFFICE_EVIDENCE","scale:1931","office:Saturn","1931",,true,false,,,,"Saturn",,,,,,,,,,,,"2","oriented_convergence",true,false,false,"{""D4"":2}","Derived aggregate of canonical non-governing boundary contacts"
"belongs:1933:7-14","BELONGS_TO_FAMILY","scale:1933","family:7-14","1933",,true,false,,,,,,,,,,,,,,,,,,,,,,"Canonical family projection"
"office-evidence:1933:Sun","RELATIONAL_OFFICE_EVIDENCE","scale:1933","office:Sun","1933",,true,false,,,,"Sun",,,,,,,,,,,,"3","office_junction",false,true,false,"{""A2"":2,""D2"":2,""D5"":1}","Derived aggregate of canonical non-governing boundary contacts"
"office-evidence:1933:Venus","RELATIONAL_OFFICE_EVIDENCE","scale:1933","office:Venus","1933",,true,false,,,,"Venus",,,,,,,,,,,,"2","office_junction",false,false,false,"{""A2"":2,""D2"":2,""D5"":1}","Derived aggregate of canonical non-governing boundary contacts"
"belongs:1939:7-16","BELONGS_TO_FAMILY","scale:1939","family:7-16","1939",,true,false,,,,,,,,,,,,,,,,,,,,,,"Canonical family projection"
"occupies:1939:Saturn","OCCUPIES_OFFICE","scale:1939","office:Saturn","1939",,true,false,"D4","D4",,,,,,,,,,,,,,,,,,true,,"direct eligible relation to 7-Z17 D4 anchor 2963; earlier precedence preserved"
"belongs:1941:7-24","BELONGS_TO_FAMILY","scale:1941","family:7-24","1941",,true,false,,,,,,,,,,,,,,,,,,,,,,"Canonical family projection"
"occupies:1941:Sun","OCCUPIES_OFFICE","scale:1941","office:Sun","1941",,true,false,"A2","A2",,,,,,,,,,,,,,,,,,true,,"unique eligible parent at governing tier"
"belongs:1945:7-Z18","BELONGS_TO_FAMILY","scale:1945","family:7-Z18","1945",,true,false,,,,,,,,,,,,,,,,,,,,,,"Canonical family projection"
"office-evidence:1945:Sun","RELATIONAL_OFFICE_EVIDENCE","scale:1945","office:Sun","1945",,true,false,,,,"Sun",,,,,,,,,,,,"3","oriented_convergence",true,false,false,"{""A2"":2,""D5"":1}","Derived aggregate of canonical non-governing boundary contacts"
"belongs:1955:7-11","BELONGS_TO_FAMILY","scale:1955","family:7-11","1955",,true,false,,,,,,,,,,,,,,,,,,,,,,"Canonical family projection"
"occupies:1955:Sun","OCCUPIES_OFFICE","scale:1955","office:Sun","1955",,true,false,"D3","D3",,,,,,,,,,,,,,,,,,true,,"direct eligible relation to 7-Z37 D3 anchor 1891; earlier precedence preserved"
"belongs:1957:7-23","BELONGS_TO_FAMILY","scale:1957","family:7-23","1957",,true,false,,,,,,,,,,,,,,,,,,,,,,"Canonical family projection"
"office-evidence:1957:Sun","RELATIONAL_OFFICE_EVIDENCE","scale:1957","office:Sun","1957",,true,false,,,,"Sun",,,,,,,,,,,,"4","oriented_convergence",true,false,false,"{""A2"":2,""D3"":1,""D5"":1}","Derived aggregate of canonical non-governing boundary contacts"
"belongs:1961:7-23","BELONGS_TO_FAMILY","scale:1961","family:7-23","1961",,true,false,,,,,,,,,,,,,,,,,,,,,,"Canonical family projection"
"office-evidence:1961:Mars","RELATIONAL_OFFICE_EVIDENCE","scale:1961","office:Mars","1961",,true,false,,,,"Mars",,,,,,,,,,,,"4","oriented_convergence",true,false,false,"{""A2"":2,""D3"":1,""D5"":1}","Derived aggregate of canonical non-governing boundary contacts"
"belongs:1969:7-11","BELONGS_TO_FAMILY","scale:1969","family:7-11","1969",,true,false,,,,,,,,,,,,,,,,,,,,,,"Canonical family projection"
"occupies:1969:Mars","OCCUPIES_OFFICE","scale:1969","office:Mars","1969",,true,false,"D3","D3",,,,,,,,,,,,,,,,,,true,,"direct eligible relation to 7-Z37 D3 anchor 2993; earlier precedence preserved"
"belongs:1987:7-4","BELONGS_TO_FAMILY","scale:1987","family:7-4","1987",,true,false,,,,,,,,,,,,,,,,,,,,,,"Canonical family projection"
"office-evidence:1987:Sun","RELATIONAL_OFFICE_EVIDENCE","scale:1987","office:Sun","1987",,true,false,,,,"Sun",,,,,,,,,,,,"2","oriented_convergence",true,false,false,"{""D3"":1,""D6"":1}","Derived aggregate of canonical non-governing boundary contacts"
"belongs:1989:7-9","BELONGS_TO_FAMILY","scale:1989","family:7-9","1989",,true,false,,,,,,,,,,,,,,,,,,,,,,"Canonical family projection"
"office-evidence:1989:Mars","RELATIONAL_OFFICE_EVIDENCE","scale:1989","office:Mars","1989",,true,false,,,,"Mars",,,,,,,,,,,,"2","oriented_convergence",true,false,false,"{""D5"":2}","Derived aggregate of canonical non-governing boundary contacts"
"belongs:1993:7-10","BELONGS_TO_FAMILY","scale:1993","family:7-10","1993",,true,false,,,,,,,,,,,,,,,,,,,,,,"Canonical family projection"
"occupies:1993:Mars","OCCUPIES_OFFICE","scale:1993","office:Mars","1993",,true,false,"D5","D5",,,,,,,,,,,,,,,,,,true,,"direct eligible relation to 7-Z12 D5 anchor 997; earlier precedence preserved"
"belongs:2001:7-8","BELONGS_TO_FAMILY","scale:2001","family:7-8","2001",,true,false,,,,,,,,,,,,,,,,,,,,,,"Canonical family projection"
"occupies:2001:Mars","OCCUPIES_OFFICE","scale:2001","office:Mars","2001",,true,false,"D6","D6",,,,,,,,,,,,,,,,,,true,,"7-8 same-office convergence from two established D3 and two established D5 satellite contacts"
"belongs:2017:7-2","BELONGS_TO_FAMILY","scale:2017","family:7-2","2017",,true,false,,,,,,,,,,,,,,,,,,,,,,"Canonical family projection"
"occupies:2017:Mars","OCCUPIES_OFFICE","scale:2017","office:Mars","2017",,true,false,"D6","D6",,,,,,,,,,,,,,,,,,true,,"direct eligible relation to 7-8 D6 anchor 2001; earlier precedence preserved"
"belongs:2111:7-1","BELONGS_TO_FAMILY","scale:2111","family:7-1","2111",,true,false,,,,,,,,,,,,,,,,,,,,,,"Canonical family projection"
"occupies:2111:Saturn","OCCUPIES_OFFICE","scale:2111","office:Saturn","2111",,true,false,"D7","D7",,,,,,,,,,,,,,,,,,true,,"Same-office convergence from exactly two D6 / 7-2 satellites, one from each chiral orientation; no residual children."
"belongs:2143:7-2","BELONGS_TO_FAMILY","scale:2143","family:7-2","2143",,true,false,,,,,,,,,,,,,,,,,,,,,,"Canonical family projection"
"occupies:2143:Saturn","OCCUPIES_OFFICE","scale:2143","office:Saturn","2143",,true,false,"D6","D6",,,,,,,,,,,,,,,,,,true,,"direct eligible relation to 7-8 D6 anchor 1119; earlier precedence preserved"
"belongs:2159:7-4","BELONGS_TO_FAMILY","scale:2159","family:7-4","2159",,true,false,,,,,,,,,,,,,,,,,,,,,,"Canonical family projection"
"office-evidence:2159:Saturn","RELATIONAL_OFFICE_EVIDENCE","scale:2159","office:Saturn","2159",,true,false,,,,"Saturn",,,,,,,,,,,,"2","oriented_convergence",true,false,false,"{""D3"":1,""D6"":1}","Derived aggregate of canonical non-governing boundary contacts"
"belongs:2167:7-5","BELONGS_TO_FAMILY","scale:2167","family:7-5","2167",,true,false,,,,,,,,,,,,,,,,,,,,,,"Canonical family projection"
"office-evidence:2167:Venus","RELATIONAL_OFFICE_EVIDENCE","scale:2167","office:Venus","2167",,true,false,,,,"Venus",,,,,,,,,,,,"1","peripheral_leaf",true,false,false,"{""D4"":1}","Derived aggregate of canonical non-governing boundary contacts"
"belongs:2171:7-5","BELONGS_TO_FAMILY","scale:2171","family:7-5","2171",,true,false,,,,,,,,,,,,,,,,,,,,,,"Canonical family projection"
"office-evidence:2171:Sun","RELATIONAL_OFFICE_EVIDENCE","scale:2171","office:Sun","2171",,true,false,,,,"Sun",,,,,,,,,,,,"1","peripheral_leaf",true,false,false,"{""D4"":1}","Derived aggregate of canonical non-governing boundary contacts"
"belongs:2173:7-4","BELONGS_TO_FAMILY","scale:2173","family:7-4","2173",,true,false,,,,,,,,,,,,,,,,,,,,,,"Canonical family projection"
"office-evidence:2173:Saturn","RELATIONAL_OFFICE_EVIDENCE","scale:2173","office:Saturn","2173",,true,false,,,,"Saturn",,,,,,,,,,,,"2","oriented_convergence",true,false,false,"{""D3"":1,""D6"":1}","Derived aggregate of canonical non-governing boundary contacts"
"belongs:2207:7-3","BELONGS_TO_FAMILY","scale:2207","family:7-3","2207",,true,false,,,,,,,,,,,,,,,,,,,,,,"Canonical family projection"
"office-evidence:2207:Saturn","RELATIONAL_OFFICE_EVIDENCE","scale:2207","office:Saturn","2207",,true,false,,,,"Saturn",,,,,,,,,,,,"2","oriented_convergence",true,false,false,"{""D5"":1,""D6"":1}","Derived aggregate of canonical non-governing boundary contacts"
"belongs:2223:7-9","BELONGS_TO_FAMILY","scale:2223","family:7-9","2223",,true,false,,,,,,,,,,,,,,,,,,,,,,"Canonical family projection"
"office-evidence:2223:Moon","RELATIONAL_OFFICE_EVIDENCE","scale:2223","office:Moon","2223",,true,false,,,,"Moon",,,,,,,,,,,,"2","oriented_convergence",true,false,false,"{""D5"":2}","Derived aggregate of canonical non-governing boundary contacts"
"belongs:2231:7-Z36","BELONGS_TO_FAMILY","scale:2231","family:7-Z36","2231",,true,false,,,,,,,,,,,,,,,,,,,,,,"Canonical family projection"
"office-evidence:2231:Sun","RELATIONAL_OFFICE_EVIDENCE","scale:2231","office:Sun","2231",,true,false,,,,"Sun",,,,,,,,,,,,"2","oriented_convergence",true,false,false,"{""D4"":2}","Derived aggregate of canonical non-governing boundary contacts"
"belongs:2235:7-13","BELONGS_TO_FAMILY","scale:2235","family:7-13","2235",,true,false,,,,,,,,,,,,,,,,,,,,,,"Canonical family projection"
"occupies:2235:Sun","OCCUPIES_OFFICE","scale:2235","office:Sun","2235",,true,false,"D4","D4",,,,,,,,,,,,,,,,,,true,,"direct eligible relation to 7-Z17 D4 anchor 2363; earlier precedence preserved"
"belongs:2237:7-11","BELONGS_TO_FAMILY","scale:2237","family:7-11","2237",,true,false,,,,,,,,,,,,,,,,,,,,,,"Canonical family projection"
"occupies:2237:Saturn","OCCUPIES_OFFICE","scale:2237","office:Saturn","2237",,true,false,"D3","D3",,,,,,,,,,,,,,,,,,true,,"direct eligible relation to 7-Z37 D3 anchor 2269; earlier precedence preserved"
"belongs:2255:7-6","BELONGS_TO_FAMILY","scale:2255","family:7-6","2255",,true,false,,,,,,,,,,,,,,,,,,,,,,"Canonical family projection"
"occupies:2255:Moon","OCCUPIES_OFFICE","scale:2255","office:Moon","2255",,true,false,"D5","D5",,,,,,,,,,,,,,,,,,true,,"direct eligible relation to 7-Z12 D5 anchor 2383; earlier precedence preserved"
"belongs:2263:7-14","BELONGS_TO_FAMILY","scale:2263","family:7-14","2263",,true,false,,,,,,,,,,,,,,,,,,,,,,"Canonical family projection"
"office-evidence:2263:Moon","RELATIONAL_OFFICE_EVIDENCE","scale:2263","office:Moon","2263",,true,false,,,,"Moon",,,,,,,,,,,,"3","office_junction",false,true,false,"{""A2"":2,""D2"":2,""D5"":1}","Derived aggregate of canonical non-governing boundary contacts"
"office-evidence:2263:Saturn","RELATIONAL_OFFICE_EVIDENCE","scale:2263","office:Saturn","2263",,true,false,,,,"Saturn",,,,,,,,,,,,"2","office_junction",false,false,false,"{""A2"":2,""D2"":2,""D5"":1}","Derived aggregate of canonical non-governing boundary contacts"
"belongs:2267:7-Z38","BELONGS_TO_FAMILY","scale:2267","family:7-Z38","2267",,true,false,,,,,,,,,,,,,,,,,,,,,,"Canonical family projection"
"occupies:2267:Saturn","OCCUPIES_OFFICE","scale:2267","office:Saturn","2267",,true,false,"D2","D2",,,,,,,,,,,,,,,,,,true,,"direct eligible relation to 7-15 D2 anchor 2283; earlier precedence preserved"
"belongs:2269:7-Z37","BELONGS_TO_FAMILY","scale:2269","family:7-Z37","2269",,true,false,,,,,,,,,,,,,,,,,,,,,,"Canonical family projection"
"occupies:2269:Saturn","OCCUPIES_OFFICE","scale:2269","office:Saturn","2269",,true,false,"D3","D3",,,,,,,,,,,,,,,,,,true,,"7-Z37 dual-tier same-office convergence from two A2 and two D2 satellite contacts"
"belongs:2279:7-7","BELONGS_TO_FAMILY","scale:2279","family:7-7","2279",,true,false,,,,,,,,,,,,,,,,,,,,,,"Canonical family projection"
"occupies:2279:Saturn","OCCUPIES_OFFICE","scale:2279","office:Saturn","2279",,true,false,"D2","D2",,,,,,,,,,,,,,,,,,true,,"direct eligible relation to 7-15 D2 anchor 2283; earlier precedence preserved"
"belongs:2283:7-15","BELONGS_TO_FAMILY","scale:2283","family:7-15","2283",,true,false,,,,,,,,,,,,,,,,,,,,,,"Canonical family projection"
"occupies:2283:Saturn","OCCUPIES_OFFICE","scale:2283","office:Saturn","2283",,true,false,"D2","D2",,,,,,,,,,,,,,,,,,true,,"7-15 same-office convergence from two independently agreeing A0-satellite contacts"
"belongs:2285:7-Z38","BELONGS_TO_FAMILY","scale:2285","family:7-Z38","2285",,true,false,,,,,,,,,,,,,,,,,,,,,,"Canonical family projection"
"occupies:2285:Saturn","OCCUPIES_OFFICE","scale:2285","office:Saturn","2285",,true,false,"D2","D2",,,,,,,,,,,,,,,,,,true,,"direct eligible relation to 7-15 D2 anchor 2283; earlier precedence preserved"
"belongs:2291:7-7","BELONGS_TO_FAMILY","scale:2291","family:7-7","2291",,true,false,,,,,,,,,,,,,,,,,,,,,,"Canonical family projection"
"occupies:2291:Saturn","OCCUPIES_OFFICE","scale:2291","office:Saturn","2291",,true,false,"D2","D2",,,,,,,,,,,,,,,,,,true,,"direct eligible relation to 7-15 D2 anchor 2283; earlier precedence preserved"
"belongs:2293:7-14","BELONGS_TO_FAMILY","scale:2293","family:7-14","2293",,true,false,,,,,,,,,,,,,,,,,,,,,,"Canonical family projection"
"office-evidence:2293:Jupiter","RELATIONAL_OFFICE_EVIDENCE","scale:2293","office:Jupiter","2293",,true,false,,,,"Jupiter",,,,,,,,,,,,"3","office_junction",false,true,false,"{""A2"":2,""D2"":2,""D5"":1}","Derived aggregate of canonical non-governing boundary contacts"
"office-evidence:2293:Saturn","RELATIONAL_OFFICE_EVIDENCE","scale:2293","office:Saturn","2293",,true,false,,,,"Saturn",,,,,,,,,,,,"2","office_junction",false,false,false,"{""A2"":2,""D2"":2,""D5"":1}","Derived aggregate of canonical non-governing boundary contacts"
"belongs:2297:7-6","BELONGS_TO_FAMILY","scale:2297","family:7-6","2297",,true,false,,,,,,,,,,,,,,,,,,,,,,"Canonical family projection"
"occupies:2297:Jupiter","OCCUPIES_OFFICE","scale:2297","office:Jupiter","2297",,true,false,"D5","D5",,,,,,,,,,,,,,,,,,true,,"direct eligible relation to 7-Z12 D5 anchor 1273; earlier precedence preserved"
"belongs:2335:7-3","BELONGS_TO_FAMILY","scale:2335","family:7-3","2335",,true,false,,,,,,,,,,,,,,,,,,,,,,"Canonical family projection"
"office-evidence:2335:Moon","RELATIONAL_OFFICE_EVIDENCE","scale:2335","office:Moon","2335",,true,false,,,,"Moon",,,,,,,,,,,,"2","oriented_convergence",true,false,false,"{""D5"":1,""D6"":1}","Derived aggregate of canonical non-governing boundary contacts"
"belongs:2351:7-10","BELONGS_TO_FAMILY","scale:2351","family:7-10","2351",,true,false,,,,,,,,,,,,,,,,,,,,,,"Canonical family projection"
"occupies:2351:Moon","OCCUPIES_OFFICE","scale:2351","office:Moon","2351",,true,false,"D5","D5",,,,,,,,,,,,,,,,,,true,,"direct eligible relation to 7-Z12 D5 anchor 2383; earlier precedence preserved"
"belongs:2359:7-16","BELONGS_TO_FAMILY","scale:2359","family:7-16","2359",,true,false,,,,,,,,,,,,,,,,,,,,,,"Canonical family projection"
"occupies:2359:Sun","OCCUPIES_OFFICE","scale:2359","office:Sun","2359",,true,false,"D4","D4",,,,,,,,,,,,,,,,,,true,,"direct eligible relation to 7-Z17 D4 anchor 2363; earlier precedence preserved"
"belongs:2363:7-Z17","BELONGS_TO_FAMILY","scale:2363","family:7-Z17","2363",,true,false,,,,,,,,,,,,,,,,,,,,,,"Canonical family projection"
"occupies:2363:Sun","OCCUPIES_OFFICE","scale:2363","office:Sun","2363",,true,false,"D4","D4",,,,,,,,,,,,,,,,,,true,,"7-Z17 same-office convergence from two established A1 satellite contacts"
"belongs:2365:7-16","BELONGS_TO_FAMILY","scale:2365","family:7-16","2365",,true,false,,,,,,,,,,,,,,,,,,,,,,"Canonical family projection"
"occupies:2365:Sun","OCCUPIES_OFFICE","scale:2365","office:Sun","2365",,true,false,"D4","D4",,,,,,,,,,,,,,,,,,true,,"direct eligible relation to 7-Z17 D4 anchor 2363; earlier precedence preserved"
"belongs:2383:7-Z12","BELONGS_TO_FAMILY","scale:2383","family:7-Z12","2383",,true,false,,,,,,,,,,,,,,,,,,,,,,"Canonical family projection"
"occupies:2383:Moon","OCCUPIES_OFFICE","scale:2383","office:Moon","2383",,true,false,"D5","D5",,,,,,,,,,,,,,,,,,true,,"7-Z12 same-office convergence from two established A2 satellite contacts"
"belongs:2391:7-24","BELONGS_TO_FAMILY","scale:2391","family:7-24","2391",,true,false,,,,,,,,,,,,,,,,,,,,,,"Canonical family projection"
"occupies:2391:Moon","OCCUPIES_OFFICE","scale:2391","office:Moon","2391",,true,false,"A2","A2",,,,,,,,,,,,,,,,,,true,,"unique eligible parent at governing tier"
"belongs:2395:7-27","BELONGS_TO_FAMILY","scale:2395","family:7-27","2395",,true,false,,,,,,,,,,,,,,,,,,,,,,"Canonical family projection"
"occupies:2395:Sun","OCCUPIES_OFFICE","scale:2395","office:Sun","2395",,true,false,"A1","A1",,,,,,,,,,,,,,,,,,true,,"unique eligible parent at governing tier"
"belongs:2397:7-26","BELONGS_TO_FAMILY","scale:2397","family:7-26","2397",,true,false,,,,,,,,,,,,,,,,,,,,,,"Canonical family projection"
"occupies:2397:Saturn","OCCUPIES_OFFICE","scale:2397","office:Saturn","2397",,true,false,"A2","A2",,,,,,,,,,,,,,,,,,true,,"unique eligible parent at governing tier"
"belongs:2407:7-19","BELONGS_TO_FAMILY","scale:2407","family:7-19","2407",,true,false,,,,,,,,,,,,,,,,,,,,,,"Canonical family projection"
"office-evidence:2407:Moon","RELATIONAL_OFFICE_EVIDENCE","scale:2407","office:Moon","2407",,true,false,,,,"Moon",,,,,,,,,,,,"1","office_junction",false,false,false,"{""A0"":2,""A2"":1,""D2"":1}","Derived aggregate of canonical non-governing boundary contacts"
"office-evidence:2407:Saturn","RELATIONAL_OFFICE_EVIDENCE","scale:2407","office:Saturn","2407",,true,false,,,,"Saturn",,,,,,,,,,,,"3","office_junction",false,true,false,"{""A0"":2,""A2"":1,""D2"":1}","Derived aggregate of canonical non-governing boundary contacts"
"belongs:2411:7-29","BELONGS_TO_FAMILY","scale:2411","family:7-29","2411",,true,false,,,,,,,,,,,,,,,,,,,,,,"Canonical family projection"
"occupies:2411:Saturn","OCCUPIES_OFFICE","scale:2411","office:Saturn","2411",,true,false,"A0","A0",,,,,,,,,,,,,,,,,,true,,"unique eligible parent at governing tier"
"belongs:2413:7-31","BELONGS_TO_FAMILY","scale:2413","family:7-31","2413",,true,false,,,,,,,,,,,,,,,,,,,,,,"Canonical family projection"
"occupies:2413:Venus","OCCUPIES_OFFICE","scale:2413","office:Venus","2413",,true,false,"A1","A1",,,,,,,,,,,,,,,,,,true,,"unique eligible parent at governing tier"
"belongs:2419:7-20","BELONGS_TO_FAMILY","scale:2419","family:7-20","2419",,true,false,,,,,,,,,,,,,,,,,,,,,,"Canonical family projection"
"occupies:2419:Mercury","OCCUPIES_OFFICE","scale:2419","office:Mercury","2419",,true,false,"D1","D1",,,,,,,,,,,,,,,,,,true,,"direct eligible relation to 7-22 D1 anchor 2483; A0–A2 precedence preserved"
"belongs:2421:7-28","BELONGS_TO_FAMILY","scale:2421","family:7-28","2421",,true,false,,,,,,,,,,,,,,,,,,,,,,"Canonical family projection"
"occupies:2421:Jupiter","OCCUPIES_OFFICE","scale:2421","office:Jupiter","2421",,true,false,"A2","A2",,,,,,,,,,,,,,,,,,true,,"unique eligible parent at governing tier"
"belongs:2425:7-Z18","BELONGS_TO_FAMILY","scale:2425","family:7-Z18","2425",,true,false,,,,,,,,,,,,,,,,,,,,,,"Canonical family projection"
"office-evidence:2425:Jupiter","RELATIONAL_OFFICE_EVIDENCE","scale:2425","office:Jupiter","2425",,true,false,,,,"Jupiter",,,,,,,,,,,,"3","oriented_convergence",true,false,false,"{""A2"":2,""D5"":1}","Derived aggregate of canonical non-governing boundary contacts"
"belongs:2447:7-6","BELONGS_TO_FAMILY","scale:2447","family:7-6","2447",,true,false,,,,,,,,,,,,,,,,,,,,,,"Canonical family projection"
"occupies:2447:Moon","OCCUPIES_OFFICE","scale:2447","office:Moon","2447",,true,false,"D5","D5",,,,,,,,,,,,,,,,,,true,,"direct eligible relation to 7-Z12 D5 anchor 2383; earlier precedence preserved"
"belongs:2455:7-Z18","BELONGS_TO_FAMILY","scale:2455","family:7-Z18","2455",,true,false,,,,,,,,,,,,,,,,,,,,,,"Canonical family projection"
"office-evidence:2455:Moon","RELATIONAL_OFFICE_EVIDENCE","scale:2455","office:Moon","2455",,true,false,,,,"Moon",,,,,,,,,,,,"3","oriented_convergence",true,false,false,"{""A2"":2,""D5"":1}","Derived aggregate of canonical non-governing boundary contacts"
"belongs:2459:7-21","BELONGS_TO_FAMILY","scale:2459","family:7-21","2459",,true,false,,,,,,,,,,,,,,,,,,,,,,"Canonical family projection"
"office-evidence:2459:Sun","RELATIONAL_OFFICE_EVIDENCE","scale:2459","office:Sun","2459",,true,false,,,,"Sun",,,,,,,,,,,,"1","office_junction",false,false,false,"{""A0"":2,""A1"":1,""A2"":1}","Derived aggregate of canonical non-governing boundary contacts"
"office-evidence:2459:Mercury","RELATIONAL_OFFICE_EVIDENCE","scale:2459","office:Mercury","2459",,true,false,,,,"Mercury",,,,,,,,,,,,"1","office_junction",false,false,false,"{""A0"":2,""A1"":1,""A2"":1}","Derived aggregate of canonical non-governing boundary contacts"
"office-evidence:2459:Venus","RELATIONAL_OFFICE_EVIDENCE","scale:2459","office:Venus","2459",,true,false,,,,"Venus",,,,,,,,,,,,"2","office_junction",false,true,false,"{""A0"":2,""A1"":1,""A2"":1}","Derived aggregate of canonical non-governing boundary contacts"
"belongs:2461:7-21","BELONGS_TO_FAMILY","scale:2461","family:7-21","2461",,true,false,,,,,,,,,,,,,,,,,,,,,,"Canonical family projection"
"office-evidence:2461:Mars","RELATIONAL_OFFICE_EVIDENCE","scale:2461","office:Mars","2461",,true,false,,,,"Mars",,,,,,,,,,,,"1","office_junction",false,false,false,"{""A0"":2,""A1"":1,""A2"":1}","Derived aggregate of canonical non-governing boundary contacts"
"office-evidence:2461:Jupiter","RELATIONAL_OFFICE_EVIDENCE","scale:2461","office:Jupiter","2461",,true,false,,,,"Jupiter",,,,,,,,,,,,"2","office_junction",false,true,false,"{""A0"":2,""A1"":1,""A2"":1}","Derived aggregate of canonical non-governing boundary contacts"
"office-evidence:2461:Saturn","RELATIONAL_OFFICE_EVIDENCE","scale:2461","office:Saturn","2461",,true,false,,,,"Saturn",,,,,,,,,,,,"1","office_junction",false,false,false,"{""A0"":2,""A1"":1,""A2"":1}","Derived aggregate of canonical non-governing boundary contacts"
"belongs:2471:7-19","BELONGS_TO_FAMILY","scale:2471","family:7-19","2471",,true,false,,,,,,,,,,,,,,,,,,,,,,"Canonical family projection"
"office-evidence:2471:Mercury","RELATIONAL_OFFICE_EVIDENCE","scale:2471","office:Mercury","2471",,true,false,,,,"Mercury",,,,,,,,,,,,"1","office_junction",false,false,false,"{""A0"":2,""A2"":1,""D2"":1}","Derived aggregate of canonical non-governing boundary contacts"
"office-evidence:2471:Venus","RELATIONAL_OFFICE_EVIDENCE","scale:2471","office:Venus","2471",,true,false,,,,"Venus",,,,,,,,,,,,"3","office_junction",false,true,false,"{""A0"":2,""A2"":1,""D2"":1}","Derived aggregate of canonical non-governing boundary contacts"
"belongs:2475:7-30","BELONGS_TO_FAMILY","scale:2475","family:7-30","2475",,true,false,,,,,,,,,,,,,,,,,,,,,,"Canonical family projection"
"occupies:2475:Venus","OCCUPIES_OFFICE","scale:2475","office:Venus","2475",,true,false,"A0","A0",,,,,,,,,,,,,,,,,,true,,"unique eligible parent at governing tier"
"belongs:2477:7-32","BELONGS_TO_FAMILY","scale:2477","family:7-32","2477",,true,false,,,,,,,,,,,,,,,,,,,,,,"Canonical family projection"
"occupies:2477:Jupiter","OCCUPIES_OFFICE","scale:2477","office:Jupiter","2477",,true,false,"A0","A0",,,,,,,,,,,,,,,,,,true,,"unique eligible parent at governing tier"
"belongs:2483:7-22","BELONGS_TO_FAMILY","scale:2483","family:7-22","2483",,true,false,,,,,,,,,,,,,,,,,,,,,,"Canonical family projection"
"occupies:2483:Mercury","OCCUPIES_OFFICE","scale:2483","office:Mercury","2483",,true,false,"D1","D1",,,,,,,,,,,,,,,,,,true,,"7-22 second-order midpoint from symmetric A0-satellite contacts at g−2 and g+2"
"belongs:2485:7-32","BELONGS_TO_FAMILY","scale:2485","family:7-32","2485",,true,false,,,,,,,,,,,,,,,,,,,,,,"Canonical family projection"
"occupies:2485:Moon","OCCUPIES_OFFICE","scale:2485","office:Moon","2485",,true,false,"A0","A0",,,,,,,,,,,,,,,,,,true,,"unique eligible parent at governing tier"
"belongs:2489:7-21","BELONGS_TO_FAMILY","scale:2489","family:7-21","2489",,true,false,,,,,,,,,,,,,,,,,,,,,,"Canonical family projection"
"office-evidence:2489:Moon","RELATIONAL_OFFICE_EVIDENCE","scale:2489","office:Moon","2489",,true,false,,,,"Moon",,,,,,,,,,,,"2","office_junction",false,true,false,"{""A0"":2,""A1"":1,""A2"":1}","Derived aggregate of canonical non-governing boundary contacts"
"office-evidence:2489:Mercury","RELATIONAL_OFFICE_EVIDENCE","scale:2489","office:Mercury","2489",,true,false,,,,"Mercury",,,,,,,,,,,,"1","office_junction",false,false,false,"{""A0"":2,""A1"":1,""A2"":1}","Derived aggregate of canonical non-governing boundary contacts"
"office-evidence:2489:Saturn","RELATIONAL_OFFICE_EVIDENCE","scale:2489","office:Saturn","2489",,true,false,,,,"Saturn",,,,,,,,,,,,"1","office_junction",false,false,false,"{""A0"":2,""A1"":1,""A2"":1}","Derived aggregate of canonical non-governing boundary contacts"
"belongs:2503:7-7","BELONGS_TO_FAMILY","scale:2503","family:7-7","2503",,true,false,,,,,,,,,,,,,,,,,,,,,,"Canonical family projection"
"occupies:2503:Venus","OCCUPIES_OFFICE","scale:2503","office:Venus","2503",,true,false,"D2","D2",,,,,,,,,,,,,,,,,,true,,"direct eligible relation to 7-15 D2 anchor 1479; earlier precedence preserved"
"belongs:2507:7-20","BELONGS_TO_FAMILY","scale:2507","family:7-20","2507",,true,false,,,,,,,,,,,,,,,,,,,,,,"Canonical family projection"
"occupies:2507:Mars","OCCUPIES_OFFICE","scale:2507","office:Mars","2507",,true,false,"D1","D1",,,,,,,,,,,,,,,,,,true,,"direct eligible relation to 7-22 D1 anchor 2509; A0–A2 precedence preserved"
"belongs:2509:7-22","BELONGS_TO_FAMILY","scale:2509","family:7-22","2509",,true,false,,,,,,,,,,,,,,,,,,,,,,"Canonical family projection"
"occupies:2509:Mars","OCCUPIES_OFFICE","scale:2509","office:Mars","2509",,true,false,"D1","D1",,,,,,,,,,,,,,,,,,true,,"7-22 second-order midpoint from symmetric A0-satellite contacts at g−2 and g+2"
"belongs:2515:7-20","BELONGS_TO_FAMILY","scale:2515","family:7-20","2515",,true,false,,,,,,,,,,,,,,,,,,,,,,"Canonical family projection"
"occupies:2515:Mercury","OCCUPIES_OFFICE","scale:2515","office:Mercury","2515",,true,false,"D1","D1",,,,,,,,,,,,,,,,,,true,,"direct eligible relation to 7-22 D1 anchor 2483; A0–A2 precedence preserved"
"belongs:2517:7-30","BELONGS_TO_FAMILY","scale:2517","family:7-30","2517",,true,false,,,,,,,,,,,,,,,,,,,,,,"Canonical family projection"
"occupies:2517:Sun","OCCUPIES_OFFICE","scale:2517","office:Sun","2517",,true,false,"A0","A0",,,,,,,,,,,,,,,,,,true,,"unique eligible parent at governing tier"
"belongs:2521:7-21","BELONGS_TO_FAMILY","scale:2521","family:7-21","2521",,true,false,,,,,,,,,,,,,,,,,,,,,,"Canonical family projection"
"office-evidence:2521:Sun","RELATIONAL_OFFICE_EVIDENCE","scale:2521","office:Sun","2521",,true,false,,,,"Sun",,,,,,,,,,,,"2","office_junction",false,true,false,"{""A0"":2,""A1"":1,""A2"":1}","Derived aggregate of canonical non-governing boundary contacts"
"office-evidence:2521:Mars","RELATIONAL_OFFICE_EVIDENCE","scale:2521","office:Mars","2521",,true,false,,,,"Mars",,,,,,,,,,,,"1","office_junction",false,false,false,"{""A0"":2,""A1"":1,""A2"":1}","Derived aggregate of canonical non-governing boundary contacts"
"office-evidence:2521:Venus","RELATIONAL_OFFICE_EVIDENCE","scale:2521","office:Venus","2521",,true,false,,,,"Venus",,,,,,,,,,,,"1","office_junction",false,false,false,"{""A0"":2,""A1"":1,""A2"":1}","Derived aggregate of canonical non-governing boundary contacts"
"belongs:2531:7-7","BELONGS_TO_FAMILY","scale:2531","family:7-7","2531",,true,false,,,,,,,,,,,,,,,,,,,,,,"Canonical family projection"
"occupies:2531:Sun","OCCUPIES_OFFICE","scale:2531","office:Sun","2531",,true,false,"D2","D2",,,,,,,,,,,,,,,,,,true,,"direct eligible relation to 7-15 D2 anchor 2787; earlier precedence preserved"
"belongs:2533:7-19","BELONGS_TO_FAMILY","scale:2533","family:7-19","2533",,true,false,,,,,,,,,,,,,,,,,,,,,,"Canonical family projection"
"office-evidence:2533:Sun","RELATIONAL_OFFICE_EVIDENCE","scale:2533","office:Sun","2533",,true,false,,,,"Sun",,,,,,,,,,,,"3","office_junction",false,true,false,"{""A0"":2,""A2"":1,""D2"":1}","Derived aggregate of canonical non-governing boundary contacts"
"office-evidence:2533:Mars","RELATIONAL_OFFICE_EVIDENCE","scale:2533","office:Mars","2533",,true,false,,,,"Mars",,,,,,,,,,,,"1","office_junction",false,false,false,"{""A0"":2,""A2"":1,""D2"":1}","Derived aggregate of canonical non-governing boundary contacts"
"belongs:2537:7-Z18","BELONGS_TO_FAMILY","scale:2537","family:7-Z18","2537",,true,false,,,,,,,,,,,,,,,,,,,,,,"Canonical family projection"
"office-evidence:2537:Jupiter","RELATIONAL_OFFICE_EVIDENCE","scale:2537","office:Jupiter","2537",,true,false,,,,"Jupiter",,,,,,,,,,,,"3","oriented_convergence",true,false,false,"{""A2"":2,""D5"":1}","Derived aggregate of canonical non-governing boundary contacts"
"belongs:2545:7-6","BELONGS_TO_FAMILY","scale:2545","family:7-6","2545",,true,false,,,,,,,,,,,,,,,,,,,,,,"Canonical family projection"
"occupies:2545:Jupiter","OCCUPIES_OFFICE","scale:2545","office:Jupiter","2545",,true,false,"D5","D5",,,,,,,,,,,,,,,,,,true,,"direct eligible relation to 7-Z12 D5 anchor 1273; earlier precedence preserved"
"belongs:2591:7-2","BELONGS_TO_FAMILY","scale:2591","family:7-2","2591",,true,false,,,,,,,,,,,,,,,,,,,,,,"Canonical family projection"
"occupies:2591:Moon","OCCUPIES_OFFICE","scale:2591","office:Moon","2591",,true,false,"D6","D6",,,,,,,,,,,,,,,,,,true,,"direct eligible relation to 7-8 D6 anchor 2607; earlier precedence preserved"
"belongs:2607:7-8","BELONGS_TO_FAMILY","scale:2607","family:7-8","2607",,true,false,,,,,,,,,,,,,,,,,,,,,,"Canonical family projection"
"occupies:2607:Moon","OCCUPIES_OFFICE","scale:2607","office:Moon","2607",,true,false,"D6","D6",,,,,,,,,,,,,,,,,,true,,"7-8 same-office convergence from two established D3 and two established D5 satellite contacts"
"belongs:2615:7-11","BELONGS_TO_FAMILY","scale:2615","family:7-11","2615",,true,false,,,,,,,,,,,,,,,,,,,,,,"Canonical family projection"
"occupies:2615:Moon","OCCUPIES_OFFICE","scale:2615","office:Moon","2615",,true,false,"D3","D3",,,,,,,,,,,,,,,,,,true,,"direct eligible relation to 7-Z37 D3 anchor 1591; earlier precedence preserved"
"belongs:2619:7-13","BELONGS_TO_FAMILY","scale:2619","family:7-13","2619",,true,false,,,,,,,,,,,,,,,,,,,,,,"Canonical family projection"
"occupies:2619:Sun","OCCUPIES_OFFICE","scale:2619","office:Sun","2619",,true,false,"D4","D4",,,,,,,,,,,,,,,,,,true,,"direct eligible relation to 7-Z17 D4 anchor 2363; earlier precedence preserved"
"belongs:2621:7-Z36","BELONGS_TO_FAMILY","scale:2621","family:7-Z36","2621",,true,false,,,,,,,,,,,,,,,,,,,,,,"Canonical family projection"
"office-evidence:2621:Sun","RELATIONAL_OFFICE_EVIDENCE","scale:2621","office:Sun","2621",,true,false,,,,"Sun",,,,,,,,,,,,"2","oriented_convergence",true,false,false,"{""D4"":2}","Derived aggregate of canonical non-governing boundary contacts"
"belongs:2639:7-10","BELONGS_TO_FAMILY","scale:2639","family:7-10","2639",,true,false,,,,,,,,,,,,,,,,,,,,,,"Canonical family projection"
"occupies:2639:Moon","OCCUPIES_OFFICE","scale:2639","office:Moon","2639",,true,false,"D5","D5",,,,,,,,,,,,,,,,,,true,,"direct eligible relation to 7-Z12 D5 anchor 2383; earlier precedence preserved"
"belongs:2647:7-23","BELONGS_TO_FAMILY","scale:2647","family:7-23","2647",,true,false,,,,,,,,,,,,,,,,,,,,,,"Canonical family projection"
"office-evidence:2647:Moon","RELATIONAL_OFFICE_EVIDENCE","scale:2647","office:Moon","2647",,true,false,,,,"Moon",,,,,,,,,,,,"4","oriented_convergence",true,false,false,"{""A2"":2,""D3"":1,""D5"":1}","Derived aggregate of canonical non-governing boundary contacts"
"belongs:2651:7-25","BELONGS_TO_FAMILY","scale:2651","family:7-25","2651",,true,false,,,,,,,,,,,,,,,,,,,,,,"Canonical family projection"
"office-evidence:2651:Sun","RELATIONAL_OFFICE_EVIDENCE","scale:2651","office:Sun","2651",,true,false,,,,"Sun",,,,,,,,,,,,"3","office_junction",false,true,false,"{""A1"":2,""A2"":2,""D4"":1}","Derived aggregate of canonical non-governing boundary contacts"
"office-evidence:2651:Mercury","RELATIONAL_OFFICE_EVIDENCE","scale:2651","office:Mercury","2651",,true,false,,,,"Mercury",,,,,,,,,,,,"2","office_junction",false,false,false,"{""A1"":2,""A2"":2,""D4"":1}","Derived aggregate of canonical non-governing boundary contacts"
"belongs:2653:7-25","BELONGS_TO_FAMILY","scale:2653","family:7-25","2653",,true,false,,,,,,,,,,,,,,,,,,,,,,"Canonical family projection"
"office-evidence:2653:Mars","RELATIONAL_OFFICE_EVIDENCE","scale:2653","office:Mars","2653",,true,false,,,,"Mars",,,,,,,,,,,,"3","office_junction",false,true,false,"{""A1"":2,""A2"":2,""D4"":1}","Derived aggregate of canonical non-governing boundary contacts"
"office-evidence:2653:Saturn","RELATIONAL_OFFICE_EVIDENCE","scale:2653","office:Saturn","2653",,true,false,,,,"Saturn",,,,,,,,,,,,"2","office_junction",false,false,false,"{""A1"":2,""A2"":2,""D4"":1}","Derived aggregate of canonical non-governing boundary contacts"
"belongs:2663:7-Z18","BELONGS_TO_FAMILY","scale:2663","family:7-Z18","2663",,true,false,,,,,,,,,,,,,,,,,,,,,,"Canonical family projection"
"office-evidence:2663:Mercury","RELATIONAL_OFFICE_EVIDENCE","scale:2663","office:Mercury","2663",,true,false,,,,"Mercury",,,,,,,,,,,,"3","oriented_convergence",true,false,false,"{""A2"":2,""D5"":1}","Derived aggregate of canonical non-governing boundary contacts"
"belongs:2667:7-28","BELONGS_TO_FAMILY","scale:2667","family:7-28","2667",,true,false,,,,,,,,,,,,,,,,,,,,,,"Canonical family projection"
"occupies:2667:Mercury","OCCUPIES_OFFICE","scale:2667","office:Mercury","2667",,true,false,"A2","A2",,,,,,,,,,,,,,,,,,true,,"unique eligible parent at governing tier"
"belongs:2669:7-31","BELONGS_TO_FAMILY","scale:2669","family:7-31","2669",,true,false,,,,,,,,,,,,,,,,,,,,,,"Canonical family projection"
"occupies:2669:Mars","OCCUPIES_OFFICE","scale:2669","office:Mars","2669",,true,false,"A1","A1",,,,,,,,,,,,,,,,,,true,,"unique eligible parent at governing tier"
"belongs:2675:7-20","BELONGS_TO_FAMILY","scale:2675","family:7-20","2675",,true,false,,,,,,,,,,,,,,,,,,,,,,"Canonical family projection"
"occupies:2675:Jupiter","OCCUPIES_OFFICE","scale:2675","office:Jupiter","2675",,true,false,"D1","D1",,,,,,,,,,,,,,,,,,true,,"direct eligible relation to 7-22 D1 anchor 1651; A0–A2 precedence preserved"
"belongs:2677:7-29","BELONGS_TO_FAMILY","scale:2677","family:7-29","2677",,true,false,,,,,,,,,,,,,,,,,,,,,,"Canonical family projection"
"occupies:2677:Moon","OCCUPIES_OFFICE","scale:2677","office:Moon","2677",,true,false,"A0","A0",,,,,,,,,,,,,,,,,,true,,"unique eligible parent at governing tier"
"belongs:2681:7-19","BELONGS_TO_FAMILY","scale:2681","family:7-19","2681",,true,false,,,,,,,,,,,,,,,,,,,,,,"Canonical family projection"
"office-evidence:2681:Moon","RELATIONAL_OFFICE_EVIDENCE","scale:2681","office:Moon","2681",,true,false,,,,"Moon",,,,,,,,,,,,"3","office_junction",false,true,false,"{""A0"":2,""A2"":1,""D2"":1}","Derived aggregate of canonical non-governing boundary contacts"
"office-evidence:2681:Saturn","RELATIONAL_OFFICE_EVIDENCE","scale:2681","office:Saturn","2681",,true,false,,,,"Saturn",,,,,,,,,,,,"1","office_junction",false,false,false,"{""A0"":2,""A2"":1,""D2"":1}","Derived aggregate of canonical non-governing boundary contacts"
"belongs:2703:7-9","BELONGS_TO_FAMILY","scale:2703","family:7-9","2703",,true,false,,,,,,,,,,,,,,,,,,,,,,"Canonical family projection"
"office-evidence:2703:Moon","RELATIONAL_OFFICE_EVIDENCE","scale:2703","office:Moon","2703",,true,false,,,,"Moon",,,,,,,,,,,,"2","oriented_convergence",true,false,false,"{""D5"":2}","Derived aggregate of canonical non-governing boundary contacts"
"belongs:2711:7-23","BELONGS_TO_FAMILY","scale:2711","family:7-23","2711",,true,false,,,,,,,,,,,,,,,,,,,,,,"Canonical family projection"
"office-evidence:2711:Mercury","RELATIONAL_OFFICE_EVIDENCE","scale:2711","office:Mercury","2711",,true,false,,,,"Mercury",,,,,,,,,,,,"4","oriented_convergence",true,false,false,"{""A2"":2,""D3"":1,""D5"":1}","Derived aggregate of canonical non-governing boundary contacts"
"belongs:2715:7-26","BELONGS_TO_FAMILY","scale:2715","family:7-26","2715",,true,false,,,,,,,,,,,,,,,,,,,,,,"Canonical family projection"
"occupies:2715:Mercury","OCCUPIES_OFFICE","scale:2715","office:Mercury","2715",,true,false,"A2","A2",,,,,,,,,,,,,,,,,,true,,"unique eligible parent at governing tier"
"belongs:2717:7-27","BELONGS_TO_FAMILY","scale:2717","family:7-27","2717",,true,false,,,,,,,,,,,,,,,,,,,,,,"Canonical family projection"
"occupies:2717:Mars","OCCUPIES_OFFICE","scale:2717","office:Mars","2717",,true,false,"A1","A1",,,,,,,,,,,,,,,,,,true,,"unique eligible parent at governing tier"
"belongs:2727:7-24","BELONGS_TO_FAMILY","scale:2727","family:7-24","2727",,true,false,,,,,,,,,,,,,,,,,,,,,,"Canonical family projection"
"occupies:2727:Mercury","OCCUPIES_OFFICE","scale:2727","office:Mercury","2727",,true,false,"A2","A2",,,,,,,,,,,,,,,,,,true,,"unique eligible parent at governing tier"
"belongs:2731:7-33","BELONGS_TO_FAMILY","scale:2731","family:7-33","2731",,true,false,,,,,,,,,,,,,,,,,,,,,,"Canonical family projection"
"occupies:2731:Mercury","OCCUPIES_OFFICE","scale:2731","office:Mercury","2731",,true,false,"A2","A2",,,,,,,,,,,,,,,,,,true,,"modal-orbit transport from the declared Lydian Minor / Mars fixture"
"belongs:2733:7-34","BELONGS_TO_FAMILY","scale:2733","family:7-34","2733",,true,false,,,,,,,,,,,,,,,,,,,,,,"Canonical family projection"
"occupies:2733:Mars","OCCUPIES_OFFICE","scale:2733","office:Mars","2733",,true,false,"A1","A1",,,,,,,,,,,,,,,,,,true,,"validated A0 midpoint/phase-seam construction"
"belongs:2739:7-30","BELONGS_TO_FAMILY","scale:2739","family:7-30","2739",,true,false,,,,,,,,,,,,,,,,,,,,,,"Canonical family projection"
"occupies:2739:Moon","OCCUPIES_OFFICE","scale:2739","office:Moon","2739",,true,false,"A0","A0",,,,,,,,,,,,,,,,,,true,,"unique eligible parent at governing tier"
"belongs:2741:7-35","BELONGS_TO_FAMILY","scale:2741","family:7-35","2741",,true,false,,,,,,,,,,,,,,,,,,,,,,"Canonical family projection"
"occupies:2741:Moon","OCCUPIES_OFFICE","scale:2741","office:Moon","2741",,true,false,"A0","A0",,,,,,,,,,,,,,,,,,true,,"canonical A0 governor registry"
"belongs:2745:7-30","BELONGS_TO_FAMILY","scale:2745","family:7-30","2745",,true,false,,,,,,,,,,,,,,,,,,,,,,"Canonical family projection"
"occupies:2745:Moon","OCCUPIES_OFFICE","scale:2745","office:Moon","2745",,true,false,"A0","A0",,,,,,,,,,,,,,,,,,true,,"unique eligible parent at governing tier"
"belongs:2759:7-14","BELONGS_TO_FAMILY","scale:2759","family:7-14","2759",,true,false,,,,,,,,,,,,,,,,,,,,,,"Canonical family projection"
"office-evidence:2759:Mercury","RELATIONAL_OFFICE_EVIDENCE","scale:2759","office:Mercury","2759",,true,false,,,,"Mercury",,,,,,,,,,,,"3","office_junction",false,true,false,"{""A2"":2,""D2"":2,""D5"":1}","Derived aggregate of canonical non-governing boundary contacts"
"office-evidence:2759:Venus","RELATIONAL_OFFICE_EVIDENCE","scale:2759","office:Venus","2759",,true,false,,,,"Venus",,,,,,,,,,,,"2","office_junction",false,false,false,"{""A2"":2,""D2"":2,""D5"":1}","Derived aggregate of canonical non-governing boundary contacts"
"belongs:2763:7-28","BELONGS_TO_FAMILY","scale:2763","family:7-28","2763",,true,false,,,,,,,,,,,,,,,,,,,,,,"Canonical family projection"
"occupies:2763:Mercury","OCCUPIES_OFFICE","scale:2763","office:Mercury","2763",,true,false,"A2","A2",,,,,,,,,,,,,,,,,,true,,"unique eligible parent at governing tier"
"belongs:2765:7-32","BELONGS_TO_FAMILY","scale:2765","family:7-32","2765",,true,false,,,,,,,,,,,,,,,,,,,,,,"Canonical family projection"
"occupies:2765:Sun","OCCUPIES_OFFICE","scale:2765","office:Sun","2765",,true,false,"A0","A0",,,,,,,,,,,,,,,,,,true,,"unique eligible parent at governing tier"
"belongs:2771:7-29","BELONGS_TO_FAMILY","scale:2771","family:7-29","2771",,true,false,,,,,,,,,,,,,,,,,,,,,,"Canonical family projection"
"occupies:2771:Sun","OCCUPIES_OFFICE","scale:2771","office:Sun","2771",,true,false,"A0","A0",,,,,,,,,,,,,,,,,,true,,"unique eligible parent at governing tier"
"belongs:2773:7-35","BELONGS_TO_FAMILY","scale:2773","family:7-35","2773",,true,false,,,,,,,,,,,,,,,,,,,,,,"Canonical family projection"
"occupies:2773:Sun","OCCUPIES_OFFICE","scale:2773","office:Sun","2773",,true,false,"A0","A0",,,,,,,,,,,,,,,,,,true,,"canonical A0 governor registry"
"belongs:2777:7-32","BELONGS_TO_FAMILY","scale:2777","family:7-32","2777",,true,false,,,,,,,,,,,,,,,,,,,,,,"Canonical family projection"
"occupies:2777:Sun","OCCUPIES_OFFICE","scale:2777","office:Sun","2777",,true,false,"A0","A0",,,,,,,,,,,,,,,,,,true,,"unique eligible parent at governing tier"
"belongs:2787:7-15","BELONGS_TO_FAMILY","scale:2787","family:7-15","2787",,true,false,,,,,,,,,,,,,,,,,,,,,,"Canonical family projection"
"occupies:2787:Sun","OCCUPIES_OFFICE","scale:2787","office:Sun","2787",,true,false,"D2","D2",,,,,,,,,,,,,,,,,,true,,"7-15 same-office convergence from two independently agreeing A0-satellite contacts"
"belongs:2789:7-29","BELONGS_TO_FAMILY","scale:2789","family:7-29","2789",,true,false,,,,,,,,,,,,,,,,,,,,,,"Canonical family projection"
"occupies:2789:Sun","OCCUPIES_OFFICE","scale:2789","office:Sun","2789",,true,false,"A0","A0",,,,,,,,,,,,,,,,,,true,,"unique eligible parent at governing tier"
"belongs:2793:7-28","BELONGS_TO_FAMILY","scale:2793","family:7-28","2793",,true,false,,,,,,,,,,,,,,,,,,,,,,"Canonical family projection"
"occupies:2793:Jupiter","OCCUPIES_OFFICE","scale:2793","office:Jupiter","2793",,true,false,"A2","A2",,,,,,,,,,,,,,,,,,true,,"unique eligible parent at governing tier"
"belongs:2801:7-14","BELONGS_TO_FAMILY","scale:2801","family:7-14","2801",,true,false,,,,,,,,,,,,,,,,,,,,,,"Canonical family projection"
"office-evidence:2801:Mars","RELATIONAL_OFFICE_EVIDENCE","scale:2801","office:Mars","2801",,true,false,,,,"Mars",,,,,,,,,,,,"2","office_junction",false,false,false,"{""A2"":2,""D2"":2,""D5"":1}","Derived aggregate of canonical non-governing boundary contacts"
"office-evidence:2801:Jupiter","RELATIONAL_OFFICE_EVIDENCE","scale:2801","office:Jupiter","2801",,true,false,,,,"Jupiter",,,,,,,,,,,,"3","office_junction",false,true,false,"{""A2"":2,""D2"":2,""D5"":1}","Derived aggregate of canonical non-governing boundary contacts"
"belongs:2831:7-4","BELONGS_TO_FAMILY","scale:2831","family:7-4","2831",,true,false,,,,,,,,,,,,,,,,,,,,,,"Canonical family projection"
"office-evidence:2831:Mercury","RELATIONAL_OFFICE_EVIDENCE","scale:2831","office:Mercury","2831",,true,false,,,,"Mercury",,,,,,,,,,,,"2","oriented_convergence",true,false,false,"{""D3"":1,""D6"":1}","Derived aggregate of canonical non-governing boundary contacts"
"belongs:2839:7-11","BELONGS_TO_FAMILY","scale:2839","family:7-11","2839",,true,false,,,,,,,,,,,,,,,,,,,,,,"Canonical family projection"
"occupies:2839:Mercury","OCCUPIES_OFFICE","scale:2839","office:Mercury","2839",,true,false,"D3","D3",,,,,,,,,,,,,,,,,,true,,"direct eligible relation to 7-Z37 D3 anchor 2843; earlier precedence preserved"
"belongs:2843:7-Z37","BELONGS_TO_FAMILY","scale:2843","family:7-Z37","2843",,true,false,,,,,,,,,,,,,,,,,,,,,,"Canonical family projection"
"occupies:2843:Mercury","OCCUPIES_OFFICE","scale:2843","office:Mercury","2843",,true,false,"D3","D3",,,,,,,,,,,,,,,,,,true,,"7-Z37 dual-tier same-office convergence from two A2 and two D2 satellite contacts"
"belongs:2845:7-Z38","BELONGS_TO_FAMILY","scale:2845","family:7-Z38","2845",,true,false,,,,,,,,,,,,,,,,,,,,,,"Canonical family projection"
"occupies:2845:Mercury","OCCUPIES_OFFICE","scale:2845","office:Mercury","2845",,true,false,"D2","D2",,,,,,,,,,,,,,,,,,true,,"direct eligible relation to 7-15 D2 anchor 1821; earlier precedence preserved"
"belongs:2855:7-16","BELONGS_TO_FAMILY","scale:2855","family:7-16","2855",,true,false,,,,,,,,,,,,,,,,,,,,,,"Canonical family projection"
"occupies:2855:Jupiter","OCCUPIES_OFFICE","scale:2855","office:Jupiter","2855",,true,false,"D4","D4",,,,,,,,,,,,,,,,,,true,,"direct eligible relation to 7-Z17 D4 anchor 1831; earlier precedence preserved"
"belongs:2859:7-26","BELONGS_TO_FAMILY","scale:2859","family:7-26","2859",,true,false,,,,,,,,,,,,,,,,,,,,,,"Canonical family projection"
"occupies:2859:Mercury","OCCUPIES_OFFICE","scale:2859","office:Mercury","2859",,true,false,"A2","A2",,,,,,,,,,,,,,,,,,true,,"unique eligible parent at governing tier"
"belongs:2861:7-31","BELONGS_TO_FAMILY","scale:2861","family:7-31","2861",,true,false,,,,,,,,,,,,,,,,,,,,,,"Canonical family projection"
"occupies:2861:Mars","OCCUPIES_OFFICE","scale:2861","office:Mars","2861",,true,false,"A1","A1",,,,,,,,,,,,,,,,,,true,,"unique eligible parent at governing tier"
"belongs:2867:7-21","BELONGS_TO_FAMILY","scale:2867","family:7-21","2867",,true,false,,,,,,,,,,,,,,,,,,,,,,"Canonical family projection"
"office-evidence:2867:Moon","RELATIONAL_OFFICE_EVIDENCE","scale:2867","office:Moon","2867",,true,false,,,,"Moon",,,,,,,,,,,,"2","office_junction",false,true,false,"{""A0"":2,""A1"":1,""A2"":1}","Derived aggregate of canonical non-governing boundary contacts"
"office-evidence:2867:Mercury","RELATIONAL_OFFICE_EVIDENCE","scale:2867","office:Mercury","2867",,true,false,,,,"Mercury",,,,,,,,,,,,"1","office_junction",false,false,false,"{""A0"":2,""A1"":1,""A2"":1}","Derived aggregate of canonical non-governing boundary contacts"
"office-evidence:2867:Saturn","RELATIONAL_OFFICE_EVIDENCE","scale:2867","office:Saturn","2867",,true,false,,,,"Saturn",,,,,,,,,,,,"1","office_junction",false,false,false,"{""A0"":2,""A1"":1,""A2"":1}","Derived aggregate of canonical non-governing boundary contacts"
"belongs:2869:7-32","BELONGS_TO_FAMILY","scale:2869","family:7-32","2869",,true,false,,,,,,,,,,,,,,,,,,,,,,"Canonical family projection"
"occupies:2869:Moon","OCCUPIES_OFFICE","scale:2869","office:Moon","2869",,true,false,"A0","A0",,,,,,,,,,,,,,,,,,true,,"unique eligible parent at governing tier"
"belongs:2873:7-22","BELONGS_TO_FAMILY","scale:2873","family:7-22","2873",,true,false,,,,,,,,,,,,,,,,,,,,,,"Canonical family projection"
"occupies:2873:Saturn","OCCUPIES_OFFICE","scale:2873","office:Saturn","2873",,true,false,"D1","D1",,,,,,,,,,,,,,,,,,true,,"7-22 second-order midpoint from symmetric A0-satellite contacts at g−2 and g+2"
"belongs:2887:7-Z36","BELONGS_TO_FAMILY","scale:2887","family:7-Z36","2887",,true,false,,,,,,,,,,,,,,,,,,,,,,"Canonical family projection"
"office-evidence:2887:Jupiter","RELATIONAL_OFFICE_EVIDENCE","scale:2887","office:Jupiter","2887",,true,false,,,,"Jupiter",,,,,,,,,,,,"2","oriented_convergence",true,false,false,"{""D4"":2}","Derived aggregate of canonical non-governing boundary contacts"
"belongs:2891:7-25","BELONGS_TO_FAMILY","scale:2891","family:7-25","2891",,true,false,,,,,,,,,,,,,,,,,,,,,,"Canonical family projection"
"office-evidence:2891:Mercury","RELATIONAL_OFFICE_EVIDENCE","scale:2891","office:Mercury","2891",,true,false,,,,"Mercury",,,,,,,,,,,,"2","office_junction",false,false,false,"{""A1"":2,""A2"":2,""D4"":1}","Derived aggregate of canonical non-governing boundary contacts"
"office-evidence:2891:Saturn","RELATIONAL_OFFICE_EVIDENCE","scale:2891","office:Saturn","2891",,true,false,,,,"Saturn",,,,,,,,,,,,"3","office_junction",false,true,false,"{""A1"":2,""A2"":2,""D4"":1}","Derived aggregate of canonical non-governing boundary contacts"
"belongs:2893:7-31","BELONGS_TO_FAMILY","scale:2893","family:7-31","2893",,true,false,,,,,,,,,,,,,,,,,,,,,,"Canonical family projection"
"occupies:2893:Saturn","OCCUPIES_OFFICE","scale:2893","office:Saturn","2893",,true,false,"A1","A1",,,,,,,,,,,,,,,,,,true,,"unique eligible parent at governing tier"
"belongs:2899:7-27","BELONGS_TO_FAMILY","scale:2899","family:7-27","2899",,true,false,,,,,,,,,,,,,,,,,,,,,,"Canonical family projection"
"occupies:2899:Saturn","OCCUPIES_OFFICE","scale:2899","office:Saturn","2899",,true,false,"A1","A1",,,,,,,,,,,,,,,,,,true,,"unique eligible parent at governing tier"
"belongs:2901:7-34","BELONGS_TO_FAMILY","scale:2901","family:7-34","2901",,true,false,,,,,,,,,,,,,,,,,,,,,,"Canonical family projection"
"occupies:2901:Saturn","OCCUPIES_OFFICE","scale:2901","office:Saturn","2901",,true,false,"A1","A1",,,,,,,,,,,,,,,,,,true,,"validated A0 midpoint/phase-seam construction"
"belongs:2905:7-32","BELONGS_TO_FAMILY","scale:2905","family:7-32","2905",,true,false,,,,,,,,,,,,,,,,,,,,,,"Canonical family projection"
"occupies:2905:Jupiter","OCCUPIES_OFFICE","scale:2905","office:Jupiter","2905",,true,false,"A0","A0",,,,,,,,,,,,,,,,,,true,,"unique eligible parent at governing tier"
"belongs:2915:7-Z38","BELONGS_TO_FAMILY","scale:2915","family:7-Z38","2915",,true,false,,,,,,,,,,,,,,,,,,,,,,"Canonical family projection"
"occupies:2915:Sun","OCCUPIES_OFFICE","scale:2915","office:Sun","2915",,true,false,"D2","D2",,,,,,,,,,,,,,,,,,true,,"direct eligible relation to 7-15 D2 anchor 2787; earlier precedence preserved"
"belongs:2917:7-31","BELONGS_TO_FAMILY","scale:2917","family:7-31","2917",,true,false,,,,,,,,,,,,,,,,,,,,,,"Canonical family projection"
"occupies:2917:Saturn","OCCUPIES_OFFICE","scale:2917","office:Saturn","2917",,true,false,"A1","A1",,,,,,,,,,,,,,,,,,true,,"unique eligible parent at governing tier"
"belongs:2921:7-31","BELONGS_TO_FAMILY","scale:2921","family:7-31","2921",,true,false,,,,,,,,,,,,,,,,,,,,,,"Canonical family projection"
"occupies:2921:Mercury","OCCUPIES_OFFICE","scale:2921","office:Mercury","2921",,true,false,"A1","A1",,,,,,,,,,,,,,,,,,true,,"unique eligible parent at governing tier"
"belongs:2929:7-Z38","BELONGS_TO_FAMILY","scale:2929","family:7-Z38","2929",,true,false,,,,,,,,,,,,,,,,,,,,,,"Canonical family projection"
"occupies:2929:Mars","OCCUPIES_OFFICE","scale:2929","office:Mars","2929",,true,false,"D2","D2",,,,,,,,,,,,,,,,,,true,,"direct eligible relation to 7-15 D2 anchor 3441; earlier precedence preserved"
"belongs:2951:7-5","BELONGS_TO_FAMILY","scale:2951","family:7-5","2951",,true,false,,,,,,,,,,,,,,,,,,,,,,"Canonical family projection"
"office-evidence:2951:Saturn","RELATIONAL_OFFICE_EVIDENCE","scale:2951","office:Saturn","2951",,true,false,,,,"Saturn",,,,,,,,,,,,"1","peripheral_leaf",true,false,false,"{""D4"":1}","Derived aggregate of canonical non-governing boundary contacts"
"belongs:2955:7-13","BELONGS_TO_FAMILY","scale:2955","family:7-13","2955",,true,false,,,,,,,,,,,,,,,,,,,,,,"Canonical family projection"
"occupies:2955:Saturn","OCCUPIES_OFFICE","scale:2955","office:Saturn","2955",,true,false,"D4","D4",,,,,,,,,,,,,,,,,,true,,"direct eligible relation to 7-Z17 D4 anchor 2963; earlier precedence preserved"
"belongs:2957:7-Z38","BELONGS_TO_FAMILY","scale:2957","family:7-Z38","2957",,true,false,,,,,,,,,,,,,,,,,,,,,,"Canonical family projection"
"occupies:2957:Venus","OCCUPIES_OFFICE","scale:2957","office:Venus","2957",,true,false,"D2","D2",,,,,,,,,,,,,,,,,,true,,"direct eligible relation to 7-15 D2 anchor 1479; earlier precedence preserved"
"belongs:2963:7-Z17","BELONGS_TO_FAMILY","scale:2963","family:7-Z17","2963",,true,false,,,,,,,,,,,,,,,,,,,,,,"Canonical family projection"
"occupies:2963:Saturn","OCCUPIES_OFFICE","scale:2963","office:Saturn","2963",,true,false,"D4","D4",,,,,,,,,,,,,,,,,,true,,"7-Z17 same-office convergence from two established A1 satellite contacts"
"belongs:2965:7-27","BELONGS_TO_FAMILY","scale:2965","family:7-27","2965",,true,false,,,,,,,,,,,,,,,,,,,,,,"Canonical family projection"
"occupies:2965:Saturn","OCCUPIES_OFFICE","scale:2965","office:Saturn","2965",,true,false,"A1","A1",,,,,,,,,,,,,,,,,,true,,"unique eligible parent at governing tier"
"belongs:2969:7-21","BELONGS_TO_FAMILY","scale:2969","family:7-21","2969",,true,false,,,,,,,,,,,,,,,,,,,,,,"Canonical family projection"
"office-evidence:2969:Mars","RELATIONAL_OFFICE_EVIDENCE","scale:2969","office:Mars","2969",,true,false,,,,"Mars",,,,,,,,,,,,"1","office_junction",false,false,false,"{""A0"":2,""A1"":1,""A2"":1}","Derived aggregate of canonical non-governing boundary contacts"
"office-evidence:2969:Jupiter","RELATIONAL_OFFICE_EVIDENCE","scale:2969","office:Jupiter","2969",,true,false,,,,"Jupiter",,,,,,,,,,,,"2","office_junction",false,true,false,"{""A0"":2,""A1"":1,""A2"":1}","Derived aggregate of canonical non-governing boundary contacts"
"office-evidence:2969:Saturn","RELATIONAL_OFFICE_EVIDENCE","scale:2969","office:Saturn","2969",,true,false,,,,"Saturn",,,,,,,,,,,,"1","office_junction",false,false,false,"{""A0"":2,""A1"":1,""A2"":1}","Derived aggregate of canonical non-governing boundary contacts"
"belongs:2979:7-13","BELONGS_TO_FAMILY","scale:2979","family:7-13","2979",,true,false,,,,,,,,,,,,,,,,,,,,,,"Canonical family projection"
"occupies:2979:Saturn","OCCUPIES_OFFICE","scale:2979","office:Saturn","2979",,true,false,"D4","D4",,,,,,,,,,,,,,,,,,true,,"direct eligible relation to 7-Z17 D4 anchor 2963; earlier precedence preserved"
"belongs:2981:7-25","BELONGS_TO_FAMILY","scale:2981","family:7-25","2981",,true,false,,,,,,,,,,,,,,,,,,,,,,"Canonical family projection"
"office-evidence:2981:Mars","RELATIONAL_OFFICE_EVIDENCE","scale:2981","office:Mars","2981",,true,false,,,,"Mars",,,,,,,,,,,,"2","office_junction",false,false,false,"{""A1"":2,""A2"":2,""D4"":1}","Derived aggregate of canonical non-governing boundary contacts"
"office-evidence:2981:Saturn","RELATIONAL_OFFICE_EVIDENCE","scale:2981","office:Saturn","2981",,true,false,,,,"Saturn",,,,,,,,,,,,"3","office_junction",false,true,false,"{""A1"":2,""A2"":2,""D4"":1}","Derived aggregate of canonical non-governing boundary contacts"
"belongs:2985:7-26","BELONGS_TO_FAMILY","scale:2985","family:7-26","2985",,true,false,,,,,,,,,,,,,,,,,,,,,,"Canonical family projection"
"occupies:2985:Mars","OCCUPIES_OFFICE","scale:2985","office:Mars","2985",,true,false,"A2","A2",,,,,,,,,,,,,,,,,,true,,"unique eligible parent at governing tier"
"belongs:2993:7-Z37","BELONGS_TO_FAMILY","scale:2993","family:7-Z37","2993",,true,false,,,,,,,,,,,,,,,,,,,,,,"Canonical family projection"
"occupies:2993:Mars","OCCUPIES_OFFICE","scale:2993","office:Mars","2993",,true,false,"D3","D3",,,,,,,,,,,,,,,,,,true,,"7-Z37 dual-tier same-office convergence from two A2 and two D2 satellite contacts"
"belongs:3011:7-5","BELONGS_TO_FAMILY","scale:3011","family:7-5","3011",,true,false,,,,,,,,,,,,,,,,,,,,,,"Canonical family projection"
"office-evidence:3011:Saturn","RELATIONAL_OFFICE_EVIDENCE","scale:3011","office:Saturn","3011",,true,false,,,,"Saturn",,,,,,,,,,,,"1","peripheral_leaf",true,false,false,"{""D4"":1}","Derived aggregate of canonical non-governing boundary contacts"
"belongs:3013:7-Z36","BELONGS_TO_FAMILY","scale:3013","family:7-Z36","3013",,true,false,,,,,,,,,,,,,,,,,,,,,,"Canonical family projection"
"office-evidence:3013:Moon","RELATIONAL_OFFICE_EVIDENCE","scale:3013","office:Moon","3013",,true,false,,,,"Moon",,,,,,,,,,,,"2","oriented_convergence",true,false,false,"{""D4"":2}","Derived aggregate of canonical non-governing boundary contacts"
"belongs:3017:7-16","BELONGS_TO_FAMILY","scale:3017","family:7-16","3017",,true,false,,,,,,,,,,,,,,,,,,,,,,"Canonical family projection"
"occupies:3017:Moon","OCCUPIES_OFFICE","scale:3017","office:Moon","3017",,true,false,"D4","D4",,,,,,,,,,,,,,,,,,true,,"direct eligible relation to 7-Z17 D4 anchor 3529; earlier precedence preserved"
"belongs:3025:7-11","BELONGS_TO_FAMILY","scale:3025","family:7-11","3025",,true,false,,,,,,,,,,,,,,,,,,,,,,"Canonical family projection"
"occupies:3025:Mars","OCCUPIES_OFFICE","scale:3025","office:Mars","3025",,true,false,"D3","D3",,,,,,,,,,,,,,,,,,true,,"direct eligible relation to 7-Z37 D3 anchor 2993; earlier precedence preserved"
"belongs:3041:7-4","BELONGS_TO_FAMILY","scale:3041","family:7-4","3041",,true,false,,,,,,,,,,,,,,,,,,,,,,"Canonical family projection"
"office-evidence:3041:Mars","RELATIONAL_OFFICE_EVIDENCE","scale:3041","office:Mars","3041",,true,false,,,,"Mars",,,,,,,,,,,,"2","oriented_convergence",true,false,false,"{""D3"":1,""D6"":1}","Derived aggregate of canonical non-governing boundary contacts"
"belongs:3103:7-1","BELONGS_TO_FAMILY","scale:3103","family:7-1","3103",,true,false,,,,,,,,,,,,,,,,,,,,,,"Canonical family projection"
"occupies:3103:Moon","OCCUPIES_OFFICE","scale:3103","office:Moon","3103",,true,false,"D7","D7",,,,,,,,,,,,,,,,,,true,,"Same-office convergence from exactly two D6 / 7-2 satellites, one from each chiral orientation; no residual children."
"belongs:3119:7-2","BELONGS_TO_FAMILY","scale:3119","family:7-2","3119",,true,false,,,,,,,,,,,,,,,,,,,,,,"Canonical family projection"
"occupies:3119:Moon","OCCUPIES_OFFICE","scale:3119","office:Moon","3119",,true,false,"D6","D6",,,,,,,,,,,,,,,,,,true,,"direct eligible relation to 7-8 D6 anchor 2607; earlier precedence preserved"
"belongs:3127:7-4","BELONGS_TO_FAMILY","scale:3127","family:7-4","3127",,true,false,,,,,,,,,,,,,,,,,,,,,,"Canonical family projection"
"office-evidence:3127:Moon","RELATIONAL_OFFICE_EVIDENCE","scale:3127","office:Moon","3127",,true,false,,,,"Moon",,,,,,,,,,,,"2","oriented_convergence",true,false,false,"{""D3"":1,""D6"":1}","Derived aggregate of canonical non-governing boundary contacts"
"belongs:3131:7-5","BELONGS_TO_FAMILY","scale:3131","family:7-5","3131",,true,false,,,,,,,,,,,,,,,,,,,,,,"Canonical family projection"
"office-evidence:3131:Sun","RELATIONAL_OFFICE_EVIDENCE","scale:3131","office:Sun","3131",,true,false,,,,"Sun",,,,,,,,,,,,"1","peripheral_leaf",true,false,false,"{""D4"":1}","Derived aggregate of canonical non-governing boundary contacts"
"belongs:3133:7-5","BELONGS_TO_FAMILY","scale:3133","family:7-5","3133",,true,false,,,,,,,,,,,,,,,,,,,,,,"Canonical family projection"
"office-evidence:3133:Mars","RELATIONAL_OFFICE_EVIDENCE","scale:3133","office:Mars","3133",,true,false,,,,"Mars",,,,,,,,,,,,"1","peripheral_leaf",true,false,false,"{""D4"":1}","Derived aggregate of canonical non-governing boundary contacts"
"belongs:3151:7-3","BELONGS_TO_FAMILY","scale:3151","family:7-3","3151",,true,false,,,,,,,,,,,,,,,,,,,,,,"Canonical family projection"
"office-evidence:3151:Moon","RELATIONAL_OFFICE_EVIDENCE","scale:3151","office:Moon","3151",,true,false,,,,"Moon",,,,,,,,,,,,"2","oriented_convergence",true,false,false,"{""D5"":1,""D6"":1}","Derived aggregate of canonical non-governing boundary contacts"
"belongs:3159:7-9","BELONGS_TO_FAMILY","scale:3159","family:7-9","3159",,true,false,,,,,,,,,,,,,,,,,,,,,,"Canonical family projection"
"office-evidence:3159:Mercury","RELATIONAL_OFFICE_EVIDENCE","scale:3159","office:Mercury","3159",,true,false,,,,"Mercury",,,,,,,,,,,,"2","oriented_convergence",true,false,false,"{""D5"":2}","Derived aggregate of canonical non-governing boundary contacts"
"belongs:3163:7-Z36","BELONGS_TO_FAMILY","scale:3163","family:7-Z36","3163",,true,false,,,,,,,,,,,,,,,,,,,,,,"Canonical family projection"
"office-evidence:3163:Mars","RELATIONAL_OFFICE_EVIDENCE","scale:3163","office:Mars","3163",,true,false,,,,"Mars",,,,,,,,,,,,"2","oriented_convergence",true,false,false,"{""D4"":2}","Derived aggregate of canonical non-governing boundary contacts"
"belongs:3165:7-13","BELONGS_TO_FAMILY","scale:3165","family:7-13","3165",,true,false,,,,,,,,,,,,,,,,,,,,,,"Canonical family projection"
"occupies:3165:Mars","OCCUPIES_OFFICE","scale:3165","office:Mars","3165",,true,false,"D4","D4",,,,,,,,,,,,,,,,,,true,,"direct eligible relation to 7-Z17 D4 anchor 3229; earlier precedence preserved"
"belongs:3175:7-6","BELONGS_TO_FAMILY","scale:3175","family:7-6","3175",,true,false,,,,,,,,,,,,,,,,,,,,,,"Canonical family projection"
"occupies:3175:Mercury","OCCUPIES_OFFICE","scale:3175","office:Mercury","3175",,true,false,"D5","D5",,,,,,,,,,,,,,,,,,true,,"direct eligible relation to 7-Z12 D5 anchor 3239; earlier precedence preserved"
"belongs:3179:7-14","BELONGS_TO_FAMILY","scale:3179","family:7-14","3179",,true,false,,,,,,,,,,,,,,,,,,,,,,"Canonical family projection"
"office-evidence:3179:Moon","RELATIONAL_OFFICE_EVIDENCE","scale:3179","office:Moon","3179",,true,false,,,,"Moon",,,,,,,,,,,,"2","office_junction",false,false,false,"{""A2"":2,""D2"":2,""D5"":1}","Derived aggregate of canonical non-governing boundary contacts"
"office-evidence:3179:Mercury","RELATIONAL_OFFICE_EVIDENCE","scale:3179","office:Mercury","3179",,true,false,,,,"Mercury",,,,,,,,,,,,"3","office_junction",false,true,false,"{""A2"":2,""D2"":2,""D5"":1}","Derived aggregate of canonical non-governing boundary contacts"
"belongs:3181:7-Z38","BELONGS_TO_FAMILY","scale:3181","family:7-Z38","3181",,true,false,,,,,,,,,,,,,,,,,,,,,,"Canonical family projection"
"occupies:3181:Moon","OCCUPIES_OFFICE","scale:3181","office:Moon","3181",,true,false,"D2","D2",,,,,,,,,,,,,,,,,,true,,"direct eligible relation to 7-15 D2 anchor 3189; earlier precedence preserved"
"belongs:3187:7-7","BELONGS_TO_FAMILY","scale:3187","family:7-7","3187",,true,false,,,,,,,,,,,,,,,,,,,,,,"Canonical family projection"
"occupies:3187:Moon","OCCUPIES_OFFICE","scale:3187","office:Moon","3187",,true,false,"D2","D2",,,,,,,,,,,,,,,,,,true,,"direct eligible relation to 7-15 D2 anchor 3189; earlier precedence preserved"
"belongs:3189:7-15","BELONGS_TO_FAMILY","scale:3189","family:7-15","3189",,true,false,,,,,,,,,,,,,,,,,,,,,,"Canonical family projection"
"occupies:3189:Moon","OCCUPIES_OFFICE","scale:3189","office:Moon","3189",,true,false,"D2","D2",,,,,,,,,,,,,,,,,,true,,"7-15 same-office convergence from two independently agreeing A0-satellite contacts"
"belongs:3193:7-7","BELONGS_TO_FAMILY","scale:3193","family:7-7","3193",,true,false,,,,,,,,,,,,,,,,,,,,,,"Canonical family projection"
"occupies:3193:Moon","OCCUPIES_OFFICE","scale:3193","office:Moon","3193",,true,false,"D2","D2",,,,,,,,,,,,,,,,,,true,,"direct eligible relation to 7-15 D2 anchor 3189; earlier precedence preserved"
"belongs:3215:7-3","BELONGS_TO_FAMILY","scale:3215","family:7-3","3215",,true,false,,,,,,,,,,,,,,,,,,,,,,"Canonical family projection"
"office-evidence:3215:Mercury","RELATIONAL_OFFICE_EVIDENCE","scale:3215","office:Mercury","3215",,true,false,,,,"Mercury",,,,,,,,,,,,"2","oriented_convergence",true,false,false,"{""D5"":1,""D6"":1}","Derived aggregate of canonical non-governing boundary contacts"
"belongs:3223:7-10","BELONGS_TO_FAMILY","scale:3223","family:7-10","3223",,true,false,,,,,,,,,,,,,,,,,,,,,,"Canonical family projection"
"occupies:3223:Mercury","OCCUPIES_OFFICE","scale:3223","office:Mercury","3223",,true,false,"D5","D5",,,,,,,,,,,,,,,,,,true,,"direct eligible relation to 7-Z12 D5 anchor 3239; earlier precedence preserved"
"belongs:3227:7-16","BELONGS_TO_FAMILY","scale:3227","family:7-16","3227",,true,false,,,,,,,,,,,,,,,,,,,,,,"Canonical family projection"
"occupies:3227:Mars","OCCUPIES_OFFICE","scale:3227","office:Mars","3227",,true,false,"D4","D4",,,,,,,,,,,,,,,,,,true,,"direct eligible relation to 7-Z17 D4 anchor 3229; earlier precedence preserved"
"belongs:3229:7-Z17","BELONGS_TO_FAMILY","scale:3229","family:7-Z17","3229",,true,false,,,,,,,,,,,,,,,,,,,,,,"Canonical family projection"
"occupies:3229:Mars","OCCUPIES_OFFICE","scale:3229","office:Mars","3229",,true,false,"D4","D4",,,,,,,,,,,,,,,,,,true,,"7-Z17 same-office convergence from two established A1 satellite contacts"
"belongs:3239:7-Z12","BELONGS_TO_FAMILY","scale:3239","family:7-Z12","3239",,true,false,,,,,,,,,,,,,,,,,,,,,,"Canonical family projection"
"occupies:3239:Mercury","OCCUPIES_OFFICE","scale:3239","office:Mercury","3239",,true,false,"D5","D5",,,,,,,,,,,,,,,,,,true,,"7-Z12 same-office convergence from two established A2 satellite contacts"
"belongs:3243:7-24","BELONGS_TO_FAMILY","scale:3243","family:7-24","3243",,true,false,,,,,,,,,,,,,,,,,,,,,,"Canonical family projection"
"occupies:3243:Mercury","OCCUPIES_OFFICE","scale:3243","office:Mercury","3243",,true,false,"A2","A2",,,,,,,,,,,,,,,,,,true,,"unique eligible parent at governing tier"
"belongs:3245:7-27","BELONGS_TO_FAMILY","scale:3245","family:7-27","3245",,true,false,,,,,,,,,,,,,,,,,,,,,,"Canonical family projection"
"occupies:3245:Mars","OCCUPIES_OFFICE","scale:3245","office:Mars","3245",,true,false,"A1","A1",,,,,,,,,,,,,,,,,,true,,"unique eligible parent at governing tier"
"belongs:3251:7-19","BELONGS_TO_FAMILY","scale:3251","family:7-19","3251",,true,false,,,,,,,,,,,,,,,,,,,,,,"Canonical family projection"
"office-evidence:3251:Moon","RELATIONAL_OFFICE_EVIDENCE","scale:3251","office:Moon","3251",,true,false,,,,"Moon",,,,,,,,,,,,"3","office_junction",false,true,false,"{""A0"":2,""A2"":1,""D2"":1}","Derived aggregate of canonical non-governing boundary contacts"
"office-evidence:3251:Mercury","RELATIONAL_OFFICE_EVIDENCE","scale:3251","office:Mercury","3251",,true,false,,,,"Mercury",,,,,,,,,,,,"1","office_junction",false,false,false,"{""A0"":2,""A2"":1,""D2"":1}","Derived aggregate of canonical non-governing boundary contacts"
"belongs:3253:7-29","BELONGS_TO_FAMILY","scale:3253","family:7-29","3253",,true,false,,,,,,,,,,,,,,,,,,,,,,"Canonical family projection"
"occupies:3253:Moon","OCCUPIES_OFFICE","scale:3253","office:Moon","3253",,true,false,"A0","A0",,,,,,,,,,,,,,,,,,true,,"unique eligible parent at governing tier"
"belongs:3257:7-20","BELONGS_TO_FAMILY","scale:3257","family:7-20","3257",,true,false,,,,,,,,,,,,,,,,,,,,,,"Canonical family projection"
"occupies:3257:Venus","OCCUPIES_OFFICE","scale:3257","office:Venus","3257",,true,false,"D1","D1",,,,,,,,,,,,,,,,,,true,,"direct eligible relation to 7-22 D1 anchor 3289; A0–A2 precedence preserved"
"belongs:3271:7-6","BELONGS_TO_FAMILY","scale:3271","family:7-6","3271",,true,false,,,,,,,,,,,,,,,,,,,,,,"Canonical family projection"
"occupies:3271:Mercury","OCCUPIES_OFFICE","scale:3271","office:Mercury","3271",,true,false,"D5","D5",,,,,,,,,,,,,,,,,,true,,"direct eligible relation to 7-Z12 D5 anchor 3239; earlier precedence preserved"
"belongs:3275:7-Z18","BELONGS_TO_FAMILY","scale:3275","family:7-Z18","3275",,true,false,,,,,,,,,,,,,,,,,,,,,,"Canonical family projection"
"office-evidence:3275:Mercury","RELATIONAL_OFFICE_EVIDENCE","scale:3275","office:Mercury","3275",,true,false,,,,"Mercury",,,,,,,,,,,,"3","oriented_convergence",true,false,false,"{""A2"":2,""D5"":1}","Derived aggregate of canonical non-governing boundary contacts"
"belongs:3277:7-21","BELONGS_TO_FAMILY","scale:3277","family:7-21","3277",,true,false,,,,,,,,,,,,,,,,,,,,,,"Canonical family projection"
"office-evidence:3277:Sun","RELATIONAL_OFFICE_EVIDENCE","scale:3277","office:Sun","3277",,true,false,,,,"Sun",,,,,,,,,,,,"2","office_junction",false,true,false,"{""A0"":2,""A1"":1,""A2"":1}","Derived aggregate of canonical non-governing boundary contacts"
"office-evidence:3277:Mars","RELATIONAL_OFFICE_EVIDENCE","scale:3277","office:Mars","3277",,true,false,,,,"Mars",,,,,,,,,,,,"1","office_junction",false,false,false,"{""A0"":2,""A1"":1,""A2"":1}","Derived aggregate of canonical non-governing boundary contacts"
"office-evidence:3277:Venus","RELATIONAL_OFFICE_EVIDENCE","scale:3277","office:Venus","3277",,true,false,,,,"Venus",,,,,,,,,,,,"1","office_junction",false,false,false,"{""A0"":2,""A1"":1,""A2"":1}","Derived aggregate of canonical non-governing boundary contacts"
"belongs:3283:7-19","BELONGS_TO_FAMILY","scale:3283","family:7-19","3283",,true,false,,,,,,,,,,,,,,,,,,,,,,"Canonical family projection"
"office-evidence:3283:Sun","RELATIONAL_OFFICE_EVIDENCE","scale:3283","office:Sun","3283",,true,false,,,,"Sun",,,,,,,,,,,,"3","office_junction",false,true,false,"{""A0"":2,""A2"":1,""D2"":1}","Derived aggregate of canonical non-governing boundary contacts"
"office-evidence:3283:Venus","RELATIONAL_OFFICE_EVIDENCE","scale:3283","office:Venus","3283",,true,false,,,,"Venus",,,,,,,,,,,,"1","office_junction",false,false,false,"{""A0"":2,""A2"":1,""D2"":1}","Derived aggregate of canonical non-governing boundary contacts"
"belongs:3285:7-30","BELONGS_TO_FAMILY","scale:3285","family:7-30","3285",,true,false,,,,,,,,,,,,,,,,,,,,,,"Canonical family projection"
"occupies:3285:Sun","OCCUPIES_OFFICE","scale:3285","office:Sun","3285",,true,false,"A0","A0",,,,,,,,,,,,,,,,,,true,,"unique eligible parent at governing tier"
"belongs:3289:7-22","BELONGS_TO_FAMILY","scale:3289","family:7-22","3289",,true,false,,,,,,,,,,,,,,,,,,,,,,"Canonical family projection"
"occupies:3289:Venus","OCCUPIES_OFFICE","scale:3289","office:Venus","3289",,true,false,"D1","D1",,,,,,,,,,,,,,,,,,true,,"7-22 second-order midpoint from symmetric A0-satellite contacts at g−2 and g+2"
"belongs:3299:7-7","BELONGS_TO_FAMILY","scale:3299","family:7-7","3299",,true,false,,,,,,,,,,,,,,,,,,,,,,"Canonical family projection"
"occupies:3299:Sun","OCCUPIES_OFFICE","scale:3299","office:Sun","3299",,true,false,"D2","D2",,,,,,,,,,,,,,,,,,true,,"direct eligible relation to 7-15 D2 anchor 2787; earlier precedence preserved"
"belongs:3301:7-20","BELONGS_TO_FAMILY","scale:3301","family:7-20","3301",,true,false,,,,,,,,,,,,,,,,,,,,,,"Canonical family projection"
"occupies:3301:Jupiter","OCCUPIES_OFFICE","scale:3301","office:Jupiter","3301",,true,false,"D1","D1",,,,,,,,,,,,,,,,,,true,,"direct eligible relation to 7-22 D1 anchor 1651; A0–A2 precedence preserved"
"belongs:3305:7-20","BELONGS_TO_FAMILY","scale:3305","family:7-20","3305",,true,false,,,,,,,,,,,,,,,,,,,,,,"Canonical family projection"
"occupies:3305:Venus","OCCUPIES_OFFICE","scale:3305","office:Venus","3305",,true,false,"D1","D1",,,,,,,,,,,,,,,,,,true,,"direct eligible relation to 7-22 D1 anchor 3289; A0–A2 precedence preserved"
"belongs:3313:7-7","BELONGS_TO_FAMILY","scale:3313","family:7-7","3313",,true,false,,,,,,,,,,,,,,,,,,,,,,"Canonical family projection"
"occupies:3313:Mars","OCCUPIES_OFFICE","scale:3313","office:Mars","3313",,true,false,"D2","D2",,,,,,,,,,,,,,,,,,true,,"direct eligible relation to 7-15 D2 anchor 3441; earlier precedence preserved"
"belongs:3343:7-2","BELONGS_TO_FAMILY","scale:3343","family:7-2","3343",,true,false,,,,,,,,,,,,,,,,,,,,,,"Canonical family projection"
"occupies:3343:Mercury","OCCUPIES_OFFICE","scale:3343","office:Mercury","3343",,true,false,"D6","D6",,,,,,,,,,,,,,,,,,true,,"direct eligible relation to 7-8 D6 anchor 3351; earlier precedence preserved"
"belongs:3351:7-8","BELONGS_TO_FAMILY","scale:3351","family:7-8","3351",,true,false,,,,,,,,,,,,,,,,,,,,,,"Canonical family projection"
"occupies:3351:Mercury","OCCUPIES_OFFICE","scale:3351","office:Mercury","3351",,true,false,"D6","D6",,,,,,,,,,,,,,,,,,true,,"7-8 same-office convergence from two established D3 and two established D5 satellite contacts"
"belongs:3355:7-11","BELONGS_TO_FAMILY","scale:3355","family:7-11","3355",,true,false,,,,,,,,,,,,,,,,,,,,,,"Canonical family projection"
"occupies:3355:Mercury","OCCUPIES_OFFICE","scale:3355","office:Mercury","3355",,true,false,"D3","D3",,,,,,,,,,,,,,,,,,true,,"direct eligible relation to 7-Z37 D3 anchor 2843; earlier precedence preserved"
"belongs:3357:7-13","BELONGS_TO_FAMILY","scale:3357","family:7-13","3357",,true,false,,,,,,,,,,,,,,,,,,,,,,"Canonical family projection"
"occupies:3357:Mars","OCCUPIES_OFFICE","scale:3357","office:Mars","3357",,true,false,"D4","D4",,,,,,,,,,,,,,,,,,true,,"direct eligible relation to 7-Z17 D4 anchor 3229; earlier precedence preserved"
"belongs:3367:7-10","BELONGS_TO_FAMILY","scale:3367","family:7-10","3367",,true,false,,,,,,,,,,,,,,,,,,,,,,"Canonical family projection"
"occupies:3367:Mercury","OCCUPIES_OFFICE","scale:3367","office:Mercury","3367",,true,false,"D5","D5",,,,,,,,,,,,,,,,,,true,,"direct eligible relation to 7-Z12 D5 anchor 3239; earlier precedence preserved"
"belongs:3371:7-23","BELONGS_TO_FAMILY","scale:3371","family:7-23","3371",,true,false,,,,,,,,,,,,,,,,,,,,,,"Canonical family projection"
"office-evidence:3371:Mercury","RELATIONAL_OFFICE_EVIDENCE","scale:3371","office:Mercury","3371",,true,false,,,,"Mercury",,,,,,,,,,,,"4","oriented_convergence",true,false,false,"{""A2"":2,""D3"":1,""D5"":1}","Derived aggregate of canonical non-governing boundary contacts"
"belongs:3373:7-25","BELONGS_TO_FAMILY","scale:3373","family:7-25","3373",,true,false,,,,,,,,,,,,,,,,,,,,,,"Canonical family projection"
"office-evidence:3373:Mars","RELATIONAL_OFFICE_EVIDENCE","scale:3373","office:Mars","3373",,true,false,,,,"Mars",,,,,,,,,,,,"3","office_junction",false,true,false,"{""A1"":2,""A2"":2,""D4"":1}","Derived aggregate of canonical non-governing boundary contacts"
"office-evidence:3373:Venus","RELATIONAL_OFFICE_EVIDENCE","scale:3373","office:Venus","3373",,true,false,,,,"Venus",,,,,,,,,,,,"2","office_junction",false,false,false,"{""A1"":2,""A2"":2,""D4"":1}","Derived aggregate of canonical non-governing boundary contacts"
"belongs:3379:7-Z18","BELONGS_TO_FAMILY","scale:3379","family:7-Z18","3379",,true,false,,,,,,,,,,,,,,,,,,,,,,"Canonical family projection"
"office-evidence:3379:Venus","RELATIONAL_OFFICE_EVIDENCE","scale:3379","office:Venus","3379",,true,false,,,,"Venus",,,,,,,,,,,,"3","oriented_convergence",true,false,false,"{""A2"":2,""D5"":1}","Derived aggregate of canonical non-governing boundary contacts"
"belongs:3381:7-28","BELONGS_TO_FAMILY","scale:3381","family:7-28","3381",,true,false,,,,,,,,,,,,,,,,,,,,,,"Canonical family projection"
"occupies:3381:Venus","OCCUPIES_OFFICE","scale:3381","office:Venus","3381",,true,false,"A2","A2",,,,,,,,,,,,,,,,,,true,,"unique eligible parent at governing tier"
"belongs:3385:7-20","BELONGS_TO_FAMILY","scale:3385","family:7-20","3385",,true,false,,,,,,,,,,,,,,,,,,,,,,"Canonical family projection"
"occupies:3385:Saturn","OCCUPIES_OFFICE","scale:3385","office:Saturn","3385",,true,false,"D1","D1",,,,,,,,,,,,,,,,,,true,,"direct eligible relation to 7-22 D1 anchor 2873; A0–A2 precedence preserved"
"belongs:3399:7-9","BELONGS_TO_FAMILY","scale:3399","family:7-9","3399",,true,false,,,,,,,,,,,,,,,,,,,,,,"Canonical family projection"
"office-evidence:3399:Mercury","RELATIONAL_OFFICE_EVIDENCE","scale:3399","office:Mercury","3399",,true,false,,,,"Mercury",,,,,,,,,,,,"2","oriented_convergence",true,false,false,"{""D5"":2}","Derived aggregate of canonical non-governing boundary contacts"
"belongs:3403:7-23","BELONGS_TO_FAMILY","scale:3403","family:7-23","3403",,true,false,,,,,,,,,,,,,,,,,,,,,,"Canonical family projection"
"office-evidence:3403:Venus","RELATIONAL_OFFICE_EVIDENCE","scale:3403","office:Venus","3403",,true,false,,,,"Venus",,,,,,,,,,,,"4","oriented_convergence",true,false,false,"{""A2"":2,""D3"":1,""D5"":1}","Derived aggregate of canonical non-governing boundary contacts"
"belongs:3405:7-26","BELONGS_TO_FAMILY","scale:3405","family:7-26","3405",,true,false,,,,,,,,,,,,,,,,,,,,,,"Canonical family projection"
"occupies:3405:Venus","OCCUPIES_OFFICE","scale:3405","office:Venus","3405",,true,false,"A2","A2",,,,,,,,,,,,,,,,,,true,,"unique eligible parent at governing tier"
"belongs:3411:7-24","BELONGS_TO_FAMILY","scale:3411","family:7-24","3411",,true,false,,,,,,,,,,,,,,,,,,,,,,"Canonical family projection"
"occupies:3411:Venus","OCCUPIES_OFFICE","scale:3411","office:Venus","3411",,true,false,"A2","A2",,,,,,,,,,,,,,,,,,true,,"unique eligible parent at governing tier"
"belongs:3413:7-33","BELONGS_TO_FAMILY","scale:3413","family:7-33","3413",,true,false,,,,,,,,,,,,,,,,,,,,,,"Canonical family projection"
"occupies:3413:Venus","OCCUPIES_OFFICE","scale:3413","office:Venus","3413",,true,false,"A2","A2",,,,,,,,,,,,,,,,,,true,,"modal-orbit transport from the declared Lydian Minor / Mars fixture"
"belongs:3417:7-30","BELONGS_TO_FAMILY","scale:3417","family:7-30","3417",,true,false,,,,,,,,,,,,,,,,,,,,,,"Canonical family projection"
"occupies:3417:Mercury","OCCUPIES_OFFICE","scale:3417","office:Mercury","3417",,true,false,"A0","A0",,,,,,,,,,,,,,,,,,true,,"unique eligible parent at governing tier"
"belongs:3427:7-14","BELONGS_TO_FAMILY","scale:3427","family:7-14","3427",,true,false,,,,,,,,,,,,,,,,,,,,,,"Canonical family projection"
"office-evidence:3427:Sun","RELATIONAL_OFFICE_EVIDENCE","scale:3427","office:Sun","3427",,true,false,,,,"Sun",,,,,,,,,,,,"2","office_junction",false,false,false,"{""A2"":2,""D2"":2,""D5"":1}","Derived aggregate of canonical non-governing boundary contacts"
"office-evidence:3427:Venus","RELATIONAL_OFFICE_EVIDENCE","scale:3427","office:Venus","3427",,true,false,,,,"Venus",,,,,,,,,,,,"3","office_junction",false,true,false,"{""A2"":2,""D2"":2,""D5"":1}","Derived aggregate of canonical non-governing boundary contacts"
"belongs:3429:7-28","BELONGS_TO_FAMILY","scale:3429","family:7-28","3429",,true,false,,,,,,,,,,,,,,,,,,,,,,"Canonical family projection"
"occupies:3429:Venus","OCCUPIES_OFFICE","scale:3429","office:Venus","3429",,true,false,"A2","A2",,,,,,,,,,,,,,,,,,true,,"unique eligible parent at governing tier"
"belongs:3433:7-29","BELONGS_TO_FAMILY","scale:3433","family:7-29","3433",,true,false,,,,,,,,,,,,,,,,,,,,,,"Canonical family projection"
"occupies:3433:Mars","OCCUPIES_OFFICE","scale:3433","office:Mars","3433",,true,false,"A0","A0",,,,,,,,,,,,,,,,,,true,,"unique eligible parent at governing tier"
"belongs:3441:7-15","BELONGS_TO_FAMILY","scale:3441","family:7-15","3441",,true,false,,,,,,,,,,,,,,,,,,,,,,"Canonical family projection"
"occupies:3441:Mars","OCCUPIES_OFFICE","scale:3441","office:Mars","3441",,true,false,"D2","D2",,,,,,,,,,,,,,,,,,true,,"7-15 same-office convergence from two independently agreeing A0-satellite contacts"
"belongs:3463:7-4","BELONGS_TO_FAMILY","scale:3463","family:7-4","3463",,true,false,,,,,,,,,,,,,,,,,,,,,,"Canonical family projection"
"office-evidence:3463:Venus","RELATIONAL_OFFICE_EVIDENCE","scale:3463","office:Venus","3463",,true,false,,,,"Venus",,,,,,,,,,,,"2","oriented_convergence",true,false,false,"{""D3"":1,""D6"":1}","Derived aggregate of canonical non-governing boundary contacts"
"belongs:3467:7-11","BELONGS_TO_FAMILY","scale:3467","family:7-11","3467",,true,false,,,,,,,,,,,,,,,,,,,,,,"Canonical family projection"
"occupies:3467:Venus","OCCUPIES_OFFICE","scale:3467","office:Venus","3467",,true,false,"D3","D3",,,,,,,,,,,,,,,,,,true,,"direct eligible relation to 7-Z37 D3 anchor 3469; earlier precedence preserved"
"belongs:3469:7-Z37","BELONGS_TO_FAMILY","scale:3469","family:7-Z37","3469",,true,false,,,,,,,,,,,,,,,,,,,,,,"Canonical family projection"
"occupies:3469:Venus","OCCUPIES_OFFICE","scale:3469","office:Venus","3469",,true,false,"D3","D3",,,,,,,,,,,,,,,,,,true,,"7-Z37 dual-tier same-office convergence from two A2 and two D2 satellite contacts"
"belongs:3475:7-16","BELONGS_TO_FAMILY","scale:3475","family:7-16","3475",,true,false,,,,,,,,,,,,,,,,,,,,,,"Canonical family projection"
"occupies:3475:Saturn","OCCUPIES_OFFICE","scale:3475","office:Saturn","3475",,true,false,"D4","D4",,,,,,,,,,,,,,,,,,true,,"direct eligible relation to 7-Z17 D4 anchor 2963; earlier precedence preserved"
"belongs:3477:7-26","BELONGS_TO_FAMILY","scale:3477","family:7-26","3477",,true,false,,,,,,,,,,,,,,,,,,,,,,"Canonical family projection"
"occupies:3477:Venus","OCCUPIES_OFFICE","scale:3477","office:Venus","3477",,true,false,"A2","A2",,,,,,,,,,,,,,,,,,true,,"unique eligible parent at governing tier"
"belongs:3481:7-21","BELONGS_TO_FAMILY","scale:3481","family:7-21","3481",,true,false,,,,,,,,,,,,,,,,,,,,,,"Canonical family projection"
"office-evidence:3481:Moon","RELATIONAL_OFFICE_EVIDENCE","scale:3481","office:Moon","3481",,true,false,,,,"Moon",,,,,,,,,,,,"1","office_junction",false,false,false,"{""A0"":2,""A1"":1,""A2"":1}","Derived aggregate of canonical non-governing boundary contacts"
"office-evidence:3481:Mercury","RELATIONAL_OFFICE_EVIDENCE","scale:3481","office:Mercury","3481",,true,false,,,,"Mercury",,,,,,,,,,,,"2","office_junction",false,true,false,"{""A0"":2,""A1"":1,""A2"":1}","Derived aggregate of canonical non-governing boundary contacts"
"office-evidence:3481:Venus","RELATIONAL_OFFICE_EVIDENCE","scale:3481","office:Venus","3481",,true,false,,,,"Venus",,,,,,,,,,,,"1","office_junction",false,false,false,"{""A0"":2,""A1"":1,""A2"":1}","Derived aggregate of canonical non-governing boundary contacts"
"belongs:3491:7-Z36","BELONGS_TO_FAMILY","scale:3491","family:7-Z36","3491",,true,false,,,,,,,,,,,,,,,,,,,,,,"Canonical family projection"
"office-evidence:3491:Saturn","RELATIONAL_OFFICE_EVIDENCE","scale:3491","office:Saturn","3491",,true,false,,,,"Saturn",,,,,,,,,,,,"2","oriented_convergence",true,false,false,"{""D4"":2}","Derived aggregate of canonical non-governing boundary contacts"
"belongs:3493:7-25","BELONGS_TO_FAMILY","scale:3493","family:7-25","3493",,true,false,,,,,,,,,,,,,,,,,,,,,,"Canonical family projection"
"office-evidence:3493:Moon","RELATIONAL_OFFICE_EVIDENCE","scale:3493","office:Moon","3493",,true,false,,,,"Moon",,,,,,,,,,,,"3","office_junction",false,true,false,"{""A1"":2,""A2"":2,""D4"":1}","Derived aggregate of canonical non-governing boundary contacts"
"office-evidence:3493:Venus","RELATIONAL_OFFICE_EVIDENCE","scale:3493","office:Venus","3493",,true,false,,,,"Venus",,,,,,,,,,,,"2","office_junction",false,false,false,"{""A1"":2,""A2"":2,""D4"":1}","Derived aggregate of canonical non-governing boundary contacts"
"belongs:3497:7-27","BELONGS_TO_FAMILY","scale:3497","family:7-27","3497",,true,false,,,,,,,,,,,,,,,,,,,,,,"Canonical family projection"
"occupies:3497:Moon","OCCUPIES_OFFICE","scale:3497","office:Moon","3497",,true,false,"A1","A1",,,,,,,,,,,,,,,,,,true,,"unique eligible parent at governing tier"
"belongs:3505:7-Z38","BELONGS_TO_FAMILY","scale:3505","family:7-Z38","3505",,true,false,,,,,,,,,,,,,,,,,,,,,,"Canonical family projection"
"occupies:3505:Mars","OCCUPIES_OFFICE","scale:3505","office:Mars","3505",,true,false,"D2","D2",,,,,,,,,,,,,,,,,,true,,"direct eligible relation to 7-15 D2 anchor 3441; earlier precedence preserved"
"belongs:3523:7-5","BELONGS_TO_FAMILY","scale:3523","family:7-5","3523",,true,false,,,,,,,,,,,,,,,,,,,,,,"Canonical family projection"
"office-evidence:3523:Moon","RELATIONAL_OFFICE_EVIDENCE","scale:3523","office:Moon","3523",,true,false,,,,"Moon",,,,,,,,,,,,"1","peripheral_leaf",true,false,false,"{""D4"":1}","Derived aggregate of canonical non-governing boundary contacts"
"belongs:3525:7-13","BELONGS_TO_FAMILY","scale:3525","family:7-13","3525",,true,false,,,,,,,,,,,,,,,,,,,,,,"Canonical family projection"
"occupies:3525:Moon","OCCUPIES_OFFICE","scale:3525","office:Moon","3525",,true,false,"D4","D4",,,,,,,,,,,,,,,,,,true,,"direct eligible relation to 7-Z17 D4 anchor 3529; earlier precedence preserved"
"belongs:3529:7-Z17","BELONGS_TO_FAMILY","scale:3529","family:7-Z17","3529",,true,false,,,,,,,,,,,,,,,,,,,,,,"Canonical family projection"
"occupies:3529:Moon","OCCUPIES_OFFICE","scale:3529","office:Moon","3529",,true,false,"D4","D4",,,,,,,,,,,,,,,,,,true,,"7-Z17 same-office convergence from two established A1 satellite contacts"
"belongs:3537:7-13","BELONGS_TO_FAMILY","scale:3537","family:7-13","3537",,true,false,,,,,,,,,,,,,,,,,,,,,,"Canonical family projection"
"occupies:3537:Moon","OCCUPIES_OFFICE","scale:3537","office:Moon","3537",,true,false,"D4","D4",,,,,,,,,,,,,,,,,,true,,"direct eligible relation to 7-Z17 D4 anchor 3529; earlier precedence preserved"
"belongs:3553:7-5","BELONGS_TO_FAMILY","scale:3553","family:7-5","3553",,true,false,,,,,,,,,,,,,,,,,,,,,,"Canonical family projection"
"office-evidence:3553:Moon","RELATIONAL_OFFICE_EVIDENCE","scale:3553","office:Moon","3553",,true,false,,,,"Moon",,,,,,,,,,,,"1","peripheral_leaf",true,false,false,"{""D4"":1}","Derived aggregate of canonical non-governing boundary contacts"
"belongs:3599:7-1","BELONGS_TO_FAMILY","scale:3599","family:7-1","3599",,true,false,,,,,,,,,,,,,,,,,,,,,,"Canonical family projection"
"occupies:3599:Mercury","OCCUPIES_OFFICE","scale:3599","office:Mercury","3599",,true,false,"D7","D7",,,,,,,,,,,,,,,,,,true,,"Same-office convergence from exactly two D6 / 7-2 satellites, one from each chiral orientation; no residual children."
"belongs:3607:7-2","BELONGS_TO_FAMILY","scale:3607","family:7-2","3607",,true,false,,,,,,,,,,,,,,,,,,,,,,"Canonical family projection"
"occupies:3607:Mercury","OCCUPIES_OFFICE","scale:3607","office:Mercury","3607",,true,false,"D6","D6",,,,,,,,,,,,,,,,,,true,,"direct eligible relation to 7-8 D6 anchor 3351; earlier precedence preserved"
"belongs:3611:7-4","BELONGS_TO_FAMILY","scale:3611","family:7-4","3611",,true,false,,,,,,,,,,,,,,,,,,,,,,"Canonical family projection"
"office-evidence:3611:Mercury","RELATIONAL_OFFICE_EVIDENCE","scale:3611","office:Mercury","3611",,true,false,,,,"Mercury",,,,,,,,,,,,"2","oriented_convergence",true,false,false,"{""D3"":1,""D6"":1}","Derived aggregate of canonical non-governing boundary contacts"
"belongs:3613:7-5","BELONGS_TO_FAMILY","scale:3613","family:7-5","3613",,true,false,,,,,,,,,,,,,,,,,,,,,,"Canonical family projection"
"office-evidence:3613:Mars","RELATIONAL_OFFICE_EVIDENCE","scale:3613","office:Mars","3613",,true,false,,,,"Mars",,,,,,,,,,,,"1","peripheral_leaf",true,false,false,"{""D4"":1}","Derived aggregate of canonical non-governing boundary contacts"
"belongs:3623:7-3","BELONGS_TO_FAMILY","scale:3623","family:7-3","3623",,true,false,,,,,,,,,,,,,,,,,,,,,,"Canonical family projection"
"office-evidence:3623:Mercury","RELATIONAL_OFFICE_EVIDENCE","scale:3623","office:Mercury","3623",,true,false,,,,"Mercury",,,,,,,,,,,,"2","oriented_convergence",true,false,false,"{""D5"":1,""D6"":1}","Derived aggregate of canonical non-governing boundary contacts"
"belongs:3627:7-9","BELONGS_TO_FAMILY","scale:3627","family:7-9","3627",,true,false,,,,,,,,,,,,,,,,,,,,,,"Canonical family projection"
"office-evidence:3627:Venus","RELATIONAL_OFFICE_EVIDENCE","scale:3627","office:Venus","3627",,true,false,,,,"Venus",,,,,,,,,,,,"2","oriented_convergence",true,false,false,"{""D5"":2}","Derived aggregate of canonical non-governing boundary contacts"
"belongs:3629:7-Z36","BELONGS_TO_FAMILY","scale:3629","family:7-Z36","3629",,true,false,,,,,,,,,,,,,,,,,,,,,,"Canonical family projection"
"office-evidence:3629:Jupiter","RELATIONAL_OFFICE_EVIDENCE","scale:3629","office:Jupiter","3629",,true,false,,,,"Jupiter",,,,,,,,,,,,"2","oriented_convergence",true,false,false,"{""D4"":2}","Derived aggregate of canonical non-governing boundary contacts"
"belongs:3635:7-6","BELONGS_TO_FAMILY","scale:3635","family:7-6","3635",,true,false,,,,,,,,,,,,,,,,,,,,,,"Canonical family projection"
"occupies:3635:Venus","OCCUPIES_OFFICE","scale:3635","office:Venus","3635",,true,false,"D5","D5",,,,,,,,,,,,,,,,,,true,,"direct eligible relation to 7-Z12 D5 anchor 3667; earlier precedence preserved"
"belongs:3637:7-14","BELONGS_TO_FAMILY","scale:3637","family:7-14","3637",,true,false,,,,,,,,,,,,,,,,,,,,,,"Canonical family projection"
"office-evidence:3637:Mercury","RELATIONAL_OFFICE_EVIDENCE","scale:3637","office:Mercury","3637",,true,false,,,,"Mercury",,,,,,,,,,,,"2","office_junction",false,false,false,"{""A2"":2,""D2"":2,""D5"":1}","Derived aggregate of canonical non-governing boundary contacts"
"office-evidence:3637:Venus","RELATIONAL_OFFICE_EVIDENCE","scale:3637","office:Venus","3637",,true,false,,,,"Venus",,,,,,,,,,,,"3","office_junction",false,true,false,"{""A2"":2,""D2"":2,""D5"":1}","Derived aggregate of canonical non-governing boundary contacts"
"belongs:3641:7-7","BELONGS_TO_FAMILY","scale:3641","family:7-7","3641",,true,false,,,,,,,,,,,,,,,,,,,,,,"Canonical family projection"
"occupies:3641:Mercury","OCCUPIES_OFFICE","scale:3641","office:Mercury","3641",,true,false,"D2","D2",,,,,,,,,,,,,,,,,,true,,"direct eligible relation to 7-15 D2 anchor 1821; earlier precedence preserved"
"belongs:3655:7-3","BELONGS_TO_FAMILY","scale:3655","family:7-3","3655",,true,false,,,,,,,,,,,,,,,,,,,,,,"Canonical family projection"
"office-evidence:3655:Venus","RELATIONAL_OFFICE_EVIDENCE","scale:3655","office:Venus","3655",,true,false,,,,"Venus",,,,,,,,,,,,"2","oriented_convergence",true,false,false,"{""D5"":1,""D6"":1}","Derived aggregate of canonical non-governing boundary contacts"
"belongs:3659:7-10","BELONGS_TO_FAMILY","scale:3659","family:7-10","3659",,true,false,,,,,,,,,,,,,,,,,,,,,,"Canonical family projection"
"occupies:3659:Venus","OCCUPIES_OFFICE","scale:3659","office:Venus","3659",,true,false,"D5","D5",,,,,,,,,,,,,,,,,,true,,"direct eligible relation to 7-Z12 D5 anchor 3667; earlier precedence preserved"
"belongs:3661:7-16","BELONGS_TO_FAMILY","scale:3661","family:7-16","3661",,true,false,,,,,,,,,,,,,,,,,,,,,,"Canonical family projection"
"occupies:3661:Jupiter","OCCUPIES_OFFICE","scale:3661","office:Jupiter","3661",,true,false,"D4","D4",,,,,,,,,,,,,,,,,,true,,"direct eligible relation to 7-Z17 D4 anchor 1831; earlier precedence preserved"
"belongs:3667:7-Z12","BELONGS_TO_FAMILY","scale:3667","family:7-Z12","3667",,true,false,,,,,,,,,,,,,,,,,,,,,,"Canonical family projection"
"occupies:3667:Venus","OCCUPIES_OFFICE","scale:3667","office:Venus","3667",,true,false,"D5","D5",,,,,,,,,,,,,,,,,,true,,"7-Z12 same-office convergence from two established A2 satellite contacts"
"belongs:3669:7-24","BELONGS_TO_FAMILY","scale:3669","family:7-24","3669",,true,false,,,,,,,,,,,,,,,,,,,,,,"Canonical family projection"
"occupies:3669:Venus","OCCUPIES_OFFICE","scale:3669","office:Venus","3669",,true,false,"A2","A2",,,,,,,,,,,,,,,,,,true,,"unique eligible parent at governing tier"
"belongs:3673:7-19","BELONGS_TO_FAMILY","scale:3673","family:7-19","3673",,true,false,,,,,,,,,,,,,,,,,,,,,,"Canonical family projection"
"office-evidence:3673:Mercury","RELATIONAL_OFFICE_EVIDENCE","scale:3673","office:Mercury","3673",,true,false,,,,"Mercury",,,,,,,,,,,,"3","office_junction",false,true,false,"{""A0"":2,""A2"":1,""D2"":1}","Derived aggregate of canonical non-governing boundary contacts"
"office-evidence:3673:Venus","RELATIONAL_OFFICE_EVIDENCE","scale:3673","office:Venus","3673",,true,false,,,,"Venus",,,,,,,,,,,,"1","office_junction",false,false,false,"{""A0"":2,""A2"":1,""D2"":1}","Derived aggregate of canonical non-governing boundary contacts"
"belongs:3683:7-6","BELONGS_TO_FAMILY","scale:3683","family:7-6","3683",,true,false,,,,,,,,,,,,,,,,,,,,,,"Canonical family projection"
"occupies:3683:Venus","OCCUPIES_OFFICE","scale:3683","office:Venus","3683",,true,false,"D5","D5",,,,,,,,,,,,,,,,,,true,,"direct eligible relation to 7-Z12 D5 anchor 3667; earlier precedence preserved"
"belongs:3685:7-Z18","BELONGS_TO_FAMILY","scale:3685","family:7-Z18","3685",,true,false,,,,,,,,,,,,,,,,,,,,,,"Canonical family projection"
"office-evidence:3685:Venus","RELATIONAL_OFFICE_EVIDENCE","scale:3685","office:Venus","3685",,true,false,,,,"Venus",,,,,,,,,,,,"3","oriented_convergence",true,false,false,"{""A2"":2,""D5"":1}","Derived aggregate of canonical non-governing boundary contacts"
"belongs:3689:7-19","BELONGS_TO_FAMILY","scale:3689","family:7-19","3689",,true,false,,,,,,,,,,,,,,,,,,,,,,"Canonical family projection"
"office-evidence:3689:Sun","RELATIONAL_OFFICE_EVIDENCE","scale:3689","office:Sun","3689",,true,false,,,,"Sun",,,,,,,,,,,,"1","office_junction",false,false,false,"{""A0"":2,""A2"":1,""D2"":1}","Derived aggregate of canonical non-governing boundary contacts"
"office-evidence:3689:Mars","RELATIONAL_OFFICE_EVIDENCE","scale:3689","office:Mars","3689",,true,false,,,,"Mars",,,,,,,,,,,,"3","office_junction",false,true,false,"{""A0"":2,""A2"":1,""D2"":1}","Derived aggregate of canonical non-governing boundary contacts"
"belongs:3697:7-7","BELONGS_TO_FAMILY","scale:3697","family:7-7","3697",,true,false,,,,,,,,,,,,,,,,,,,,,,"Canonical family projection"
"occupies:3697:Mars","OCCUPIES_OFFICE","scale:3697","office:Mars","3697",,true,false,"D2","D2",,,,,,,,,,,,,,,,,,true,,"direct eligible relation to 7-15 D2 anchor 3441; earlier precedence preserved"
"belongs:3719:7-2","BELONGS_TO_FAMILY","scale:3719","family:7-2","3719",,true,false,,,,,,,,,,,,,,,,,,,,,,"Canonical family projection"
"occupies:3719:Venus","OCCUPIES_OFFICE","scale:3719","office:Venus","3719",,true,false,"D6","D6",,,,,,,,,,,,,,,,,,true,,"direct eligible relation to 7-8 D6 anchor 3723; earlier precedence preserved"
"belongs:3723:7-8","BELONGS_TO_FAMILY","scale:3723","family:7-8","3723",,true,false,,,,,,,,,,,,,,,,,,,,,,"Canonical family projection"
"occupies:3723:Venus","OCCUPIES_OFFICE","scale:3723","office:Venus","3723",,true,false,"D6","D6",,,,,,,,,,,,,,,,,,true,,"7-8 same-office convergence from two established D3 and two established D5 satellite contacts"
"belongs:3725:7-11","BELONGS_TO_FAMILY","scale:3725","family:7-11","3725",,true,false,,,,,,,,,,,,,,,,,,,,,,"Canonical family projection"
"occupies:3725:Venus","OCCUPIES_OFFICE","scale:3725","office:Venus","3725",,true,false,"D3","D3",,,,,,,,,,,,,,,,,,true,,"direct eligible relation to 7-Z37 D3 anchor 3469; earlier precedence preserved"
"belongs:3731:7-10","BELONGS_TO_FAMILY","scale:3731","family:7-10","3731",,true,false,,,,,,,,,,,,,,,,,,,,,,"Canonical family projection"
"occupies:3731:Venus","OCCUPIES_OFFICE","scale:3731","office:Venus","3731",,true,false,"D5","D5",,,,,,,,,,,,,,,,,,true,,"direct eligible relation to 7-Z12 D5 anchor 3667; earlier precedence preserved"
"belongs:3733:7-23","BELONGS_TO_FAMILY","scale:3733","family:7-23","3733",,true,false,,,,,,,,,,,,,,,,,,,,,,"Canonical family projection"
"office-evidence:3733:Venus","RELATIONAL_OFFICE_EVIDENCE","scale:3733","office:Venus","3733",,true,false,,,,"Venus",,,,,,,,,,,,"4","oriented_convergence",true,false,false,"{""A2"":2,""D3"":1,""D5"":1}","Derived aggregate of canonical non-governing boundary contacts"
"belongs:3737:7-Z18","BELONGS_TO_FAMILY","scale:3737","family:7-Z18","3737",,true,false,,,,,,,,,,,,,,,,,,,,,,"Canonical family projection"
"office-evidence:3737:Sun","RELATIONAL_OFFICE_EVIDENCE","scale:3737","office:Sun","3737",,true,false,,,,"Sun",,,,,,,,,,,,"3","oriented_convergence",true,false,false,"{""A2"":2,""D5"":1}","Derived aggregate of canonical non-governing boundary contacts"
"belongs:3747:7-9","BELONGS_TO_FAMILY","scale:3747","family:7-9","3747",,true,false,,,,,,,,,,,,,,,,,,,,,,"Canonical family projection"
"office-evidence:3747:Venus","RELATIONAL_OFFICE_EVIDENCE","scale:3747","office:Venus","3747",,true,false,,,,"Venus",,,,,,,,,,,,"2","oriented_convergence",true,false,false,"{""D5"":2}","Derived aggregate of canonical non-governing boundary contacts"
"belongs:3749:7-23","BELONGS_TO_FAMILY","scale:3749","family:7-23","3749",,true,false,,,,,,,,,,,,,,,,,,,,,,"Canonical family projection"
"office-evidence:3749:Sun","RELATIONAL_OFFICE_EVIDENCE","scale:3749","office:Sun","3749",,true,false,,,,"Sun",,,,,,,,,,,,"4","oriented_convergence",true,false,false,"{""A2"":2,""D3"":1,""D5"":1}","Derived aggregate of canonical non-governing boundary contacts"
"belongs:3753:7-24","BELONGS_TO_FAMILY","scale:3753","family:7-24","3753",,true,false,,,,,,,,,,,,,,,,,,,,,,"Canonical family projection"
"occupies:3753:Sun","OCCUPIES_OFFICE","scale:3753","office:Sun","3753",,true,false,"A2","A2",,,,,,,,,,,,,,,,,,true,,"unique eligible parent at governing tier"
"belongs:3761:7-14","BELONGS_TO_FAMILY","scale:3761","family:7-14","3761",,true,false,,,,,,,,,,,,,,,,,,,,,,"Canonical family projection"
"office-evidence:3761:Sun","RELATIONAL_OFFICE_EVIDENCE","scale:3761","office:Sun","3761",,true,false,,,,"Sun",,,,,,,,,,,,"3","office_junction",false,true,false,"{""A2"":2,""D2"":2,""D5"":1}","Derived aggregate of canonical non-governing boundary contacts"
"office-evidence:3761:Mars","RELATIONAL_OFFICE_EVIDENCE","scale:3761","office:Mars","3761",,true,false,,,,"Mars",,,,,,,,,,,,"2","office_junction",false,false,false,"{""A2"":2,""D2"":2,""D5"":1}","Derived aggregate of canonical non-governing boundary contacts"
"belongs:3779:7-4","BELONGS_TO_FAMILY","scale:3779","family:7-4","3779",,true,false,,,,,,,,,,,,,,,,,,,,,,"Canonical family projection"
"office-evidence:3779:Sun","RELATIONAL_OFFICE_EVIDENCE","scale:3779","office:Sun","3779",,true,false,,,,"Sun",,,,,,,,,,,,"2","oriented_convergence",true,false,false,"{""D3"":1,""D6"":1}","Derived aggregate of canonical non-governing boundary contacts"
"belongs:3781:7-11","BELONGS_TO_FAMILY","scale:3781","family:7-11","3781",,true,false,,,,,,,,,,,,,,,,,,,,,,"Canonical family projection"
"occupies:3781:Sun","OCCUPIES_OFFICE","scale:3781","office:Sun","3781",,true,false,"D3","D3",,,,,,,,,,,,,,,,,,true,,"direct eligible relation to 7-Z37 D3 anchor 1891; earlier precedence preserved"
"belongs:3785:7-16","BELONGS_TO_FAMILY","scale:3785","family:7-16","3785",,true,false,,,,,,,,,,,,,,,,,,,,,,"Canonical family projection"
"occupies:3785:Moon","OCCUPIES_OFFICE","scale:3785","office:Moon","3785",,true,false,"D4","D4",,,,,,,,,,,,,,,,,,true,,"direct eligible relation to 7-Z17 D4 anchor 3529; earlier precedence preserved"
"belongs:3793:7-Z36","BELONGS_TO_FAMILY","scale:3793","family:7-Z36","3793",,true,false,,,,,,,,,,,,,,,,,,,,,,"Canonical family projection"
"office-evidence:3793:Moon","RELATIONAL_OFFICE_EVIDENCE","scale:3793","office:Moon","3793",,true,false,,,,"Moon",,,,,,,,,,,,"2","oriented_convergence",true,false,false,"{""D4"":2}","Derived aggregate of canonical non-governing boundary contacts"
"belongs:3809:7-5","BELONGS_TO_FAMILY","scale:3809","family:7-5","3809",,true,false,,,,,,,,,,,,,,,,,,,,,,"Canonical family projection"
"office-evidence:3809:Mercury","RELATIONAL_OFFICE_EVIDENCE","scale:3809","office:Mercury","3809",,true,false,,,,"Mercury",,,,,,,,,,,,"1","peripheral_leaf",true,false,false,"{""D4"":1}","Derived aggregate of canonical non-governing boundary contacts"
"belongs:3847:7-1","BELONGS_TO_FAMILY","scale:3847","family:7-1","3847",,true,false,,,,,,,,,,,,,,,,,,,,,,"Canonical family projection"
"occupies:3847:Venus","OCCUPIES_OFFICE","scale:3847","office:Venus","3847",,true,false,"D7","D7",,,,,,,,,,,,,,,,,,true,,"Same-office convergence from exactly two D6 / 7-2 satellites, one from each chiral orientation; no residual children."
"belongs:3851:7-2","BELONGS_TO_FAMILY","scale:3851","family:7-2","3851",,true,false,,,,,,,,,,,,,,,,,,,,,,"Canonical family projection"
"occupies:3851:Venus","OCCUPIES_OFFICE","scale:3851","office:Venus","3851",,true,false,"D6","D6",,,,,,,,,,,,,,,,,,true,,"direct eligible relation to 7-8 D6 anchor 3723; earlier precedence preserved"
"belongs:3853:7-4","BELONGS_TO_FAMILY","scale:3853","family:7-4","3853",,true,false,,,,,,,,,,,,,,,,,,,,,,"Canonical family projection"
"office-evidence:3853:Venus","RELATIONAL_OFFICE_EVIDENCE","scale:3853","office:Venus","3853",,true,false,,,,"Venus",,,,,,,,,,,,"2","oriented_convergence",true,false,false,"{""D3"":1,""D6"":1}","Derived aggregate of canonical non-governing boundary contacts"
"belongs:3859:7-3","BELONGS_TO_FAMILY","scale:3859","family:7-3","3859",,true,false,,,,,,,,,,,,,,,,,,,,,,"Canonical family projection"
"office-evidence:3859:Venus","RELATIONAL_OFFICE_EVIDENCE","scale:3859","office:Venus","3859",,true,false,,,,"Venus",,,,,,,,,,,,"2","oriented_convergence",true,false,false,"{""D5"":1,""D6"":1}","Derived aggregate of canonical non-governing boundary contacts"
"belongs:3861:7-9","BELONGS_TO_FAMILY","scale:3861","family:7-9","3861",,true,false,,,,,,,,,,,,,,,,,,,,,,"Canonical family projection"
"office-evidence:3861:Sun","RELATIONAL_OFFICE_EVIDENCE","scale:3861","office:Sun","3861",,true,false,,,,"Sun",,,,,,,,,,,,"2","oriented_convergence",true,false,false,"{""D5"":2}","Derived aggregate of canonical non-governing boundary contacts"
"belongs:3865:7-6","BELONGS_TO_FAMILY","scale:3865","family:7-6","3865",,true,false,,,,,,,,,,,,,,,,,,,,,,"Canonical family projection"
"occupies:3865:Sun","OCCUPIES_OFFICE","scale:3865","office:Sun","3865",,true,false,"D5","D5",,,,,,,,,,,,,,,,,,true,,"direct eligible relation to 7-Z12 D5 anchor 3881; earlier precedence preserved"
"belongs:3875:7-3","BELONGS_TO_FAMILY","scale:3875","family:7-3","3875",,true,false,,,,,,,,,,,,,,,,,,,,,,"Canonical family projection"
"office-evidence:3875:Sun","RELATIONAL_OFFICE_EVIDENCE","scale:3875","office:Sun","3875",,true,false,,,,"Sun",,,,,,,,,,,,"2","oriented_convergence",true,false,false,"{""D5"":1,""D6"":1}","Derived aggregate of canonical non-governing boundary contacts"
"belongs:3877:7-10","BELONGS_TO_FAMILY","scale:3877","family:7-10","3877",,true,false,,,,,,,,,,,,,,,,,,,,,,"Canonical family projection"
"occupies:3877:Sun","OCCUPIES_OFFICE","scale:3877","office:Sun","3877",,true,false,"D5","D5",,,,,,,,,,,,,,,,,,true,,"direct eligible relation to 7-Z12 D5 anchor 3881; earlier precedence preserved"
"belongs:3881:7-Z12","BELONGS_TO_FAMILY","scale:3881","family:7-Z12","3881",,true,false,,,,,,,,,,,,,,,,,,,,,,"Canonical family projection"
"occupies:3881:Sun","OCCUPIES_OFFICE","scale:3881","office:Sun","3881",,true,false,"D5","D5",,,,,,,,,,,,,,,,,,true,,"7-Z12 same-office convergence from two established A2 satellite contacts"
"belongs:3889:7-6","BELONGS_TO_FAMILY","scale:3889","family:7-6","3889",,true,false,,,,,,,,,,,,,,,,,,,,,,"Canonical family projection"
"occupies:3889:Sun","OCCUPIES_OFFICE","scale:3889","office:Sun","3889",,true,false,"D5","D5",,,,,,,,,,,,,,,,,,true,,"direct eligible relation to 7-Z12 D5 anchor 3881; earlier precedence preserved"
"belongs:3907:7-2","BELONGS_TO_FAMILY","scale:3907","family:7-2","3907",,true,false,,,,,,,,,,,,,,,,,,,,,,"Canonical family projection"
"occupies:3907:Sun","OCCUPIES_OFFICE","scale:3907","office:Sun","3907",,true,false,"D6","D6",,,,,,,,,,,,,,,,,,true,,"direct eligible relation to 7-8 D6 anchor 3909; earlier precedence preserved"
"belongs:3909:7-8","BELONGS_TO_FAMILY","scale:3909","family:7-8","3909",,true,false,,,,,,,,,,,,,,,,,,,,,,"Canonical family projection"
"occupies:3909:Sun","OCCUPIES_OFFICE","scale:3909","office:Sun","3909",,true,false,"D6","D6",,,,,,,,,,,,,,,,,,true,,"7-8 same-office convergence from two established D3 and two established D5 satellite contacts"
"belongs:3913:7-10","BELONGS_TO_FAMILY","scale:3913","family:7-10","3913",,true,false,,,,,,,,,,,,,,,,,,,,,,"Canonical family projection"
"occupies:3913:Sun","OCCUPIES_OFFICE","scale:3913","office:Sun","3913",,true,false,"D5","D5",,,,,,,,,,,,,,,,,,true,,"direct eligible relation to 7-Z12 D5 anchor 3881; earlier precedence preserved"
"belongs:3921:7-9","BELONGS_TO_FAMILY","scale:3921","family:7-9","3921",,true,false,,,,,,,,,,,,,,,,,,,,,,"Canonical family projection"
"office-evidence:3921:Sun","RELATIONAL_OFFICE_EVIDENCE","scale:3921","office:Sun","3921",,true,false,,,,"Sun",,,,,,,,,,,,"2","oriented_convergence",true,false,false,"{""D5"":2}","Derived aggregate of canonical non-governing boundary contacts"
"belongs:3937:7-4","BELONGS_TO_FAMILY","scale:3937","family:7-4","3937",,true,false,,,,,,,,,,,,,,,,,,,,,,"Canonical family projection"
"office-evidence:3937:Mars","RELATIONAL_OFFICE_EVIDENCE","scale:3937","office:Mars","3937",,true,false,,,,"Mars",,,,,,,,,,,,"2","oriented_convergence",true,false,false,"{""D3"":1,""D6"":1}","Derived aggregate of canonical non-governing boundary contacts"
"belongs:3971:7-1","BELONGS_TO_FAMILY","scale:3971","family:7-1","3971",,true,false,,,,,,,,,,,,,,,,,,,,,,"Canonical family projection"
"occupies:3971:Sun","OCCUPIES_OFFICE","scale:3971","office:Sun","3971",,true,false,"D7","D7",,,,,,,,,,,,,,,,,,true,,"Same-office convergence from exactly two D6 / 7-2 satellites, one from each chiral orientation; no residual children."
"belongs:3973:7-2","BELONGS_TO_FAMILY","scale:3973","family:7-2","3973",,true,false,,,,,,,,,,,,,,,,,,,,,,"Canonical family projection"
"occupies:3973:Sun","OCCUPIES_OFFICE","scale:3973","office:Sun","3973",,true,false,"D6","D6",,,,,,,,,,,,,,,,,,true,,"direct eligible relation to 7-8 D6 anchor 3909; earlier precedence preserved"
"belongs:3977:7-3","BELONGS_TO_FAMILY","scale:3977","family:7-3","3977",,true,false,,,,,,,,,,,,,,,,,,,,,,"Canonical family projection"
"office-evidence:3977:Sun","RELATIONAL_OFFICE_EVIDENCE","scale:3977","office:Sun","3977",,true,false,,,,"Sun",,,,,,,,,,,,"2","oriented_convergence",true,false,false,"{""D5"":1,""D6"":1}","Derived aggregate of canonical non-governing boundary contacts"
"belongs:3985:7-3","BELONGS_TO_FAMILY","scale:3985","family:7-3","3985",,true,false,,,,,,,,,,,,,,,,,,,,,,"Canonical family projection"
"office-evidence:3985:Mars","RELATIONAL_OFFICE_EVIDENCE","scale:3985","office:Mars","3985",,true,false,,,,"Mars",,,,,,,,,,,,"2","oriented_convergence",true,false,false,"{""D5"":1,""D6"":1}","Derived aggregate of canonical non-governing boundary contacts"
"belongs:4001:7-2","BELONGS_TO_FAMILY","scale:4001","family:7-2","4001",,true,false,,,,,,,,,,,,,,,,,,,,,,"Canonical family projection"
"occupies:4001:Mars","OCCUPIES_OFFICE","scale:4001","office:Mars","4001",,true,false,"D6","D6",,,,,,,,,,,,,,,,,,true,,"direct eligible relation to 7-8 D6 anchor 2001; earlier precedence preserved"
"belongs:4033:7-1","BELONGS_TO_FAMILY","scale:4033","family:7-1","4033",,true,false,,,,,,,,,,,,,,,,,,,,,,"Canonical family projection"
"occupies:4033:Mars","OCCUPIES_OFFICE","scale:4033","office:Mars","4033",,true,false,"D7","D7",,,,,,,,,,,,,,,,,,true,,"Same-office convergence from exactly two D6 / 7-2 satellites, one from each chiral orientation; no residual children."
