"node_id","id","name","forte","bit","bit_reverse","pitch_set","interval_cycle","interval_vector","orientation","chirality","role","fine_role","identity_category","identity_type","tier","tier_number","office","office_index","has_governor_seat","office_authority","anchor_mechanism","assignment_status","resolution_class","universal_classification","governing_parent_count","construction_parent_count","seat_contact_count","identity_evidence_contact_count","identity_evidence_office_counts_json","identity_evidence_tier_counts_json","relational_office","plurality_contact_office","contact_count","contact_office_counts_json","contact_tier_counts_json","office_basis","registered_before_completion","added_by_completion"
"scale:127","127","7-1 terminal cluster state 127","7-1","b111111100000","b000001111111","{0,1,2,3,4,5,6}","1-1-1-1-1-1-6","6,5,4,3,2,1","7-1 single orientation","achiral","anchor","terminal_anchor_D7","D","terminal_convergence_anchor","D7","7","Jupiter","4",true,"terminal_same_office_convergence","orientation_paired_terminal_convergence","validated","validated_D7_terminal_anchor","terminal_anchor","0","0","2","2","{""Jupiter"":2}",,,,,,,"Same-office convergence from exactly two D6 / 7-2 satellites, one from each chiral orientation; no residual children.",false,true
"scale:191","191","Ultra-Alt 67","7-2","b111111010000","b000010111111","{0,1,2,3,4,5,7}","1-1-1-1-1-2-5","5,5,4,3,3,1","7-2 orientation A","chiral","satellite","satellite_D6","SATELLITE","direct_satellite","D6","6","Jupiter","4",true,"inherited_unique_parent",,"inherited","D6_direct_satellite","d6_satellite","1","0","1",,,,,,,,,"direct eligible relation to 7-8 D6 anchor 381; earlier precedence preserved",true,false
"scale:223","223","Scale 223","7-4","b111110110000","b000011011111","{0,1,2,3,4,6,7}","1-1-1-1-2-1-5","5,4,4,3,3,2","7-4 orientation A","chiral","boundary","oriented_convergence","BOUNDARY","oriented_convergence",,,,,false,"relational_evidence_only",,"unassigned","validated_oriented_convergence_office_withheld","oriented_convergence","0","0","0",,,,"Jupiter",,"2","{""Jupiter"":2}","{""D3"":1,""D6"":1}","At least two independent established satellite contacts agree on one relational office; chirality prevents anchor promotion and categorical office remains withheld.",true,false
"scale:239","239","Infra-Alt 6𝄫𝄫7","7-5","b111101110000","b000011101111","{0,1,2,3,5,6,7}","1-1-1-2-1-1-5","5,4,3,3,4,2","7-5 orientation A","chiral","boundary","peripheral_leaf","BOUNDARY","peripheral_leaf",,,,,false,"relational_evidence_only",,"unassigned","single_contact_peripheral_leaf","peripheral_leaf","0","0","0",,,,,,"1","{""Mercury"":1}","{""D4"":1}","One established D4 satellite contact supplies insufficient evidence for recursive office inheritance.",true,false
"scale:247","247","Scale 247","7-5","b111011110000","b000011110111","{0,1,2,4,5,6,7}","1-1-2-1-1-1-5","5,4,3,3,4,2","7-5 orientation B","chiral","boundary","peripheral_leaf","BOUNDARY","peripheral_leaf",,,,,false,"relational_evidence_only",,"unassigned","single_contact_peripheral_leaf","peripheral_leaf","0","0","0",,,,,,"1","{""Venus"":1}","{""D4"":1}","One established D4 satellite contact supplies insufficient evidence for recursive office inheritance.",true,false
"scale:251","251","Scale 251","7-4","b110111110000","b000011111011","{0,1,3,4,5,6,7}","1-2-1-1-1-1-5","5,4,4,3,3,2","7-4 orientation B","chiral","boundary","oriented_convergence","BOUNDARY","oriented_convergence",,,,,false,"relational_evidence_only",,"unassigned","validated_oriented_convergence_office_withheld","oriented_convergence","0","0","0",,,,"Jupiter",,"2","{""Jupiter"":2}","{""D3"":1,""D6"":1}","At least two independent established satellite contacts agree on one relational office; chirality prevents anchor promotion and categorical office remains withheld.",true,false
"scale:253","253","Alt ♮25♭67","7-2","b101111110000","b000011111101","{0,2,3,4,5,6,7}","2-1-1-1-1-1-5","5,5,4,3,3,1","7-2 orientation B","chiral","satellite","satellite_D6","SATELLITE","direct_satellite","D6","6","Jupiter","4",true,"inherited_unique_parent",,"inherited","D6_direct_satellite","d6_satellite","1","0","1",,,,,,,,,"direct eligible relation to 7-8 D6 anchor 381; earlier precedence preserved",true,false
"scale:319","319","7-3 rooted state 319","7-3","b111111001000","b000100111111","{0,1,2,3,4,5,8}","1-1-1-1-1-3-4","5,4,4,4,3,1","7-3 orientation A","chiral","boundary","oriented_convergence","BOUNDARY","oriented_convergence",,,,,false,"relational_evidence_only",,"unassigned","validated_oriented_convergence_office_withheld","oriented_convergence","0","0","0",,,,"Jupiter",,"2","{""Jupiter"":2}","{""D5"":1,""D6"":1}","At least two independent established satellite contacts agree on one relational office; chirality prevents anchor promotion and categorical office remains withheld.",false,true
"scale:351","351","Infra-Alt 567","7-9","b111110101000","b000101011111","{0,1,2,3,4,6,8}","1-1-1-1-2-2-4","4,5,3,4,3,2","7-9 orientation A","chiral","boundary","oriented_convergence","BOUNDARY","oriented_convergence",,,,,false,"relational_evidence_only",,"unassigned","validated_oriented_convergence_office_withheld","oriented_convergence","0","0","0",,,,"Saturn",,"2","{""Saturn"":2}","{""D5"":2}","At least two independent established satellite contacts agree on one relational office; chirality prevents anchor promotion and categorical office remains withheld.",true,false
"scale:367","367","Infra-Alt 67","7-Z36","b111101101000","b000101101111","{0,1,2,3,5,6,8}","1-1-1-2-1-2-4","4,4,4,3,4,2","7-Z36 orientation A","chiral","boundary","oriented_convergence","BOUNDARY","oriented_convergence",,,,,false,"relational_evidence_only",,"unassigned","validated_oriented_convergence_office_withheld","oriented_convergence","0","0","0",,,,"Venus",,"2","{""Venus"":2}","{""D4"":2}","At least two independent established satellite contacts agree on one relational office; chirality prevents anchor promotion and categorical office remains withheld.",true,false
"scale:375","375","Scale 375","7-13","b111011101000","b000101110111","{0,1,2,4,5,6,8}","1-1-2-1-1-2-4","4,4,3,5,3,2","7-13 orientation A","chiral","satellite","satellite_D4","SATELLITE","direct_satellite","D4","4","Venus","5",true,"inherited_unique_parent",,"inherited","D4_direct_satellite","d4_satellite","1","0","0",,,,,,,,,"direct eligible relation to 7-Z17 D4 anchor 631; earlier precedence preserved",true,false
"scale:379","379","Kaikian Mode II","7-11","b110111101000","b000101111011","{0,1,3,4,5,6,8}","1-2-1-1-1-2-4","4,4,4,4,4,1","7-11 orientation A","chiral","satellite","satellite_D3","SATELLITE","direct_satellite","D3","3","Jupiter","4",true,"inherited_unique_parent",,"inherited","D3_direct_satellite","d3_satellite","1","0","1",,,,,,,,,"direct eligible relation to 7-Z37 D3 anchor 443; earlier precedence preserved",true,false
"scale:381","381","Alt ♮25♭67","7-8","b101111101000","b000101111101","{0,2,3,4,5,6,8}","2-1-1-1-1-2-4","4,5,4,4,2,2","7-8 single orientation","achiral","anchor","anchor_D6","D","same_office_convergence_anchor","D6","6","Jupiter","4",true,"declared_contact_signature","satellite_mediated_same_office_convergence","validated","validated_D6_anchor","d6_anchor","0","0","4","4","{""Jupiter"":4}","{""D3"":2,""D5"":2}",,,,,,"7-8 same-office convergence from two established D3 and two established D5 satellite contacts",true,false
"scale:415","415","Infra-Alt 57","7-6","b111110011000","b000110011111","{0,1,2,3,4,7,8}","1-1-1-1-3-1-4","5,3,3,4,4,2","7-6 orientation A","chiral","satellite","satellite_D5","SATELLITE","direct_satellite","D5","5","Saturn","6",true,"inherited_unique_parent",,"inherited","D5_direct_satellite","d5_satellite","1","0","0",,,,,,,,,"direct eligible relation to 7-Z12 D5 anchor 671; earlier precedence preserved",true,false
"scale:431","431","Infra-Alt 7","7-14","b111101011000","b000110101111","{0,1,2,3,5,7,8}","1-1-1-2-2-1-4","4,4,3,3,5,2","7-14 orientation A","chiral","boundary","office_junction","BOUNDARY","office_junction",,,,,false,"relational_evidence_only",,"unassigned","validated_multi_office_junction","office_junction","0","0","0",,,,,"Saturn","5","{""Jupiter"":2,""Saturn"":3}","{""A2"":2,""D2"":2,""D5"":1}","Established satellite contacts form a stable multi-office vector; no deterministic tie-resolution operator is declared.",true,false
"scale:439","439","Infra-Alt 7♭4","7-Z38","b111011011000","b000110110111","{0,1,2,4,5,7,8}","1-1-2-1-2-1-4","4,3,4,4,4,2","7-Z38 orientation A","chiral","satellite","satellite_D2","SATELLITE","direct_satellite","D2","2","Jupiter","4",true,"inherited_unique_parent",,"inherited","D2_direct_satellite","d2_satellite","1","0","1",,,,,,,,,"direct eligible relation to 7-15 D2 anchor 471; earlier precedence preserved",true,false
"scale:443","443","Alt ♭♭5♭♭6♭♭♭7","7-Z37","b110111011000","b000110111011","{0,1,3,4,5,7,8}","1-2-1-1-2-1-4","4,3,4,5,4,1","7-Z37 single orientation","achiral","anchor","anchor_D3","D","same_office_convergence_anchor","D3","3","Jupiter","4",true,"declared_contact_signature","satellite_mediated_same_office_convergence","validated","validated_D3_anchor","d3_anchor","0","0","4","4","{""Jupiter"":4}","{""D2"":2,""A2"":2}",,,,,,"7-Z37 dual-tier same-office convergence from two A2 and two D2 satellite contacts",true,false
"scale:445","445","Alt ♮2♭♭5♭6♭♭♭7","7-11","b101111011000","b000110111101","{0,2,3,4,5,7,8}","2-1-1-1-2-1-4","4,4,4,4,4,1","7-11 orientation B","chiral","satellite","satellite_D3","SATELLITE","direct_satellite","D3","3","Jupiter","4",true,"inherited_unique_parent",,"inherited","D3_direct_satellite","d3_satellite","1","0","1",,,,,,,,,"direct eligible relation to 7-Z37 D3 anchor 443; earlier precedence preserved",true,false
"scale:463","463","Scale 463","7-7","b111100111000","b000111001111","{0,1,2,3,6,7,8}","1-1-1-3-1-1-4","5,3,2,3,5,3","7-7 orientation A","chiral","satellite","satellite_D2","SATELLITE","direct_satellite","D2","2","Jupiter","4",true,"inherited_unique_parent",,"inherited","D2_direct_satellite","d2_satellite","1","0","0",,,,,,,,,"direct eligible relation to 7-15 D2 anchor 471; earlier precedence preserved",true,false
"scale:471","471","Alt 3·6·♭7","7-15","b111010111000","b000111010111","{0,1,2,4,6,7,8}","1-1-2-2-1-1-4","4,4,2,4,4,3","7-15 single orientation","achiral","anchor","anchor_D2","D","same_office_convergence_anchor","D2","2","Jupiter","4",true,"declared_contact_signature","satellite_mediated_same_office_convergence","validated","validated_D2_anchor","d2_anchor","0","0","2","2","{""Jupiter"":2}",,,,,,,"7-15 same-office convergence from two independently agreeing A0-satellite contacts",true,false
"scale:475","475","Alt 6♭7","7-Z38","b110110111000","b000111011011","{0,1,3,4,6,7,8}","1-2-1-2-1-1-4","4,3,4,4,4,2","7-Z38 orientation B","chiral","satellite","satellite_D2","SATELLITE","direct_satellite","D2","2","Jupiter","4",true,"inherited_unique_parent",,"inherited","D2_direct_satellite","d2_satellite","1","0","1",,,,,,,,,"direct eligible relation to 7-15 D2 anchor 471; earlier precedence preserved",true,false
"scale:477","477","Alt ♮2𝄫6♭𝄫7","7-13","b101110111000","b000111011101","{0,2,3,4,6,7,8}","2-1-1-2-1-1-4","4,4,3,5,3,2","7-13 orientation B","chiral","satellite","satellite_D4","SATELLITE","direct_satellite","D4","4","Mercury","3",true,"inherited_unique_parent",,"inherited","D4_direct_satellite","d4_satellite","1","0","0",,,,,,,,,"direct eligible relation to 7-Z17 D4 anchor 953; earlier precedence preserved",true,false
"scale:487","487","Scale 487","7-7","b111001111000","b000111100111","{0,1,2,5,6,7,8}","1-1-3-1-1-1-4","5,3,2,3,5,3","7-7 orientation B","chiral","satellite","satellite_D2","SATELLITE","direct_satellite","D2","2","Jupiter","4",true,"inherited_unique_parent",,"inherited","D2_direct_satellite","d2_satellite","1","0","0",,,,,,,,,"direct eligible relation to 7-15 D2 anchor 471; earlier precedence preserved",true,false
"scale:491","491","Locrian ♭♭6♭♭♭7","7-14","b110101111000","b000111101011","{0,1,3,5,6,7,8}","1-2-2-1-1-1-4","4,4,3,3,5,2","7-14 orientation B","chiral","boundary","office_junction","BOUNDARY","office_junction",,,,,false,"relational_evidence_only",,"unassigned","validated_multi_office_junction","office_junction","0","0","0",,,,,"Mars","5","{""Mars"":3,""Jupiter"":2}","{""A2"":2,""D2"":2,""D5"":1}","Established satellite contacts form a stable multi-office vector; no deterministic tie-resolution operator is declared.",true,false
"scale:493","493","Locrian ♮2♭♭6♭♭♭7","7-Z36","b101101111000","b000111101101","{0,2,3,5,6,7,8}","2-1-2-1-1-1-4","4,4,4,3,4,2","7-Z36 orientation B","chiral","boundary","oriented_convergence","BOUNDARY","oriented_convergence",,,,,false,"relational_evidence_only",,"unassigned","validated_oriented_convergence_office_withheld","oriented_convergence","0","0","0",,,,"Mercury",,"2","{""Mercury"":2}","{""D4"":2}","At least two independent established satellite contacts agree on one relational office; chirality prevents anchor promotion and categorical office remains withheld.",true,false
"scale:499","499","Major Locrian ♭26♭7","7-6","b110011111000","b000111110011","{0,1,4,5,6,7,8}","1-3-1-1-1-1-4","5,3,3,4,4,2","7-6 orientation B","chiral","satellite","satellite_D5","SATELLITE","direct_satellite","D5","5","Mars","2",true,"inherited_unique_parent",,"inherited","D5_direct_satellite","d5_satellite","1","0","0",,,,,,,,,"direct eligible relation to 7-Z12 D5 anchor 997; earlier precedence preserved",true,false
"scale:501","501","Major Locrian 6♭7","7-9","b101011111000","b000111110101","{0,2,4,5,6,7,8}","2-2-1-1-1-1-4","4,5,3,4,3,2","7-9 orientation B","chiral","boundary","oriented_convergence","BOUNDARY","oriented_convergence",,,,,false,"relational_evidence_only",,"unassigned","validated_oriented_convergence_office_withheld","oriented_convergence","0","0","0",,,,"Mars",,"2","{""Mars"":2}","{""D5"":2}","At least two independent established satellite contacts agree on one relational office; chirality prevents anchor promotion and categorical office remains withheld.",true,false
"scale:505","505","7-3 rooted state 505","7-3","b100111111000","b000111111001","{0,3,4,5,6,7,8}","3-1-1-1-1-1-4","5,4,4,4,3,1","7-3 orientation B","chiral","boundary","oriented_convergence","BOUNDARY","oriented_convergence",,,,,false,"relational_evidence_only",,"unassigned","validated_oriented_convergence_office_withheld","oriented_convergence","0","0","0",,,,"Jupiter",,"2","{""Jupiter"":2}","{""D5"":1,""D6"":1}","At least two independent established satellite contacts agree on one relational office; chirality prevents anchor promotion and categorical office remains withheld.",false,true
"scale:575","575","Scale 575","7-3","b111111000100","b001000111111","{0,1,2,3,4,5,9}","1-1-1-1-1-4-3","5,4,4,4,3,1","7-3 orientation B","chiral","boundary","oriented_convergence","BOUNDARY","oriented_convergence",,,,,false,"relational_evidence_only",,"unassigned","validated_oriented_convergence_office_withheld","oriented_convergence","0","0","0",,,,"Saturn",,"2","{""Saturn"":2}","{""D5"":1,""D6"":1}","At least two independent established satellite contacts agree on one relational office; chirality prevents anchor promotion and categorical office remains withheld.",true,false
"scale:607","607","Infra-Alt 56","7-10","b111110100100","b001001011111","{0,1,2,3,4,6,9}","1-1-1-1-2-3-3","4,4,5,3,3,2","7-10 orientation A","chiral","satellite","satellite_D5","SATELLITE","direct_satellite","D5","5","Saturn","6",true,"inherited_unique_parent",,"inherited","D5_direct_satellite","d5_satellite","1","0","1",,,,,,,,,"direct eligible relation to 7-Z12 D5 anchor 671; earlier precedence preserved",true,false
"scale:623","623","Infra-Alt 6","7-16","b111101100100","b001001101111","{0,1,2,3,5,6,9}","1-1-1-2-1-3-3","4,3,5,4,3,2","7-16 orientation A","chiral","satellite","satellite_D4","SATELLITE","direct_satellite","D4","4","Venus","5",true,"inherited_unique_parent",,"inherited","D4_direct_satellite","d4_satellite","1","0","0",,,,,,,,,"direct eligible relation to 7-Z17 D4 anchor 631; earlier precedence preserved",true,false
"scale:631","631","Infra-Alt 6♭4","7-Z17","b111011100100","b001001110111","{0,1,2,4,5,6,9}","1-1-2-1-1-3-3","4,3,4,5,4,1","7-Z17 single orientation","achiral","anchor","anchor_D4","D","same_office_convergence_anchor","D4","4","Venus","5",true,"declared_contact_signature","satellite_mediated_same_office_convergence","validated","validated_D4_anchor","d4_anchor","0","0","2","2","{""Venus"":2}","{""A1"":2}",,,,,,"7-Z17 same-office convergence from two established A1 satellite contacts",true,false
"scale:635","635","Scale 635","7-16","b110111100100","b001001111011","{0,1,3,4,5,6,9}","1-2-1-1-1-3-3","4,3,5,4,3,2","7-16 orientation B","chiral","satellite","satellite_D4","SATELLITE","direct_satellite","D4","4","Venus","5",true,"inherited_unique_parent",,"inherited","D4_direct_satellite","d4_satellite","1","0","0",,,,,,,,,"direct eligible relation to 7-Z17 D4 anchor 631; earlier precedence preserved",true,false
"scale:637","637","Debussy's Heptatonic","7-10","b101111100100","b001001111101","{0,2,3,4,5,6,9}","2-1-1-1-1-3-3","4,4,5,3,3,2","7-10 orientation B","chiral","satellite","satellite_D5","SATELLITE","direct_satellite","D5","5","Jupiter","4",true,"inherited_unique_parent",,"inherited","D5_direct_satellite","d5_satellite","1","0","1",,,,,,,,,"direct eligible relation to 7-Z12 D5 anchor 1273; earlier precedence preserved",true,false
"scale:671","671","Infra-Alt 5","7-Z12","b111110010100","b001010011111","{0,1,2,3,4,7,9}","1-1-1-1-3-2-3","4,4,4,3,4,2","7-Z12 single orientation","achiral","anchor","anchor_D5","D","same_office_convergence_anchor","D5","5","Saturn","6",true,"declared_contact_signature","satellite_mediated_same_office_convergence","validated","validated_D5_anchor","d5_anchor","0","0","2","2","{""Saturn"":2}","{""A2"":2}",,,,,,"7-Z12 same-office convergence from two established A2 satellite contacts",true,false
"scale:687","687","Alt ♭♭3♭♭4♭♭5♭♭6♭♭7","7-24","b111101010100","b001010101111","{0,1,2,3,5,7,9}","1-1-1-2-2-2-3","3,5,3,4,4,2","7-24 orientation A","chiral","satellite","satellite_A2","SATELLITE","direct_satellite","A2","2","Saturn","6",true,"inherited_unique_parent",,"inherited","A2_direct_satellite","a2_satellite","1","0","1",,,,,,,,,"unique eligible parent at governing tier",true,false
"scale:695","695","Phrygian Double-Flat","7-27","b111011010100","b001010110111","{0,1,2,4,5,7,9}","1-1-2-1-2-2-3","3,4,4,4,5,1","7-27 orientation A","chiral","satellite","satellite_A1","SATELLITE","direct_satellite","A1","1","Venus","5",true,"inherited_unique_parent",,"inherited","A1_direct_satellite","a1_satellite","1","0","1",,,,,,,,,"unique eligible parent at governing tier",true,false
"scale:699","699","Ultralocrian 5","7-26","b110111010100","b001010111011","{0,1,3,4,5,7,9}","1-2-1-1-2-2-3","3,4,4,5,3,2","7-26 orientation A","chiral","satellite","satellite_A2","SATELLITE","direct_satellite","A2","2","Jupiter","4",true,"inherited_unique_parent",,"inherited","A2_direct_satellite","a2_satellite","1","0","1",,,,,,,,,"unique eligible parent at governing tier",true,false
"scale:701","701","Alt ♮2♭♭567","7-23","b101111010100","b001010111101","{0,2,3,4,5,7,9}","2-1-1-1-2-2-3","3,5,4,3,5,1","7-23 orientation A","chiral","boundary","oriented_convergence","BOUNDARY","oriented_convergence",,,,,false,"relational_evidence_only",,"unassigned","validated_oriented_convergence_office_withheld","oriented_convergence","0","0","0",,,,"Jupiter",,"4","{""Jupiter"":4}","{""A2"":2,""D3"":1,""D5"":1}","At least two independent established satellite contacts agree on one relational office; chirality prevents anchor promotion and categorical office remains withheld.",true,false
"scale:719","719","1MI & 2Δ7","7-19","b111100110100","b001011001111","{0,1,2,3,6,7,9}","1-1-1-3-1-2-3","4,3,4,3,4,3","7-19 orientation A","chiral","boundary","office_junction","BOUNDARY","office_junction",,,,,false,"relational_evidence_only",,"unassigned","validated_multi_office_junction","office_junction","0","0","0",,,,,"Jupiter","4","{""Jupiter"":3,""Saturn"":1}","{""A0"":2,""A2"":1,""D2"":1}","Established satellite contacts form a stable multi-office vector; no deterministic tie-resolution operator is declared.",true,false
"scale:727","727","Triadic Heptatonic 29","7-29","b111010110100","b001011010111","{0,1,2,4,6,7,9}","1-1-2-2-1-2-3","3,4,4,3,5,2","7-29 orientation A","chiral","satellite","satellite_A0","SATELLITE","direct_satellite","A0","0","Jupiter","4",true,"inherited_unique_parent",,"inherited","A0_direct_satellite","a0_satellite","1","0","1",,,,,,,,,"unique eligible parent at governing tier",true,false
"scale:731","731","Alternating Heptamode","7-31","b110110110100","b001011011011","{0,1,3,4,6,7,9}","1-2-1-2-1-2-3","3,3,6,3,3,3","7-31 orientation A","chiral","satellite","satellite_A1","SATELLITE","direct_satellite","A1","1","Mercury","3",true,"inherited_unique_parent",,"inherited","A1_direct_satellite","a1_satellite","1","0","0",,,,,,,,,"unique eligible parent at governing tier",true,false
"scale:733","733","Superlocrian ♮2♭♭6♭♭7","7-25","b101110110100","b001011011101","{0,2,3,4,6,7,9}","2-1-1-2-1-2-3","3,4,5,3,4,2","7-25 orientation A","chiral","boundary","office_junction","BOUNDARY","office_junction",,,,,false,"relational_evidence_only",,"unassigned","validated_multi_office_junction","office_junction","0","0","0",,,,,"Mercury","5","{""Mercury"":3,""Saturn"":2}","{""A1"":2,""A2"":2,""D4"":1}","Established satellite contacts form a stable multi-office vector; no deterministic tie-resolution operator is declared.",true,false
"scale:743","743","Phrygian Hungarian Minor","7-20","b111001110100","b001011100111","{0,1,2,5,6,7,9}","1-1-3-1-1-2-3","4,3,3,4,5,2","7-20 orientation A","chiral","satellite","satellite_D1","SATELLITE","direct_satellite","D1","1","Moon","1",true,"inherited_unique_parent",,"inherited","D1_direct_satellite","d1_satellite","1","0","0",,,,,,,,,"direct eligible relation to 7-22 D1 anchor 871; A0–A2 precedence preserved",true,false
"scale:747","747","1sus4 & ♭3∅7","7-28","b110101110100","b001011101011","{0,1,3,5,6,7,9}","1-2-2-1-1-2-3","3,4,4,4,3,3","7-28 orientation A","chiral","satellite","satellite_A2","SATELLITE","direct_satellite","A2","2","Mars","2",true,"inherited_unique_parent",,"inherited","A2_direct_satellite","a2_satellite","1","0","0",,,,,,,,,"unique eligible parent at governing tier",true,false
"scale:749","749","Locrian ♮2♭♭6♭♭7","7-25","b101101110100","b001011101101","{0,2,3,5,6,7,9}","2-1-2-1-1-2-3","3,4,5,3,4,2","7-25 orientation B","chiral","boundary","office_junction","BOUNDARY","office_junction",,,,,false,"relational_evidence_only",,"unassigned","validated_multi_office_junction","office_junction","0","0","0",,,,,"Venus","5","{""Mars"":2,""Venus"":3}","{""A1"":2,""A2"":2,""D4"":1}","Established satellite contacts form a stable multi-office vector; no deterministic tie-resolution operator is declared.",true,false
"scale:755","755","Ionian ♭2♭5𝄫6𝄫7","7-Z18","b110011110100","b001011110011","{0,1,4,5,6,7,9}","1-3-1-1-1-2-3","4,3,4,4,4,2","7-Z18 orientation A","chiral","boundary","oriented_convergence","BOUNDARY","oriented_convergence",,,,,false,"relational_evidence_only",,"unassigned","validated_oriented_convergence_office_withheld","oriented_convergence","0","0","0",,,,"Mars",,"3","{""Mars"":3}","{""A2"":2,""D5"":1}","At least two independent established satellite contacts agree on one relational office; chirality prevents anchor promotion and categorical office remains withheld.",true,false
"scale:757","757","Lipsean Mode II","7-23","b101011110100","b001011110101","{0,2,4,5,6,7,9}","2-2-1-1-1-2-3","3,5,4,3,5,1","7-23 orientation B","chiral","boundary","oriented_convergence","BOUNDARY","oriented_convergence",,,,,false,"relational_evidence_only",,"unassigned","validated_oriented_convergence_office_withheld","oriented_convergence","0","0","0",,,,"Jupiter",,"4","{""Jupiter"":4}","{""A2"":2,""D3"":1,""D5"":1}","At least two independent established satellite contacts agree on one relational office; chirality prevents anchor promotion and categorical office remains withheld.",true,false
"scale:761","761","Major Locrian ♯267","7-10","b100111110100","b001011111001","{0,3,4,5,6,7,9}","3-1-1-1-1-2-3","4,4,5,3,3,2","7-10 orientation A","chiral","satellite","satellite_D5","SATELLITE","direct_satellite","D5","5","Jupiter","4",true,"inherited_unique_parent",,"inherited","D5_direct_satellite","d5_satellite","1","0","1",,,,,,,,,"direct eligible relation to 7-Z12 D5 anchor 1273; earlier precedence preserved",true,false
"scale:799","799","Infra-Alt 5♭6","7-6","b111110001100","b001100011111","{0,1,2,3,4,8,9}","1-1-1-1-4-1-3","5,3,3,4,4,2","7-6 orientation B","chiral","satellite","satellite_D5","SATELLITE","direct_satellite","D5","5","Saturn","6",true,"inherited_unique_parent",,"inherited","D5_direct_satellite","d5_satellite","1","0","0",,,,,,,,,"direct eligible relation to 7-Z12 D5 anchor 671; earlier precedence preserved",true,false
"scale:815","815","Scale 815","7-Z18","b111101001100","b001100101111","{0,1,2,3,5,8,9}","1-1-1-2-3-1-3","4,3,4,4,4,2","7-Z18 orientation A","chiral","boundary","oriented_convergence","BOUNDARY","oriented_convergence",,,,,false,"relational_evidence_only",,"unassigned","validated_oriented_convergence_office_withheld","oriented_convergence","0","0","0",,,,"Saturn",,"3","{""Saturn"":3}","{""A2"":2,""D5"":1}","At least two independent established satellite contacts agree on one relational office; chirality prevents anchor promotion and categorical office remains withheld.",true,false
"scale:823","823","Scale 823","7-21","b111011001100","b001100110111","{0,1,2,4,5,8,9}","1-1-2-1-3-1-3","4,2,4,6,4,1","7-21 orientation A","chiral","boundary","office_junction","BOUNDARY","office_junction",,,,,false,"relational_evidence_only",,"unassigned","validated_multi_office_junction","office_junction","0","0","0",,,,,"Mercury","4","{""Moon"":1,""Mercury"":2,""Venus"":1}","{""A0"":2,""A1"":1,""A2"":1}","Established satellite contacts form a stable multi-office vector; no deterministic tie-resolution operator is declared.",true,false
"scale:827","827","Scale 827","7-21","b110111001100","b001100111011","{0,1,3,4,5,8,9}","1-2-1-1-3-1-3","4,2,4,6,4,1","7-21 orientation B","chiral","boundary","office_junction","BOUNDARY","office_junction",,,,,false,"relational_evidence_only",,"unassigned","validated_multi_office_junction","office_junction","0","0","0",,,,,"Mars","4","{""Sun"":1,""Mars"":2,""Jupiter"":1}","{""A0"":2,""A1"":1,""A2"":1}","Established satellite contacts form a stable multi-office vector; no deterministic tie-resolution operator is declared.",true,false
"scale:829","829","7-Z18 rooted state 829","7-Z18","b101111001100","b001100111101","{0,2,3,4,5,8,9}","2-1-1-1-3-1-3","4,3,4,4,4,2","7-Z18 orientation B","chiral","boundary","oriented_convergence","BOUNDARY","oriented_convergence",,,,,false,"relational_evidence_only",,"unassigned","validated_oriented_convergence_office_withheld","oriented_convergence","0","0","0",,,,"Saturn",,"3","{""Saturn"":3}","{""A2"":2,""D5"":1}","At least two independent established satellite contacts agree on one relational office; chirality prevents anchor promotion and categorical office remains withheld.",false,true
"scale:847","847","Scale 847","7-19","b111100101100","b001101001111","{0,1,2,3,6,8,9}","1-1-1-3-2-1-3","4,3,4,3,4,3","7-19 orientation B","chiral","boundary","office_junction","BOUNDARY","office_junction",,,,,false,"relational_evidence_only",,"unassigned","validated_multi_office_junction","office_junction","0","0","0",,,,,"Mercury","4","{""Moon"":1,""Mercury"":3}","{""A0"":2,""A2"":1,""D2"":1}","Established satellite contacts form a stable multi-office vector; no deterministic tie-resolution operator is declared.",true,false
"scale:855","855","Ultralocrian 𝄫3","7-30","b111010101100","b001101010111","{0,1,2,4,6,8,9}","1-1-2-2-2-1-3","3,4,3,5,4,2","7-30 orientation A","chiral","satellite","satellite_A0","SATELLITE","direct_satellite","A0","0","Mercury","3",true,"inherited_unique_parent",,"inherited","A0_direct_satellite","a0_satellite","1","0","1",,,,,,,,,"unique eligible parent at governing tier",true,false
"scale:859","859","Ultralocrian","7-32","b110110101100","b001101011011","{0,1,3,4,6,8,9}","1-2-1-2-2-1-3","3,3,5,4,4,2","7-32 orientation A","chiral","satellite","satellite_A0","SATELLITE","direct_satellite","A0","0","Mars","2",true,"inherited_unique_parent",,"inherited","A0_direct_satellite","a0_satellite","1","0","1",,,,,,,,,"unique eligible parent at governing tier",true,false
"scale:861","861","Superlocrian ♮2𝄫7","7-28","b101110101100","b001101011101","{0,2,3,4,6,8,9}","2-1-1-2-2-1-3","3,4,4,4,3,3","7-28 orientation B","chiral","satellite","satellite_A2","SATELLITE","direct_satellite","A2","2","Saturn","6",true,"inherited_unique_parent",,"inherited","A2_direct_satellite","a2_satellite","1","0","0",,,,,,,,,"unique eligible parent at governing tier",true,false
"scale:871","871","Locrian 𝄫3𝄫7","7-22","b111001101100","b001101100111","{0,1,2,5,6,8,9}","1-1-3-1-2-1-3","4,2,4,5,4,2","7-22 single orientation","achiral","anchor","anchor_D1","D","diagonal_anchor","D1","1","Moon","1",true,"declared_contact_signature","satellite_mediated_diagonal","validated","validated_D1_anchor","d1_anchor","0","0","4","4","{""Saturn"":2,""Mercury"":2}","{""A0"":4}",,,,,,"7-22 second-order midpoint from symmetric A0-satellite contacts at g−2 and g+2",true,false
"scale:875","875","Locrian double-flat 7","7-32","b110101101100","b001101101011","{0,1,3,5,6,8,9}","1-2-2-1-2-1-3","3,3,5,4,4,2","7-32 orientation B","chiral","satellite","satellite_A0","SATELLITE","direct_satellite","A0","0","Saturn","6",true,"inherited_unique_parent",,"inherited","A0_direct_satellite","a0_satellite","1","0","1",,,,,,,,,"unique eligible parent at governing tier",true,false
"scale:877","877","Hungarian Major Inverse","7-31","b101101101100","b001101101101","{0,2,3,5,6,8,9}","2-1-2-1-2-1-3","3,3,6,3,3,3","7-31 orientation B","chiral","satellite","satellite_A1","SATELLITE","direct_satellite","A1","1","Venus","5",true,"inherited_unique_parent",,"inherited","A1_direct_satellite","a1_satellite","1","0","0",,,,,,,,,"unique eligible parent at governing tier",true,false
"scale:883","883","Scale 883","7-21","b110011101100","b001101110011","{0,1,4,5,6,8,9}","1-3-1-1-2-1-3","4,2,4,6,4,1","7-21 orientation A","chiral","boundary","office_junction","BOUNDARY","office_junction",,,,,false,"relational_evidence_only",,"unassigned","validated_multi_office_junction","office_junction","0","0","0",,,,,"Saturn","4","{""Moon"":1,""Jupiter"":1,""Saturn"":2}","{""A0"":2,""A1"":1,""A2"":1}","Established satellite contacts form a stable multi-office vector; no deterministic tie-resolution operator is declared.",true,false
"scale:885","885","Major Locrian 𝄫7","7-26","b101011101100","b001101110101","{0,2,4,5,6,8,9}","2-2-1-1-2-1-3","3,4,4,5,3,2","7-26 orientation B","chiral","satellite","satellite_A2","SATELLITE","direct_satellite","A2","2","Jupiter","4",true,"inherited_unique_parent",,"inherited","A2_direct_satellite","a2_satellite","1","0","1",,,,,,,,,"unique eligible parent at governing tier",true,false
"scale:889","889","Scale 889","7-16","b100111101100","b001101111001","{0,3,4,5,6,8,9}","3-1-1-1-2-1-3","4,3,5,4,3,2","7-16 orientation A","chiral","satellite","satellite_D4","SATELLITE","direct_satellite","D4","4","Mercury","3",true,"inherited_unique_parent",,"inherited","D4_direct_satellite","d4_satellite","1","0","0",,,,,,,,,"direct eligible relation to 7-Z17 D4 anchor 953; earlier precedence preserved",true,false
"scale:911","911","Phrygian 𝄫3𝄫4𝄫7","7-7","b111100011100","b001110001111","{0,1,2,3,7,8,9}","1-1-1-4-1-1-3","5,3,2,3,5,3","7-7 orientation B","chiral","satellite","satellite_D2","SATELLITE","direct_satellite","D2","2","Mercury","3",true,"inherited_unique_parent",,"inherited","D2_direct_satellite","d2_satellite","1","0","0",,,,,,,,,"direct eligible relation to 7-15 D2 anchor 1821; earlier precedence preserved",true,false
"scale:919","919","Chromatic Phrygian Inverse","7-20","b111010011100","b001110010111","{0,1,2,4,7,8,9}","1-1-2-3-1-1-3","4,3,3,4,5,2","7-20 orientation A","chiral","satellite","satellite_D1","SATELLITE","direct_satellite","D1","1","Sun","0",true,"inherited_unique_parent",,"inherited","D1_direct_satellite","d1_satellite","1","0","0",,,,,,,,,"direct eligible relation to 7-22 D1 anchor 923; A0–A2 precedence preserved",true,false
"scale:923","923","Alt ♮5𝄫7","7-22","b110110011100","b001110011011","{0,1,3,4,7,8,9}","1-2-1-3-1-1-3","4,2,4,5,4,2","7-22 single orientation","achiral","anchor","anchor_D1","D","diagonal_anchor","D1","1","Sun","0",true,"declared_contact_signature","satellite_mediated_diagonal","validated","validated_D1_anchor","d1_anchor","0","0","4","4","{""Venus"":2,""Mars"":2}","{""A0"":4}",,,,,,"7-22 second-order midpoint from symmetric A0-satellite contacts at g−2 and g+2",true,false
"scale:925","925","Chromatic Hypodorian","7-20","b101110011100","b001110011101","{0,2,3,4,7,8,9}","2-1-1-3-1-1-3","4,3,3,4,5,2","7-20 orientation B","chiral","satellite","satellite_D1","SATELLITE","direct_satellite","D1","1","Sun","0",true,"inherited_unique_parent",,"inherited","D1_direct_satellite","d1_satellite","1","0","0",,,,,,,,,"direct eligible relation to 7-22 D1 anchor 923; A0–A2 precedence preserved",true,false
"scale:935","935","Kanakangi","7-20","b111001011100","b001110100111","{0,1,2,5,7,8,9}","1-1-3-2-1-1-3","4,3,3,4,5,2","7-20 orientation B","chiral","satellite","satellite_D1","SATELLITE","direct_satellite","D1","1","Moon","1",true,"inherited_unique_parent",,"inherited","D1_direct_satellite","d1_satellite","1","0","0",,,,,,,,,"direct eligible relation to 7-22 D1 anchor 871; A0–A2 precedence preserved",true,false
"scale:939","939","Rāga Malini","7-30","b110101011100","b001110101011","{0,1,3,5,7,8,9}","1-2-2-2-1-1-3","3,4,3,5,4,2","7-30 orientation B","chiral","satellite","satellite_A0","SATELLITE","direct_satellite","A0","0","Venus","5",true,"inherited_unique_parent",,"inherited","A0_direct_satellite","a0_satellite","1","0","1",,,,,,,,,"unique eligible parent at governing tier",true,false
"scale:941","941","Rāga Jhankara Bhramavi","7-29","b101101011100","b001110101101","{0,2,3,5,7,8,9}","2-1-2-2-1-1-3","3,4,4,3,5,2","7-29 orientation B","chiral","satellite","satellite_A0","SATELLITE","direct_satellite","A0","0","Jupiter","4",true,"inherited_unique_parent",,"inherited","A0_direct_satellite","a0_satellite","1","0","1",,,,,,,,,"unique eligible parent at governing tier",true,false
"scale:947","947","Scale 947","7-21","b110011011100","b001110110011","{0,1,4,5,7,8,9}","1-3-1-2-1-1-3","4,2,4,6,4,1","7-21 orientation B","chiral","boundary","office_junction","BOUNDARY","office_junction",,,,,false,"relational_evidence_only",,"unassigned","validated_multi_office_junction","office_junction","0","0","0",,,,,"Venus","4","{""Sun"":1,""Mercury"":1,""Venus"":2}","{""A0"":2,""A1"":1,""A2"":1}","Established satellite contacts form a stable multi-office vector; no deterministic tie-resolution operator is declared.",true,false
"scale:949","949","Mararanjani","7-27","b101011011100","b001110110101","{0,2,4,5,7,8,9}","2-2-1-2-1-1-3","3,4,4,4,5,1","7-27 orientation B","chiral","satellite","satellite_A1","SATELLITE","direct_satellite","A1","1","Mercury","3",true,"inherited_unique_parent",,"inherited","A1_direct_satellite","a1_satellite","1","0","1",,,,,,,,,"unique eligible parent at governing tier",true,false
"scale:953","953","Rāga Kalahamsa","7-Z17","b100111011100","b001110111001","{0,3,4,5,7,8,9}","3-1-1-2-1-1-3","4,3,4,5,4,1","7-Z17 single orientation","achiral","anchor","anchor_D4","D","same_office_convergence_anchor","D4","4","Mercury","3",true,"declared_contact_signature","satellite_mediated_same_office_convergence","validated","validated_D4_anchor","d4_anchor","0","0","2","2","{""Mercury"":2}","{""A1"":2}",,,,,,"7-Z17 same-office convergence from two established A1 satellite contacts",true,false
"scale:967","967","Scale 967","7-7","b111000111100","b001111000111","{0,1,2,6,7,8,9}","1-1-4-1-1-1-3","5,3,2,3,5,3","7-7 orientation A","chiral","satellite","satellite_D2","SATELLITE","direct_satellite","D2","2","Venus","5",true,"inherited_unique_parent",,"inherited","D2_direct_satellite","d2_satellite","1","0","0",,,,,,,,,"direct eligible relation to 7-15 D2 anchor 1479; earlier precedence preserved",true,false
"scale:971","971","Scale 971","7-19","b110100111100","b001111001011","{0,1,3,6,7,8,9}","1-2-3-1-1-1-3","4,3,4,3,4,3","7-19 orientation A","chiral","boundary","office_junction","BOUNDARY","office_junction",,,,,false,"relational_evidence_only",,"unassigned","validated_multi_office_junction","office_junction","0","0","0",,,,,"Venus","4","{""Sun"":1,""Venus"":3}","{""A0"":2,""A2"":1,""D2"":1}","Established satellite contacts form a stable multi-office vector; no deterministic tie-resolution operator is declared.",true,false
"scale:973","973","7-19 rooted state 973","7-19","b101100111100","b001111001101","{0,2,3,6,7,8,9}","2-1-3-1-1-1-3","4,3,4,3,4,3","7-19 orientation B","chiral","boundary","office_junction","BOUNDARY","office_junction",,,,,false,"relational_evidence_only",,"unassigned","validated_multi_office_junction","office_junction","0","0","0",,,,,"Jupiter","4","{""Mars"":1,""Jupiter"":3}","{""A0"":2,""A2"":1,""D2"":1}","Established satellite contacts form a stable multi-office vector; no deterministic tie-resolution operator is declared.",false,true
"scale:979","979","Scale 979","7-Z18","b110010111100","b001111010011","{0,1,4,6,7,8,9}","1-3-2-1-1-1-3","4,3,4,4,4,2","7-Z18 orientation B","chiral","boundary","oriented_convergence","BOUNDARY","oriented_convergence",,,,,false,"relational_evidence_only",,"unassigned","validated_oriented_convergence_office_withheld","oriented_convergence","0","0","0",,,,"Mars",,"3","{""Mars"":3}","{""A2"":2,""D5"":1}","At least two independent established satellite contacts agree on one relational office; chirality prevents anchor promotion and categorical office remains withheld.",true,false
"scale:981","981","Mela Kantamani","7-24","b101010111100","b001111010101","{0,2,4,6,7,8,9}","2-2-2-1-1-1-3","3,5,3,4,4,2","7-24 orientation B","chiral","satellite","satellite_A2","SATELLITE","direct_satellite","A2","2","Mars","2",true,"inherited_unique_parent",,"inherited","A2_direct_satellite","a2_satellite","1","0","1",,,,,,,,,"unique eligible parent at governing tier",true,false
"scale:985","985","Scale 985","7-16","b100110111100","b001111011001","{0,3,4,6,7,8,9}","3-1-2-1-1-1-3","4,3,5,4,3,2","7-16 orientation B","chiral","satellite","satellite_D4","SATELLITE","direct_satellite","D4","4","Mercury","3",true,"inherited_unique_parent",,"inherited","D4_direct_satellite","d4_satellite","1","0","0",,,,,,,,,"direct eligible relation to 7-Z17 D4 anchor 953; earlier precedence preserved",true,false
"scale:995","995","Lydian ♭2♯3♭67","7-6","b110001111100","b001111100011","{0,1,5,6,7,8,9}","1-4-1-1-1-1-3","5,3,3,4,4,2","7-6 orientation A","chiral","satellite","satellite_D5","SATELLITE","direct_satellite","D5","5","Mars","2",true,"inherited_unique_parent",,"inherited","D5_direct_satellite","d5_satellite","1","0","0",,,,,,,,,"direct eligible relation to 7-Z12 D5 anchor 997; earlier precedence preserved",true,false
"scale:997","997","Tanarupi IV","7-Z12","b101001111100","b001111100101","{0,2,5,6,7,8,9}","2-3-1-1-1-1-3","4,4,4,3,4,2","7-Z12 single orientation","achiral","anchor","anchor_D5","D","same_office_convergence_anchor","D5","5","Mars","2",true,"declared_contact_signature","satellite_mediated_same_office_convergence","validated","validated_D5_anchor","d5_anchor","0","0","2","2","{""Mars"":2}","{""A2"":2}",,,,,,"7-Z12 same-office convergence from two established A2 satellite contacts",true,false
"scale:1001","1001","Lydian ♯2♯3♭67","7-10","b100101111100","b001111101001","{0,3,5,6,7,8,9}","3-2-1-1-1-1-3","4,4,5,3,3,2","7-10 orientation B","chiral","satellite","satellite_D5","SATELLITE","direct_satellite","D5","5","Mars","2",true,"inherited_unique_parent",,"inherited","D5_direct_satellite","d5_satellite","1","0","1",,,,,,,,,"direct eligible relation to 7-Z12 D5 anchor 997; earlier precedence preserved",true,false
"scale:1009","1009","7-3 rooted state 1009","7-3","b100011111100","b001111110001","{0,4,5,6,7,8,9}","4-1-1-1-1-1-3","5,4,4,4,3,1","7-3 orientation A","chiral","boundary","oriented_convergence","BOUNDARY","oriented_convergence",,,,,false,"relational_evidence_only",,"unassigned","validated_oriented_convergence_office_withheld","oriented_convergence","0","0","0",,,,"Mars",,"2","{""Mars"":2}","{""D5"":1,""D6"":1}","At least two independent established satellite contacts agree on one relational office; chirality prevents anchor promotion and categorical office remains withheld.",false,true
"scale:1087","1087","Infra-Alt 5♭76","7-2","b111111000010","b010000111111","{0,1,2,3,4,5,10}","1-1-1-1-1-5-2","5,5,4,3,3,1","7-2 orientation B","chiral","satellite","satellite_D6","SATELLITE","direct_satellite","D6","6","Saturn","6",true,"inherited_unique_parent",,"inherited","D6_direct_satellite","d6_satellite","1","0","1",,,,,,,,,"direct eligible relation to 7-8 D6 anchor 1119; earlier precedence preserved",true,false
"scale:1119","1119","Infra-Alt 56♭7","7-8","b111110100010","b010001011111","{0,1,2,3,4,6,10}","1-1-1-1-2-4-2","4,5,4,4,2,2","7-8 single orientation","achiral","anchor","anchor_D6","D","same_office_convergence_anchor","D6","6","Saturn","6",true,"declared_contact_signature","satellite_mediated_same_office_convergence","validated","validated_D6_anchor","d6_anchor","0","0","4","4","{""Saturn"":4}","{""D3"":2,""D5"":2}",,,,,,"7-8 same-office convergence from two established D3 and two established D5 satellite contacts",true,false
"scale:1135","1135","Eurean Mode III","7-11","b111101100010","b010001101111","{0,1,2,3,5,6,10}","1-1-1-2-1-4-2","4,4,4,4,4,1","7-11 orientation B","chiral","satellite","satellite_D3","SATELLITE","direct_satellite","D3","3","Saturn","6",true,"inherited_unique_parent",,"inherited","D3_direct_satellite","d3_satellite","1","0","1",,,,,,,,,"direct eligible relation to 7-Z37 D3 anchor 2269; earlier precedence preserved",true,false
"scale:1143","1143","Scale 1143","7-13","b111011100010","b010001110111","{0,1,2,4,5,6,10}","1-1-2-1-1-4-2","4,4,3,5,3,2","7-13 orientation B","chiral","satellite","satellite_D4","SATELLITE","direct_satellite","D4","4","Venus","5",true,"inherited_unique_parent",,"inherited","D4_direct_satellite","d4_satellite","1","0","0",,,,,,,,,"direct eligible relation to 7-Z17 D4 anchor 631; earlier precedence preserved",true,false
"scale:1147","1147","Alt double-flat 5 / flat–double-flat 6","7-Z36","b110111100010","b010001111011","{0,1,3,4,5,6,10}","1-2-1-1-1-4-2","4,4,4,3,4,2","7-Z36 orientation B","chiral","boundary","oriented_convergence","BOUNDARY","oriented_convergence",,,,,false,"relational_evidence_only",,"unassigned","validated_oriented_convergence_office_withheld","oriented_convergence","0","0","0",,,,"Venus",,"2","{""Venus"":2}","{""D4"":2}","At least two independent established satellite contacts agree on one relational office; chirality prevents anchor promotion and categorical office remains withheld.",true,false
"scale:1149","1149","Alt ♮25♭6","7-9","b101111100010","b010001111101","{0,2,3,4,5,6,10}","2-1-1-1-1-4-2","4,5,3,4,3,2","7-9 orientation B","chiral","boundary","oriented_convergence","BOUNDARY","oriented_convergence",,,,,false,"relational_evidence_only",,"unassigned","validated_oriented_convergence_office_withheld","oriented_convergence","0","0","0",,,,"Jupiter",,"2","{""Jupiter"":2}","{""D5"":2}","At least two independent established satellite contacts agree on one relational office; chirality prevents anchor promotion and categorical office remains withheld.",true,false
"scale:1183","1183","Infra-Alt 5♭7","7-10","b111110010010","b010010011111","{0,1,2,3,4,7,10}","1-1-1-1-3-3-2","4,4,5,3,3,2","7-10 orientation B","chiral","satellite","satellite_D5","SATELLITE","direct_satellite","D5","5","Saturn","6",true,"inherited_unique_parent",,"inherited","D5_direct_satellite","d5_satellite","1","0","1",,,,,,,,,"direct eligible relation to 7-Z12 D5 anchor 671; earlier precedence preserved",true,false
"scale:1199","1199","Alt ♭♭3♭♭4♭♭5♭♭6","7-23","b111101010010","b010010101111","{0,1,2,3,5,7,10}","1-1-1-2-2-3-2","3,5,4,3,5,1","7-23 orientation A","chiral","boundary","oriented_convergence","BOUNDARY","oriented_convergence",,,,,false,"relational_evidence_only",,"unassigned","validated_oriented_convergence_office_withheld","oriented_convergence","0","0","0",,,,"Saturn",,"4","{""Saturn"":4}","{""A2"":2,""D3"":1,""D5"":1}","At least two independent established satellite contacts agree on one relational office; chirality prevents anchor promotion and categorical office remains withheld.",true,false
"scale:1207","1207","Alt ♭♭3♭♭5♭♭6","7-25","b111011010010","b010010110111","{0,1,2,4,5,7,10}","1-1-2-1-2-3-2","3,4,5,3,4,2","7-25 orientation A","chiral","boundary","office_junction","BOUNDARY","office_junction",,,,,false,"relational_evidence_only",,"unassigned","validated_multi_office_junction","office_junction","0","0","0",,,,,"Venus","5","{""Moon"":2,""Venus"":3}","{""A1"":2,""A2"":2,""D4"":1}","Established satellite contacts form a stable multi-office vector; no deterministic tie-resolution operator is declared.",true,false
"scale:1211","1211","Ceiling Scale","7-25","b110111010010","b010010111011","{0,1,3,4,5,7,10}","1-2-1-1-2-3-2","3,4,5,3,4,2","7-25 orientation B","chiral","boundary","office_junction","BOUNDARY","office_junction",,,,,false,"relational_evidence_only",,"unassigned","validated_multi_office_junction","office_junction","0","0","0",,,,,"Sun","5","{""Sun"":3,""Jupiter"":2}","{""A1"":2,""A2"":2,""D4"":1}","Established satellite contacts form a stable multi-office vector; no deterministic tie-resolution operator is declared.",true,false
"scale:1213","1213","Alt ♮2♭♭5♭6","7-23","b101111010010","b010010111101","{0,2,3,4,5,7,10}","2-1-1-1-2-3-2","3,5,4,3,5,1","7-23 orientation B","chiral","boundary","oriented_convergence","BOUNDARY","oriented_convergence",,,,,false,"relational_evidence_only",,"unassigned","validated_oriented_convergence_office_withheld","oriented_convergence","0","0","0",,,,"Saturn",,"4","{""Saturn"":4}","{""A2"":2,""D3"":1,""D5"":1}","At least two independent established satellite contacts agree on one relational office; chirality prevents anchor promotion and categorical office remains withheld.",true,false
"scale:1231","1231","7-Z18 rooted state 1231","7-Z18","b111100110010","b010011001111","{0,1,2,3,6,7,10}","1-1-1-3-1-3-2","4,3,4,4,4,2","7-Z18 orientation B","chiral","boundary","oriented_convergence","BOUNDARY","oriented_convergence",,,,,false,"relational_evidence_only",,"unassigned","validated_oriented_convergence_office_withheld","oriented_convergence","0","0","0",,,,"Moon",,"3","{""Moon"":3}","{""A2"":2,""D5"":1}","At least two independent established satellite contacts agree on one relational office; chirality prevents anchor promotion and categorical office remains withheld.",false,true
"scale:1239","1239","Alt 𝄫3𝄫6","7-28","b111010110010","b010011010111","{0,1,2,4,6,7,10}","1-1-2-2-1-3-2","3,4,4,4,3,3","7-28 orientation B","chiral","satellite","satellite_A2","SATELLITE","direct_satellite","A2","2","Moon","1",true,"inherited_unique_parent",,"inherited","A2_direct_satellite","a2_satellite","1","0","0",,,,,,,,,"unique eligible parent at governing tier",true,false
"scale:1243","1243","Alt 6","7-31","b110110110010","b010011011011","{0,1,3,4,6,7,10}","1-2-1-2-1-3-2","3,3,6,3,3,3","7-31 orientation B","chiral","satellite","satellite_A1","SATELLITE","direct_satellite","A1","1","Sun","0",true,"inherited_unique_parent",,"inherited","A1_direct_satellite","a1_satellite","1","0","0",,,,,,,,,"unique eligible parent at governing tier",true,false
"scale:1245","1245","Alt ♮26","7-26","b101110110010","b010011011101","{0,2,3,4,6,7,10}","2-1-1-2-1-3-2","3,4,4,5,3,2","7-26 orientation B","chiral","satellite","satellite_A2","SATELLITE","direct_satellite","A2","2","Saturn","6",true,"inherited_unique_parent",,"inherited","A2_direct_satellite","a2_satellite","1","0","1",,,,,,,,,"unique eligible parent at governing tier",true,false
"scale:1255","1255","Chromatic Mixolydian","7-20","b111001110010","b010011100111","{0,1,2,5,6,7,10}","1-1-3-1-1-3-2","4,3,3,4,5,2","7-20 orientation B","chiral","satellite","satellite_D1","SATELLITE","direct_satellite","D1","1","Mars","2",true,"inherited_unique_parent",,"inherited","D1_direct_satellite","d1_satellite","1","0","0",,,,,,,,,"direct eligible relation to 7-22 D1 anchor 2509; A0–A2 precedence preserved",true,false
"scale:1259","1259","Blues Phrygian","7-29","b110101110010","b010011101011","{0,1,3,5,6,7,10}","1-2-2-1-1-3-2","3,4,4,3,5,2","7-29 orientation B","chiral","satellite","satellite_A0","SATELLITE","direct_satellite","A0","0","Saturn","6",true,"inherited_unique_parent",,"inherited","A0_direct_satellite","a0_satellite","1","0","1",,,,,,,,,"unique eligible parent at governing tier",true,false
"scale:1261","1261","Modified Blues","7-27","b101101110010","b010011101101","{0,2,3,5,6,7,10}","2-1-2-1-1-3-2","3,4,4,4,5,1","7-27 orientation B","chiral","satellite","satellite_A1","SATELLITE","direct_satellite","A1","1","Venus","5",true,"inherited_unique_parent",,"inherited","A1_direct_satellite","a1_satellite","1","0","1",,,,,,,,,"unique eligible parent at governing tier",true,false
"scale:1267","1267","7-19 rooted state 1267","7-19","b110011110010","b010011110011","{0,1,4,5,6,7,10}","1-3-1-1-1-3-2","4,3,4,3,4,3","7-19 orientation B","chiral","boundary","office_junction","BOUNDARY","office_junction",,,,,false,"relational_evidence_only",,"unassigned","validated_multi_office_junction","office_junction","0","0","0",,,,,"Saturn","4","{""Jupiter"":1,""Saturn"":3}","{""A0"":2,""A2"":1,""D2"":1}","Established satellite contacts form a stable multi-office vector; no deterministic tie-resolution operator is declared.",false,true
"scale:1269","1269","Major Locrian ♭♭6","7-24","b101011110010","b010011110101","{0,2,4,5,6,7,10}","2-2-1-1-1-3-2","3,5,3,4,4,2","7-24 orientation B","chiral","satellite","satellite_A2","SATELLITE","direct_satellite","A2","2","Jupiter","4",true,"inherited_unique_parent",,"inherited","A2_direct_satellite","a2_satellite","1","0","1",,,,,,,,,"unique eligible parent at governing tier",true,false
"scale:1273","1273","Tanarupi V","7-Z12","b100111110010","b010011111001","{0,3,4,5,6,7,10}","3-1-1-1-1-3-2","4,4,4,3,4,2","7-Z12 single orientation","achiral","anchor","anchor_D5","D","same_office_convergence_anchor","D5","5","Jupiter","4",true,"declared_contact_signature","satellite_mediated_same_office_convergence","validated","validated_D5_anchor","d5_anchor","0","0","2","2","{""Jupiter"":2}","{""A2"":2}",,,,,,"7-Z12 same-office convergence from two established A2 satellite contacts",true,false
"scale:1311","1311","Alt 34♭5","7-9","b111110001010","b010100011111","{0,1,2,3,4,8,10}","1-1-1-1-4-2-2","4,5,3,4,3,2","7-9 orientation B","chiral","boundary","oriented_convergence","BOUNDARY","oriented_convergence",,,,,false,"relational_evidence_only",,"unassigned","validated_oriented_convergence_office_withheld","oriented_convergence","0","0","0",,,,"Saturn",,"2","{""Saturn"":2}","{""D5"":2}","At least two independent established satellite contacts agree on one relational office; chirality prevents anchor promotion and categorical office remains withheld.",true,false
"scale:1327","1327","Lipsean Mode IV","7-23","b111101001010","b010100101111","{0,1,2,3,5,8,10}","1-1-1-2-3-2-2","3,5,4,3,5,1","7-23 orientation B","chiral","boundary","oriented_convergence","BOUNDARY","oriented_convergence",,,,,false,"relational_evidence_only",,"unassigned","validated_oriented_convergence_office_withheld","oriented_convergence","0","0","0",,,,"Moon",,"4","{""Moon"":4}","{""A2"":2,""D3"":1,""D5"":1}","At least two independent established satellite contacts agree on one relational office; chirality prevents anchor promotion and categorical office remains withheld.",true,false
"scale:1335","1335","Elephant Scale","7-26","b111011001010","b010100110111","{0,1,2,4,5,8,10}","1-1-2-1-3-2-2","3,4,4,5,3,2","7-26 orientation B","chiral","satellite","satellite_A2","SATELLITE","direct_satellite","A2","2","Moon","1",true,"inherited_unique_parent",,"inherited","A2_direct_satellite","a2_satellite","1","0","1",,,,,,,,,"unique eligible parent at governing tier",true,false
"scale:1339","1339","Alt ♭♭5","7-27","b110111001010","b010100111011","{0,1,3,4,5,8,10}","1-2-1-1-3-2-2","3,4,4,4,5,1","7-27 orientation B","chiral","satellite","satellite_A1","SATELLITE","direct_satellite","A1","1","Sun","0",true,"inherited_unique_parent",,"inherited","A1_direct_satellite","a1_satellite","1","0","1",,,,,,,,,"unique eligible parent at governing tier",true,false
"scale:1341","1341","Alt ♮2♭♭5","7-24","b101111001010","b010100111101","{0,2,3,4,5,8,10}","2-1-1-1-3-2-2","3,5,3,4,4,2","7-24 orientation B","chiral","satellite","satellite_A2","SATELLITE","direct_satellite","A2","2","Saturn","6",true,"inherited_unique_parent",,"inherited","A2_direct_satellite","a2_satellite","1","0","1",,,,,,,,,"unique eligible parent at governing tier",true,false
"scale:1359","1359","Alt double-flat 3, double-flat 4","7-24","b111100101010","b010101001111","{0,1,2,3,6,8,10}","1-1-1-3-2-2-2","3,5,3,4,4,2","7-24 orientation B","chiral","satellite","satellite_A2","SATELLITE","direct_satellite","A2","2","Moon","1",true,"inherited_unique_parent",,"inherited","A2_direct_satellite","a2_satellite","1","0","1",,,,,,,,,"unique eligible parent at governing tier",true,false
"scale:1367","1367","Leading Whole-Tone Inverse","7-33","b111010101010","b010101010111","{0,1,2,4,6,8,10}","1-1-2-2-2-2-2","2,6,2,6,2,3","7-33 single orientation","achiral","anchor","anchor_A2","A","midpoint_anchor","A2","2","Moon","1",true,"declared_midpoint","direct_achiral_midpoint","derived","validated_A2_anchor","a2_anchor","0","2","0",,,,,,,,,"modal-orbit transport from the declared Lydian Minor / Mars fixture",true,false
"scale:1371","1371","Superlocrian","7-34","b110110101010","b010101011011","{0,1,3,4,6,8,10}","1-2-1-2-2-2-2","2,5,4,4,4,2","7-34 single orientation","achiral","anchor","anchor_A1","A","midpoint_anchor","A1","1","Sun","0",true,"declared_midpoint","direct_achiral_midpoint","validated","validated_A1_anchor","a1_anchor","0","2","0",,,,,,,,,"validated A0 midpoint/phase-seam construction",true,false
"scale:1373","1373","Storian","7-33","b101110101010","b010101011101","{0,2,3,4,6,8,10}","2-1-1-2-2-2-2","2,6,2,6,2,3","7-33 single orientation","achiral","anchor","anchor_A2","A","midpoint_anchor","A2","2","Saturn","6",true,"declared_midpoint","direct_achiral_midpoint","derived","validated_A2_anchor","a2_anchor","0","2","0",,,,,,,,,"modal-orbit transport from the declared Lydian Minor / Mars fixture",true,false
"scale:1383","1383","Locrian double-flat 3","7-30","b111001101010","b010101100111","{0,1,2,5,6,8,10}","1-1-3-1-2-2-2","3,4,3,5,4,2","7-30 orientation B","chiral","satellite","satellite_A0","SATELLITE","direct_satellite","A0","0","Saturn","6",true,"inherited_unique_parent",,"inherited","A0_direct_satellite","a0_satellite","1","0","1",,,,,,,,,"unique eligible parent at governing tier",true,false
"scale:1387","1387","Locrian","7-35","b110101101010","b010101101011","{0,1,3,5,6,8,10}","1-2-2-1-2-2-2","2,5,4,3,6,1","7-35 single orientation","achiral","anchor","anchor_A0","A","canonical_anchor","A0","0","Saturn","6",true,"canonical_identity","canonical_governor_frame","canonical","canonical_A0_identity","a0_anchor","0","0","0",,,,,,,,,"canonical A0 governor registry",true,false
"scale:1389","1389","Half-Diminished","7-34","b101101101010","b010101101101","{0,2,3,5,6,8,10}","2-1-2-1-2-2-2","2,5,4,4,4,2","7-34 single orientation","achiral","anchor","anchor_A1","A","midpoint_anchor","A1","1","Venus","5",true,"declared_midpoint","direct_achiral_midpoint","validated","validated_A1_anchor","a1_anchor","0","2","0",,,,,,,,,"validated A0 midpoint/phase-seam construction",true,false
"scale:1395","1395","Locrian Dominant","7-30","b110011101010","b010101110011","{0,1,4,5,6,8,10}","1-3-1-1-2-2-2","3,4,3,5,4,2","7-30 orientation A","chiral","satellite","satellite_A0","SATELLITE","direct_satellite","A0","0","Saturn","6",true,"inherited_unique_parent",,"inherited","A0_direct_satellite","a0_satellite","1","0","1",,,,,,,,,"unique eligible parent at governing tier",true,false
"scale:1397","1397","Major Locrian","7-33","b101011101010","b010101110101","{0,2,4,5,6,8,10}","2-2-1-1-2-2-2","2,6,2,6,2,3","7-33 single orientation","achiral","anchor","anchor_A2","A","midpoint_anchor","A2","2","Jupiter","4",true,"declared_midpoint","direct_achiral_midpoint","derived","validated_A2_anchor","a2_anchor","0","2","0",,,,,,,,,"modal-orbit transport from the declared Lydian Minor / Mars fixture",true,false
"scale:1401","1401","Major Locrian ♯2","7-24","b100111101010","b010101111001","{0,3,4,5,6,8,10}","3-1-1-1-2-2-2","3,5,3,4,4,2","7-24 orientation A","chiral","satellite","satellite_A2","SATELLITE","direct_satellite","A2","2","Jupiter","4",true,"inherited_unique_parent",,"inherited","A2_direct_satellite","a2_satellite","1","0","1",,,,,,,,,"unique eligible parent at governing tier",true,false
"scale:1423","1423","Alt ♮5♭♭3♭4","7-14","b111100011010","b010110001111","{0,1,2,3,7,8,10}","1-1-1-4-1-2-2","4,4,3,3,5,2","7-14 orientation B","chiral","boundary","office_junction","BOUNDARY","office_junction",,,,,false,"relational_evidence_only",,"unassigned","validated_multi_office_junction","office_junction","0","0","0",,,,,"Moon","5","{""Moon"":3,""Mercury"":2}","{""A2"":2,""D2"":2,""D5"":1}","Established satellite contacts form a stable multi-office vector; no deterministic tie-resolution operator is declared.",true,false
"scale:1431","1431","Astrocyte","7-28","b111010011010","b010110010111","{0,1,2,4,7,8,10}","1-1-2-3-1-2-2","3,4,4,4,3,3","7-28 orientation A","chiral","satellite","satellite_A2","SATELLITE","direct_satellite","A2","2","Moon","1",true,"inherited_unique_parent",,"inherited","A2_direct_satellite","a2_satellite","1","0","0",,,,,,,,,"unique eligible parent at governing tier",true,false
"scale:1435","1435","Maqam Saba Zamzam","7-32","b110110011010","b010110011011","{0,1,3,4,7,8,10}","1-2-1-3-1-2-2","3,3,5,4,4,2","7-32 orientation B","chiral","satellite","satellite_A0","SATELLITE","direct_satellite","A0","0","Venus","5",true,"inherited_unique_parent",,"inherited","A0_direct_satellite","a0_satellite","1","0","1",,,,,,,,,"unique eligible parent at governing tier",true,false
"scale:1437","1437","Sabach","7-30","b101110011010","b010110011101","{0,2,3,4,7,8,10}","2-1-1-3-1-2-2","3,4,3,5,4,2","7-30 orientation B","chiral","satellite","satellite_A0","SATELLITE","direct_satellite","A0","0","Jupiter","4",true,"inherited_unique_parent",,"inherited","A0_direct_satellite","a0_satellite","1","0","1",,,,,,,,,"unique eligible parent at governing tier",true,false
"scale:1447","1447","Rāga Phenadyuti","7-29","b111001011010","b010110100111","{0,1,2,5,7,8,10}","1-1-3-2-1-2-2","3,4,4,3,5,2","7-29 orientation B","chiral","satellite","satellite_A0","SATELLITE","direct_satellite","A0","0","Venus","5",true,"inherited_unique_parent",,"inherited","A0_direct_satellite","a0_satellite","1","0","1",,,,,,,,,"unique eligible parent at governing tier",true,false
"scale:1451","1451","Phrygian","7-35","b110101011010","b010110101011","{0,1,3,5,7,8,10}","1-2-2-2-1-2-2","2,5,4,3,6,1","7-35 single orientation","achiral","anchor","anchor_A0","A","canonical_anchor","A0","0","Venus","5",true,"canonical_identity","canonical_governor_frame","canonical","canonical_A0_identity","a0_anchor","0","0","0",,,,,,,,,"canonical A0 governor registry",true,false
"scale:1453","1453","Aeolian","7-35","b101101011010","b010110101101","{0,2,3,5,7,8,10}","2-1-2-2-1-2-2","2,5,4,3,6,1","7-35 single orientation","achiral","anchor","anchor_A0","A","canonical_anchor","A0","0","Jupiter","4",true,"canonical_identity","canonical_governor_frame","canonical","canonical_A0_identity","a0_anchor","0","0","0",,,,,,,,,"canonical A0 governor registry",true,false
"scale:1459","1459","Phrygian Dominant","7-32","b110011011010","b010110110011","{0,1,4,5,7,8,10}","1-3-1-2-1-2-2","3,3,5,4,4,2","7-32 orientation A","chiral","satellite","satellite_A0","SATELLITE","direct_satellite","A0","0","Venus","5",true,"inherited_unique_parent",,"inherited","A0_direct_satellite","a0_satellite","1","0","1",,,,,,,,,"unique eligible parent at governing tier",true,false
"scale:1461","1461","Mixolydian ♭6","7-34","b101011011010","b010110110101","{0,2,4,5,7,8,10}","2-2-1-2-1-2-2","2,5,4,4,4,2","7-34 single orientation","achiral","anchor","anchor_A1","A","midpoint_anchor","A1","1","Mercury","3",true,"declared_midpoint","direct_achiral_midpoint","validated","validated_A1_anchor","a1_anchor","0","2","0",,,,,,,,,"validated A0 midpoint/phase-seam construction",true,false
"scale:1465","1465","Rāga Cudamani","7-27","b100111011010","b010110111001","{0,3,4,5,7,8,10}","3-1-1-2-1-2-2","3,4,4,4,5,1","7-27 orientation A","chiral","satellite","satellite_A1","SATELLITE","direct_satellite","A1","1","Mercury","3",true,"inherited_unique_parent",,"inherited","A1_direct_satellite","a1_satellite","1","0","1",,,,,,,,,"unique eligible parent at governing tier",true,false
"scale:1479","1479","Mela Jalarnava","7-15","b111000111010","b010111000111","{0,1,2,6,7,8,10}","1-1-4-1-1-2-2","4,4,2,4,4,3","7-15 single orientation","achiral","anchor","anchor_D2","D","same_office_convergence_anchor","D2","2","Venus","5",true,"declared_contact_signature","satellite_mediated_same_office_convergence","validated","validated_D2_anchor","d2_anchor","0","0","2","2","{""Venus"":2}",,,,,,,"7-15 same-office convergence from two independently agreeing A0-satellite contacts",true,false
"scale:1483","1483","Mela Bhavapriya","7-29","b110100111010","b010111001011","{0,1,3,6,7,8,10}","1-2-3-1-1-2-2","3,4,4,3,5,2","7-29 orientation A","chiral","satellite","satellite_A0","SATELLITE","direct_satellite","A0","0","Venus","5",true,"inherited_unique_parent",,"inherited","A0_direct_satellite","a0_satellite","1","0","1",,,,,,,,,"unique eligible parent at governing tier",true,false
"scale:1485","1485","Mela Sanmukhapriya","7-30","b101100111010","b010111001101","{0,2,3,6,7,8,10}","2-1-3-1-1-2-2","3,4,3,5,4,2","7-30 orientation A","chiral","satellite","satellite_A0","SATELLITE","direct_satellite","A0","0","Jupiter","4",true,"inherited_unique_parent",,"inherited","A0_direct_satellite","a0_satellite","1","0","1",,,,,,,,,"unique eligible parent at governing tier",true,false
"scale:1491","1491","Namanarayani","7-28","b110010111010","b010111010011","{0,1,4,6,7,8,10}","1-3-2-1-1-2-2","3,4,4,4,3,3","7-28 orientation B","chiral","satellite","satellite_A2","SATELLITE","direct_satellite","A2","2","Mars","2",true,"inherited_unique_parent",,"inherited","A2_direct_satellite","a2_satellite","1","0","0",,,,,,,,,"unique eligible parent at governing tier",true,false
"scale:1493","1493","Lydian Minor","7-33","b101010111010","b010111010101","{0,2,4,6,7,8,10}","2-2-2-1-1-2-2","2,6,2,6,2,3","7-33 single orientation","achiral","anchor","anchor_A2","A","midpoint_anchor","A2","2","Mars","2",true,"declared_midpoint","direct_achiral_midpoint","declared fixture","validated_A2_anchor","a2_anchor","0","2","0",,,,,,,,,"declared A2 relational office",true,false
"scale:1497","1497","Jyoti Swarupini","7-26","b100110111010","b010111011001","{0,3,4,6,7,8,10}","3-1-2-1-1-2-2","3,4,4,5,3,2","7-26 orientation A","chiral","satellite","satellite_A2","SATELLITE","direct_satellite","A2","2","Mars","2",true,"inherited_unique_parent",,"inherited","A2_direct_satellite","a2_satellite","1","0","1",,,,,,,,,"unique eligible parent at governing tier",true,false
"scale:1507","1507","Lydian ♭7♭2♭6♯3","7-14","b110001111010","b010111100011","{0,1,5,6,7,8,10}","1-4-1-1-1-2-2","4,4,3,3,5,2","7-14 orientation A","chiral","boundary","office_junction","BOUNDARY","office_junction",,,,,false,"relational_evidence_only",,"unassigned","validated_multi_office_junction","office_junction","0","0","0",,,,,"Mars","5","{""Sun"":2,""Mars"":3}","{""A2"":2,""D2"":2,""D5"":1}","Established satellite contacts form a stable multi-office vector; no deterministic tie-resolution operator is declared.",true,false
"scale:1509","1509","Lydian Minor ♯3","7-24","b101001111010","b010111100101","{0,2,5,6,7,8,10}","2-3-1-1-1-2-2","3,5,3,4,4,2","7-24 orientation A","chiral","satellite","satellite_A2","SATELLITE","direct_satellite","A2","2","Mars","2",true,"inherited_unique_parent",,"inherited","A2_direct_satellite","a2_satellite","1","0","1",,,,,,,,,"unique eligible parent at governing tier",true,false
"scale:1513","1513","Lydian ♭7♭6♯2♯3","7-23","b100101111010","b010111101001","{0,3,5,6,7,8,10}","3-2-1-1-1-2-2","3,5,4,3,5,1","7-23 orientation A","chiral","boundary","oriented_convergence","BOUNDARY","oriented_convergence",,,,,false,"relational_evidence_only",,"unassigned","validated_oriented_convergence_office_withheld","oriented_convergence","0","0","0",,,,"Mars",,"4","{""Mars"":4}","{""A2"":2,""D3"":1,""D5"":1}","At least two independent established satellite contacts agree on one relational office; chirality prevents anchor promotion and categorical office remains withheld.",true,false
"scale:1521","1521","Lydian 7♭6♯32","7-9","b100011111010","b010111110001","{0,4,5,6,7,8,10}","4-1-1-1-1-2-2","4,5,3,4,3,2","7-9 orientation A","chiral","boundary","oriented_convergence","BOUNDARY","oriented_convergence",,,,,false,"relational_evidence_only",,"unassigned","validated_oriented_convergence_office_withheld","oriented_convergence","0","0","0",,,,"Jupiter",,"2","{""Jupiter"":2}","{""D5"":2}","At least two independent established satellite contacts agree on one relational office; chirality prevents anchor promotion and categorical office remains withheld.",true,false
"scale:1567","1567","7-4 rooted state 1567","7-4","b111110000110","b011000011111","{0,1,2,3,4,9,10}","1-1-1-1-5-1-2","5,4,4,3,3,2","7-4 orientation B","chiral","boundary","oriented_convergence","BOUNDARY","oriented_convergence",,,,,false,"relational_evidence_only",,"unassigned","validated_oriented_convergence_office_withheld","oriented_convergence","0","0","0",,,,"Moon",,"2","{""Moon"":2}","{""D3"":1,""D6"":1}","At least two independent established satellite contacts agree on one relational office; chirality prevents anchor promotion and categorical office remains withheld.",false,true
"scale:1583","1583","Alt ♮6♭♭3♭4♭5","7-11","b111101000110","b011000101111","{0,1,2,3,5,9,10}","1-1-1-2-4-1-2","4,4,4,4,4,1","7-11 orientation A","chiral","satellite","satellite_D3","SATELLITE","direct_satellite","D3","3","Moon","1",true,"inherited_unique_parent",,"inherited","D3_direct_satellite","d3_satellite","1","0","1",,,,,,,,,"direct eligible relation to 7-Z37 D3 anchor 1591; earlier precedence preserved",true,false
"scale:1591","1591","Alt ♮6♭♭3♭5","7-Z37","b111011000110","b011000110111","{0,1,2,4,5,9,10}","1-1-2-1-4-1-2","4,3,4,5,4,1","7-Z37 single orientation","achiral","anchor","anchor_D3","D","same_office_convergence_anchor","D3","3","Moon","1",true,"declared_contact_signature","satellite_mediated_same_office_convergence","validated","validated_D3_anchor","d3_anchor","0","0","4","4","{""Moon"":4}","{""D2"":2,""A2"":2}",,,,,,"7-Z37 dual-tier same-office convergence from two A2 and two D2 satellite contacts",true,false
"scale:1595","1595","Alt ♮65","7-Z38","b110111000110","b011000111011","{0,1,3,4,5,9,10}","1-2-1-1-4-1-2","4,3,4,4,4,2","7-Z38 orientation B","chiral","satellite","satellite_D2","SATELLITE","direct_satellite","D2","2","Moon","1",true,"inherited_unique_parent",,"inherited","D2_direct_satellite","d2_satellite","1","0","1",,,,,,,,,"direct eligible relation to 7-15 D2 anchor 3189; earlier precedence preserved",true,false
"scale:1597","1597","Rāga Ravikosh","7-14","b101111000110","b011000111101","{0,2,3,4,5,9,10}","2-1-1-1-4-1-2","4,4,3,3,5,2","7-14 orientation B","chiral","boundary","office_junction","BOUNDARY","office_junction",,,,,false,"relational_evidence_only",,"unassigned","validated_multi_office_junction","office_junction","0","0","0",,,,,"Saturn","5","{""Moon"":2,""Saturn"":3}","{""A2"":2,""D2"":2,""D5"":1}","Established satellite contacts form a stable multi-office vector; no deterministic tie-resolution operator is declared.",true,false
"scale:1615","1615","Sydian (Alt ♮6𝄫34)","7-16","b111100100110","b011001001111","{0,1,2,3,6,9,10}","1-1-1-3-3-1-2","4,3,5,4,3,2","7-16 orientation B","chiral","satellite","satellite_D4","SATELLITE","direct_satellite","D4","4","Mars","2",true,"inherited_unique_parent",,"inherited","D4_direct_satellite","d4_satellite","1","0","0",,,,,,,,,"direct eligible relation to 7-Z17 D4 anchor 3229; earlier precedence preserved",true,false
"scale:1623","1623","Alt ♮63","7-26","b111010100110","b011001010111","{0,1,2,4,6,9,10}","1-1-2-2-3-1-2","3,4,4,5,3,2","7-26 orientation A","chiral","satellite","satellite_A2","SATELLITE","direct_satellite","A2","2","Moon","1",true,"inherited_unique_parent",,"inherited","A2_direct_satellite","a2_satellite","1","0","1",,,,,,,,,"unique eligible parent at governing tier",true,false
"scale:1627","1627","Superlocrian ♯6","7-31","b110110100110","b011001011011","{0,1,3,4,6,9,10}","1-2-1-2-3-1-2","3,3,6,3,3,3","7-31 orientation A","chiral","satellite","satellite_A1","SATELLITE","direct_satellite","A1","1","Sun","0",true,"inherited_unique_parent",,"inherited","A1_direct_satellite","a1_satellite","1","0","0",,,,,,,,,"unique eligible parent at governing tier",true,false
"scale:1629","1629","Dorian Blues","7-28","b101110100110","b011001011101","{0,2,3,4,6,9,10}","2-1-1-2-3-1-2","3,4,4,4,3,3","7-28 orientation A","chiral","satellite","satellite_A2","SATELLITE","direct_satellite","A2","2","Saturn","6",true,"inherited_unique_parent",,"inherited","A2_direct_satellite","a2_satellite","1","0","0",,,,,,,,,"unique eligible parent at governing tier",true,false
"scale:1639","1639","7-21 rooted state 1639","7-21","b111001100110","b011001100111","{0,1,2,5,6,9,10}","1-1-3-1-3-1-2","4,2,4,6,4,1","7-21 orientation B","chiral","boundary","office_junction","BOUNDARY","office_junction",,,,,false,"relational_evidence_only",,"unassigned","validated_multi_office_junction","office_junction","0","0","0",,,,,"Saturn","4","{""Moon"":1,""Jupiter"":1,""Saturn"":2}","{""A0"":2,""A1"":1,""A2"":1}","Established satellite contacts form a stable multi-office vector; no deterministic tie-resolution operator is declared.",false,true
"scale:1643","1643","Locrian ♮6","7-32","b110101100110","b011001101011","{0,1,3,5,6,9,10}","1-2-2-1-3-1-2","3,3,5,4,4,2","7-32 orientation A","chiral","satellite","satellite_A0","SATELLITE","direct_satellite","A0","0","Saturn","6",true,"inherited_unique_parent",,"inherited","A0_direct_satellite","a0_satellite","1","0","1",,,,,,,,,"unique eligible parent at governing tier",true,false
"scale:1645","1645","Dorian ♭5","7-32","b101101100110","b011001101101","{0,2,3,5,6,9,10}","2-1-2-1-3-1-2","3,3,5,4,4,2","7-32 orientation B","chiral","satellite","satellite_A0","SATELLITE","direct_satellite","A0","0","Mercury","3",true,"inherited_unique_parent",,"inherited","A0_direct_satellite","a0_satellite","1","0","1",,,,,,,,,"unique eligible parent at governing tier",true,false
"scale:1651","1651","Tsinganikos","7-22","b110011100110","b011001110011","{0,1,4,5,6,9,10}","1-3-1-1-3-1-2","4,2,4,5,4,2","7-22 single orientation","achiral","anchor","anchor_D1","D","diagonal_anchor","D1","1","Jupiter","4",true,"declared_contact_signature","satellite_mediated_diagonal","validated","validated_D1_anchor","d1_anchor","0","0","4","4","{""Mars"":2,""Saturn"":2}","{""A0"":4}",,,,,,"7-22 second-order midpoint from symmetric A0-satellite contacts at g−2 and g+2",true,false
"scale:1653","1653","Mixolydian ♭5","7-30","b101011100110","b011001110101","{0,2,4,5,6,9,10}","2-2-1-1-3-1-2","3,4,3,5,4,2","7-30 orientation B","chiral","satellite","satellite_A0","SATELLITE","direct_satellite","A0","0","Mars","2",true,"inherited_unique_parent",,"inherited","A0_direct_satellite","a0_satellite","1","0","1",,,,,,,,,"unique eligible parent at governing tier",true,false
"scale:1657","1657","7-19 rooted state 1657","7-19","b100111100110","b011001111001","{0,3,4,5,6,9,10}","3-1-1-1-3-1-2","4,3,4,3,4,3","7-19 orientation A","chiral","boundary","office_junction","BOUNDARY","office_junction",,,,,false,"relational_evidence_only",,"unassigned","validated_multi_office_junction","office_junction","0","0","0",,,,,"Mars","4","{""Mars"":3,""Jupiter"":1}","{""A0"":2,""A2"":1,""D2"":1}","Established satellite contacts form a stable multi-office vector; no deterministic tie-resolution operator is declared.",false,true
"scale:1679","1679","Zephyrean Mode V","7-Z36","b111100010110","b011010001111","{0,1,2,3,7,9,10}","1-1-1-4-2-1-2","4,4,4,3,4,2","7-Z36 orientation B","chiral","boundary","oriented_convergence","BOUNDARY","oriented_convergence",,,,,false,"relational_evidence_only",,"unassigned","validated_oriented_convergence_office_withheld","oriented_convergence","0","0","0",,,,"Mars",,"2","{""Mars"":2}","{""D4"":2}","At least two independent established satellite contacts agree on one relational office; chirality prevents anchor promotion and categorical office remains withheld.",true,false
"scale:1687","1687","Midlocrian","7-25","b111010010110","b011010010111","{0,1,2,4,7,9,10}","1-1-2-3-2-1-2","3,4,5,3,4,2","7-25 orientation B","chiral","boundary","office_junction","BOUNDARY","office_junction",,,,,false,"relational_evidence_only",,"unassigned","validated_multi_office_junction","office_junction","0","0","0",,,,,"Jupiter","5","{""Moon"":2,""Jupiter"":3}","{""A1"":2,""A2"":2,""D4"":1}","Established satellite contacts form a stable multi-office vector; no deterministic tie-resolution operator is declared.",true,false
"scale:1691","1691","Dorian ♭2♭4","7-31","b110110010110","b011010011011","{0,1,3,4,7,9,10}","1-2-1-3-2-1-2","3,3,6,3,3,3","7-31 orientation B","chiral","satellite","satellite_A1","SATELLITE","direct_satellite","A1","1","Jupiter","4",true,"inherited_unique_parent",,"inherited","A1_direct_satellite","a1_satellite","1","0","0",,,,,,,,,"unique eligible parent at governing tier",true,false
"scale:1693","1693","Dorian ♭4","7-29","b101110010110","b011010011101","{0,2,3,4,7,9,10}","2-1-1-3-2-1-2","3,4,4,3,5,2","7-29 orientation B","chiral","satellite","satellite_A0","SATELLITE","direct_satellite","A0","0","Mercury","3",true,"inherited_unique_parent",,"inherited","A0_direct_satellite","a0_satellite","1","0","1",,,,,,,,,"unique eligible parent at governing tier",true,false
"scale:1703","1703","Rāga Bhanumati","7-27","b111001010110","b011010100111","{0,1,2,5,7,9,10}","1-1-3-2-2-1-2","3,4,4,4,5,1","7-27 orientation B","chiral","satellite","satellite_A1","SATELLITE","direct_satellite","A1","1","Jupiter","4",true,"inherited_unique_parent",,"inherited","A1_direct_satellite","a1_satellite","1","0","1",,,,,,,,,"unique eligible parent at governing tier",true,false
"scale:1707","1707","Dorian ♭2","7-34","b110101010110","b011010101011","{0,1,3,5,7,9,10}","1-2-2-2-2-1-2","2,5,4,4,4,2","7-34 single orientation","achiral","anchor","anchor_A1","A","midpoint_anchor","A1","1","Jupiter","4",true,"declared_midpoint","direct_achiral_midpoint","validated","validated_A1_anchor","a1_anchor","0","2","0",,,,,,,,,"validated A0 midpoint/phase-seam construction",true,false
"scale:1709","1709","Dorian","7-35","b101101010110","b011010101101","{0,2,3,5,7,9,10}","2-1-2-2-2-1-2","2,5,4,3,6,1","7-35 single orientation","achiral","anchor","anchor_A0","A","canonical_anchor","A0","0","Mercury","3",true,"canonical_identity","canonical_governor_frame","canonical","canonical_A0_identity","a0_anchor","0","0","0",,,,,,,,,"canonical A0 governor registry",true,false
"scale:1715","1715","Dominant ♭2","7-32","b110011010110","b011010110011","{0,1,4,5,7,9,10}","1-3-1-2-2-1-2","3,3,5,4,4,2","7-32 orientation B","chiral","satellite","satellite_A0","SATELLITE","direct_satellite","A0","0","Mars","2",true,"inherited_unique_parent",,"inherited","A0_direct_satellite","a0_satellite","1","0","1",,,,,,,,,"unique eligible parent at governing tier",true,false
"scale:1717","1717","Mixolydian","7-35","b101011010110","b011010110101","{0,2,4,5,7,9,10}","2-2-1-2-2-1-2","2,5,4,3,6,1","7-35 single orientation","achiral","anchor","anchor_A0","A","canonical_anchor","A0","0","Mars","2",true,"canonical_identity","canonical_governor_frame","canonical","canonical_A0_identity","a0_anchor","0","0","0",,,,,,,,,"canonical A0 governor registry",true,false
"scale:1721","1721","Rāga Ganavaridhi","7-29","b100111010110","b011010111001","{0,3,4,5,7,9,10}","3-1-1-2-2-1-2","3,4,4,3,5,2","7-29 orientation A","chiral","satellite","satellite_A0","SATELLITE","direct_satellite","A0","0","Mars","2",true,"inherited_unique_parent",,"inherited","A0_direct_satellite","a0_satellite","1","0","1",,,,,,,,,"unique eligible parent at governing tier",true,false
"scale:1735","1735","Navaneetam","7-Z38","b111000110110","b011011000111","{0,1,2,6,7,9,10}","1-1-4-1-2-1-2","4,3,4,4,4,2","7-Z38 orientation B","chiral","satellite","satellite_D2","SATELLITE","direct_satellite","D2","2","Venus","5",true,"inherited_unique_parent",,"inherited","D2_direct_satellite","d2_satellite","1","0","1",,,,,,,,,"direct eligible relation to 7-15 D2 anchor 1479; earlier precedence preserved",true,false
"scale:1739","1739","Rāga Sthavarajam","7-31","b110100110110","b011011001011","{0,1,3,6,7,9,10}","1-2-3-1-2-1-2","3,3,6,3,3,3","7-31 orientation A","chiral","satellite","satellite_A1","SATELLITE","direct_satellite","A1","1","Jupiter","4",true,"inherited_unique_parent",,"inherited","A1_direct_satellite","a1_satellite","1","0","0",,,,,,,,,"unique eligible parent at governing tier",true,false
"scale:1741","1741","Dorian ♯4","7-32","b101100110110","b011011001101","{0,2,3,6,7,9,10}","2-1-3-1-2-1-2","3,3,5,4,4,2","7-32 orientation A","chiral","satellite","satellite_A0","SATELLITE","direct_satellite","A0","0","Mercury","3",true,"inherited_unique_parent",,"inherited","A0_direct_satellite","a0_satellite","1","0","1",,,,,,,,,"unique eligible parent at governing tier",true,false
"scale:1747","1747","Lydian 7♭2","7-31","b110010110110","b011011010011","{0,1,4,6,7,9,10}","1-3-2-1-2-1-2","3,3,6,3,3,3","7-31 orientation B","chiral","satellite","satellite_A1","SATELLITE","direct_satellite","A1","1","Moon","1",true,"inherited_unique_parent",,"inherited","A1_direct_satellite","a1_satellite","1","0","0",,,,,,,,,"unique eligible parent at governing tier",true,false
"scale:1749","1749","Acoustic","7-34","b101010110110","b011011010101","{0,2,4,6,7,9,10}","2-2-2-1-2-1-2","2,5,4,4,4,2","7-34 single orientation","achiral","anchor","anchor_A1","A","midpoint_anchor","A1","1","Moon","1",true,"declared_midpoint","direct_achiral_midpoint","validated","validated_A1_anchor","a1_anchor","0","2","0",,,,,,,,,"validated A0 midpoint/phase-seam construction",true,false
"scale:1753","1753","Hungarian Major","7-31","b100110110110","b011011011001","{0,3,4,6,7,9,10}","3-1-2-1-2-1-2","3,3,6,3,3,3","7-31 orientation A","chiral","satellite","satellite_A1","SATELLITE","direct_satellite","A1","1","Moon","1",true,"inherited_unique_parent",,"inherited","A1_direct_satellite","a1_satellite","1","0","0",,,,,,,,,"unique eligible parent at governing tier",true,false
"scale:1763","1763","Lydian 7♭2♯3","7-Z38","b110001110110","b011011100011","{0,1,5,6,7,9,10}","1-4-1-1-2-1-2","4,3,4,4,4,2","7-Z38 orientation A","chiral","satellite","satellite_D2","SATELLITE","direct_satellite","D2","2","Sun","0",true,"inherited_unique_parent",,"inherited","D2_direct_satellite","d2_satellite","1","0","1",,,,,,,,,"direct eligible relation to 7-15 D2 anchor 2787; earlier precedence preserved",true,false
"scale:1765","1765","Lydian ♭7♯3","7-27","b101001110110","b011011100101","{0,2,5,6,7,9,10}","2-3-1-1-2-1-2","3,4,4,4,5,1","7-27 orientation A","chiral","satellite","satellite_A1","SATELLITE","direct_satellite","A1","1","Moon","1",true,"inherited_unique_parent",,"inherited","A1_direct_satellite","a1_satellite","1","0","1",,,,,,,,,"unique eligible parent at governing tier",true,false
"scale:1769","1769","Lydian ♭7♯2♯3","7-25","b100101110110","b011011101001","{0,3,5,6,7,9,10}","3-2-1-1-2-1-2","3,4,5,3,4,2","7-25 orientation A","chiral","boundary","office_junction","BOUNDARY","office_junction",,,,,false,"relational_evidence_only",,"unassigned","validated_multi_office_junction","office_junction","0","0","0",,,,,"Moon","5","{""Moon"":3,""Jupiter"":2}","{""A1"":2,""A2"":2,""D4"":1}","Established satellite contacts form a stable multi-office vector; no deterministic tie-resolution operator is declared.",true,false
"scale:1777","1777","Lydian ♭7♯3𝄪2","7-Z36","b100011110110","b011011110001","{0,4,5,6,7,9,10}","4-1-1-1-2-1-2","4,4,4,3,4,2","7-Z36 orientation A","chiral","boundary","oriented_convergence","BOUNDARY","oriented_convergence",,,,,false,"relational_evidence_only",,"unassigned","validated_oriented_convergence_office_withheld","oriented_convergence","0","0","0",,,,"Mercury",,"2","{""Mercury"":2}","{""D4"":2}","At least two independent established satellite contacts agree on one relational office; chirality prevents anchor promotion and categorical office remains withheld.",true,false
"scale:1807","1807","7-5 rooted state 1807","7-5","b111100001110","b011100001111","{0,1,2,3,8,9,10}","1-1-1-5-1-1-2","5,4,3,3,4,2","7-5 orientation B","chiral","boundary","peripheral_leaf","BOUNDARY","peripheral_leaf",,,,,false,"relational_evidence_only",,"unassigned","single_contact_peripheral_leaf","peripheral_leaf","0","0","0",,,,,,"1","{""Jupiter"":1}","{""D4"":1}","One established D4 satellite contact supplies insufficient evidence for recursive office inheritance.",false,true
"scale:1815","1815","Scale 1815","7-13","b111010001110","b011100010111","{0,1,2,4,8,9,10}","1-1-2-4-1-1-2","4,4,3,5,3,2","7-13 orientation A","chiral","satellite","satellite_D4","SATELLITE","direct_satellite","D4","4","Jupiter","4",true,"inherited_unique_parent",,"inherited","D4_direct_satellite","d4_satellite","1","0","0",,,,,,,,,"direct eligible relation to 7-Z17 D4 anchor 1831; earlier precedence preserved",true,false
"scale:1819","1819","Alt ♮6♯5","7-Z38","b110110001110","b011100011011","{0,1,3,4,8,9,10}","1-2-1-4-1-1-2","4,3,4,4,4,2","7-Z38 orientation A","chiral","satellite","satellite_D2","SATELLITE","direct_satellite","D2","2","Mercury","3",true,"inherited_unique_parent",,"inherited","D2_direct_satellite","d2_satellite","1","0","1",,,,,,,,,"direct eligible relation to 7-15 D2 anchor 1821; earlier precedence preserved",true,false
"scale:1821","1821","Dorian +♭4","7-15","b101110001110","b011100011101","{0,2,3,4,8,9,10}","2-1-1-4-1-1-2","4,4,2,4,4,3","7-15 single orientation","achiral","anchor","anchor_D2","D","same_office_convergence_anchor","D2","2","Mercury","3",true,"declared_contact_signature","satellite_mediated_same_office_convergence","validated","validated_D2_anchor","d2_anchor","0","0","2","2","{""Mercury"":2}",,,,,,,"7-15 same-office convergence from two independently agreeing A0-satellite contacts",true,false
"scale:1831","1831","Dominant +♭2𝄫3","7-Z17","b111001001110","b011100100111","{0,1,2,5,8,9,10}","1-1-3-3-1-1-2","4,3,4,5,4,1","7-Z17 single orientation","achiral","anchor","anchor_D4","D","same_office_convergence_anchor","D4","4","Jupiter","4",true,"declared_contact_signature","satellite_mediated_same_office_convergence","validated","validated_D4_anchor","d4_anchor","0","0","2","2","{""Jupiter"":2}","{""A1"":2}",,,,,,"7-Z17 same-office convergence from two established A1 satellite contacts",true,false
"scale:1835","1835","Dorian +♭2","7-27","b110101001110","b011100101011","{0,1,3,5,8,9,10}","1-2-2-3-1-1-2","3,4,4,4,5,1","7-27 orientation A","chiral","satellite","satellite_A1","SATELLITE","direct_satellite","A1","1","Jupiter","4",true,"inherited_unique_parent",,"inherited","A1_direct_satellite","a1_satellite","1","0","1",,,,,,,,,"unique eligible parent at governing tier",true,false
"scale:1837","1837","Dorian Augmented","7-29","b101101001110","b011100101101","{0,2,3,5,8,9,10}","2-1-2-3-1-1-2","3,4,4,3,5,2","7-29 orientation A","chiral","satellite","satellite_A0","SATELLITE","direct_satellite","A0","0","Mercury","3",true,"inherited_unique_parent",,"inherited","A0_direct_satellite","a0_satellite","1","0","1",,,,,,,,,"unique eligible parent at governing tier",true,false
"scale:1843","1843","7-21 rooted state 1843","7-21","b110011001110","b011100110011","{0,1,4,5,8,9,10}","1-3-1-3-1-1-2","4,2,4,6,4,1","7-21 orientation A","chiral","boundary","office_junction","BOUNDARY","office_junction",,,,,false,"relational_evidence_only",,"unassigned","validated_multi_office_junction","office_junction","0","0","0",,,,,"Mars","4","{""Sun"":1,""Mars"":2,""Jupiter"":1}","{""A0"":2,""A1"":1,""A2"":1}","Established satellite contacts form a stable multi-office vector; no deterministic tie-resolution operator is declared.",false,true
"scale:1845","1845","Mixolydian Augmented","7-30","b101011001110","b011100110101","{0,2,4,5,8,9,10}","2-2-1-3-1-1-2","3,4,3,5,4,2","7-30 orientation A","chiral","satellite","satellite_A0","SATELLITE","direct_satellite","A0","0","Mars","2",true,"inherited_unique_parent",,"inherited","A0_direct_satellite","a0_satellite","1","0","1",,,,,,,,,"unique eligible parent at governing tier",true,false
"scale:1849","1849","Rāga Dvigandharabushini","7-20","b100111001110","b011100111001","{0,3,4,5,8,9,10}","3-1-1-3-1-1-2","4,3,3,4,5,2","7-20 orientation A","chiral","satellite","satellite_D1","SATELLITE","direct_satellite","D1","1","Saturn","6",true,"inherited_unique_parent",,"inherited","D1_direct_satellite","d1_satellite","1","0","0",,,,,,,,,"direct eligible relation to 7-22 D1 anchor 2873; A0–A2 precedence preserved",true,false
"scale:1863","1863","Scale 1863","7-13","b111000101110","b011101000111","{0,1,2,6,8,9,10}","1-1-4-2-1-1-2","4,4,3,5,3,2","7-13 orientation B","chiral","satellite","satellite_D4","SATELLITE","direct_satellite","D4","4","Jupiter","4",true,"inherited_unique_parent",,"inherited","D4_direct_satellite","d4_satellite","1","0","0",,,,,,,,,"direct eligible relation to 7-Z17 D4 anchor 1831; earlier precedence preserved",true,false
"scale:1867","1867","Lydian 7+♭23","7-25","b110100101110","b011101001011","{0,1,3,6,8,9,10}","1-2-3-2-1-1-2","3,4,5,3,4,2","7-25 orientation A","chiral","boundary","office_junction","BOUNDARY","office_junction",,,,,false,"relational_evidence_only",,"unassigned","validated_multi_office_junction","office_junction","0","0","0",,,,,"Jupiter","5","{""Sun"":2,""Jupiter"":3}","{""A1"":2,""A2"":2,""D4"":1}","Established satellite contacts form a stable multi-office vector; no deterministic tie-resolution operator is declared.",true,false
"scale:1869","1869","Lydian 7+♭3","7-28","b101100101110","b011101001101","{0,2,3,6,8,9,10}","2-1-3-2-1-1-2","3,4,4,4,3,3","7-28 orientation B","chiral","satellite","satellite_A2","SATELLITE","direct_satellite","A2","2","Sun","0",true,"inherited_unique_parent",,"inherited","A2_direct_satellite","a2_satellite","1","0","0",,,,,,,,,"unique eligible parent at governing tier",true,false
"scale:1875","1875","Persichetti","7-26","b110010101110","b011101010011","{0,1,4,6,8,9,10}","1-3-2-2-1-1-2","3,4,4,5,3,2","7-26 orientation B","chiral","satellite","satellite_A2","SATELLITE","direct_satellite","A2","2","Sun","0",true,"inherited_unique_parent",,"inherited","A2_direct_satellite","a2_satellite","1","0","1",,,,,,,,,"unique eligible parent at governing tier",true,false
"scale:1877","1877","Aeroptian","7-33","b101010101110","b011101010101","{0,2,4,6,8,9,10}","2-2-2-2-1-1-2","2,6,2,6,2,3","7-33 single orientation","achiral","anchor","anchor_A2","A","midpoint_anchor","A2","2","Sun","0",true,"declared_midpoint","direct_achiral_midpoint","derived","validated_A2_anchor","a2_anchor","0","2","0",,,,,,,,,"modal-orbit transport from the declared Lydian Minor / Mars fixture",true,false
"scale:1881","1881","Lydian 7+♯2","7-28","b100110101110","b011101011001","{0,3,4,6,8,9,10}","3-1-2-2-1-1-2","3,4,4,4,3,3","7-28 orientation A","chiral","satellite","satellite_A2","SATELLITE","direct_satellite","A2","2","Sun","0",true,"inherited_unique_parent",,"inherited","A2_direct_satellite","a2_satellite","1","0","0",,,,,,,,,"unique eligible parent at governing tier",true,false
"scale:1891","1891","Hijaz Major","7-Z37","b110001101110","b011101100011","{0,1,5,6,8,9,10}","1-4-1-2-1-1-2","4,3,4,5,4,1","7-Z37 single orientation","achiral","anchor","anchor_D3","D","same_office_convergence_anchor","D3","3","Sun","0",true,"declared_contact_signature","satellite_mediated_same_office_convergence","validated","validated_D3_anchor","d3_anchor","0","0","4","4","{""Sun"":4}","{""A2"":2,""D2"":2}",,,,,,"7-Z37 dual-tier same-office convergence from two A2 and two D2 satellite contacts",true,false
"scale:1893","1893","Lydian 7+♯3","7-26","b101001101110","b011101100101","{0,2,5,6,8,9,10}","2-3-1-2-1-1-2","3,4,4,5,3,2","7-26 orientation A","chiral","satellite","satellite_A2","SATELLITE","direct_satellite","A2","2","Sun","0",true,"inherited_unique_parent",,"inherited","A2_direct_satellite","a2_satellite","1","0","1",,,,,,,,,"unique eligible parent at governing tier",true,false
"scale:1897","1897","Lydian 7+♯23","7-25","b100101101110","b011101101001","{0,3,5,6,8,9,10}","3-2-1-2-1-1-2","3,4,5,3,4,2","7-25 orientation B","chiral","boundary","office_junction","BOUNDARY","office_junction",,,,,false,"relational_evidence_only",,"unassigned","validated_multi_office_junction","office_junction","0","0","0",,,,,"Mercury","5","{""Sun"":2,""Mercury"":3}","{""A1"":2,""A2"":2,""D4"":1}","Established satellite contacts form a stable multi-office vector; no deterministic tie-resolution operator is declared.",true,false
"scale:1905","1905","Lydian 7+♯3𝄪2","7-13","b100011101110","b011101110001","{0,4,5,6,8,9,10}","4-1-1-2-1-1-2","4,4,3,5,3,2","7-13 orientation A","chiral","satellite","satellite_D4","SATELLITE","direct_satellite","D4","4","Mercury","3",true,"inherited_unique_parent",,"inherited","D4_direct_satellite","d4_satellite","1","0","0",,,,,,,,,"direct eligible relation to 7-Z17 D4 anchor 953; earlier precedence preserved",true,false
"scale:1927","1927","7-5 rooted state 1927","7-5","b111000011110","b011110000111","{0,1,2,7,8,9,10}","1-1-5-1-1-1-2","5,4,3,3,4,2","7-5 orientation A","chiral","boundary","peripheral_leaf","BOUNDARY","peripheral_leaf",,,,,false,"relational_evidence_only",,"unassigned","single_contact_peripheral_leaf","peripheral_leaf","0","0","0",,,,,,"1","{""Jupiter"":1}","{""D4"":1}","One established D4 satellite contact supplies insufficient evidence for recursive office inheritance.",false,true
"scale:1931","1931","Dorian +♭2𝄪4","7-Z36","b110100011110","b011110001011","{0,1,3,7,8,9,10}","1-2-4-1-1-1-2","4,4,4,3,4,2","7-Z36 orientation A","chiral","boundary","oriented_convergence","BOUNDARY","oriented_convergence",,,,,false,"relational_evidence_only",,"unassigned","validated_oriented_convergence_office_withheld","oriented_convergence","0","0","0",,,,"Saturn",,"2","{""Saturn"":2}","{""D4"":2}","At least two independent established satellite contacts agree on one relational office; chirality prevents anchor promotion and categorical office remains withheld.",true,false
"scale:1933","1933","Dorian +𝄪4","7-14","b101100011110","b011110001101","{0,2,3,7,8,9,10}","2-1-4-1-1-1-2","4,4,3,3,5,2","7-14 orientation A","chiral","boundary","office_junction","BOUNDARY","office_junction",,,,,false,"relational_evidence_only",,"unassigned","validated_multi_office_junction","office_junction","0","0","0",,,,,"Sun","5","{""Sun"":3,""Venus"":2}","{""A2"":2,""D2"":2,""D5"":1}","Established satellite contacts form a stable multi-office vector; no deterministic tie-resolution operator is declared.",true,false
"scale:1939","1939","Dominant +♭2𝄪4","7-16","b110010011110","b011110010011","{0,1,4,7,8,9,10}","1-3-3-1-1-1-2","4,3,5,4,3,2","7-16 orientation A","chiral","satellite","satellite_D4","SATELLITE","direct_satellite","D4","4","Saturn","6",true,"inherited_unique_parent",,"inherited","D4_direct_satellite","d4_satellite","1","0","0",,,,,,,,,"direct eligible relation to 7-Z17 D4 anchor 2963; earlier precedence preserved",true,false
"scale:1941","1941","Dominant +𝄪4","7-24","b101010011110","b011110010101","{0,2,4,7,8,9,10}","2-2-3-1-1-1-2","3,5,3,4,4,2","7-24 orientation A","chiral","satellite","satellite_A2","SATELLITE","direct_satellite","A2","2","Sun","0",true,"inherited_unique_parent",,"inherited","A2_direct_satellite","a2_satellite","1","0","1",,,,,,,,,"unique eligible parent at governing tier",true,false
"scale:1945","1945","7-Z18 rooted state 1945","7-Z18","b100110011110","b011110011001","{0,3,4,7,8,9,10}","3-1-3-1-1-1-2","4,3,4,4,4,2","7-Z18 orientation A","chiral","boundary","oriented_convergence","BOUNDARY","oriented_convergence",,,,,false,"relational_evidence_only",,"unassigned","validated_oriented_convergence_office_withheld","oriented_convergence","0","0","0",,,,"Sun",,"3","{""Sun"":3}","{""A2"":2,""D5"":1}","At least two independent established satellite contacts agree on one relational office; chirality prevents anchor promotion and categorical office remains withheld.",false,true
"scale:1955","1955","Dominant +♭2♯3𝄪4","7-11","b110001011110","b011110100011","{0,1,5,7,8,9,10}","1-4-2-1-1-1-2","4,4,4,4,4,1","7-11 orientation B","chiral","satellite","satellite_D3","SATELLITE","direct_satellite","D3","3","Sun","0",true,"inherited_unique_parent",,"inherited","D3_direct_satellite","d3_satellite","1","0","1",,,,,,,,,"direct eligible relation to 7-Z37 D3 anchor 1891; earlier precedence preserved",true,false
"scale:1957","1957","Dominant +♯3𝄪4","7-23","b101001011110","b011110100101","{0,2,5,7,8,9,10}","2-3-2-1-1-1-2","3,5,4,3,5,1","7-23 orientation A","chiral","boundary","oriented_convergence","BOUNDARY","oriented_convergence",,,,,false,"relational_evidence_only",,"unassigned","validated_oriented_convergence_office_withheld","oriented_convergence","0","0","0",,,,"Sun",,"4","{""Sun"":4}","{""A2"":2,""D3"":1,""D5"":1}","At least two independent established satellite contacts agree on one relational office; chirality prevents anchor promotion and categorical office remains withheld.",true,false
"scale:1961","1961","Dominant +♯2♯3𝄪4","7-23","b100101011110","b011110101001","{0,3,5,7,8,9,10}","3-2-2-1-1-1-2","3,5,4,3,5,1","7-23 orientation B","chiral","boundary","oriented_convergence","BOUNDARY","oriented_convergence",,,,,false,"relational_evidence_only",,"unassigned","validated_oriented_convergence_office_withheld","oriented_convergence","0","0","0",,,,"Mars",,"4","{""Mars"":4}","{""A2"":2,""D3"":1,""D5"":1}","At least two independent established satellite contacts agree on one relational office; chirality prevents anchor promotion and categorical office remains withheld.",true,false
"scale:1969","1969","Dominant +♯3𝄪2♭4","7-11","b100011011110","b011110110001","{0,4,5,7,8,9,10}","4-1-2-1-1-1-2","4,4,4,4,4,1","7-11 orientation A","chiral","satellite","satellite_D3","SATELLITE","direct_satellite","D3","3","Mars","2",true,"inherited_unique_parent",,"inherited","D3_direct_satellite","d3_satellite","1","0","1",,,,,,,,,"direct eligible relation to 7-Z37 D3 anchor 2993; earlier precedence preserved",true,false
"scale:1987","1987","7-4 rooted state 1987","7-4","b110000111110","b011111000011","{0,1,6,7,8,9,10}","1-5-1-1-1-1-2","5,4,4,3,3,2","7-4 orientation A","chiral","boundary","oriented_convergence","BOUNDARY","oriented_convergence",,,,,false,"relational_evidence_only",,"unassigned","validated_oriented_convergence_office_withheld","oriented_convergence","0","0","0",,,,"Sun",,"2","{""Sun"":2}","{""D3"":1,""D6"":1}","At least two independent established satellite contacts agree on one relational office; chirality prevents anchor promotion and categorical office remains withheld.",false,true
"scale:1989","1989","Dominant +34","7-9","b101000111110","b011111000101","{0,2,6,7,8,9,10}","2-4-1-1-1-1-2","4,5,3,4,3,2","7-9 orientation A","chiral","boundary","oriented_convergence","BOUNDARY","oriented_convergence",,,,,false,"relational_evidence_only",,"unassigned","validated_oriented_convergence_office_withheld","oriented_convergence","0","0","0",,,,"Mars",,"2","{""Mars"":2}","{""D5"":2}","At least two independent established satellite contacts agree on one relational office; chirality prevents anchor promotion and categorical office remains withheld.",true,false
"scale:1993","1993","Dominant +♯234","7-10","b100100111110","b011111001001","{0,3,6,7,8,9,10}","3-3-1-1-1-1-2","4,4,5,3,3,2","7-10 orientation A","chiral","satellite","satellite_D5","SATELLITE","direct_satellite","D5","5","Mars","2",true,"inherited_unique_parent",,"inherited","D5_direct_satellite","d5_satellite","1","0","1",,,,,,,,,"direct eligible relation to 7-Z12 D5 anchor 997; earlier precedence preserved",true,false
"scale:2001","2001","Dominant +234","7-8","b100010111110","b011111010001","{0,4,6,7,8,9,10}","4-2-1-1-1-1-2","4,5,4,4,2,2","7-8 single orientation","achiral","anchor","anchor_D6","D","same_office_convergence_anchor","D6","6","Mars","2",true,"declared_contact_signature","satellite_mediated_same_office_convergence","validated","validated_D6_anchor","d6_anchor","0","0","4","4","{""Mars"":4}","{""D5"":2,""D3"":2}",,,,,,"7-8 same-office convergence from two established D3 and two established D5 satellite contacts",true,false
"scale:2017","2017","Dominant +34♯2","7-2","b100001111110","b011111100001","{0,5,6,7,8,9,10}","5-1-1-1-1-1-2","5,5,4,3,3,1","7-2 orientation A","chiral","satellite","satellite_D6","SATELLITE","direct_satellite","D6","6","Mars","2",true,"inherited_unique_parent",,"inherited","D6_direct_satellite","d6_satellite","1","0","1",,,,,,,,,"direct eligible relation to 7-8 D6 anchor 2001; earlier precedence preserved",true,false
"scale:2111","2111","7-1 terminal cluster state 2111","7-1","b111111000001","b100000111111","{0,1,2,3,4,5,11}","1-1-1-1-1-6-1","6,5,4,3,2,1","7-1 single orientation","achiral","anchor","terminal_anchor_D7","D","terminal_convergence_anchor","D7","7","Saturn","6",true,"terminal_same_office_convergence","orientation_paired_terminal_convergence","validated","validated_D7_terminal_anchor","terminal_anchor","0","0","2","2","{""Saturn"":2}",,,,,,,"Same-office convergence from exactly two D6 / 7-2 satellites, one from each chiral orientation; no residual children.",false,true
"scale:2143","2143","Alt ♮734♭56","7-2","b111110100001","b100001011111","{0,1,2,3,4,6,11}","1-1-1-1-2-5-1","5,5,4,3,3,1","7-2 orientation A","chiral","satellite","satellite_D6","SATELLITE","direct_satellite","D6","6","Saturn","6",true,"inherited_unique_parent",,"inherited","D6_direct_satellite","d6_satellite","1","0","1",,,,,,,,,"direct eligible relation to 7-8 D6 anchor 1119; earlier precedence preserved",true,false
"scale:2159","2159","7-4 rooted state 2159","7-4","b111101100001","b100001101111","{0,1,2,3,5,6,11}","1-1-1-2-1-5-1","5,4,4,3,3,2","7-4 orientation A","chiral","boundary","oriented_convergence","BOUNDARY","oriented_convergence",,,,,false,"relational_evidence_only",,"unassigned","validated_oriented_convergence_office_withheld","oriented_convergence","0","0","0",,,,"Saturn",,"2","{""Saturn"":2}","{""D3"":1,""D6"":1}","At least two independent established satellite contacts agree on one relational office; chirality prevents anchor promotion and categorical office remains withheld.",false,true
"scale:2167","2167","7-5 rooted state 2167","7-5","b111011100001","b100001110111","{0,1,2,4,5,6,11}","1-1-2-1-1-5-1","5,4,3,3,4,2","7-5 orientation A","chiral","boundary","peripheral_leaf","BOUNDARY","peripheral_leaf",,,,,false,"relational_evidence_only",,"unassigned","single_contact_peripheral_leaf","peripheral_leaf","0","0","0",,,,,,"1","{""Venus"":1}","{""D4"":1}","One established D4 satellite contact supplies insufficient evidence for recursive office inheritance.",false,true
"scale:2171","2171","7-5 rooted state 2171","7-5","b110111100001","b100001111011","{0,1,3,4,5,6,11}","1-2-1-1-1-5-1","5,4,3,3,4,2","7-5 orientation B","chiral","boundary","peripheral_leaf","BOUNDARY","peripheral_leaf",,,,,false,"relational_evidence_only",,"unassigned","single_contact_peripheral_leaf","peripheral_leaf","0","0","0",,,,,,"1","{""Sun"":1}","{""D4"":1}","One established D4 satellite contact supplies insufficient evidence for recursive office inheritance.",false,true
"scale:2173","2173","7-4 rooted state 2173","7-4","b101111100001","b100001111101","{0,2,3,4,5,6,11}","2-1-1-1-1-5-1","5,4,4,3,3,2","7-4 orientation B","chiral","boundary","oriented_convergence","BOUNDARY","oriented_convergence",,,,,false,"relational_evidence_only",,"unassigned","validated_oriented_convergence_office_withheld","oriented_convergence","0","0","0",,,,"Saturn",,"2","{""Saturn"":2}","{""D3"":1,""D6"":1}","At least two independent established satellite contacts agree on one relational office; chirality prevents anchor promotion and categorical office remains withheld.",false,true
"scale:2207","2207","7-3 rooted state 2207","7-3","b111110010001","b100010011111","{0,1,2,3,4,7,11}","1-1-1-1-3-4-1","5,4,4,4,3,1","7-3 orientation A","chiral","boundary","oriented_convergence","BOUNDARY","oriented_convergence",,,,,false,"relational_evidence_only",,"unassigned","validated_oriented_convergence_office_withheld","oriented_convergence","0","0","0",,,,"Saturn",,"2","{""Saturn"":2}","{""D5"":1,""D6"":1}","At least two independent established satellite contacts agree on one relational office; chirality prevents anchor promotion and categorical office remains withheld.",false,true
"scale:2223","2223","Arcadian Minor","7-9","b111101010001","b100010101111","{0,1,2,3,5,7,11}","1-1-1-2-2-4-1","4,5,3,4,3,2","7-9 orientation A","chiral","boundary","oriented_convergence","BOUNDARY","oriented_convergence",,,,,false,"relational_evidence_only",,"unassigned","validated_oriented_convergence_office_withheld","oriented_convergence","0","0","0",,,,"Moon",,"2","{""Moon"":2}","{""D5"":2}","At least two independent established satellite contacts agree on one relational office; chirality prevents anchor promotion and categorical office remains withheld.",true,false
"scale:2231","2231","Arcadian","7-Z36","b111011010001","b100010110111","{0,1,2,4,5,7,11}","1-1-2-1-2-4-1","4,4,4,3,4,2","7-Z36 orientation A","chiral","boundary","oriented_convergence","BOUNDARY","oriented_convergence",,,,,false,"relational_evidence_only",,"unassigned","validated_oriented_convergence_office_withheld","oriented_convergence","0","0","0",,,,"Sun",,"2","{""Sun"":2}","{""D4"":2}","At least two independent established satellite contacts agree on one relational office; chirality prevents anchor promotion and categorical office remains withheld.",true,false
"scale:2235","2235","Exotic Minor","7-13","b110111010001","b100010111011","{0,1,3,4,5,7,11}","1-2-1-1-2-4-1","4,4,3,5,3,2","7-13 orientation A","chiral","satellite","satellite_D4","SATELLITE","direct_satellite","D4","4","Sun","0",true,"inherited_unique_parent",,"inherited","D4_direct_satellite","d4_satellite","1","0","0",,,,,,,,,"direct eligible relation to 7-Z17 D4 anchor 2363; earlier precedence preserved",true,false
"scale:2237","2237","Alt ♮27♭♭56","7-11","b101111010001","b100010111101","{0,2,3,4,5,7,11}","2-1-1-1-2-4-1","4,4,4,4,4,1","7-11 orientation A","chiral","satellite","satellite_D3","SATELLITE","direct_satellite","D3","3","Saturn","6",true,"inherited_unique_parent",,"inherited","D3_direct_satellite","d3_satellite","1","0","1",,,,,,,,,"direct eligible relation to 7-Z37 D3 anchor 2269; earlier precedence preserved",true,false
"scale:2255","2255","Alt ♮7346","7-6","b111100110001","b100011001111","{0,1,2,3,6,7,11}","1-1-1-3-1-4-1","5,3,3,4,4,2","7-6 orientation A","chiral","satellite","satellite_D5","SATELLITE","direct_satellite","D5","5","Moon","1",true,"inherited_unique_parent",,"inherited","D5_direct_satellite","d5_satellite","1","0","0",,,,,,,,,"direct eligible relation to 7-Z12 D5 anchor 2383; earlier precedence preserved",true,false
"scale:2263","2263","Phlegmatic Minor","7-14","b111010110001","b100011010111","{0,1,2,4,6,7,11}","1-1-2-2-1-4-1","4,4,3,3,5,2","7-14 orientation A","chiral","boundary","office_junction","BOUNDARY","office_junction",,,,,false,"relational_evidence_only",,"unassigned","validated_multi_office_junction","office_junction","0","0","0",,,,,"Moon","5","{""Moon"":3,""Saturn"":2}","{""A2"":2,""D2"":2,""D5"":1}","Established satellite contacts form a stable multi-office vector; no deterministic tie-resolution operator is declared.",true,false
"scale:2267","2267","Scale 2267","7-Z38","b110110110001","b100011011011","{0,1,3,4,6,7,11}","1-2-1-2-1-4-1","4,3,4,4,4,2","7-Z38 orientation A","chiral","satellite","satellite_D2","SATELLITE","direct_satellite","D2","2","Saturn","6",true,"inherited_unique_parent",,"inherited","D2_direct_satellite","d2_satellite","1","0","1",,,,,,,,,"direct eligible relation to 7-15 D2 anchor 2283; earlier precedence preserved",true,false
"scale:2269","2269","Nomadic Minor","7-Z37","b101110110001","b100011011101","{0,2,3,4,6,7,11}","2-1-1-2-1-4-1","4,3,4,5,4,1","7-Z37 single orientation","achiral","anchor","anchor_D3","D","same_office_convergence_anchor","D3","3","Saturn","6",true,"declared_contact_signature","satellite_mediated_same_office_convergence","validated","validated_D3_anchor","d3_anchor","0","0","4","4","{""Saturn"":4}","{""D2"":2,""A2"":2}",,,,,,"7-Z37 dual-tier same-office convergence from two A2 and two D2 satellite contacts",true,false
"scale:2279","2279","Scale 2279","7-7","b111001110001","b100011100111","{0,1,2,5,6,7,11}","1-1-3-1-1-4-1","5,3,2,3,5,3","7-7 orientation A","chiral","satellite","satellite_D2","SATELLITE","direct_satellite","D2","2","Saturn","6",true,"inherited_unique_parent",,"inherited","D2_direct_satellite","d2_satellite","1","0","0",,,,,,,,,"direct eligible relation to 7-15 D2 anchor 2283; earlier precedence preserved",true,false
"scale:2283","2283","Pacific Minor","7-15","b110101110001","b100011101011","{0,1,3,5,6,7,11}","1-2-2-1-1-4-1","4,4,2,4,4,3","7-15 single orientation","achiral","anchor","anchor_D2","D","same_office_convergence_anchor","D2","2","Saturn","6",true,"declared_contact_signature","satellite_mediated_same_office_convergence","validated","validated_D2_anchor","d2_anchor","0","0","2","2","{""Saturn"":2}",,,,,,,"7-15 same-office convergence from two independently agreeing A0-satellite contacts",true,false
"scale:2285","2285","Supine","7-Z38","b101101110001","b100011101101","{0,2,3,5,6,7,11}","2-1-2-1-1-4-1","4,3,4,4,4,2","7-Z38 orientation B","chiral","satellite","satellite_D2","SATELLITE","direct_satellite","D2","2","Saturn","6",true,"inherited_unique_parent",,"inherited","D2_direct_satellite","d2_satellite","1","0","1",,,,,,,,,"direct eligible relation to 7-15 D2 anchor 2283; earlier precedence preserved",true,false
"scale:2291","2291","Scale 2291","7-7","b110011110001","b100011110011","{0,1,4,5,6,7,11}","1-3-1-1-1-4-1","5,3,2,3,5,3","7-7 orientation B","chiral","satellite","satellite_D2","SATELLITE","direct_satellite","D2","2","Saturn","6",true,"inherited_unique_parent",,"inherited","D2_direct_satellite","d2_satellite","1","0","0",,,,,,,,,"direct eligible relation to 7-15 D2 anchor 2283; earlier precedence preserved",true,false
"scale:2293","2293","Bucolic","7-14","b101011110001","b100011110101","{0,2,4,5,6,7,11}","2-2-1-1-1-4-1","4,4,3,3,5,2","7-14 orientation B","chiral","boundary","office_junction","BOUNDARY","office_junction",,,,,false,"relational_evidence_only",,"unassigned","validated_multi_office_junction","office_junction","0","0","0",,,,,"Jupiter","5","{""Jupiter"":3,""Saturn"":2}","{""A2"":2,""D2"":2,""D5"":1}","Established satellite contacts form a stable multi-office vector; no deterministic tie-resolution operator is declared.",true,false
"scale:2297","2297","Raghupriya V","7-6","b100111110001","b100011111001","{0,3,4,5,6,7,11}","3-1-1-1-1-4-1","5,3,3,4,4,2","7-6 orientation B","chiral","satellite","satellite_D5","SATELLITE","direct_satellite","D5","5","Jupiter","4",true,"inherited_unique_parent",,"inherited","D5_direct_satellite","d5_satellite","1","0","0",,,,,,,,,"direct eligible relation to 7-Z12 D5 anchor 1273; earlier precedence preserved",true,false
"scale:2335","2335","7-3 rooted state 2335","7-3","b111110001001","b100100011111","{0,1,2,3,4,8,11}","1-1-1-1-4-3-1","5,4,4,4,3,1","7-3 orientation B","chiral","boundary","oriented_convergence","BOUNDARY","oriented_convergence",,,,,false,"relational_evidence_only",,"unassigned","validated_oriented_convergence_office_withheld","oriented_convergence","0","0","0",,,,"Moon",,"2","{""Moon"":2}","{""D5"":1,""D6"":1}","At least two independent established satellite contacts agree on one relational office; chirality prevents anchor promotion and categorical office remains withheld.",false,true
"scale:2351","2351","Alt ♮7345","7-10","b111101001001","b100100101111","{0,1,2,3,5,8,11}","1-1-1-2-3-3-1","4,4,5,3,3,2","7-10 orientation A","chiral","satellite","satellite_D5","SATELLITE","direct_satellite","D5","5","Moon","1",true,"inherited_unique_parent",,"inherited","D5_direct_satellite","d5_satellite","1","0","1",,,,,,,,,"direct eligible relation to 7-Z12 D5 anchor 2383; earlier precedence preserved",true,false
"scale:2359","2359","Unorthodox Minor","7-16","b111011001001","b100100110111","{0,1,2,4,5,8,11}","1-1-2-1-3-3-1","4,3,5,4,3,2","7-16 orientation A","chiral","satellite","satellite_D4","SATELLITE","direct_satellite","D4","4","Sun","0",true,"inherited_unique_parent",,"inherited","D4_direct_satellite","d4_satellite","1","0","0",,,,,,,,,"direct eligible relation to 7-Z17 D4 anchor 2363; earlier precedence preserved",true,false
"scale:2363","2363","Unorthodox","7-Z17","b110111001001","b100100111011","{0,1,3,4,5,8,11}","1-2-1-1-3-3-1","4,3,4,5,4,1","7-Z17 single orientation","achiral","anchor","anchor_D4","D","same_office_convergence_anchor","D4","4","Sun","0",true,"declared_contact_signature","satellite_mediated_same_office_convergence","validated","validated_D4_anchor","d4_anchor","0","0","2","2","{""Sun"":2}","{""A1"":2}",,,,,,"7-Z17 same-office convergence from two established A1 satellite contacts",true,false
"scale:2365","2365","Alt ♮27𝄫5","7-16","b101111001001","b100100111101","{0,2,3,4,5,8,11}","2-1-1-1-3-3-1","4,3,5,4,3,2","7-16 orientation B","chiral","satellite","satellite_D4","SATELLITE","direct_satellite","D4","4","Sun","0",true,"inherited_unique_parent",,"inherited","D4_direct_satellite","d4_satellite","1","0","0",,,,,,,,,"direct eligible relation to 7-Z17 D4 anchor 2363; earlier precedence preserved",true,false
"scale:2383","2383","Alt ♮734","7-Z12","b111100101001","b100101001111","{0,1,2,3,6,8,11}","1-1-1-3-2-3-1","4,4,4,3,4,2","7-Z12 single orientation","achiral","anchor","anchor_D5","D","same_office_convergence_anchor","D5","5","Moon","1",true,"declared_contact_signature","satellite_mediated_same_office_convergence","validated","validated_D5_anchor","d5_anchor","0","0","2","2","{""Moon"":2}","{""A2"":2}",,,,,,"7-Z12 same-office convergence from two established A2 satellite contacts",true,false
"scale:2391","2391","Phlegmatic","7-24","b111010101001","b100101010111","{0,1,2,4,6,8,11}","1-1-2-2-2-3-1","3,5,3,4,4,2","7-24 orientation A","chiral","satellite","satellite_A2","SATELLITE","direct_satellite","A2","2","Moon","1",true,"inherited_unique_parent",,"inherited","A2_direct_satellite","a2_satellite","1","0","1",,,,,,,,,"unique eligible parent at governing tier",true,false
"scale:2395","2395","Alt ♮7","7-27","b110110101001","b100101011011","{0,1,3,4,6,8,11}","1-2-1-2-2-3-1","3,4,4,4,5,1","7-27 orientation A","chiral","satellite","satellite_A1","SATELLITE","direct_satellite","A1","1","Sun","0",true,"inherited_unique_parent",,"inherited","A1_direct_satellite","a1_satellite","1","0","1",,,,,,,,,"unique eligible parent at governing tier",true,false
"scale:2397","2397","Eccentric","7-26","b101110101001","b100101011101","{0,2,3,4,6,8,11}","2-1-1-2-2-3-1","3,4,4,5,3,2","7-26 orientation A","chiral","satellite","satellite_A2","SATELLITE","direct_satellite","A2","2","Saturn","6",true,"inherited_unique_parent",,"inherited","A2_direct_satellite","a2_satellite","1","0","1",,,,,,,,,"unique eligible parent at governing tier",true,false
"scale:2407","2407","7-19 rooted state 2407","7-19","b111001101001","b100101100111","{0,1,2,5,6,8,11}","1-1-3-1-2-3-1","4,3,4,3,4,3","7-19 orientation A","chiral","boundary","office_junction","BOUNDARY","office_junction",,,,,false,"relational_evidence_only",,"unassigned","validated_multi_office_junction","office_junction","0","0","0",,,,,"Saturn","4","{""Moon"":1,""Saturn"":3}","{""A0"":2,""A2"":1,""D2"":1}","Established satellite contacts form a stable multi-office vector; no deterministic tie-resolution operator is declared.",false,true
"scale:2411","2411","Locrian ♮7","7-29","b110101101001","b100101101011","{0,1,3,5,6,8,11}","1-2-2-1-2-3-1","3,4,4,3,5,2","7-29 orientation A","chiral","satellite","satellite_A0","SATELLITE","direct_satellite","A0","0","Saturn","6",true,"inherited_unique_parent",,"inherited","A0_direct_satellite","a0_satellite","1","0","1",,,,,,,,,"unique eligible parent at governing tier",true,false
"scale:2413","2413","Harmonic Minor ♭5","7-31","b101101101001","b100101101101","{0,2,3,5,6,8,11}","2-1-2-1-2-3-1","3,3,6,3,3,3","7-31 orientation A","chiral","satellite","satellite_A1","SATELLITE","direct_satellite","A1","1","Venus","5",true,"inherited_unique_parent",,"inherited","A1_direct_satellite","a1_satellite","1","0","0",,,,,,,,,"unique eligible parent at governing tier",true,false
"scale:2419","2419","Rāga Suddha Pancama","7-20","b110011101001","b100101110011","{0,1,4,5,6,8,11}","1-3-1-1-2-3-1","4,3,3,4,5,2","7-20 orientation A","chiral","satellite","satellite_D1","SATELLITE","direct_satellite","D1","1","Mercury","3",true,"inherited_unique_parent",,"inherited","D1_direct_satellite","d1_satellite","1","0","0",,,,,,,,,"direct eligible relation to 7-22 D1 anchor 2483; A0–A2 precedence preserved",true,false
"scale:2421","2421","Harmonic Major ♭5","7-28","b101011101001","b100101110101","{0,2,4,5,6,8,11}","2-2-1-1-2-3-1","3,4,4,4,3,3","7-28 orientation A","chiral","satellite","satellite_A2","SATELLITE","direct_satellite","A2","2","Jupiter","4",true,"inherited_unique_parent",,"inherited","A2_direct_satellite","a2_satellite","1","0","0",,,,,,,,,"unique eligible parent at governing tier",true,false
"scale:2425","2425","Scale 2425","7-Z18","b100111101001","b100101111001","{0,3,4,5,6,8,11}","3-1-1-1-2-3-1","4,3,4,4,4,2","7-Z18 orientation A","chiral","boundary","oriented_convergence","BOUNDARY","oriented_convergence",,,,,false,"relational_evidence_only",,"unassigned","validated_oriented_convergence_office_withheld","oriented_convergence","0","0","0",,,,"Jupiter",,"3","{""Jupiter"":3}","{""A2"":2,""D5"":1}","At least two independent established satellite contacts agree on one relational office; chirality prevents anchor promotion and categorical office remains withheld.",true,false
"scale:2447","2447","Alt ♮5734","7-6","b111100011001","b100110001111","{0,1,2,3,7,8,11}","1-1-1-4-1-3-1","5,3,3,4,4,2","7-6 orientation B","chiral","satellite","satellite_D5","SATELLITE","direct_satellite","D5","5","Moon","1",true,"inherited_unique_parent",,"inherited","D5_direct_satellite","d5_satellite","1","0","0",,,,,,,,,"direct eligible relation to 7-Z12 D5 anchor 2383; earlier precedence preserved",true,false
"scale:2455","2455","7-Z18 rooted state 2455","7-Z18","b111010011001","b100110010111","{0,1,2,4,7,8,11}","1-1-2-3-1-3-1","4,3,4,4,4,2","7-Z18 orientation A","chiral","boundary","oriented_convergence","BOUNDARY","oriented_convergence",,,,,false,"relational_evidence_only",,"unassigned","validated_oriented_convergence_office_withheld","oriented_convergence","0","0","0",,,,"Moon",,"3","{""Moon"":3}","{""A2"":2,""D5"":1}","At least two independent established satellite contacts agree on one relational office; chirality prevents anchor promotion and categorical office remains withheld.",false,true
"scale:2459","2459","7-21 rooted state 2459","7-21","b110110011001","b100110011011","{0,1,3,4,7,8,11}","1-2-1-3-1-3-1","4,2,4,6,4,1","7-21 orientation A","chiral","boundary","office_junction","BOUNDARY","office_junction",,,,,false,"relational_evidence_only",,"unassigned","validated_multi_office_junction","office_junction","0","0","0",,,,,"Venus","4","{""Sun"":1,""Mercury"":1,""Venus"":2}","{""A0"":2,""A1"":1,""A2"":1}","Established satellite contacts form a stable multi-office vector; no deterministic tie-resolution operator is declared.",false,true
"scale:2461","2461","7-21 rooted state 2461","7-21","b101110011001","b100110011101","{0,2,3,4,7,8,11}","2-1-1-3-1-3-1","4,2,4,6,4,1","7-21 orientation B","chiral","boundary","office_junction","BOUNDARY","office_junction",,,,,false,"relational_evidence_only",,"unassigned","validated_multi_office_junction","office_junction","0","0","0",,,,,"Jupiter","4","{""Mars"":1,""Jupiter"":2,""Saturn"":1}","{""A0"":2,""A1"":1,""A2"":1}","Established satellite contacts form a stable multi-office vector; no deterministic tie-resolution operator is declared.",false,true
"scale:2471","2471","7-19 rooted state 2471","7-19","b111001011001","b100110100111","{0,1,2,5,7,8,11}","1-1-3-2-1-3-1","4,3,4,3,4,3","7-19 orientation B","chiral","boundary","office_junction","BOUNDARY","office_junction",,,,,false,"relational_evidence_only",,"unassigned","validated_multi_office_junction","office_junction","0","0","0",,,,,"Venus","4","{""Mercury"":1,""Venus"":3}","{""A0"":2,""A2"":1,""D2"":1}","Established satellite contacts form a stable multi-office vector; no deterministic tie-resolution operator is declared.",false,true
"scale:2475","2475","Neapolitan Minor","7-30","b110101011001","b100110101011","{0,1,3,5,7,8,11}","1-2-2-2-1-3-1","3,4,3,5,4,2","7-30 orientation A","chiral","satellite","satellite_A0","SATELLITE","direct_satellite","A0","0","Venus","5",true,"inherited_unique_parent",,"inherited","A0_direct_satellite","a0_satellite","1","0","1",,,,,,,,,"unique eligible parent at governing tier",true,false
"scale:2477","2477","Harmonic Minor","7-32","b101101011001","b100110101101","{0,2,3,5,7,8,11}","2-1-2-2-1-3-1","3,3,5,4,4,2","7-32 orientation A","chiral","satellite","satellite_A0","SATELLITE","direct_satellite","A0","0","Jupiter","4",true,"inherited_unique_parent",,"inherited","A0_direct_satellite","a0_satellite","1","0","1",,,,,,,,,"unique eligible parent at governing tier",true,false
"scale:2483","2483","Double Harmonic","7-22","b110011011001","b100110110011","{0,1,4,5,7,8,11}","1-3-1-2-1-3-1","4,2,4,5,4,2","7-22 single orientation","achiral","anchor","anchor_D1","D","diagonal_anchor","D1","1","Mercury","3",true,"declared_contact_signature","satellite_mediated_diagonal","validated","validated_D1_anchor","d1_anchor","0","0","4","4","{""Moon"":2,""Venus"":2}","{""A0"":4}",,,,,,"7-22 second-order midpoint from symmetric A0-satellite contacts at g−2 and g+2",true,false
"scale:2485","2485","Harmonic Major","7-32","b101011011001","b100110110101","{0,2,4,5,7,8,11}","2-2-1-2-1-3-1","3,3,5,4,4,2","7-32 orientation B","chiral","satellite","satellite_A0","SATELLITE","direct_satellite","A0","0","Moon","1",true,"inherited_unique_parent",,"inherited","A0_direct_satellite","a0_satellite","1","0","1",,,,,,,,,"unique eligible parent at governing tier",true,false
"scale:2489","2489","Scale 2489","7-21","b100111011001","b100110111001","{0,3,4,5,7,8,11}","3-1-1-2-1-3-1","4,2,4,6,4,1","7-21 orientation A","chiral","boundary","office_junction","BOUNDARY","office_junction",,,,,false,"relational_evidence_only",,"unassigned","validated_multi_office_junction","office_junction","0","0","0",,,,,"Moon","4","{""Moon"":2,""Mercury"":1,""Saturn"":1}","{""A0"":2,""A1"":1,""A2"":1}","Established satellite contacts form a stable multi-office vector; no deterministic tie-resolution operator is declared.",true,false
"scale:2503","2503","Scale 2503","7-7","b111000111001","b100111000111","{0,1,2,6,7,8,11}","1-1-4-1-1-3-1","5,3,2,3,5,3","7-7 orientation B","chiral","satellite","satellite_D2","SATELLITE","direct_satellite","D2","2","Venus","5",true,"inherited_unique_parent",,"inherited","D2_direct_satellite","d2_satellite","1","0","0",,,,,,,,,"direct eligible relation to 7-15 D2 anchor 1479; earlier precedence preserved",true,false
"scale:2507","2507","Chromatic Lydian Inverse","7-20","b110100111001","b100111001011","{0,1,3,6,7,8,11}","1-2-3-1-1-3-1","4,3,3,4,5,2","7-20 orientation A","chiral","satellite","satellite_D1","SATELLITE","direct_satellite","D1","1","Mars","2",true,"inherited_unique_parent",,"inherited","D1_direct_satellite","d1_satellite","1","0","0",,,,,,,,,"direct eligible relation to 7-22 D1 anchor 2509; A0–A2 precedence preserved",true,false
"scale:2509","2509","Double Harmonic Minor","7-22","b101100111001","b100111001101","{0,2,3,6,7,8,11}","2-1-3-1-1-3-1","4,2,4,5,4,2","7-22 single orientation","achiral","anchor","anchor_D1","D","diagonal_anchor","D1","1","Mars","2",true,"declared_contact_signature","satellite_mediated_diagonal","validated","validated_D1_anchor","d1_anchor","0","0","4","4","{""Sun"":2,""Jupiter"":2}","{""A0"":4}",,,,,,"7-22 second-order midpoint from symmetric A0-satellite contacts at g−2 and g+2",true,false
"scale:2515","2515","Chromatic Hypolydian","7-20","b110010111001","b100111010011","{0,1,4,6,7,8,11}","1-3-2-1-1-3-1","4,3,3,4,5,2","7-20 orientation B","chiral","satellite","satellite_D1","SATELLITE","direct_satellite","D1","1","Mercury","3",true,"inherited_unique_parent",,"inherited","D1_direct_satellite","d1_satellite","1","0","0",,,,,,,,,"direct eligible relation to 7-22 D1 anchor 2483; A0–A2 precedence preserved",true,false
"scale:2517","2517","Lydian Harmonic Major","7-30","b101010111001","b100111010101","{0,2,4,6,7,8,11}","2-2-2-1-1-3-1","3,4,3,5,4,2","7-30 orientation B","chiral","satellite","satellite_A0","SATELLITE","direct_satellite","A0","0","Sun","0",true,"inherited_unique_parent",,"inherited","A0_direct_satellite","a0_satellite","1","0","1",,,,,,,,,"unique eligible parent at governing tier",true,false
"scale:2521","2521","Scale 2521","7-21","b100110111001","b100111011001","{0,3,4,6,7,8,11}","3-1-2-1-1-3-1","4,2,4,6,4,1","7-21 orientation B","chiral","boundary","office_junction","BOUNDARY","office_junction",,,,,false,"relational_evidence_only",,"unassigned","validated_multi_office_junction","office_junction","0","0","0",,,,,"Sun","4","{""Sun"":2,""Mars"":1,""Venus"":1}","{""A0"":2,""A1"":1,""A2"":1}","Established satellite contacts form a stable multi-office vector; no deterministic tie-resolution operator is declared.",true,false
"scale:2531","2531","Scale 2531","7-7","b110001111001","b100111100011","{0,1,5,6,7,8,11}","1-4-1-1-1-3-1","5,3,2,3,5,3","7-7 orientation A","chiral","satellite","satellite_D2","SATELLITE","direct_satellite","D2","2","Sun","0",true,"inherited_unique_parent",,"inherited","D2_direct_satellite","d2_satellite","1","0","0",,,,,,,,,"direct eligible relation to 7-15 D2 anchor 2787; earlier precedence preserved",true,false
"scale:2533","2533","7-19 rooted state 2533","7-19","b101001111001","b100111100101","{0,2,5,6,7,8,11}","2-3-1-1-1-3-1","4,3,4,3,4,3","7-19 orientation A","chiral","boundary","office_junction","BOUNDARY","office_junction",,,,,false,"relational_evidence_only",,"unassigned","validated_multi_office_junction","office_junction","0","0","0",,,,,"Sun","4","{""Sun"":3,""Mars"":1}","{""A0"":2,""A2"":1,""D2"":1}","Established satellite contacts form a stable multi-office vector; no deterministic tie-resolution operator is declared.",false,true
"scale:2537","2537","Scale 2537","7-Z18","b100101111001","b100111101001","{0,3,5,6,7,8,11}","3-2-1-1-1-3-1","4,3,4,4,4,2","7-Z18 orientation B","chiral","boundary","oriented_convergence","BOUNDARY","oriented_convergence",,,,,false,"relational_evidence_only",,"unassigned","validated_oriented_convergence_office_withheld","oriented_convergence","0","0","0",,,,"Jupiter",,"3","{""Jupiter"":3}","{""A2"":2,""D5"":1}","At least two independent established satellite contacts agree on one relational office; chirality prevents anchor promotion and categorical office remains withheld.",true,false
"scale:2545","2545","Lydian 2♯3♭6","7-6","b100011111001","b100111110001","{0,4,5,6,7,8,11}","4-1-1-1-1-3-1","5,3,3,4,4,2","7-6 orientation A","chiral","satellite","satellite_D5","SATELLITE","direct_satellite","D5","5","Jupiter","4",true,"inherited_unique_parent",,"inherited","D5_direct_satellite","d5_satellite","1","0","0",,,,,,,,,"direct eligible relation to 7-Z12 D5 anchor 1273; earlier precedence preserved",true,false
"scale:2591","2591","Quixotic","7-2","b111110000101","b101000011111","{0,1,2,3,4,9,11}","1-1-1-1-5-2-1","5,5,4,3,3,1","7-2 orientation B","chiral","satellite","satellite_D6","SATELLITE","direct_satellite","D6","6","Moon","1",true,"inherited_unique_parent",,"inherited","D6_direct_satellite","d6_satellite","1","0","1",,,,,,,,,"direct eligible relation to 7-8 D6 anchor 2607; earlier precedence preserved",true,false
"scale:2607","2607","Alt ♮67345","7-8","b111101000101","b101000101111","{0,1,2,3,5,9,11}","1-1-1-2-4-2-1","4,5,4,4,2,2","7-8 single orientation","achiral","anchor","anchor_D6","D","same_office_convergence_anchor","D6","6","Moon","1",true,"declared_contact_signature","satellite_mediated_same_office_convergence","validated","validated_D6_anchor","d6_anchor","0","0","4","4","{""Moon"":4}","{""D3"":2,""D5"":2}",,,,,,"7-8 same-office convergence from two established D3 and two established D5 satellite contacts",true,false
"scale:2615","2615","Alt ♮67♭♭35","7-11","b111011000101","b101000110111","{0,1,2,4,5,9,11}","1-1-2-1-4-2-1","4,4,4,4,4,1","7-11 orientation B","chiral","satellite","satellite_D3","SATELLITE","direct_satellite","D3","3","Moon","1",true,"inherited_unique_parent",,"inherited","D3_direct_satellite","d3_satellite","1","0","1",,,,,,,,,"direct eligible relation to 7-Z37 D3 anchor 1591; earlier precedence preserved",true,false
"scale:2619","2619","Alt ♮675","7-13","b110111000101","b101000111011","{0,1,3,4,5,9,11}","1-2-1-1-4-2-1","4,4,3,5,3,2","7-13 orientation B","chiral","satellite","satellite_D4","SATELLITE","direct_satellite","D4","4","Sun","0",true,"inherited_unique_parent",,"inherited","D4_direct_satellite","d4_satellite","1","0","0",,,,,,,,,"direct eligible relation to 7-Z17 D4 anchor 2363; earlier precedence preserved",true,false
"scale:2621","2621","Euphoric","7-Z36","b101111000101","b101000111101","{0,2,3,4,5,9,11}","2-1-1-1-4-2-1","4,4,4,3,4,2","7-Z36 orientation B","chiral","boundary","oriented_convergence","BOUNDARY","oriented_convergence",,,,,false,"relational_evidence_only",,"unassigned","validated_oriented_convergence_office_withheld","oriented_convergence","0","0","0",,,,"Sun",,"2","{""Sun"":2}","{""D4"":2}","At least two independent established satellite contacts agree on one relational office; chirality prevents anchor promotion and categorical office remains withheld.",true,false
"scale:2639","2639","Alt ♮6734","7-10","b111100100101","b101001001111","{0,1,2,3,6,9,11}","1-1-1-3-3-2-1","4,4,5,3,3,2","7-10 orientation B","chiral","satellite","satellite_D5","SATELLITE","direct_satellite","D5","5","Moon","1",true,"inherited_unique_parent",,"inherited","D5_direct_satellite","d5_satellite","1","0","1",,,,,,,,,"direct eligible relation to 7-Z12 D5 anchor 2383; earlier precedence preserved",true,false
"scale:2647","2647","Bohemian","7-23","b111010100101","b101001010111","{0,1,2,4,6,9,11}","1-1-2-2-3-2-1","3,5,4,3,5,1","7-23 orientation A","chiral","boundary","oriented_convergence","BOUNDARY","oriented_convergence",,,,,false,"relational_evidence_only",,"unassigned","validated_oriented_convergence_office_withheld","oriented_convergence","0","0","0",,,,"Moon",,"4","{""Moon"":4}","{""A2"":2,""D3"":1,""D5"":1}","At least two independent established satellite contacts agree on one relational office; chirality prevents anchor promotion and categorical office remains withheld.",true,false
"scale:2651","2651","7-25 rooted state 2651","7-25","b110110100101","b101001011011","{0,1,3,4,6,9,11}","1-2-1-2-3-2-1","3,4,5,3,4,2","7-25 orientation A","chiral","boundary","office_junction","BOUNDARY","office_junction",,,,,false,"relational_evidence_only",,"unassigned","validated_multi_office_junction","office_junction","0","0","0",,,,,"Sun","5","{""Sun"":3,""Mercury"":2}","{""A1"":2,""A2"":2,""D4"":1}","Established satellite contacts form a stable multi-office vector; no deterministic tie-resolution operator is declared.",false,true
"scale:2653","2653","Nomadic","7-25","b101110100101","b101001011101","{0,2,3,4,6,9,11}","2-1-1-2-3-2-1","3,4,5,3,4,2","7-25 orientation B","chiral","boundary","office_junction","BOUNDARY","office_junction",,,,,false,"relational_evidence_only",,"unassigned","validated_multi_office_junction","office_junction","0","0","0",,,,,"Mars","5","{""Mars"":3,""Saturn"":2}","{""A1"":2,""A2"":2,""D4"":1}","Established satellite contacts form a stable multi-office vector; no deterministic tie-resolution operator is declared.",true,false
"scale:2663","2663","7-Z18 rooted state 2663","7-Z18","b111001100101","b101001100111","{0,1,2,5,6,9,11}","1-1-3-1-3-2-1","4,3,4,4,4,2","7-Z18 orientation B","chiral","boundary","oriented_convergence","BOUNDARY","oriented_convergence",,,,,false,"relational_evidence_only",,"unassigned","validated_oriented_convergence_office_withheld","oriented_convergence","0","0","0",,,,"Mercury",,"3","{""Mercury"":3}","{""A2"":2,""D5"":1}","At least two independent established satellite contacts agree on one relational office; chirality prevents anchor promotion and categorical office remains withheld.",false,true
"scale:2667","2667","Neapolitan Major ♭5","7-28","b110101100101","b101001101011","{0,1,3,5,6,9,11}","1-2-2-1-3-2-1","3,4,4,4,3,3","7-28 orientation B","chiral","satellite","satellite_A2","SATELLITE","direct_satellite","A2","2","Mercury","3",true,"inherited_unique_parent",,"inherited","A2_direct_satellite","a2_satellite","1","0","0",,,,,,,,,"unique eligible parent at governing tier",true,false
"scale:2669","2669","Jeths' Mode","7-31","b101101100101","b101001101101","{0,2,3,5,6,9,11}","2-1-2-1-3-2-1","3,3,6,3,3,3","7-31 orientation B","chiral","satellite","satellite_A1","SATELLITE","direct_satellite","A1","1","Mars","2",true,"inherited_unique_parent",,"inherited","A1_direct_satellite","a1_satellite","1","0","0",,,,,,,,,"unique eligible parent at governing tier",true,false
"scale:2675","2675","Chromatic Lydian","7-20","b110011100101","b101001110011","{0,1,4,5,6,9,11}","1-3-1-1-3-2-1","4,3,3,4,5,2","7-20 orientation B","chiral","satellite","satellite_D1","SATELLITE","direct_satellite","D1","1","Jupiter","4",true,"inherited_unique_parent",,"inherited","D1_direct_satellite","d1_satellite","1","0","0",,,,,,,,,"direct eligible relation to 7-22 D1 anchor 1651; A0–A2 precedence preserved",true,false
"scale:2677","2677","Ionian ♭5","7-29","b101011100101","b101001110101","{0,2,4,5,6,9,11}","2-2-1-1-3-2-1","3,4,4,3,5,2","7-29 orientation B","chiral","satellite","satellite_A0","SATELLITE","direct_satellite","A0","0","Moon","1",true,"inherited_unique_parent",,"inherited","A0_direct_satellite","a0_satellite","1","0","1",,,,,,,,,"unique eligible parent at governing tier",true,false
"scale:2681","2681","Scale 2681","7-19","b100111100101","b101001111001","{0,3,4,5,6,9,11}","3-1-1-1-3-2-1","4,3,4,3,4,3","7-19 orientation B","chiral","boundary","office_junction","BOUNDARY","office_junction",,,,,false,"relational_evidence_only",,"unassigned","validated_multi_office_junction","office_junction","0","0","0",,,,,"Moon","4","{""Moon"":3,""Saturn"":1}","{""A0"":2,""A2"":1,""D2"":1}","Established satellite contacts form a stable multi-office vector; no deterministic tie-resolution operator is declared.",true,false
"scale:2703","2703","Erratic Minor","7-9","b111100010101","b101010001111","{0,1,2,3,7,9,11}","1-1-1-4-2-2-1","4,5,3,4,3,2","7-9 orientation B","chiral","boundary","oriented_convergence","BOUNDARY","oriented_convergence",,,,,false,"relational_evidence_only",,"unassigned","validated_oriented_convergence_office_withheld","oriented_convergence","0","0","0",,,,"Moon",,"2","{""Moon"":2}","{""D5"":2}","At least two independent established satellite contacts agree on one relational office; chirality prevents anchor promotion and categorical office remains withheld.",true,false
"scale:2711","2711","Erratic","7-23","b111010010101","b101010010111","{0,1,2,4,7,9,11}","1-1-2-3-2-2-1","3,5,4,3,5,1","7-23 orientation B","chiral","boundary","oriented_convergence","BOUNDARY","oriented_convergence",,,,,false,"relational_evidence_only",,"unassigned","validated_oriented_convergence_office_withheld","oriented_convergence","0","0","0",,,,"Mercury",,"4","{""Mercury"":4}","{""A2"":2,""D3"":1,""D5"":1}","At least two independent established satellite contacts agree on one relational office; chirality prevents anchor promotion and categorical office remains withheld.",true,false
"scale:2715","2715","Neapolitan Major ♭4","7-26","b110110010101","b101010011011","{0,1,3,4,7,9,11}","1-2-1-3-2-2-1","3,4,4,5,3,2","7-26 orientation B","chiral","satellite","satellite_A2","SATELLITE","direct_satellite","A2","2","Mercury","3",true,"inherited_unique_parent",,"inherited","A2_direct_satellite","a2_satellite","1","0","1",,,,,,,,,"unique eligible parent at governing tier",true,false
"scale:2717","2717","Melodic ♭4","7-27","b101110010101","b101010011101","{0,2,3,4,7,9,11}","2-1-1-3-2-2-1","3,4,4,4,5,1","7-27 orientation B","chiral","satellite","satellite_A1","SATELLITE","direct_satellite","A1","1","Mars","2",true,"inherited_unique_parent",,"inherited","A1_direct_satellite","a1_satellite","1","0","1",,,,,,,,,"unique eligible parent at governing tier",true,false
"scale:2727","2727","Rāga Manoranjani","7-24","b111001010101","b101010100111","{0,1,2,5,7,9,11}","1-1-3-2-2-2-1","3,5,3,4,4,2","7-24 orientation B","chiral","satellite","satellite_A2","SATELLITE","direct_satellite","A2","2","Mercury","3",true,"inherited_unique_parent",,"inherited","A2_direct_satellite","a2_satellite","1","0","1",,,,,,,,,"unique eligible parent at governing tier",true,false
"scale:2731","2731","Neapolitan Major","7-33","b110101010101","b101010101011","{0,1,3,5,7,9,11}","1-2-2-2-2-2-1","2,6,2,6,2,3","7-33 single orientation","achiral","anchor","anchor_A2","A","midpoint_anchor","A2","2","Mercury","3",true,"declared_midpoint","direct_achiral_midpoint","derived","validated_A2_anchor","a2_anchor","0","2","0",,,,,,,,,"modal-orbit transport from the declared Lydian Minor / Mars fixture",true,false
"scale:2733","2733","Melodic Minor","7-34","b101101010101","b101010101101","{0,2,3,5,7,9,11}","2-1-2-2-2-2-1","2,5,4,4,4,2","7-34 single orientation","achiral","anchor","anchor_A1","A","midpoint_anchor","A1","1","Mars","2",true,"declared_midpoint","direct_achiral_midpoint","validated","validated_A1_anchor","a1_anchor","0","2","0",,,,,,,,,"validated A0 midpoint/phase-seam construction",true,false
"scale:2739","2739","Rāga Supradhipam","7-30","b110011010101","b101010110011","{0,1,4,5,7,9,11}","1-3-1-2-2-2-1","3,4,3,5,4,2","7-30 orientation B","chiral","satellite","satellite_A0","SATELLITE","direct_satellite","A0","0","Moon","1",true,"inherited_unique_parent",,"inherited","A0_direct_satellite","a0_satellite","1","0","1",,,,,,,,,"unique eligible parent at governing tier",true,false
"scale:2741","2741","Ionian","7-35","b101011010101","b101010110101","{0,2,4,5,7,9,11}","2-2-1-2-2-2-1","2,5,4,3,6,1","7-35 single orientation","achiral","anchor","anchor_A0","A","canonical_anchor","A0","0","Moon","1",true,"canonical_identity","canonical_governor_frame","canonical","canonical_A0_identity","a0_anchor","0","0","0",,,,,,,,,"canonical A0 governor registry",true,false
"scale:2745","2745","Rāga Sailadesakshi","7-30","b100111010101","b101010111001","{0,3,4,5,7,9,11}","3-1-1-2-2-2-1","3,4,3,5,4,2","7-30 orientation A","chiral","satellite","satellite_A0","SATELLITE","direct_satellite","A0","0","Moon","1",true,"inherited_unique_parent",,"inherited","A0_direct_satellite","a0_satellite","1","0","1",,,,,,,,,"unique eligible parent at governing tier",true,false
"scale:2759","2759","Lydian ♭2♭♭3","7-14","b111000110101","b101011000111","{0,1,2,6,7,9,11}","1-1-4-1-2-2-1","4,4,3,3,5,2","7-14 orientation B","chiral","boundary","office_junction","BOUNDARY","office_junction",,,,,false,"relational_evidence_only",,"unassigned","validated_multi_office_junction","office_junction","0","0","0",,,,,"Mercury","5","{""Mercury"":3,""Venus"":2}","{""A2"":2,""D2"":2,""D5"":1}","Established satellite contacts form a stable multi-office vector; no deterministic tie-resolution operator is declared.",true,false
"scale:2763","2763","Rāga Sauviram","7-28","b110100110101","b101011001011","{0,1,3,6,7,9,11}","1-2-3-1-2-2-1","3,4,4,4,3,3","7-28 orientation A","chiral","satellite","satellite_A2","SATELLITE","direct_satellite","A2","2","Mercury","3",true,"inherited_unique_parent",,"inherited","A2_direct_satellite","a2_satellite","1","0","0",,,,,,,,,"unique eligible parent at governing tier",true,false
"scale:2765","2765","Lydian Diminished","7-32","b101100110101","b101011001101","{0,2,3,6,7,9,11}","2-1-3-1-2-2-1","3,3,5,4,4,2","7-32 orientation B","chiral","satellite","satellite_A0","SATELLITE","direct_satellite","A0","0","Sun","0",true,"inherited_unique_parent",,"inherited","A0_direct_satellite","a0_satellite","1","0","1",,,,,,,,,"unique eligible parent at governing tier",true,false
"scale:2771","2771","Mela Gamanasrama","7-29","b110010110101","b101011010011","{0,1,4,6,7,9,11}","1-3-2-1-2-2-1","3,4,4,3,5,2","7-29 orientation B","chiral","satellite","satellite_A0","SATELLITE","direct_satellite","A0","0","Sun","0",true,"inherited_unique_parent",,"inherited","A0_direct_satellite","a0_satellite","1","0","1",,,,,,,,,"unique eligible parent at governing tier",true,false
"scale:2773","2773","Lydian","7-35","b101010110101","b101011010101","{0,2,4,6,7,9,11}","2-2-2-1-2-2-1","2,5,4,3,6,1","7-35 single orientation","achiral","anchor","anchor_A0","A","canonical_anchor","A0","0","Sun","0",true,"canonical_identity","canonical_governor_frame","canonical","canonical_A0_identity","a0_anchor","0","0","0",,,,,,,,,"canonical A0 governor registry",true,false
"scale:2777","2777","Aeolian Harmonic","7-32","b100110110101","b101011011001","{0,3,4,6,7,9,11}","3-1-2-1-2-2-1","3,3,5,4,4,2","7-32 orientation A","chiral","satellite","satellite_A0","SATELLITE","direct_satellite","A0","0","Sun","0",true,"inherited_unique_parent",,"inherited","A0_direct_satellite","a0_satellite","1","0","1",,,,,,,,,"unique eligible parent at governing tier",true,false
"scale:2787","2787","Lydian ♭2♯3","7-15","b110001110101","b101011100011","{0,1,5,6,7,9,11}","1-4-1-1-2-2-1","4,4,2,4,4,3","7-15 single orientation","achiral","anchor","anchor_D2","D","same_office_convergence_anchor","D2","2","Sun","0",true,"declared_contact_signature","satellite_mediated_same_office_convergence","validated","validated_D2_anchor","d2_anchor","0","0","2","2","{""Sun"":2}",,,,,,,"7-15 same-office convergence from two independently agreeing A0-satellite contacts",true,false
"scale:2789","2789","Lydian ♯3","7-29","b101001110101","b101011100101","{0,2,5,6,7,9,11}","2-3-1-1-2-2-1","3,4,4,3,5,2","7-29 orientation A","chiral","satellite","satellite_A0","SATELLITE","direct_satellite","A0","0","Sun","0",true,"inherited_unique_parent",,"inherited","A0_direct_satellite","a0_satellite","1","0","1",,,,,,,,,"unique eligible parent at governing tier",true,false
"scale:2793","2793","1sus4 & 7⁷","7-28","b100101110101","b101011101001","{0,3,5,6,7,9,11}","3-2-1-1-2-2-1","3,4,4,4,3,3","7-28 orientation B","chiral","satellite","satellite_A2","SATELLITE","direct_satellite","A2","2","Jupiter","4",true,"inherited_unique_parent",,"inherited","A2_direct_satellite","a2_satellite","1","0","0",,,,,,,,,"unique eligible parent at governing tier",true,false
"scale:2801","2801","Rāga Hindolita","7-14","b100011110101","b101011110001","{0,4,5,6,7,9,11}","4-1-1-1-2-2-1","4,4,3,3,5,2","7-14 orientation A","chiral","boundary","office_junction","BOUNDARY","office_junction",,,,,false,"relational_evidence_only",,"unassigned","validated_multi_office_junction","office_junction","0","0","0",,,,,"Jupiter","5","{""Mars"":2,""Jupiter"":3}","{""A2"":2,""D2"":2,""D5"":1}","Established satellite contacts form a stable multi-office vector; no deterministic tie-resolution operator is declared.",true,false
"scale:2831","2831","7-4 rooted state 2831","7-4","b111100001101","b101100001111","{0,1,2,3,8,9,11}","1-1-1-5-1-2-1","5,4,4,3,3,2","7-4 orientation B","chiral","boundary","oriented_convergence","BOUNDARY","oriented_convergence",,,,,false,"relational_evidence_only",,"unassigned","validated_oriented_convergence_office_withheld","oriented_convergence","0","0","0",,,,"Mercury",,"2","{""Mercury"":2}","{""D3"":1,""D6"":1}","At least two independent established satellite contacts agree on one relational office; chirality prevents anchor promotion and categorical office remains withheld.",false,true
"scale:2839","2839","Kaikian Mode V","7-11","b111010001101","b101100010111","{0,1,2,4,8,9,11}","1-1-2-4-1-2-1","4,4,4,4,4,1","7-11 orientation A","chiral","satellite","satellite_D3","SATELLITE","direct_satellite","D3","3","Mercury","3",true,"inherited_unique_parent",,"inherited","D3_direct_satellite","d3_satellite","1","0","1",,,,,,,,,"direct eligible relation to 7-Z37 D3 anchor 2843; earlier precedence preserved",true,false
"scale:2843","2843","Neapolitan Major ♭4♯5","7-Z37","b110110001101","b101100011011","{0,1,3,4,8,9,11}","1-2-1-4-1-2-1","4,3,4,5,4,1","7-Z37 single orientation","achiral","anchor","anchor_D3","D","same_office_convergence_anchor","D3","3","Mercury","3",true,"declared_contact_signature","satellite_mediated_same_office_convergence","validated","validated_D3_anchor","d3_anchor","0","0","4","4","{""Mercury"":4}","{""D2"":2,""A2"":2}",,,,,,"7-Z37 dual-tier same-office convergence from two A2 and two D2 satellite contacts",true,false
"scale:2845","2845","Melodic +♭4","7-Z38","b101110001101","b101100011101","{0,2,3,4,8,9,11}","2-1-1-4-1-2-1","4,3,4,4,4,2","7-Z38 orientation B","chiral","satellite","satellite_D2","SATELLITE","direct_satellite","D2","2","Mercury","3",true,"inherited_unique_parent",,"inherited","D2_direct_satellite","d2_satellite","1","0","1",,,,,,,,,"direct eligible relation to 7-15 D2 anchor 1821; earlier precedence preserved",true,false
"scale:2855","2855","Ionian +♭2𝄫3","7-16","b111001001101","b101100100111","{0,1,2,5,8,9,11}","1-1-3-3-1-2-1","4,3,5,4,3,2","7-16 orientation B","chiral","satellite","satellite_D4","SATELLITE","direct_satellite","D4","4","Jupiter","4",true,"inherited_unique_parent",,"inherited","D4_direct_satellite","d4_satellite","1","0","0",,,,,,,,,"direct eligible relation to 7-Z17 D4 anchor 1831; earlier precedence preserved",true,false
"scale:2859","2859","Neapolitan Major ♯5","7-26","b110101001101","b101100101011","{0,1,3,5,8,9,11}","1-2-2-3-1-2-1","3,4,4,5,3,2","7-26 orientation A","chiral","satellite","satellite_A2","SATELLITE","direct_satellite","A2","2","Mercury","3",true,"inherited_unique_parent",,"inherited","A2_direct_satellite","a2_satellite","1","0","1",,,,,,,,,"unique eligible parent at governing tier",true,false
"scale:2861","2861","Melodic +","7-31","b101101001101","b101100101101","{0,2,3,5,8,9,11}","2-1-2-3-1-2-1","3,3,6,3,3,3","7-31 orientation A","chiral","satellite","satellite_A1","SATELLITE","direct_satellite","A1","1","Mars","2",true,"inherited_unique_parent",,"inherited","A1_direct_satellite","a1_satellite","1","0","0",,,,,,,,,"unique eligible parent at governing tier",true,false
"scale:2867","2867","7-21 rooted state 2867","7-21","b110011001101","b101100110011","{0,1,4,5,8,9,11}","1-3-1-3-1-2-1","4,2,4,6,4,1","7-21 orientation B","chiral","boundary","office_junction","BOUNDARY","office_junction",,,,,false,"relational_evidence_only",,"unassigned","validated_multi_office_junction","office_junction","0","0","0",,,,,"Moon","4","{""Moon"":2,""Mercury"":1,""Saturn"":1}","{""A0"":2,""A1"":1,""A2"":1}","Established satellite contacts form a stable multi-office vector; no deterministic tie-resolution operator is declared.",false,true
"scale:2869","2869","Major Augmented","7-32","b101011001101","b101100110101","{0,2,4,5,8,9,11}","2-2-1-3-1-2-1","3,3,5,4,4,2","7-32 orientation A","chiral","satellite","satellite_A0","SATELLITE","direct_satellite","A0","0","Moon","1",true,"inherited_unique_parent",,"inherited","A0_direct_satellite","a0_satellite","1","0","1",,,,,,,,,"unique eligible parent at governing tier",true,false
"scale:2873","2873","Ionian Augmented ♯2","7-22","b100111001101","b101100111001","{0,3,4,5,8,9,11}","3-1-1-3-1-2-1","4,2,4,5,4,2","7-22 single orientation","achiral","anchor","anchor_D1","D","diagonal_anchor","D1","1","Saturn","6",true,"declared_contact_signature","satellite_mediated_diagonal","validated","validated_D1_anchor","d1_anchor","0","0","4","4","{""Moon"":2,""Jupiter"":2}","{""A0"":4}",,,,,,"7-22 second-order midpoint from symmetric A0-satellite contacts at g−2 and g+2",true,false
"scale:2887","2887","Zephyrean Mode VI","7-Z36","b111000101101","b101101000111","{0,1,2,6,8,9,11}","1-1-4-2-1-2-1","4,4,4,3,4,2","7-Z36 orientation B","chiral","boundary","oriented_convergence","BOUNDARY","oriented_convergence",,,,,false,"relational_evidence_only",,"unassigned","validated_oriented_convergence_office_withheld","oriented_convergence","0","0","0",,,,"Jupiter",,"2","{""Jupiter"":2}","{""D4"":2}","At least two independent established satellite contacts agree on one relational office; chirality prevents anchor promotion and categorical office remains withheld.",true,false
"scale:2891","2891","7-25 rooted state 2891","7-25","b110100101101","b101101001011","{0,1,3,6,8,9,11}","1-2-3-2-1-2-1","3,4,5,3,4,2","7-25 orientation B","chiral","boundary","office_junction","BOUNDARY","office_junction",,,,,false,"relational_evidence_only",,"unassigned","validated_multi_office_junction","office_junction","0","0","0",,,,,"Saturn","5","{""Mercury"":2,""Saturn"":3}","{""A1"":2,""A2"":2,""D4"":1}","Established satellite contacts form a stable multi-office vector; no deterministic tie-resolution operator is declared.",false,true
"scale:2893","2893","Lydian Augmented ♭3","7-31","b101100101101","b101101001101","{0,2,3,6,8,9,11}","2-1-3-2-1-2-1","3,3,6,3,3,3","7-31 orientation B","chiral","satellite","satellite_A1","SATELLITE","direct_satellite","A1","1","Saturn","6",true,"inherited_unique_parent",,"inherited","A1_direct_satellite","a1_satellite","1","0","0",,,,,,,,,"unique eligible parent at governing tier",true,false
"scale:2899","2899","Lydian Augmented ♭2","7-27","b110010101101","b101101010011","{0,1,4,6,8,9,11}","1-3-2-2-1-2-1","3,4,4,4,5,1","7-27 orientation B","chiral","satellite","satellite_A1","SATELLITE","direct_satellite","A1","1","Saturn","6",true,"inherited_unique_parent",,"inherited","A1_direct_satellite","a1_satellite","1","0","1",,,,,,,,,"unique eligible parent at governing tier",true,false
"scale:2901","2901","Lydian Augmented","7-34","b101010101101","b101101010101","{0,2,4,6,8,9,11}","2-2-2-2-1-2-1","2,5,4,4,4,2","7-34 single orientation","achiral","anchor","anchor_A1","A","midpoint_anchor","A1","1","Saturn","6",true,"declared_midpoint","direct_achiral_midpoint","validated","validated_A1_anchor","a1_anchor","0","2","0",,,,,,,,,"validated A0 midpoint/phase-seam construction",true,false
"scale:2905","2905","Aeolian Flat","7-32","b100110101101","b101101011001","{0,3,4,6,8,9,11}","3-1-2-2-1-2-1","3,3,5,4,4,2","7-32 orientation B","chiral","satellite","satellite_A0","SATELLITE","direct_satellite","A0","0","Jupiter","4",true,"inherited_unique_parent",,"inherited","A0_direct_satellite","a0_satellite","1","0","1",,,,,,,,,"unique eligible parent at governing tier",true,false
"scale:2915","2915","Scale 2915","7-Z38","b110001101101","b101101100011","{0,1,5,6,8,9,11}","1-4-1-2-1-2-1","4,3,4,4,4,2","7-Z38 orientation B","chiral","satellite","satellite_D2","SATELLITE","direct_satellite","D2","2","Sun","0",true,"inherited_unique_parent",,"inherited","D2_direct_satellite","d2_satellite","1","0","1",,,,,,,,,"direct eligible relation to 7-15 D2 anchor 2787; earlier precedence preserved",true,false
"scale:2917","2917","Lydian Augmented ♯3","7-31","b101001101101","b101101100101","{0,2,5,6,8,9,11}","2-3-1-2-1-2-1","3,3,6,3,3,3","7-31 orientation A","chiral","satellite","satellite_A1","SATELLITE","direct_satellite","A1","1","Saturn","6",true,"inherited_unique_parent",,"inherited","A1_direct_satellite","a1_satellite","1","0","0",,,,,,,,,"unique eligible parent at governing tier",true,false
"scale:2921","2921","Lydian Augmented ♯2♯3","7-31","b100101101101","b101101101001","{0,3,5,6,8,9,11}","3-2-1-2-1-2-1","3,3,6,3,3,3","7-31 orientation B","chiral","satellite","satellite_A1","SATELLITE","direct_satellite","A1","1","Mercury","3",true,"inherited_unique_parent",,"inherited","A1_direct_satellite","a1_satellite","1","0","0",,,,,,,,,"unique eligible parent at governing tier",true,false
"scale:2929","2929","Lydian +♯32","7-Z38","b100011101101","b101101110001","{0,4,5,6,8,9,11}","4-1-1-2-1-2-1","4,3,4,4,4,2","7-Z38 orientation A","chiral","satellite","satellite_D2","SATELLITE","direct_satellite","D2","2","Mars","2",true,"inherited_unique_parent",,"inherited","D2_direct_satellite","d2_satellite","1","0","1",,,,,,,,,"direct eligible relation to 7-15 D2 anchor 3441; earlier precedence preserved",true,false
"scale:2951","2951","7-5 rooted state 2951","7-5","b111000011101","b101110000111","{0,1,2,7,8,9,11}","1-1-5-1-1-2-1","5,4,3,3,4,2","7-5 orientation B","chiral","boundary","peripheral_leaf","BOUNDARY","peripheral_leaf",,,,,false,"relational_evidence_only",,"unassigned","single_contact_peripheral_leaf","peripheral_leaf","0","0","0",,,,,,"1","{""Saturn"":1}","{""D4"":1}","One established D4 satellite contact supplies insufficient evidence for recursive office inheritance.",false,true
"scale:2955","2955","Neapolitan Maj 𝄪4♯5","7-13","b110100011101","b101110001011","{0,1,3,7,8,9,11}","1-2-4-1-1-2-1","4,4,3,5,3,2","7-13 orientation A","chiral","satellite","satellite_D4","SATELLITE","direct_satellite","D4","4","Saturn","6",true,"inherited_unique_parent",,"inherited","D4_direct_satellite","d4_satellite","1","0","0",,,,,,,,,"direct eligible relation to 7-Z17 D4 anchor 2963; earlier precedence preserved",true,false
"scale:2957","2957","Melodic +4","7-Z38","b101100011101","b101110001101","{0,2,3,7,8,9,11}","2-1-4-1-1-2-1","4,3,4,4,4,2","7-Z38 orientation A","chiral","satellite","satellite_D2","SATELLITE","direct_satellite","D2","2","Venus","5",true,"inherited_unique_parent",,"inherited","D2_direct_satellite","d2_satellite","1","0","1",,,,,,,,,"direct eligible relation to 7-15 D2 anchor 1479; earlier precedence preserved",true,false
"scale:2963","2963","Ionian +♭2𝄪4","7-Z17","b110010011101","b101110010011","{0,1,4,7,8,9,11}","1-3-3-1-1-2-1","4,3,4,5,4,1","7-Z17 single orientation","achiral","anchor","anchor_D4","D","same_office_convergence_anchor","D4","4","Saturn","6",true,"declared_contact_signature","satellite_mediated_same_office_convergence","validated","validated_D4_anchor","d4_anchor","0","0","2","2","{""Saturn"":2}","{""A1"":2}",,,,,,"7-Z17 same-office convergence from two established A1 satellite contacts",true,false
"scale:2965","2965","Ionian +𝄪4","7-27","b101010011101","b101110010101","{0,2,4,7,8,9,11}","2-2-3-1-1-2-1","3,4,4,4,5,1","7-27 orientation A","chiral","satellite","satellite_A1","SATELLITE","direct_satellite","A1","1","Saturn","6",true,"inherited_unique_parent",,"inherited","A1_direct_satellite","a1_satellite","1","0","1",,,,,,,,,"unique eligible parent at governing tier",true,false
"scale:2969","2969","Scale 2969","7-21","b100110011101","b101110011001","{0,3,4,7,8,9,11}","3-1-3-1-1-2-1","4,2,4,6,4,1","7-21 orientation A","chiral","boundary","office_junction","BOUNDARY","office_junction",,,,,false,"relational_evidence_only",,"unassigned","validated_multi_office_junction","office_junction","0","0","0",,,,,"Jupiter","4","{""Mars"":1,""Jupiter"":2,""Saturn"":1}","{""A0"":2,""A1"":1,""A2"":1}","Established satellite contacts form a stable multi-office vector; no deterministic tie-resolution operator is declared.",true,false
"scale:2979","2979","Ionian +♭2♯3𝄪4","7-13","b110001011101","b101110100011","{0,1,5,7,8,9,11}","1-4-2-1-1-2-1","4,4,3,5,3,2","7-13 orientation B","chiral","satellite","satellite_D4","SATELLITE","direct_satellite","D4","4","Saturn","6",true,"inherited_unique_parent",,"inherited","D4_direct_satellite","d4_satellite","1","0","0",,,,,,,,,"direct eligible relation to 7-Z17 D4 anchor 2963; earlier precedence preserved",true,false
"scale:2981","2981","Noh","7-25","b101001011101","b101110100101","{0,2,5,7,8,9,11}","2-3-2-1-1-2-1","3,4,5,3,4,2","7-25 orientation A","chiral","boundary","office_junction","BOUNDARY","office_junction",,,,,false,"relational_evidence_only",,"unassigned","validated_multi_office_junction","office_junction","0","0","0",,,,,"Saturn","5","{""Mars"":2,""Saturn"":3}","{""A1"":2,""A2"":2,""D4"":1}","Established satellite contacts form a stable multi-office vector; no deterministic tie-resolution operator is declared.",true,false
"scale:2985","2985","Ionian +♯23𝄪4","7-26","b100101011101","b101110101001","{0,3,5,7,8,9,11}","3-2-2-1-1-2-1","3,4,4,5,3,2","7-26 orientation B","chiral","satellite","satellite_A2","SATELLITE","direct_satellite","A2","2","Mars","2",true,"inherited_unique_parent",,"inherited","A2_direct_satellite","a2_satellite","1","0","1",,,,,,,,,"unique eligible parent at governing tier",true,false
"scale:2993","2993","Ionian +♯324","7-Z37","b100011011101","b101110110001","{0,4,5,7,8,9,11}","4-1-2-1-1-2-1","4,3,4,5,4,1","7-Z37 single orientation","achiral","anchor","anchor_D3","D","same_office_convergence_anchor","D3","3","Mars","2",true,"declared_contact_signature","satellite_mediated_same_office_convergence","validated","validated_D3_anchor","d3_anchor","0","0","4","4","{""Mars"":4}","{""A2"":2,""D2"":2}",,,,,,"7-Z37 dual-tier same-office convergence from two A2 and two D2 satellite contacts",true,false
"scale:3011","3011","7-5 rooted state 3011","7-5","b110000111101","b101111000011","{0,1,6,7,8,9,11}","1-5-1-1-1-2-1","5,4,3,3,4,2","7-5 orientation A","chiral","boundary","peripheral_leaf","BOUNDARY","peripheral_leaf",,,,,false,"relational_evidence_only",,"unassigned","single_contact_peripheral_leaf","peripheral_leaf","0","0","0",,,,,,"1","{""Saturn"":1}","{""D4"":1}","One established D4 satellite contact supplies insufficient evidence for recursive office inheritance.",false,true
"scale:3013","3013","Ionian +𝄪34","7-Z36","b101000111101","b101111000101","{0,2,6,7,8,9,11}","2-4-1-1-1-2-1","4,4,4,3,4,2","7-Z36 orientation A","chiral","boundary","oriented_convergence","BOUNDARY","oriented_convergence",,,,,false,"relational_evidence_only",,"unassigned","validated_oriented_convergence_office_withheld","oriented_convergence","0","0","0",,,,"Moon",,"2","{""Moon"":2}","{""D4"":2}","At least two independent established satellite contacts agree on one relational office; chirality prevents anchor promotion and categorical office remains withheld.",true,false
"scale:3017","3017","Scale 3017","7-16","b100100111101","b101111001001","{0,3,6,7,8,9,11}","3-3-1-1-1-2-1","4,3,5,4,3,2","7-16 orientation A","chiral","satellite","satellite_D4","SATELLITE","direct_satellite","D4","4","Moon","1",true,"inherited_unique_parent",,"inherited","D4_direct_satellite","d4_satellite","1","0","0",,,,,,,,,"direct eligible relation to 7-Z17 D4 anchor 3529; earlier precedence preserved",true,false
"scale:3025","3025","Ionian +𝄪234","7-11","b100010111101","b101111010001","{0,4,6,7,8,9,11}","4-2-1-1-1-2-1","4,4,4,4,4,1","7-11 orientation B","chiral","satellite","satellite_D3","SATELLITE","direct_satellite","D3","3","Mars","2",true,"inherited_unique_parent",,"inherited","D3_direct_satellite","d3_satellite","1","0","1",,,,,,,,,"direct eligible relation to 7-Z37 D3 anchor 2993; earlier precedence preserved",true,false
"scale:3041","3041","Scale 3041","7-4","b100001111101","b101111100001","{0,5,6,7,8,9,11}","5-1-1-1-1-2-1","5,4,4,3,3,2","7-4 orientation A","chiral","boundary","oriented_convergence","BOUNDARY","oriented_convergence",,,,,false,"relational_evidence_only",,"unassigned","validated_oriented_convergence_office_withheld","oriented_convergence","0","0","0",,,,"Mars",,"2","{""Mars"":2}","{""D3"":1,""D6"":1}","At least two independent established satellite contacts agree on one relational office; chirality prevents anchor promotion and categorical office remains withheld.",true,false
"scale:3103","3103","7-1 terminal cluster state 3103","7-1","b111110000011","b110000011111","{0,1,2,3,4,10,11}","1-1-1-1-6-1-1","6,5,4,3,2,1","7-1 single orientation","achiral","anchor","terminal_anchor_D7","D","terminal_convergence_anchor","D7","7","Moon","1",true,"terminal_same_office_convergence","orientation_paired_terminal_convergence","validated","validated_D7_terminal_anchor","terminal_anchor","0","0","2","2","{""Moon"":2}",,,,,,,"Same-office convergence from exactly two D6 / 7-2 satellites, one from each chiral orientation; no residual children.",false,true
"scale:3119","3119","Alt ♮7♯6345","7-2","b111101000011","b110000101111","{0,1,2,3,5,10,11}","1-1-1-2-5-1-1","5,5,4,3,3,1","7-2 orientation A","chiral","satellite","satellite_D6","SATELLITE","direct_satellite","D6","6","Moon","1",true,"inherited_unique_parent",,"inherited","D6_direct_satellite","d6_satellite","1","0","1",,,,,,,,,"direct eligible relation to 7-8 D6 anchor 2607; earlier precedence preserved",true,false
"scale:3127","3127","7-4 rooted state 3127","7-4","b111011000011","b110000110111","{0,1,2,4,5,10,11}","1-1-2-1-5-1-1","5,4,4,3,3,2","7-4 orientation A","chiral","boundary","oriented_convergence","BOUNDARY","oriented_convergence",,,,,false,"relational_evidence_only",,"unassigned","validated_oriented_convergence_office_withheld","oriented_convergence","0","0","0",,,,"Moon",,"2","{""Moon"":2}","{""D3"":1,""D6"":1}","At least two independent established satellite contacts agree on one relational office; chirality prevents anchor promotion and categorical office remains withheld.",false,true
"scale:3131","3131","7-5 rooted state 3131","7-5","b110111000011","b110000111011","{0,1,3,4,5,10,11}","1-2-1-1-5-1-1","5,4,3,3,4,2","7-5 orientation A","chiral","boundary","peripheral_leaf","BOUNDARY","peripheral_leaf",,,,,false,"relational_evidence_only",,"unassigned","single_contact_peripheral_leaf","peripheral_leaf","0","0","0",,,,,,"1","{""Sun"":1}","{""D4"":1}","One established D4 satellite contact supplies insufficient evidence for recursive office inheritance.",false,true
"scale:3133","3133","7-5 rooted state 3133","7-5","b101111000011","b110000111101","{0,2,3,4,5,10,11}","2-1-1-1-5-1-1","5,4,3,3,4,2","7-5 orientation B","chiral","boundary","peripheral_leaf","BOUNDARY","peripheral_leaf",,,,,false,"relational_evidence_only",,"unassigned","single_contact_peripheral_leaf","peripheral_leaf","0","0","0",,,,,,"1","{""Mars"":1}","{""D4"":1}","One established D4 satellite contact supplies insufficient evidence for recursive office inheritance.",false,true
"scale:3151","3151","7-3 rooted state 3151","7-3","b111100100011","b110001001111","{0,1,2,3,6,10,11}","1-1-1-3-4-1-1","5,4,4,4,3,1","7-3 orientation A","chiral","boundary","oriented_convergence","BOUNDARY","oriented_convergence",,,,,false,"relational_evidence_only",,"unassigned","validated_oriented_convergence_office_withheld","oriented_convergence","0","0","0",,,,"Moon",,"2","{""Moon"":2}","{""D5"":1,""D6"":1}","At least two independent established satellite contacts agree on one relational office; chirality prevents anchor promotion and categorical office remains withheld.",false,true
"scale:3159","3159","Alt ♮7♯6𝄫3","7-9","b111010100011","b110001010111","{0,1,2,4,6,10,11}","1-1-2-2-4-1-1","4,5,3,4,3,2","7-9 orientation A","chiral","boundary","oriented_convergence","BOUNDARY","oriented_convergence",,,,,false,"relational_evidence_only",,"unassigned","validated_oriented_convergence_office_withheld","oriented_convergence","0","0","0",,,,"Mercury",,"2","{""Mercury"":2}","{""D5"":2}","At least two independent established satellite contacts agree on one relational office; chirality prevents anchor promotion and categorical office remains withheld.",true,false
"scale:3163","3163","Alt ♮7♯6","7-Z36","b110110100011","b110001011011","{0,1,3,4,6,10,11}","1-2-1-2-4-1-1","4,4,4,3,4,2","7-Z36 orientation A","chiral","boundary","oriented_convergence","BOUNDARY","oriented_convergence",,,,,false,"relational_evidence_only",,"unassigned","validated_oriented_convergence_office_withheld","oriented_convergence","0","0","0",,,,"Mars",,"2","{""Mars"":2}","{""D4"":2}","At least two independent established satellite contacts agree on one relational office; chirality prevents anchor promotion and categorical office remains withheld.",true,false
"scale:3165","3165","Scale 3165","7-13","b101110100011","b110001011101","{0,2,3,4,6,10,11}","2-1-1-2-4-1-1","4,4,3,5,3,2","7-13 orientation A","chiral","satellite","satellite_D4","SATELLITE","direct_satellite","D4","4","Mars","2",true,"inherited_unique_parent",,"inherited","D4_direct_satellite","d4_satellite","1","0","0",,,,,,,,,"direct eligible relation to 7-Z17 D4 anchor 3229; earlier precedence preserved",true,false
"scale:3175","3175","Locrian 3♯6♮7","7-6","b111001100011","b110001100111","{0,1,2,5,6,10,11}","1-1-3-1-4-1-1","5,3,3,4,4,2","7-6 orientation A","chiral","satellite","satellite_D5","SATELLITE","direct_satellite","D5","5","Mercury","3",true,"inherited_unique_parent",,"inherited","D5_direct_satellite","d5_satellite","1","0","0",,,,,,,,,"direct eligible relation to 7-Z12 D5 anchor 3239; earlier precedence preserved",true,false
"scale:3179","3179","Locrian ♮7♯6","7-14","b110101100011","b110001101011","{0,1,3,5,6,10,11}","1-2-2-1-4-1-1","4,4,3,3,5,2","7-14 orientation A","chiral","boundary","office_junction","BOUNDARY","office_junction",,,,,false,"relational_evidence_only",,"unassigned","validated_multi_office_junction","office_junction","0","0","0",,,,,"Mercury","5","{""Moon"":2,""Mercury"":3}","{""A2"":2,""D2"":2,""D5"":1}","Established satellite contacts form a stable multi-office vector; no deterministic tie-resolution operator is declared.",true,false
"scale:3181","3181","Melodic ♭5♯6","7-Z38","b101101100011","b110001101101","{0,2,3,5,6,10,11}","2-1-2-1-4-1-1","4,3,4,4,4,2","7-Z38 orientation A","chiral","satellite","satellite_D2","SATELLITE","direct_satellite","D2","2","Moon","1",true,"inherited_unique_parent",,"inherited","D2_direct_satellite","d2_satellite","1","0","1",,,,,,,,,"direct eligible relation to 7-15 D2 anchor 3189; earlier precedence preserved",true,false
"scale:3187","3187","Scale 3187","7-7","b110011100011","b110001110011","{0,1,4,5,6,10,11}","1-3-1-1-4-1-1","5,3,2,3,5,3","7-7 orientation A","chiral","satellite","satellite_D2","SATELLITE","direct_satellite","D2","2","Moon","1",true,"inherited_unique_parent",,"inherited","D2_direct_satellite","d2_satellite","1","0","0",,,,,,,,,"direct eligible relation to 7-15 D2 anchor 3189; earlier precedence preserved",true,false
"scale:3189","3189","Ionian ♭5♯6","7-15","b101011100011","b110001110101","{0,2,4,5,6,10,11}","2-2-1-1-4-1-1","4,4,2,4,4,3","7-15 single orientation","achiral","anchor","anchor_D2","D","same_office_convergence_anchor","D2","2","Moon","1",true,"declared_contact_signature","satellite_mediated_same_office_convergence","validated","validated_D2_anchor","d2_anchor","0","0","2","2","{""Moon"":2}",,,,,,,"7-15 same-office convergence from two independently agreeing A0-satellite contacts",true,false
"scale:3193","3193","Scale 3193","7-7","b100111100011","b110001111001","{0,3,4,5,6,10,11}","3-1-1-1-4-1-1","5,3,2,3,5,3","7-7 orientation B","chiral","satellite","satellite_D2","SATELLITE","direct_satellite","D2","2","Moon","1",true,"inherited_unique_parent",,"inherited","D2_direct_satellite","d2_satellite","1","0","0",,,,,,,,,"direct eligible relation to 7-15 D2 anchor 3189; earlier precedence preserved",true,false
"scale:3215","3215","7-3 rooted state 3215","7-3","b111100010011","b110010001111","{0,1,2,3,7,10,11}","1-1-1-4-3-1-1","5,4,4,4,3,1","7-3 orientation B","chiral","boundary","oriented_convergence","BOUNDARY","oriented_convergence",,,,,false,"relational_evidence_only",,"unassigned","validated_oriented_convergence_office_withheld","oriented_convergence","0","0","0",,,,"Mercury",,"2","{""Mercury"":2}","{""D5"":1,""D6"":1}","At least two independent established satellite contacts agree on one relational office; chirality prevents anchor promotion and categorical office remains withheld.",false,true
"scale:3223","3223","Alt ♮57♯63","7-10","b111010010011","b110010010111","{0,1,2,4,7,10,11}","1-1-2-3-3-1-1","4,4,5,3,3,2","7-10 orientation A","chiral","satellite","satellite_D5","SATELLITE","direct_satellite","D5","5","Mercury","3",true,"inherited_unique_parent",,"inherited","D5_direct_satellite","d5_satellite","1","0","1",,,,,,,,,"direct eligible relation to 7-Z12 D5 anchor 3239; earlier precedence preserved",true,false
"scale:3227","3227","Neapolitan Major ♭4♯6","7-16","b110110010011","b110010011011","{0,1,3,4,7,10,11}","1-2-1-3-3-1-1","4,3,5,4,3,2","7-16 orientation A","chiral","satellite","satellite_D4","SATELLITE","direct_satellite","D4","4","Mars","2",true,"inherited_unique_parent",,"inherited","D4_direct_satellite","d4_satellite","1","0","0",,,,,,,,,"direct eligible relation to 7-Z17 D4 anchor 3229; earlier precedence preserved",true,false
"scale:3229","3229","Varunapriya ♭4","7-Z17","b101110010011","b110010011101","{0,2,3,4,7,10,11}","2-1-1-3-3-1-1","4,3,4,5,4,1","7-Z17 single orientation","achiral","anchor","anchor_D4","D","same_office_convergence_anchor","D4","4","Mars","2",true,"declared_contact_signature","satellite_mediated_same_office_convergence","validated","validated_D4_anchor","d4_anchor","0","0","2","2","{""Mars"":2}","{""A1"":2}",,,,,,"7-Z17 same-office convergence from two established A1 satellite contacts",true,false
"scale:3239","3239","Rāga Tanukirti","7-Z12","b111001010011","b110010100111","{0,1,2,5,7,10,11}","1-1-3-2-3-1-1","4,4,4,3,4,2","7-Z12 single orientation","achiral","anchor","anchor_D5","D","same_office_convergence_anchor","D5","5","Mercury","3",true,"declared_contact_signature","satellite_mediated_same_office_convergence","validated","validated_D5_anchor","d5_anchor","0","0","2","2","{""Mercury"":2}","{""A2"":2}",,,,,,"7-Z12 same-office convergence from two established A2 satellite contacts",true,false
"scale:3243","3243","Mela Rupavati","7-24","b110101010011","b110010101011","{0,1,3,5,7,10,11}","1-2-2-2-3-1-1","3,5,3,4,4,2","7-24 orientation A","chiral","satellite","satellite_A2","SATELLITE","direct_satellite","A2","2","Mercury","3",true,"inherited_unique_parent",,"inherited","A2_direct_satellite","a2_satellite","1","0","1",,,,,,,,,"unique eligible parent at governing tier",true,false
"scale:3245","3245","Rāga Daulati","7-27","b101101010011","b110010101101","{0,2,3,5,7,10,11}","2-1-2-2-3-1-1","3,4,4,4,5,1","7-27 orientation A","chiral","satellite","satellite_A1","SATELLITE","direct_satellite","A1","1","Mars","2",true,"inherited_unique_parent",,"inherited","A1_direct_satellite","a1_satellite","1","0","1",,,,,,,,,"unique eligible parent at governing tier",true,false
"scale:3251","3251","7-19 rooted state 3251","7-19","b110011010011","b110010110011","{0,1,4,5,7,10,11}","1-3-1-2-3-1-1","4,3,4,3,4,3","7-19 orientation A","chiral","boundary","office_junction","BOUNDARY","office_junction",,,,,false,"relational_evidence_only",,"unassigned","validated_multi_office_junction","office_junction","0","0","0",,,,,"Moon","4","{""Moon"":3,""Mercury"":1}","{""A0"":2,""A2"":1,""D2"":1}","Established satellite contacts form a stable multi-office vector; no deterministic tie-resolution operator is declared.",false,true
"scale:3253","3253","Mela Naganandini","7-29","b101011010011","b110010110101","{0,2,4,5,7,10,11}","2-2-1-2-3-1-1","3,4,4,3,5,2","7-29 orientation A","chiral","satellite","satellite_A0","SATELLITE","direct_satellite","A0","0","Moon","1",true,"inherited_unique_parent",,"inherited","A0_direct_satellite","a0_satellite","1","0","1",,,,,,,,,"unique eligible parent at governing tier",true,false
"scale:3257","3257","Rāga Madhuranjani","7-20","b100111010011","b110010111001","{0,3,4,5,7,10,11}","3-1-1-2-3-1-1","4,3,3,4,5,2","7-20 orientation A","chiral","satellite","satellite_D1","SATELLITE","direct_satellite","D1","1","Venus","5",true,"inherited_unique_parent",,"inherited","D1_direct_satellite","d1_satellite","1","0","0",,,,,,,,,"direct eligible relation to 7-22 D1 anchor 3289; A0–A2 precedence preserved",true,false
"scale:3271","3271","Mela Raghupriya","7-6","b111000110011","b110011000111","{0,1,2,6,7,10,11}","1-1-4-1-3-1-1","5,3,3,4,4,2","7-6 orientation B","chiral","satellite","satellite_D5","SATELLITE","direct_satellite","D5","5","Mercury","3",true,"inherited_unique_parent",,"inherited","D5_direct_satellite","d5_satellite","1","0","0",,,,,,,,,"direct eligible relation to 7-Z12 D5 anchor 3239; earlier precedence preserved",true,false
"scale:3275","3275","7-Z18 rooted state 3275","7-Z18","b110100110011","b110011001011","{0,1,3,6,7,10,11}","1-2-3-1-3-1-1","4,3,4,4,4,2","7-Z18 orientation A","chiral","boundary","oriented_convergence","BOUNDARY","oriented_convergence",,,,,false,"relational_evidence_only",,"unassigned","validated_oriented_convergence_office_withheld","oriented_convergence","0","0","0",,,,"Mercury",,"3","{""Mercury"":3}","{""A2"":2,""D5"":1}","At least two independent established satellite contacts agree on one relational office; chirality prevents anchor promotion and categorical office remains withheld.",false,true
"scale:3277","3277","7-21 rooted state 3277","7-21","b101100110011","b110011001101","{0,2,3,6,7,10,11}","2-1-3-1-3-1-1","4,2,4,6,4,1","7-21 orientation A","chiral","boundary","office_junction","BOUNDARY","office_junction",,,,,false,"relational_evidence_only",,"unassigned","validated_multi_office_junction","office_junction","0","0","0",,,,,"Sun","4","{""Sun"":2,""Mars"":1,""Venus"":1}","{""A0"":2,""A1"":1,""A2"":1}","Established satellite contacts form a stable multi-office vector; no deterministic tie-resolution operator is declared.",false,true
"scale:3283","3283","7-19 rooted state 3283","7-19","b110010110011","b110011010011","{0,1,4,6,7,10,11}","1-3-2-1-3-1-1","4,3,4,3,4,3","7-19 orientation B","chiral","boundary","office_junction","BOUNDARY","office_junction",,,,,false,"relational_evidence_only",,"unassigned","validated_multi_office_junction","office_junction","0","0","0",,,,,"Sun","4","{""Sun"":3,""Venus"":1}","{""A0"":2,""A2"":1,""D2"":1}","Established satellite contacts form a stable multi-office vector; no deterministic tie-resolution operator is declared.",false,true
"scale:3285","3285","Mela Citrambari","7-30","b101010110011","b110011010101","{0,2,4,6,7,10,11}","2-2-2-1-3-1-1","3,4,3,5,4,2","7-30 orientation A","chiral","satellite","satellite_A0","SATELLITE","direct_satellite","A0","0","Sun","0",true,"inherited_unique_parent",,"inherited","A0_direct_satellite","a0_satellite","1","0","1",,,,,,,,,"unique eligible parent at governing tier",true,false
"scale:3289","3289","Rasikapriya","7-22","b100110110011","b110011011001","{0,3,4,6,7,10,11}","3-1-2-1-3-1-1","4,2,4,5,4,2","7-22 single orientation","achiral","anchor","anchor_D1","D","diagonal_anchor","D1","1","Venus","5",true,"declared_contact_signature","satellite_mediated_diagonal","validated","validated_D1_anchor","d1_anchor","0","0","4","4","{""Sun"":2,""Mercury"":2}","{""A0"":4}",,,,,,"7-22 second-order midpoint from symmetric A0-satellite contacts at g−2 and g+2",true,false
"scale:3299","3299","Scale 3299","7-7","b110001110011","b110011100011","{0,1,5,6,7,10,11}","1-4-1-1-3-1-1","5,3,2,3,5,3","7-7 orientation B","chiral","satellite","satellite_D2","SATELLITE","direct_satellite","D2","2","Sun","0",true,"inherited_unique_parent",,"inherited","D2_direct_satellite","d2_satellite","1","0","0",,,,,,,,,"direct eligible relation to 7-15 D2 anchor 2787; earlier precedence preserved",true,false
"scale:3301","3301","Rāga Loom Sarang","7-20","b101001110011","b110011100101","{0,2,5,6,7,10,11}","2-3-1-1-3-1-1","4,3,3,4,5,2","7-20 orientation A","chiral","satellite","satellite_D1","SATELLITE","direct_satellite","D1","1","Jupiter","4",true,"inherited_unique_parent",,"inherited","D1_direct_satellite","d1_satellite","1","0","0",,,,,,,,,"direct eligible relation to 7-22 D1 anchor 1651; A0–A2 precedence preserved",true,false
"scale:3305","3305","Chromatic Hypophrygian","7-20","b100101110011","b110011101001","{0,3,5,6,7,10,11}","3-2-1-1-3-1-1","4,3,3,4,5,2","7-20 orientation B","chiral","satellite","satellite_D1","SATELLITE","direct_satellite","D1","1","Venus","5",true,"inherited_unique_parent",,"inherited","D1_direct_satellite","d1_satellite","1","0","0",,,,,,,,,"direct eligible relation to 7-22 D1 anchor 3289; A0–A2 precedence preserved",true,false
"scale:3313","3313","Scale 3313","7-7","b100011110011","b110011110001","{0,4,5,6,7,10,11}","4-1-1-1-3-1-1","5,3,2,3,5,3","7-7 orientation A","chiral","satellite","satellite_D2","SATELLITE","direct_satellite","D2","2","Mars","2",true,"inherited_unique_parent",,"inherited","D2_direct_satellite","d2_satellite","1","0","0",,,,,,,,,"direct eligible relation to 7-15 D2 anchor 3441; earlier precedence preserved",true,false
"scale:3343","3343","Phrygian +34","7-2","b111100001011","b110100001111","{0,1,2,3,8,10,11}","1-1-1-5-2-1-1","5,5,4,3,3,1","7-2 orientation B","chiral","satellite","satellite_D6","SATELLITE","direct_satellite","D6","6","Mercury","3",true,"inherited_unique_parent",,"inherited","D6_direct_satellite","d6_satellite","1","0","1",,,,,,,,,"direct eligible relation to 7-8 D6 anchor 3351; earlier precedence preserved",true,false
"scale:3351","3351","Crater Scale","7-8","b111010001011","b110100010111","{0,1,2,4,8,10,11}","1-1-2-4-2-1-1","4,5,4,4,2,2","7-8 single orientation","achiral","anchor","anchor_D6","D","same_office_convergence_anchor","D6","6","Mercury","3",true,"declared_contact_signature","satellite_mediated_same_office_convergence","validated","validated_D6_anchor","d6_anchor","0","0","4","4","{""Mercury"":4}","{""D3"":2,""D5"":2}",,,,,,"7-8 same-office convergence from two established D3 and two established D5 satellite contacts",true,false
"scale:3355","3355","Phrygian +♭4","7-11","b110110001011","b110100011011","{0,1,3,4,8,10,11}","1-2-1-4-2-1-1","4,4,4,4,4,1","7-11 orientation B","chiral","satellite","satellite_D3","SATELLITE","direct_satellite","D3","3","Mercury","3",true,"inherited_unique_parent",,"inherited","D3_direct_satellite","d3_satellite","1","0","1",,,,,,,,,"direct eligible relation to 7-Z37 D3 anchor 2843; earlier precedence preserved",true,false
"scale:3357","3357","Scale 3357","7-13","b101110001011","b110100011101","{0,2,3,4,8,10,11}","2-1-1-4-2-1-1","4,4,3,5,3,2","7-13 orientation B","chiral","satellite","satellite_D4","SATELLITE","direct_satellite","D4","4","Mars","2",true,"inherited_unique_parent",,"inherited","D4_direct_satellite","d4_satellite","1","0","0",,,,,,,,,"direct eligible relation to 7-Z17 D4 anchor 3229; earlier precedence preserved",true,false
"scale:3367","3367","Neapolitan Major 3♯5♯6","7-10","b111001001011","b110100100111","{0,1,2,5,8,10,11}","1-1-3-3-2-1-1","4,4,5,3,3,2","7-10 orientation B","chiral","satellite","satellite_D5","SATELLITE","direct_satellite","D5","5","Mercury","3",true,"inherited_unique_parent",,"inherited","D5_direct_satellite","d5_satellite","1","0","1",,,,,,,,,"direct eligible relation to 7-Z12 D5 anchor 3239; earlier precedence preserved",true,false
"scale:3371","3371","Neapolitan Maj ♯5♯6","7-23","b110101001011","b110100101011","{0,1,3,5,8,10,11}","1-2-2-3-2-1-1","3,5,4,3,5,1","7-23 orientation A","chiral","boundary","oriented_convergence","BOUNDARY","oriented_convergence",,,,,false,"relational_evidence_only",,"unassigned","validated_oriented_convergence_office_withheld","oriented_convergence","0","0","0",,,,"Mercury",,"4","{""Mercury"":4}","{""A2"":2,""D3"":1,""D5"":1}","At least two independent established satellite contacts agree on one relational office; chirality prevents anchor promotion and categorical office remains withheld.",true,false
"scale:3373","3373","Melodic +♯6","7-25","b101101001011","b110100101101","{0,2,3,5,8,10,11}","2-1-2-3-2-1-1","3,4,5,3,4,2","7-25 orientation A","chiral","boundary","office_junction","BOUNDARY","office_junction",,,,,false,"relational_evidence_only",,"unassigned","validated_multi_office_junction","office_junction","0","0","0",,,,,"Mars","5","{""Mars"":3,""Venus"":2}","{""A1"":2,""A2"":2,""D4"":1}","Established satellite contacts form a stable multi-office vector; no deterministic tie-resolution operator is declared.",true,false
"scale:3379","3379","7-Z18 rooted state 3379","7-Z18","b110011001011","b110100110011","{0,1,4,5,8,10,11}","1-3-1-3-2-1-1","4,3,4,4,4,2","7-Z18 orientation B","chiral","boundary","oriented_convergence","BOUNDARY","oriented_convergence",,,,,false,"relational_evidence_only",,"unassigned","validated_oriented_convergence_office_withheld","oriented_convergence","0","0","0",,,,"Venus",,"3","{""Venus"":3}","{""A2"":2,""D5"":1}","At least two independent established satellite contacts agree on one relational office; chirality prevents anchor promotion and categorical office remains withheld.",false,true
"scale:3381","3381","Ionian +♯6","7-28","b101011001011","b110100110101","{0,2,4,5,8,10,11}","2-2-1-3-2-1-1","3,4,4,4,3,3","7-28 orientation B","chiral","satellite","satellite_A2","SATELLITE","direct_satellite","A2","2","Venus","5",true,"inherited_unique_parent",,"inherited","A2_direct_satellite","a2_satellite","1","0","0",,,,,,,,,"unique eligible parent at governing tier",true,false
"scale:3385","3385","Chromatic Phrygian","7-20","b100111001011","b110100111001","{0,3,4,5,8,10,11}","3-1-1-3-2-1-1","4,3,3,4,5,2","7-20 orientation B","chiral","satellite","satellite_D1","SATELLITE","direct_satellite","D1","1","Saturn","6",true,"inherited_unique_parent",,"inherited","D1_direct_satellite","d1_satellite","1","0","0",,,,,,,,,"direct eligible relation to 7-22 D1 anchor 2873; A0–A2 precedence preserved",true,false
"scale:3399","3399","Phrygian +𝄫3","7-9","b111000101011","b110101000111","{0,1,2,6,8,10,11}","1-1-4-2-2-1-1","4,5,3,4,3,2","7-9 orientation B","chiral","boundary","oriented_convergence","BOUNDARY","oriented_convergence",,,,,false,"relational_evidence_only",,"unassigned","validated_oriented_convergence_office_withheld","oriented_convergence","0","0","0",,,,"Mercury",,"2","{""Mercury"":2}","{""D5"":2}","At least two independent established satellite contacts agree on one relational office; chirality prevents anchor promotion and categorical office remains withheld.",true,false
"scale:3403","3403","Enigmatic Minor","7-23","b110100101011","b110101001011","{0,1,3,6,8,10,11}","1-2-3-2-2-1-1","3,5,4,3,5,1","7-23 orientation B","chiral","boundary","oriented_convergence","BOUNDARY","oriented_convergence",,,,,false,"relational_evidence_only",,"unassigned","validated_oriented_convergence_office_withheld","oriented_convergence","0","0","0",,,,"Venus",,"4","{""Venus"":4}","{""A2"":2,""D3"":1,""D5"":1}","At least two independent established satellite contacts agree on one relational office; chirality prevents anchor promotion and categorical office remains withheld.",true,false
"scale:3405","3405","Phrygian +♮2","7-26","b101100101011","b110101001101","{0,2,3,6,8,10,11}","2-1-3-2-2-1-1","3,4,4,5,3,2","7-26 orientation B","chiral","satellite","satellite_A2","SATELLITE","direct_satellite","A2","2","Venus","5",true,"inherited_unique_parent",,"inherited","A2_direct_satellite","a2_satellite","1","0","1",,,,,,,,,"unique eligible parent at governing tier",true,false
"scale:3411","3411","Enigmatic","7-24","b110010101011","b110101010011","{0,1,4,6,8,10,11}","1-3-2-2-2-1-1","3,5,3,4,4,2","7-24 orientation B","chiral","satellite","satellite_A2","SATELLITE","direct_satellite","A2","2","Venus","5",true,"inherited_unique_parent",,"inherited","A2_direct_satellite","a2_satellite","1","0","1",,,,,,,,,"unique eligible parent at governing tier",true,false
"scale:3413","3413","Leading Whole-Tone","7-33","b101010101011","b110101010101","{0,2,4,6,8,10,11}","2-2-2-2-2-1-1","2,6,2,6,2,3","7-33 single orientation","achiral","anchor","anchor_A2","A","midpoint_anchor","A2","2","Venus","5",true,"declared_midpoint","direct_achiral_midpoint","derived","validated_A2_anchor","a2_anchor","0","2","0",,,,,,,,,"modal-orbit transport from the declared Lydian Minor / Mars fixture",true,false
"scale:3417","3417","Lydian +♯26","7-30","b100110101011","b110101011001","{0,3,4,6,8,10,11}","3-1-2-2-2-1-1","3,4,3,5,4,2","7-30 orientation B","chiral","satellite","satellite_A0","SATELLITE","direct_satellite","A0","0","Mercury","3",true,"inherited_unique_parent",,"inherited","A0_direct_satellite","a0_satellite","1","0","1",,,,,,,,,"unique eligible parent at governing tier",true,false
"scale:3427","3427","Phrygian +♯3","7-14","b110001101011","b110101100011","{0,1,5,6,8,10,11}","1-4-1-2-2-1-1","4,4,3,3,5,2","7-14 orientation B","chiral","boundary","office_junction","BOUNDARY","office_junction",,,,,false,"relational_evidence_only",,"unassigned","validated_multi_office_junction","office_junction","0","0","0",,,,,"Venus","5","{""Sun"":2,""Venus"":3}","{""A2"":2,""D2"":2,""D5"":1}","Established satellite contacts form a stable multi-office vector; no deterministic tie-resolution operator is declared.",true,false
"scale:3429","3429","Lydian +♯36","7-28","b101001101011","b110101100101","{0,2,5,6,8,10,11}","2-3-1-2-2-1-1","3,4,4,4,3,3","7-28 orientation A","chiral","satellite","satellite_A2","SATELLITE","direct_satellite","A2","2","Venus","5",true,"inherited_unique_parent",,"inherited","A2_direct_satellite","a2_satellite","1","0","0",,,,,,,,,"unique eligible parent at governing tier",true,false
"scale:3433","3433","Superlydian Augmented","7-29","b100101101011","b110101101001","{0,3,5,6,8,10,11}","3-2-1-2-2-1-1","3,4,4,3,5,2","7-29 orientation B","chiral","satellite","satellite_A0","SATELLITE","direct_satellite","A0","0","Mars","2",true,"inherited_unique_parent",,"inherited","A0_direct_satellite","a0_satellite","1","0","1",,,,,,,,,"unique eligible parent at governing tier",true,false
"scale:3441","3441","Superlydian Augmented ♯2","7-15","b100011101011","b110101110001","{0,4,5,6,8,10,11}","4-1-1-2-2-1-1","4,4,2,4,4,3","7-15 single orientation","achiral","anchor","anchor_D2","D","same_office_convergence_anchor","D2","2","Mars","2",true,"declared_contact_signature","satellite_mediated_same_office_convergence","validated","validated_D2_anchor","d2_anchor","0","0","2","2","{""Mars"":2}",,,,,,,"7-15 same-office convergence from two independently agreeing A0-satellite contacts",true,false
"scale:3463","3463","7-4 rooted state 3463","7-4","b111000011011","b110110000111","{0,1,2,7,8,10,11}","1-1-5-1-2-1-1","5,4,4,3,3,2","7-4 orientation B","chiral","boundary","oriented_convergence","BOUNDARY","oriented_convergence",,,,,false,"relational_evidence_only",,"unassigned","validated_oriented_convergence_office_withheld","oriented_convergence","0","0","0",,,,"Venus",,"2","{""Venus"":2}","{""D3"":1,""D6"":1}","At least two independent established satellite contacts agree on one relational office; chirality prevents anchor promotion and categorical office remains withheld.",false,true
"scale:3467","3467","Phrygian +𝄪4","7-11","b110100011011","b110110001011","{0,1,3,7,8,10,11}","1-2-4-1-2-1-1","4,4,4,4,4,1","7-11 orientation A","chiral","satellite","satellite_D3","SATELLITE","direct_satellite","D3","3","Venus","5",true,"inherited_unique_parent",,"inherited","D3_direct_satellite","d3_satellite","1","0","1",,,,,,,,,"direct eligible relation to 7-Z37 D3 anchor 3469; earlier precedence preserved",true,false
"scale:3469","3469","Melodic +♯6𝄪4","7-Z37","b101100011011","b110110001101","{0,2,3,7,8,10,11}","2-1-4-1-2-1-1","4,3,4,5,4,1","7-Z37 single orientation","achiral","anchor","anchor_D3","D","same_office_convergence_anchor","D3","3","Venus","5",true,"declared_contact_signature","satellite_mediated_same_office_convergence","validated","validated_D3_anchor","d3_anchor","0","0","4","4","{""Venus"":4}","{""A2"":2,""D2"":2}",,,,,,"7-Z37 dual-tier same-office convergence from two A2 and two D2 satellite contacts",true,false
"scale:3475","3475","Enigmatic 𝄪4","7-16","b110010011011","b110110010011","{0,1,4,7,8,10,11}","1-3-3-1-2-1-1","4,3,5,4,3,2","7-16 orientation B","chiral","satellite","satellite_D4","SATELLITE","direct_satellite","D4","4","Saturn","6",true,"inherited_unique_parent",,"inherited","D4_direct_satellite","d4_satellite","1","0","0",,,,,,,,,"direct eligible relation to 7-Z17 D4 anchor 2963; earlier precedence preserved",true,false
"scale:3477","3477","Ionian +♯64","7-26","b101010011011","b110110010101","{0,2,4,7,8,10,11}","2-2-3-1-2-1-1","3,4,4,5,3,2","7-26 orientation A","chiral","satellite","satellite_A2","SATELLITE","direct_satellite","A2","2","Venus","5",true,"inherited_unique_parent",,"inherited","A2_direct_satellite","a2_satellite","1","0","1",,,,,,,,,"unique eligible parent at governing tier",true,false
"scale:3481","3481","Scale 3481","7-21","b100110011011","b110110011001","{0,3,4,7,8,10,11}","3-1-3-1-2-1-1","4,2,4,6,4,1","7-21 orientation B","chiral","boundary","office_junction","BOUNDARY","office_junction",,,,,false,"relational_evidence_only",,"unassigned","validated_multi_office_junction","office_junction","0","0","0",,,,,"Mercury","4","{""Moon"":1,""Mercury"":2,""Venus"":1}","{""A0"":2,""A1"":1,""A2"":1}","Established satellite contacts form a stable multi-office vector; no deterministic tie-resolution operator is declared.",true,false
"scale:3491","3491","Superlydian Augmented ♭2𝄪4","7-Z36","b110001011011","b110110100011","{0,1,5,7,8,10,11}","1-4-2-1-2-1-1","4,4,4,3,4,2","7-Z36 orientation B","chiral","boundary","oriented_convergence","BOUNDARY","oriented_convergence",,,,,false,"relational_evidence_only",,"unassigned","validated_oriented_convergence_office_withheld","oriented_convergence","0","0","0",,,,"Saturn",,"2","{""Saturn"":2}","{""D4"":2}","At least two independent established satellite contacts agree on one relational office; chirality prevents anchor promotion and categorical office remains withheld.",true,false
"scale:3493","3493","Ionian +♯3♯6𝄪4","7-25","b101001011011","b110110100101","{0,2,5,7,8,10,11}","2-3-2-1-2-1-1","3,4,5,3,4,2","7-25 orientation B","chiral","boundary","office_junction","BOUNDARY","office_junction",,,,,false,"relational_evidence_only",,"unassigned","validated_multi_office_junction","office_junction","0","0","0",,,,,"Moon","5","{""Moon"":3,""Venus"":2}","{""A1"":2,""A2"":2,""D4"":1}","Established satellite contacts form a stable multi-office vector; no deterministic tie-resolution operator is declared.",true,false
"scale:3497","3497","Superlydian Augmented 𝄪4","7-27","b100101011011","b110110101001","{0,3,5,7,8,10,11}","3-2-2-1-2-1-1","3,4,4,4,5,1","7-27 orientation B","chiral","satellite","satellite_A1","SATELLITE","direct_satellite","A1","1","Moon","1",true,"inherited_unique_parent",,"inherited","A1_direct_satellite","a1_satellite","1","0","1",,,,,,,,,"unique eligible parent at governing tier",true,false
"scale:3505","3505","Superlydian Augmented 24","7-Z38","b100011011011","b110110110001","{0,4,5,7,8,10,11}","4-1-2-1-2-1-1","4,3,4,4,4,2","7-Z38 orientation B","chiral","satellite","satellite_D2","SATELLITE","direct_satellite","D2","2","Mars","2",true,"inherited_unique_parent",,"inherited","D2_direct_satellite","d2_satellite","1","0","1",,,,,,,,,"direct eligible relation to 7-15 D2 anchor 3441; earlier precedence preserved",true,false
"scale:3523","3523","7-5 rooted state 3523","7-5","b110000111011","b110111000011","{0,1,6,7,8,10,11}","1-5-1-1-2-1-1","5,4,3,3,4,2","7-5 orientation B","chiral","boundary","peripheral_leaf","BOUNDARY","peripheral_leaf",,,,,false,"relational_evidence_only",,"unassigned","single_contact_peripheral_leaf","peripheral_leaf","0","0","0",,,,,,"1","{""Moon"":1}","{""D4"":1}","One established D4 satellite contact supplies insufficient evidence for recursive office inheritance.",false,true
"scale:3525","3525","Scale 3525","7-13","b101000111011","b110111000101","{0,2,6,7,8,10,11}","2-4-1-1-2-1-1","4,4,3,5,3,2","7-13 orientation A","chiral","satellite","satellite_D4","SATELLITE","direct_satellite","D4","4","Moon","1",true,"inherited_unique_parent",,"inherited","D4_direct_satellite","d4_satellite","1","0","0",,,,,,,,,"direct eligible relation to 7-Z17 D4 anchor 3529; earlier precedence preserved",true,false
"scale:3529","3529","Superlydian Augmented 𝄪3𝄪4","7-Z17","b100100111011","b110111001001","{0,3,6,7,8,10,11}","3-3-1-1-2-1-1","4,3,4,5,4,1","7-Z17 single orientation","achiral","anchor","anchor_D4","D","same_office_convergence_anchor","D4","4","Moon","1",true,"declared_contact_signature","satellite_mediated_same_office_convergence","validated","validated_D4_anchor","d4_anchor","0","0","2","2","{""Moon"":2}","{""A1"":2}",,,,,,"7-Z17 same-office convergence from two established A1 satellite contacts",true,false
"scale:3537","3537","Scale 3537","7-13","b100010111011","b110111010001","{0,4,6,7,8,10,11}","4-2-1-1-2-1-1","4,4,3,5,3,2","7-13 orientation B","chiral","satellite","satellite_D4","SATELLITE","direct_satellite","D4","4","Moon","1",true,"inherited_unique_parent",,"inherited","D4_direct_satellite","d4_satellite","1","0","0",,,,,,,,,"direct eligible relation to 7-Z17 D4 anchor 3529; earlier precedence preserved",true,false
"scale:3553","3553","Scale 3553","7-5","b100001111011","b110111100001","{0,5,6,7,8,10,11}","5-1-1-1-2-1-1","5,4,3,3,4,2","7-5 orientation A","chiral","boundary","peripheral_leaf","BOUNDARY","peripheral_leaf",,,,,false,"relational_evidence_only",,"unassigned","single_contact_peripheral_leaf","peripheral_leaf","0","0","0",,,,,,"1","{""Moon"":1}","{""D4"":1}","One established D4 satellite contact supplies insufficient evidence for recursive office inheritance.",true,false
"scale:3599","3599","7-1 terminal cluster state 3599","7-1","b111100000111","b111000001111","{0,1,2,3,9,10,11}","1-1-1-6-1-1-1","6,5,4,3,2,1","7-1 single orientation","achiral","anchor","terminal_anchor_D7","D","terminal_convergence_anchor","D7","7","Mercury","3",true,"terminal_same_office_convergence","orientation_paired_terminal_convergence","validated","validated_D7_terminal_anchor","terminal_anchor","0","0","2","2","{""Mercury"":2}",,,,,,,"Same-office convergence from exactly two D6 / 7-2 satellites, one from each chiral orientation; no residual children.",false,true
"scale:3607","3607","Alt ♮7♯653","7-2","b111010000111","b111000010111","{0,1,2,4,9,10,11}","1-1-2-5-1-1-1","5,5,4,3,3,1","7-2 orientation A","chiral","satellite","satellite_D6","SATELLITE","direct_satellite","D6","6","Mercury","3",true,"inherited_unique_parent",,"inherited","D6_direct_satellite","d6_satellite","1","0","1",,,,,,,,,"direct eligible relation to 7-8 D6 anchor 3351; earlier precedence preserved",true,false
"scale:3611","3611","7-4 rooted state 3611","7-4","b110110000111","b111000011011","{0,1,3,4,9,10,11}","1-2-1-5-1-1-1","5,4,4,3,3,2","7-4 orientation A","chiral","boundary","oriented_convergence","BOUNDARY","oriented_convergence",,,,,false,"relational_evidence_only",,"unassigned","validated_oriented_convergence_office_withheld","oriented_convergence","0","0","0",,,,"Mercury",,"2","{""Mercury"":2}","{""D3"":1,""D6"":1}","At least two independent established satellite contacts agree on one relational office; chirality prevents anchor promotion and categorical office remains withheld.",false,true
"scale:3613","3613","7-5 rooted state 3613","7-5","b101110000111","b111000011101","{0,2,3,4,9,10,11}","2-1-1-5-1-1-1","5,4,3,3,4,2","7-5 orientation A","chiral","boundary","peripheral_leaf","BOUNDARY","peripheral_leaf",,,,,false,"relational_evidence_only",,"unassigned","single_contact_peripheral_leaf","peripheral_leaf","0","0","0",,,,,,"1","{""Mars"":1}","{""D4"":1}","One established D4 satellite contact supplies insufficient evidence for recursive office inheritance.",false,true
"scale:3623","3623","7-3 rooted state 3623","7-3","b111001000111","b111000100111","{0,1,2,5,9,10,11}","1-1-3-4-1-1-1","5,4,4,4,3,1","7-3 orientation A","chiral","boundary","oriented_convergence","BOUNDARY","oriented_convergence",,,,,false,"relational_evidence_only",,"unassigned","validated_oriented_convergence_office_withheld","oriented_convergence","0","0","0",,,,"Mercury",,"2","{""Mercury"":2}","{""D5"":1,""D6"":1}","At least two independent established satellite contacts agree on one relational office; chirality prevents anchor promotion and categorical office remains withheld.",false,true
"scale:3627","3627","Neapolitan Maj 5♯6","7-9","b110101000111","b111000101011","{0,1,3,5,9,10,11}","1-2-2-4-1-1-1","4,5,3,4,3,2","7-9 orientation A","chiral","boundary","oriented_convergence","BOUNDARY","oriented_convergence",,,,,false,"relational_evidence_only",,"unassigned","validated_oriented_convergence_office_withheld","oriented_convergence","0","0","0",,,,"Venus",,"2","{""Venus"":2}","{""D5"":2}","At least two independent established satellite contacts agree on one relational office; chirality prevents anchor promotion and categorical office remains withheld.",true,false
"scale:3629","3629","Melodic 𝄪5♯6","7-Z36","b101101000111","b111000101101","{0,2,3,5,9,10,11}","2-1-2-4-1-1-1","4,4,4,3,4,2","7-Z36 orientation A","chiral","boundary","oriented_convergence","BOUNDARY","oriented_convergence",,,,,false,"relational_evidence_only",,"unassigned","validated_oriented_convergence_office_withheld","oriented_convergence","0","0","0",,,,"Jupiter",,"2","{""Jupiter"":2}","{""D4"":2}","At least two independent established satellite contacts agree on one relational office; chirality prevents anchor promotion and categorical office remains withheld.",true,false
"scale:3635","3635","Ionian ♭25♯6","7-6","b110011000111","b111000110011","{0,1,4,5,9,10,11}","1-3-1-4-1-1-1","5,3,3,4,4,2","7-6 orientation A","chiral","satellite","satellite_D5","SATELLITE","direct_satellite","D5","5","Venus","5",true,"inherited_unique_parent",,"inherited","D5_direct_satellite","d5_satellite","1","0","0",,,,,,,,,"direct eligible relation to 7-Z12 D5 anchor 3667; earlier precedence preserved",true,false
"scale:3637","3637","Rāga Rageshri","7-14","b101011000111","b111000110101","{0,2,4,5,9,10,11}","2-2-1-4-1-1-1","4,4,3,3,5,2","7-14 orientation A","chiral","boundary","office_junction","BOUNDARY","office_junction",,,,,false,"relational_evidence_only",,"unassigned","validated_multi_office_junction","office_junction","0","0","0",,,,,"Venus","5","{""Mercury"":2,""Venus"":3}","{""A2"":2,""D2"":2,""D5"":1}","Established satellite contacts form a stable multi-office vector; no deterministic tie-resolution operator is declared.",true,false
"scale:3641","3641","Ionian ♯2𝄪5♯6","7-7","b100111000111","b111000111001","{0,3,4,5,9,10,11}","3-1-1-4-1-1-1","5,3,2,3,5,3","7-7 orientation A","chiral","satellite","satellite_D2","SATELLITE","direct_satellite","D2","2","Mercury","3",true,"inherited_unique_parent",,"inherited","D2_direct_satellite","d2_satellite","1","0","0",,,,,,,,,"direct eligible relation to 7-15 D2 anchor 1821; earlier precedence preserved",true,false
"scale:3655","3655","7-3 rooted state 3655","7-3","b111000100111","b111001000111","{0,1,2,6,9,10,11}","1-1-4-3-1-1-1","5,4,4,4,3,1","7-3 orientation B","chiral","boundary","oriented_convergence","BOUNDARY","oriented_convergence",,,,,false,"relational_evidence_only",,"unassigned","validated_oriented_convergence_office_withheld","oriented_convergence","0","0","0",,,,"Venus",,"2","{""Venus"":2}","{""D5"":1,""D6"":1}","At least two independent established satellite contacts agree on one relational office; chirality prevents anchor promotion and categorical office remains withheld.",false,true
"scale:3659","3659","Phrygian +5","7-10","b110100100111","b111001001011","{0,1,3,6,9,10,11}","1-2-3-3-1-1-1","4,4,5,3,3,2","7-10 orientation A","chiral","satellite","satellite_D5","SATELLITE","direct_satellite","D5","5","Venus","5",true,"inherited_unique_parent",,"inherited","D5_direct_satellite","d5_satellite","1","0","1",,,,,,,,,"direct eligible relation to 7-Z12 D5 anchor 3667; earlier precedence preserved",true,false
"scale:3661","3661","Melodic ♯4𝄪5♯6","7-16","b101100100111","b111001001101","{0,2,3,6,9,10,11}","2-1-3-3-1-1-1","4,3,5,4,3,2","7-16 orientation A","chiral","satellite","satellite_D4","SATELLITE","direct_satellite","D4","4","Jupiter","4",true,"inherited_unique_parent",,"inherited","D4_direct_satellite","d4_satellite","1","0","0",,,,,,,,,"direct eligible relation to 7-Z17 D4 anchor 1831; earlier precedence preserved",true,false
"scale:3667","3667","Lydian ♭25♯6","7-Z12","b110010100111","b111001010011","{0,1,4,6,9,10,11}","1-3-2-3-1-1-1","4,4,4,3,4,2","7-Z12 single orientation","achiral","anchor","anchor_D5","D","same_office_convergence_anchor","D5","5","Venus","5",true,"declared_contact_signature","satellite_mediated_same_office_convergence","validated","validated_D5_anchor","d5_anchor","0","0","2","2","{""Venus"":2}","{""A2"":2}",,,,,,"7-Z12 same-office convergence from two established A2 satellite contacts",true,false
"scale:3669","3669","Ionian ♯4𝄪5♯6","7-24","b101010100111","b111001010101","{0,2,4,6,9,10,11}","2-2-2-3-1-1-1","3,5,3,4,4,2","7-24 orientation A","chiral","satellite","satellite_A2","SATELLITE","direct_satellite","A2","2","Venus","5",true,"inherited_unique_parent",,"inherited","A2_direct_satellite","a2_satellite","1","0","1",,,,,,,,,"unique eligible parent at governing tier",true,false
"scale:3673","3673","Scale 3673","7-19","b100110100111","b111001011001","{0,3,4,6,9,10,11}","3-1-2-3-1-1-1","4,3,4,3,4,3","7-19 orientation A","chiral","boundary","office_junction","BOUNDARY","office_junction",,,,,false,"relational_evidence_only",,"unassigned","validated_multi_office_junction","office_junction","0","0","0",,,,,"Mercury","4","{""Mercury"":3,""Venus"":1}","{""A0"":2,""A2"":1,""D2"":1}","Established satellite contacts form a stable multi-office vector; no deterministic tie-resolution operator is declared.",true,false
"scale:3683","3683","Phrygian +♯35","7-6","b110001100111","b111001100011","{0,1,5,6,9,10,11}","1-4-1-3-1-1-1","5,3,3,4,4,2","7-6 orientation B","chiral","satellite","satellite_D5","SATELLITE","direct_satellite","D5","5","Venus","5",true,"inherited_unique_parent",,"inherited","D5_direct_satellite","d5_satellite","1","0","0",,,,,,,,,"direct eligible relation to 7-Z12 D5 anchor 3667; earlier precedence preserved",true,false
"scale:3685","3685","7-Z18 rooted state 3685","7-Z18","b101001100111","b111001100101","{0,2,5,6,9,10,11}","2-3-1-3-1-1-1","4,3,4,4,4,2","7-Z18 orientation A","chiral","boundary","oriented_convergence","BOUNDARY","oriented_convergence",,,,,false,"relational_evidence_only",,"unassigned","validated_oriented_convergence_office_withheld","oriented_convergence","0","0","0",,,,"Venus",,"3","{""Venus"":3}","{""A2"":2,""D5"":1}","At least two independent established satellite contacts agree on one relational office; chirality prevents anchor promotion and categorical office remains withheld.",false,true
"scale:3689","3689","Scale 3689","7-19","b100101100111","b111001101001","{0,3,5,6,9,10,11}","3-2-1-3-1-1-1","4,3,4,3,4,3","7-19 orientation B","chiral","boundary","office_junction","BOUNDARY","office_junction",,,,,false,"relational_evidence_only",,"unassigned","validated_multi_office_junction","office_junction","0","0","0",,,,,"Mars","4","{""Sun"":1,""Mars"":3}","{""A0"":2,""A2"":1,""D2"":1}","Established satellite contacts form a stable multi-office vector; no deterministic tie-resolution operator is declared.",true,false
"scale:3697","3697","Scale 3697","7-7","b100011100111","b111001110001","{0,4,5,6,9,10,11}","4-1-1-3-1-1-1","5,3,2,3,5,3","7-7 orientation B","chiral","satellite","satellite_D2","SATELLITE","direct_satellite","D2","2","Mars","2",true,"inherited_unique_parent",,"inherited","D2_direct_satellite","d2_satellite","1","0","0",,,,,,,,,"direct eligible relation to 7-15 D2 anchor 3441; earlier precedence preserved",true,false
"scale:3719","3719","Phrygian +𝄫3𝄪45","7-2","b111000010111","b111010000111","{0,1,2,7,9,10,11}","1-1-5-2-1-1-1","5,5,4,3,3,1","7-2 orientation B","chiral","satellite","satellite_D6","SATELLITE","direct_satellite","D6","6","Venus","5",true,"inherited_unique_parent",,"inherited","D6_direct_satellite","d6_satellite","1","0","1",,,,,,,,,"direct eligible relation to 7-8 D6 anchor 3723; earlier precedence preserved",true,false
"scale:3723","3723","Phrygian +45","7-8","b110100010111","b111010001011","{0,1,3,7,9,10,11}","1-2-4-2-1-1-1","4,5,4,4,2,2","7-8 single orientation","achiral","anchor","anchor_D6","D","same_office_convergence_anchor","D6","6","Venus","5",true,"declared_contact_signature","satellite_mediated_same_office_convergence","validated","validated_D6_anchor","d6_anchor","0","0","4","4","{""Venus"":4}","{""D3"":2,""D5"":2}",,,,,,"7-8 same-office convergence from two established D3 and two established D5 satellite contacts",true,false
"scale:3725","3725","Eurean Mode VI","7-11","b101100010111","b111010001101","{0,2,3,7,9,10,11}","2-1-4-2-1-1-1","4,4,4,4,4,1","7-11 orientation B","chiral","satellite","satellite_D3","SATELLITE","direct_satellite","D3","3","Venus","5",true,"inherited_unique_parent",,"inherited","D3_direct_satellite","d3_satellite","1","0","1",,,,,,,,,"direct eligible relation to 7-Z37 D3 anchor 3469; earlier precedence preserved",true,false
"scale:3731","3731","Aeryrian","7-10","b110010010111","b111010010011","{0,1,4,7,9,10,11}","1-3-3-2-1-1-1","4,4,5,3,3,2","7-10 orientation B","chiral","satellite","satellite_D5","SATELLITE","direct_satellite","D5","5","Venus","5",true,"inherited_unique_parent",,"inherited","D5_direct_satellite","d5_satellite","1","0","1",,,,,,,,,"direct eligible relation to 7-Z12 D5 anchor 3667; earlier precedence preserved",true,false
"scale:3733","3733","Ionian 𝄪4𝄪5♯6","7-23","b101010010111","b111010010101","{0,2,4,7,9,10,11}","2-2-3-2-1-1-1","3,5,4,3,5,1","7-23 orientation A","chiral","boundary","oriented_convergence","BOUNDARY","oriented_convergence",,,,,false,"relational_evidence_only",,"unassigned","validated_oriented_convergence_office_withheld","oriented_convergence","0","0","0",,,,"Venus",,"4","{""Venus"":4}","{""A2"":2,""D3"":1,""D5"":1}","At least two independent established satellite contacts agree on one relational office; chirality prevents anchor promotion and categorical office remains withheld.",true,false
"scale:3737","3737","Scale 3737","7-Z18","b100110010111","b111010011001","{0,3,4,7,9,10,11}","3-1-3-2-1-1-1","4,3,4,4,4,2","7-Z18 orientation B","chiral","boundary","oriented_convergence","BOUNDARY","oriented_convergence",,,,,false,"relational_evidence_only",,"unassigned","validated_oriented_convergence_office_withheld","oriented_convergence","0","0","0",,,,"Sun",,"3","{""Sun"":3}","{""A2"":2,""D5"":1}","At least two independent established satellite contacts agree on one relational office; chirality prevents anchor promotion and categorical office remains withheld.",true,false
"scale:3747","3747","Superlydian Augmented ♭2𝄪4𝄪5","7-9","b110001010111","b111010100011","{0,1,5,7,9,10,11}","1-4-2-2-1-1-1","4,5,3,4,3,2","7-9 orientation B","chiral","boundary","oriented_convergence","BOUNDARY","oriented_convergence",,,,,false,"relational_evidence_only",,"unassigned","validated_oriented_convergence_office_withheld","oriented_convergence","0","0","0",,,,"Venus",,"2","{""Venus"":2}","{""D5"":2}","At least two independent established satellite contacts agree on one relational office; chirality prevents anchor promotion and categorical office remains withheld.",true,false
"scale:3749","3749","Rāga Sorati","7-23","b101001010111","b111010100101","{0,2,5,7,9,10,11}","2-3-2-2-1-1-1","3,5,4,3,5,1","7-23 orientation B","chiral","boundary","oriented_convergence","BOUNDARY","oriented_convergence",,,,,false,"relational_evidence_only",,"unassigned","validated_oriented_convergence_office_withheld","oriented_convergence","0","0","0",,,,"Sun",,"4","{""Sun"":4}","{""A2"":2,""D3"":1,""D5"":1}","At least two independent established satellite contacts agree on one relational office; chirality prevents anchor promotion and categorical office remains withheld.",true,false
"scale:3753","3753","Superaugmented ♯3𝄪4𝄪5","7-24","b100101010111","b111010101001","{0,3,5,7,9,10,11}","3-2-2-2-1-1-1","3,5,3,4,4,2","7-24 orientation B","chiral","satellite","satellite_A2","SATELLITE","direct_satellite","A2","2","Sun","0",true,"inherited_unique_parent",,"inherited","A2_direct_satellite","a2_satellite","1","0","1",,,,,,,,,"unique eligible parent at governing tier",true,false
"scale:3761","3761","Rāga Madhuri","7-14","b100011010111","b111010110001","{0,4,5,7,9,10,11}","4-1-2-2-1-1-1","4,4,3,3,5,2","7-14 orientation B","chiral","boundary","office_junction","BOUNDARY","office_junction",,,,,false,"relational_evidence_only",,"unassigned","validated_multi_office_junction","office_junction","0","0","0",,,,,"Sun","5","{""Sun"":3,""Mars"":2}","{""A2"":2,""D2"":2,""D5"":1}","Established satellite contacts form a stable multi-office vector; no deterministic tie-resolution operator is declared.",true,false
"scale:3779","3779","7-4 rooted state 3779","7-4","b110000110111","b111011000011","{0,1,6,7,9,10,11}","1-5-1-2-1-1-1","5,4,4,3,3,2","7-4 orientation B","chiral","boundary","oriented_convergence","BOUNDARY","oriented_convergence",,,,,false,"relational_evidence_only",,"unassigned","validated_oriented_convergence_office_withheld","oriented_convergence","0","0","0",,,,"Sun",,"2","{""Sun"":2}","{""D3"":1,""D6"":1}","At least two independent established satellite contacts agree on one relational office; chirality prevents anchor promotion and categorical office remains withheld.",false,true
"scale:3781","3781","Kaikian Mode VII","7-11","b101000110111","b111011000101","{0,2,6,7,9,10,11}","2-4-1-2-1-1-1","4,4,4,4,4,1","7-11 orientation A","chiral","satellite","satellite_D3","SATELLITE","direct_satellite","D3","3","Sun","0",true,"inherited_unique_parent",,"inherited","D3_direct_satellite","d3_satellite","1","0","1",,,,,,,,,"direct eligible relation to 7-Z37 D3 anchor 1891; earlier precedence preserved",true,false
"scale:3785","3785","Scale 3785","7-16","b100100110111","b111011001001","{0,3,6,7,9,10,11}","3-3-1-2-1-1-1","4,3,5,4,3,2","7-16 orientation B","chiral","satellite","satellite_D4","SATELLITE","direct_satellite","D4","4","Moon","1",true,"inherited_unique_parent",,"inherited","D4_direct_satellite","d4_satellite","1","0","0",,,,,,,,,"direct eligible relation to 7-Z17 D4 anchor 3529; earlier precedence preserved",true,false
"scale:3793","3793","Superlydian Augmented 𝄪2𝄪3𝄪4𝄪5","7-Z36","b100010110111","b111011010001","{0,4,6,7,9,10,11}","4-2-1-2-1-1-1","4,4,4,3,4,2","7-Z36 orientation B","chiral","boundary","oriented_convergence","BOUNDARY","oriented_convergence",,,,,false,"relational_evidence_only",,"unassigned","validated_oriented_convergence_office_withheld","oriented_convergence","0","0","0",,,,"Moon",,"2","{""Moon"":2}","{""D4"":2}","At least two independent established satellite contacts agree on one relational office; chirality prevents anchor promotion and categorical office remains withheld.",true,false
"scale:3809","3809","Borean Mode I","7-5","b100001110111","b111011100001","{0,5,6,7,9,10,11}","5-1-1-2-1-1-1","5,4,3,3,4,2","7-5 orientation B","chiral","boundary","peripheral_leaf","BOUNDARY","peripheral_leaf",,,,,false,"relational_evidence_only",,"unassigned","single_contact_peripheral_leaf","peripheral_leaf","0","0","0",,,,,,"1","{""Mercury"":1}","{""D4"":1}","One established D4 satellite contact supplies insufficient evidence for recursive office inheritance.",true,false
"scale:3847","3847","7-1 terminal cluster state 3847","7-1","b111000001111","b111100000111","{0,1,2,8,9,10,11}","1-1-6-1-1-1-1","6,5,4,3,2,1","7-1 single orientation","achiral","anchor","terminal_anchor_D7","D","terminal_convergence_anchor","D7","7","Venus","5",true,"terminal_same_office_convergence","orientation_paired_terminal_convergence","validated","validated_D7_terminal_anchor","terminal_anchor","0","0","2","2","{""Venus"":2}",,,,,,,"Same-office convergence from exactly two D6 / 7-2 satellites, one from each chiral orientation; no residual children.",false,true
"scale:3851","3851","Phrygian +5♯4","7-2","b110100001111","b111100001011","{0,1,3,8,9,10,11}","1-2-5-1-1-1-1","5,5,4,3,3,1","7-2 orientation A","chiral","satellite","satellite_D6","SATELLITE","direct_satellite","D6","6","Venus","5",true,"inherited_unique_parent",,"inherited","D6_direct_satellite","d6_satellite","1","0","1",,,,,,,,,"direct eligible relation to 7-8 D6 anchor 3723; earlier precedence preserved",true,false
"scale:3853","3853","7-4 rooted state 3853","7-4","b101100001111","b111100001101","{0,2,3,8,9,10,11}","2-1-5-1-1-1-1","5,4,4,3,3,2","7-4 orientation A","chiral","boundary","oriented_convergence","BOUNDARY","oriented_convergence",,,,,false,"relational_evidence_only",,"unassigned","validated_oriented_convergence_office_withheld","oriented_convergence","0","0","0",,,,"Venus",,"2","{""Venus"":2}","{""D3"":1,""D6"":1}","At least two independent established satellite contacts agree on one relational office; chirality prevents anchor promotion and categorical office remains withheld.",false,true
"scale:3859","3859","7-3 rooted state 3859","7-3","b110010001111","b111100010011","{0,1,4,8,9,10,11}","1-3-4-1-1-1-1","5,4,4,4,3,1","7-3 orientation A","chiral","boundary","oriented_convergence","BOUNDARY","oriented_convergence",,,,,false,"relational_evidence_only",,"unassigned","validated_oriented_convergence_office_withheld","oriented_convergence","0","0","0",,,,"Venus",,"2","{""Venus"":2}","{""D5"":1,""D6"":1}","At least two independent established satellite contacts agree on one relational office; chirality prevents anchor promotion and categorical office remains withheld.",false,true
"scale:3861","3861","Ionian ♯45♯6","7-9","b101010001111","b111100010101","{0,2,4,8,9,10,11}","2-2-4-1-1-1-1","4,5,3,4,3,2","7-9 orientation A","chiral","boundary","oriented_convergence","BOUNDARY","oriented_convergence",,,,,false,"relational_evidence_only",,"unassigned","validated_oriented_convergence_office_withheld","oriented_convergence","0","0","0",,,,"Sun",,"2","{""Sun"":2}","{""D5"":2}","At least two independent established satellite contacts agree on one relational office; chirality prevents anchor promotion and categorical office remains withheld.",true,false
"scale:3865","3865","Ionian ♯2♯45♯6","7-6","b100110001111","b111100011001","{0,3,4,8,9,10,11}","3-1-4-1-1-1-1","5,3,3,4,4,2","7-6 orientation A","chiral","satellite","satellite_D5","SATELLITE","direct_satellite","D5","5","Sun","0",true,"inherited_unique_parent",,"inherited","D5_direct_satellite","d5_satellite","1","0","0",,,,,,,,,"direct eligible relation to 7-Z12 D5 anchor 3881; earlier precedence preserved",true,false
"scale:3875","3875","7-3 rooted state 3875","7-3","b110001001111","b111100100011","{0,1,5,8,9,10,11}","1-4-3-1-1-1-1","5,4,4,4,3,1","7-3 orientation B","chiral","boundary","oriented_convergence","BOUNDARY","oriented_convergence",,,,,false,"relational_evidence_only",,"unassigned","validated_oriented_convergence_office_withheld","oriented_convergence","0","0","0",,,,"Sun",,"2","{""Sun"":2}","{""D5"":1,""D6"":1}","At least two independent established satellite contacts agree on one relational office; chirality prevents anchor promotion and categorical office remains withheld.",false,true
"scale:3877","3877","Ionian ♯3♯45♯6","7-10","b101001001111","b111100100101","{0,2,5,8,9,10,11}","2-3-3-1-1-1-1","4,4,5,3,3,2","7-10 orientation A","chiral","satellite","satellite_D5","SATELLITE","direct_satellite","D5","5","Sun","0",true,"inherited_unique_parent",,"inherited","D5_direct_satellite","d5_satellite","1","0","1",,,,,,,,,"direct eligible relation to 7-Z12 D5 anchor 3881; earlier precedence preserved",true,false
"scale:3881","3881","Tanarupi III","7-Z12","b100101001111","b111100101001","{0,3,5,8,9,10,11}","3-2-3-1-1-1-1","4,4,4,3,4,2","7-Z12 single orientation","achiral","anchor","anchor_D5","D","same_office_convergence_anchor","D5","5","Sun","0",true,"declared_contact_signature","satellite_mediated_same_office_convergence","validated","validated_D5_anchor","d5_anchor","0","0","2","2","{""Sun"":2}","{""A2"":2}",,,,,,"7-Z12 same-office convergence from two established A2 satellite contacts",true,false
"scale:3889","3889","Raghupriya III","7-6","b100011001111","b111100110001","{0,4,5,8,9,10,11}","4-1-3-1-1-1-1","5,3,3,4,4,2","7-6 orientation B","chiral","satellite","satellite_D5","SATELLITE","direct_satellite","D5","5","Sun","0",true,"inherited_unique_parent",,"inherited","D5_direct_satellite","d5_satellite","1","0","0",,,,,,,,,"direct eligible relation to 7-Z12 D5 anchor 3881; earlier precedence preserved",true,false
"scale:3907","3907","YUTian","7-2","b110000101111","b111101000011","{0,1,6,8,9,10,11}","1-5-2-1-1-1-1","5,5,4,3,3,1","7-2 orientation B","chiral","satellite","satellite_D6","SATELLITE","direct_satellite","D6","6","Sun","0",true,"inherited_unique_parent",,"inherited","D6_direct_satellite","d6_satellite","1","0","1",,,,,,,,,"direct eligible relation to 7-8 D6 anchor 3909; earlier precedence preserved",true,false
"scale:3909","3909","Superlydian Augmented ♮235♯4","7-8","b101000101111","b111101000101","{0,2,6,8,9,10,11}","2-4-2-1-1-1-1","4,5,4,4,2,2","7-8 single orientation","achiral","anchor","anchor_D6","D","same_office_convergence_anchor","D6","6","Sun","0",true,"declared_contact_signature","satellite_mediated_same_office_convergence","validated","validated_D6_anchor","d6_anchor","0","0","4","4","{""Sun"":4}","{""D5"":2,""D3"":2}",,,,,,"7-8 same-office convergence from two established D3 and two established D5 satellite contacts",true,false
"scale:3913","3913","Bonian","7-10","b100100101111","b111101001001","{0,3,6,8,9,10,11}","3-3-2-1-1-1-1","4,4,5,3,3,2","7-10 orientation B","chiral","satellite","satellite_D5","SATELLITE","direct_satellite","D5","5","Sun","0",true,"inherited_unique_parent",,"inherited","D5_direct_satellite","d5_satellite","1","0","1",,,,,,,,,"direct eligible relation to 7-Z12 D5 anchor 3881; earlier precedence preserved",true,false
"scale:3921","3921","Superlydian Augmented 23♯45","7-9","b100010101111","b111101010001","{0,4,6,8,9,10,11}","4-2-2-1-1-1-1","4,5,3,4,3,2","7-9 orientation B","chiral","boundary","oriented_convergence","BOUNDARY","oriented_convergence",,,,,false,"relational_evidence_only",,"unassigned","validated_oriented_convergence_office_withheld","oriented_convergence","0","0","0",,,,"Sun",,"2","{""Sun"":2}","{""D5"":2}","At least two independent established satellite contacts agree on one relational office; chirality prevents anchor promotion and categorical office remains withheld.",true,false
"scale:3937","3937","Scale 3937","7-4","b100001101111","b111101100001","{0,5,6,8,9,10,11}","5-1-2-1-1-1-1","5,4,4,3,3,2","7-4 orientation B","chiral","boundary","oriented_convergence","BOUNDARY","oriented_convergence",,,,,false,"relational_evidence_only",,"unassigned","validated_oriented_convergence_office_withheld","oriented_convergence","0","0","0",,,,"Mars",,"2","{""Mars"":2}","{""D3"":1,""D6"":1}","At least two independent established satellite contacts agree on one relational office; chirality prevents anchor promotion and categorical office remains withheld.",true,false
"scale:3971","3971","7-1 terminal cluster state 3971","7-1","b110000011111","b111110000011","{0,1,7,8,9,10,11}","1-6-1-1-1-1-1","6,5,4,3,2,1","7-1 single orientation","achiral","anchor","terminal_anchor_D7","D","terminal_convergence_anchor","D7","7","Sun","0",true,"terminal_same_office_convergence","orientation_paired_terminal_convergence","validated","validated_D7_terminal_anchor","terminal_anchor","0","0","2","2","{""Sun"":2}",,,,,,,"Same-office convergence from exactly two D6 / 7-2 satellites, one from each chiral orientation; no residual children.",false,true
"scale:3973","3973","Superlydian Augmented ♮25♯34","7-2","b101000011111","b111110000101","{0,2,7,8,9,10,11}","2-5-1-1-1-1-1","5,5,4,3,3,1","7-2 orientation A","chiral","satellite","satellite_D6","SATELLITE","direct_satellite","D6","6","Sun","0",true,"inherited_unique_parent",,"inherited","D6_direct_satellite","d6_satellite","1","0","1",,,,,,,,,"direct eligible relation to 7-8 D6 anchor 3909; earlier precedence preserved",true,false
"scale:3977","3977","Scale 3977","7-3","b100100011111","b111110001001","{0,3,7,8,9,10,11}","3-4-1-1-1-1-1","5,4,4,4,3,1","7-3 orientation A","chiral","boundary","oriented_convergence","BOUNDARY","oriented_convergence",,,,,false,"relational_evidence_only",,"unassigned","validated_oriented_convergence_office_withheld","oriented_convergence","0","0","0",,,,"Sun",,"2","{""Sun"":2}","{""D5"":1,""D6"":1}","At least two independent established satellite contacts agree on one relational office; chirality prevents anchor promotion and categorical office remains withheld.",true,false
"scale:3985","3985","7-3 rooted state 3985","7-3","b100010011111","b111110010001","{0,4,7,8,9,10,11}","4-3-1-1-1-1-1","5,4,4,4,3,1","7-3 orientation B","chiral","boundary","oriented_convergence","BOUNDARY","oriented_convergence",,,,,false,"relational_evidence_only",,"unassigned","validated_oriented_convergence_office_withheld","oriented_convergence","0","0","0",,,,"Mars",,"2","{""Mars"":2}","{""D5"":1,""D6"":1}","At least two independent established satellite contacts agree on one relational office; chirality prevents anchor promotion and categorical office remains withheld.",false,true
"scale:4001","4001","Superlydian Augmented ♯2♯3♯45","7-2","b100001011111","b111110100001","{0,5,7,8,9,10,11}","5-2-1-1-1-1-1","5,5,4,3,3,1","7-2 orientation B","chiral","satellite","satellite_D6","SATELLITE","direct_satellite","D6","6","Mars","2",true,"inherited_unique_parent",,"inherited","D6_direct_satellite","d6_satellite","1","0","1",,,,,,,,,"direct eligible relation to 7-8 D6 anchor 2001; earlier precedence preserved",true,false
"scale:4033","4033","7-1 terminal cluster state 4033","7-1","b100000111111","b111111000001","{0,6,7,8,9,10,11}","6-1-1-1-1-1-1","6,5,4,3,2,1","7-1 single orientation","achiral","anchor","terminal_anchor_D7","D","terminal_convergence_anchor","D7","7","Mars","2",true,"terminal_same_office_convergence","orientation_paired_terminal_convergence","validated","validated_D7_terminal_anchor","terminal_anchor","0","0","2","2","{""Mars"":2}",,,,,,,"Same-office convergence from exactly two D6 / 7-2 satellites, one from each chiral orientation; no residual children.",false,true
